id,bill_no,cashier_id,cashier_name,subtotal,tax_amount,discount,total,cash_received,change_returned,payment_type,items_count,created_at,session_id,payment_method
04ad0223-f1bc-45ec-a709-10842d93abad,ZIC-20260805-0155,f686d4d0-3678-467e-9535-3d5f1309c328,Cashier 1,300.0,0.0,0.0,300.0,300.0,0.0,cash,20,2026-08-05T19:03:34.462536+00:00,9741e336-29ce-4d00-88a4-34d673460a2b,cash
e59833aa-816c-4f3a-8f64-450866ffcd5b,ZIC-20260805-0156,f686d4d0-3678-467e-9535-3d5f1309c328,Cashier 1,750.0,0.0,0.0,750.0,750.0,0.0,cash,60,2026-08-05T19:18:27.091136+00:00,9741e336-29ce-4d00-88a4-34d673460a2b,cash
759d8b30-f214-49c3-9226-aed8813ac5cc,ZIC-20260805-0157,f686d4d0-3678-467e-9535-3d5f1309c328,Cashier 1,50.0,0.0,0.0,50.0,50.0,0.0,cash,1,2026-08-05T19:38:43.616804+00:00,9741e336-29ce-4d00-88a4-34d673460a2b,cash
da52096d-1ded-4559-adcc-fba389377096,ZIC-20260805-0158,f686d4d0-3678-467e-9535-3d5f1309c328,Cashier 1,70.0,0.0,0.0,70.0,70.0,0.0,cash,1,2026-08-05T19:45:40.34207+00:00,9741e336-29ce-4d00-88a4-34d673460a2b,cash
2f3ba6f5-7a0c-4093-8ffa-a8e410b15393,ZIC-20260805-0159,f686d4d0-3678-467e-9535-3d5f1309c328,Cashier 1,500.0,0.0,0.0,500.0,500.0,0.0,cash,40,2026-08-05T20:01:17.240978+00:00,9741e336-29ce-4d00-88a4-34d673460a2b,cash
05a01182-b724-4cc9-9275-00f70f121f6c,ZIC-20260805-0160,f686d4d0-3678-467e-9535-3d5f1309c328,Cashier 1,30.0,0.0,0.0,30.0,30.0,0.0,cash,1,2026-08-05T20:21:17.379253+00:00,9741e336-29ce-4d00-88a4-34d673460a2b,cash
cdcb1d3e-1cd0-4212-8b66-17d25f13d573,ZIC-20260805-0161,f686d4d0-3678-467e-9535-3d5f1309c328,Cashier 1,100.0,0.0,0.0,100.0,100.0,0.0,easypasa,4,2026-08-05T20:45:33.970636+00:00,9741e336-29ce-4d00-88a4-34d673460a2b,cash
fc463b72-6a58-4e50-87e5-ff0080b5c96f,ZIC-20260805-0162,f686d4d0-3678-467e-9535-3d5f1309c328,Cashier 1,650.0,0.0,0.0,650.0,650.0,0.0,cash,6,2026-08-05T21:08:41.010188+00:00,9741e336-29ce-4d00-88a4-34d673460a2b,cash
802ce7a2-8e8c-43fa-a149-fd2a7ad60163,ZIC-20260805-0163,f686d4d0-3678-467e-9535-3d5f1309c328,Cashier 1,50.0,0.0,0.0,50.0,50.0,0.0,cash,3,2026-08-05T22:09:12.816937+00:00,9741e336-29ce-4d00-88a4-34d673460a2b,cash
1367b2de-2b38-47d7-b269-02907cb87940,ZIC-20260805-0164,f686d4d0-3678-467e-9535-3d5f1309c328,Cashier 1,30.0,0.0,0.0,30.0,30.0,0.0,cash,2,2026-08-05T22:26:25.263658+00:00,9741e336-29ce-4d00-88a4-34d673460a2b,cash
38897ace-fd4f-4ddd-8f41-3ad18bc4e8fb,ZIC-20260806-0001,f686d4d0-3678-467e-9535-3d5f1309c328,Cashier 1,40.0,0.0,0.0,40.0,40.0,0.0,cash,1,2026-08-06T01:02:07.62406+00:00,9741e336-29ce-4d00-88a4-34d673460a2b,cash
d2a18dea-1dc7-4d63-a1c2-f4d34ced75ef,ZIC-20260806-0002,f686d4d0-3678-467e-9535-3d5f1309c328,Cashier 1,50.0,0.0,0.0,50.0,50.0,0.0,cash,1,2026-08-06T01:28:51.076856+00:00,9741e336-29ce-4d00-88a4-34d673460a2b,cash
8093d270-caa7-46b9-9ada-7ffc6cca954b,ZIC-20260806-0003,f686d4d0-3678-467e-9535-3d5f1309c328,Cashier 1,400.0,0.0,0.0,400.0,1000.0,600.0,cash,6,2026-08-06T01:32:16.335564+00:00,9741e336-29ce-4d00-88a4-34d673460a2b,cash
d1c3b53b-dafd-45c4-a9ed-7d0646910a4d,ZIC-20260806-0004,f686d4d0-3678-467e-9535-3d5f1309c328,Cashier 1,340.0,0.0,0.0,340.0,340.0,0.0,cash,16,2026-08-06T02:11:34.810263+00:00,9741e336-29ce-4d00-88a4-34d673460a2b,cash
6424743d-8895-4232-ad95-cf90c0bce32c,ZIC-20260806-0005,f686d4d0-3678-467e-9535-3d5f1309c328,Cashier 1,50.0,0.0,0.0,50.0,50.0,0.0,cash,5,2026-08-06T02:11:49.653209+00:00,9741e336-29ce-4d00-88a4-34d673460a2b,cash
c1094400-ad30-4e51-a798-5dd61aa1e6bb,ZIC-20260806-0006,62c5814c-09e6-4583-874d-c3660ce3283f,Asad,60.0,0.0,0.0,60.0,60.0,0.0,cash,2,2026-08-06T03:21:23.346806+00:00,e62824eb-ce73-4828-9b80-318033d3114a,cash
05766647-2fa2-4413-83d6-6016b0a6673e,ZIC-20260806-0007,62c5814c-09e6-4583-874d-c3660ce3283f,Asad,40.0,0.0,10.0,30.0,30.0,0.0,cash,1,2026-08-06T03:27:47.812316+00:00,e62824eb-ce73-4828-9b80-318033d3114a,cash
e6243d6c-b1e1-4597-bdd5-009b600055a0,ZIC-20260806-0008,62c5814c-09e6-4583-874d-c3660ce3283f,Asad,50.0,0.0,0.0,50.0,50.0,0.0,cash,3,2026-08-06T03:29:53.007354+00:00,e62824eb-ce73-4828-9b80-318033d3114a,cash
470a36e7-1fa0-4c8b-88ac-9d931b514cb3,ZIC-20260806-0009,62c5814c-09e6-4583-874d-c3660ce3283f,Asad,20.0,0.0,0.0,20.0,20.0,0.0,cash,2,2026-08-06T03:42:22.040354+00:00,e62824eb-ce73-4828-9b80-318033d3114a,cash
421be5de-8df0-481e-aec6-4d38b819f53f,ZIC-20260806-0010,62c5814c-09e6-4583-874d-c3660ce3283f,Asad,50.0,0.0,0.0,50.0,50.0,0.0,cash,10,2026-08-06T03:55:13.573333+00:00,e62824eb-ce73-4828-9b80-318033d3114a,cash
36ca6f8f-55b0-4f96-85dc-f9d6e63b0ee5,ZIC-20260806-0011,62c5814c-09e6-4583-874d-c3660ce3283f,Asad,45.0,0.0,0.0,45.0,45.0,0.0,cash,2,2026-08-06T04:16:54.819476+00:00,e62824eb-ce73-4828-9b80-318033d3114a,cash
618b2a89-d122-4f7a-bb7d-3c1a22cea2f3,ZIC-20260806-0012,62c5814c-09e6-4583-874d-c3660ce3283f,Asad,890.0,0.0,70.0,820.0,820.0,0.0,cash,3,2026-08-06T04:39:13.613858+00:00,e62824eb-ce73-4828-9b80-318033d3114a,cash
b4159e25-f50e-4a06-a6d6-0b7e58af7c19,ZIC-20260806-0013,62c5814c-09e6-4583-874d-c3660ce3283f,Asad,799.0,0.0,50.0,749.0,749.0,0.0,cash,1,2026-08-06T04:43:59.437951+00:00,e62824eb-ce73-4828-9b80-318033d3114a,cash
cfd00073-a1f3-4253-9341-3422b5c33af2,ZIC-20260806-0014,62c5814c-09e6-4583-874d-c3660ce3283f,Asad,190.0,0.0,0.0,190.0,190.0,0.0,cash,3,2026-08-06T04:57:54.962372+00:00,e62824eb-ce73-4828-9b80-318033d3114a,cash
94b3e091-96c9-4c96-a0ad-f67f94f3149d,ZIC-20260806-0015,62c5814c-09e6-4583-874d-c3660ce3283f,Asad,10.0,0.0,0.0,10.0,10.0,0.0,cash,1,2026-08-06T04:58:52.113803+00:00,e62824eb-ce73-4828-9b80-318033d3114a,cash
a20bdffd-7ad3-4c57-87eb-736b8ec82913,ZIC-20260806-0016,62c5814c-09e6-4583-874d-c3660ce3283f,Asad,50.0,0.0,0.0,50.0,50.0,0.0,cash,1,2026-08-06T05:17:34.820586+00:00,e62824eb-ce73-4828-9b80-318033d3114a,cash
23659f35-b2c2-4a1b-8d92-72c2a332c3a5,ZIC-20260806-0017,62c5814c-09e6-4583-874d-c3660ce3283f,Asad,60.0,0.0,10.0,50.0,50.0,0.0,cash,1,2026-08-06T05:22:15.468026+00:00,e62824eb-ce73-4828-9b80-318033d3114a,cash
aaeb9f64-4689-412d-8c47-067be0219d9f,ZIC-20260806-0018,62c5814c-09e6-4583-874d-c3660ce3283f,Asad,60.0,0.0,0.0,60.0,60.0,0.0,cash,1,2026-08-06T05:22:35.337385+00:00,e62824eb-ce73-4828-9b80-318033d3114a,cash
7eed2538-a41b-4b66-830f-7ee2ac2311c5,ZIC-20260806-0019,62c5814c-09e6-4583-874d-c3660ce3283f,Asad,730.0,0.0,0.0,730.0,730.0,0.0,cash,26,2026-08-06T05:25:41.938613+00:00,e62824eb-ce73-4828-9b80-318033d3114a,cash
c954a85d-1709-4181-b59f-78429a3ba86d,ZIC-20260806-0020,62c5814c-09e6-4583-874d-c3660ce3283f,Asad,45.0,0.0,0.0,45.0,45.0,0.0,cash,3,2026-08-06T05:29:01.485032+00:00,e62824eb-ce73-4828-9b80-318033d3114a,cash
9967bdf7-9a2f-46ea-b936-ba78b8a48bd8,ZIC-20260806-0021,62c5814c-09e6-4583-874d-c3660ce3283f,Asad,120.0,0.0,0.0,120.0,120.0,0.0,cash,2,2026-08-06T05:35:59.295595+00:00,e62824eb-ce73-4828-9b80-318033d3114a,cash
ebe84c8e-57f3-4ad4-824b-4c86c3d146c3,ZIC-20260806-0022,62c5814c-09e6-4583-874d-c3660ce3283f,Asad,60.0,0.0,0.0,60.0,60.0,0.0,cash,4,2026-08-06T05:43:38.872859+00:00,e62824eb-ce73-4828-9b80-318033d3114a,cash
2019b48e-ec69-4ef1-9305-f7a0d33e74f9,ZIC-20260806-0023,62c5814c-09e6-4583-874d-c3660ce3283f,Asad,60.0,0.0,0.0,60.0,60.0,0.0,cash,1,2026-08-06T05:55:18.730329+00:00,e62824eb-ce73-4828-9b80-318033d3114a,cash
74b93749-6466-4652-adf8-ff9d765e7e2e,ZIC-20260806-0024,62c5814c-09e6-4583-874d-c3660ce3283f,Asad,70.0,0.0,0.0,70.0,70.0,0.0,cash,3,2026-08-06T05:58:58.611217+00:00,e62824eb-ce73-4828-9b80-318033d3114a,cash
235435e1-2ebe-4215-94b6-ffd011385200,ZIC-20260806-0025,62c5814c-09e6-4583-874d-c3660ce3283f,Asad,720.0,0.0,0.0,720.0,720.0,0.0,cash,6,2026-08-06T06:26:59.567194+00:00,e62824eb-ce73-4828-9b80-318033d3114a,cash
6e0e81d0-6b96-4a4b-b657-068e483934bf,ZIC-20260806-0026,62c5814c-09e6-4583-874d-c3660ce3283f,Asad,200.0,0.0,0.0,200.0,200.0,0.0,cash,2,2026-08-06T06:38:55.101723+00:00,e62824eb-ce73-4828-9b80-318033d3114a,cash
870fcf55-44a7-4fbb-a94a-d23c9e40edc3,ZIC-20260806-0027,62c5814c-09e6-4583-874d-c3660ce3283f,Asad,375.0,0.0,0.0,375.0,375.0,0.0,cash,8,2026-08-06T06:46:50.371324+00:00,e62824eb-ce73-4828-9b80-318033d3114a,cash
71242b19-9baa-4f1c-a4a9-9bfb352edfaa,ZIC-20260806-0028,62c5814c-09e6-4583-874d-c3660ce3283f,Asad,120.0,0.0,0.0,120.0,120.0,0.0,cash,8,2026-08-06T07:36:36.667489+00:00,e62824eb-ce73-4828-9b80-318033d3114a,cash
19c951e5-a470-49d1-91e8-0a336bb0e4b0,ZIC-20260806-0029,62c5814c-09e6-4583-874d-c3660ce3283f,Asad,120.0,0.0,0.0,120.0,120.0,0.0,cash,2,2026-08-06T07:39:13.710047+00:00,e62824eb-ce73-4828-9b80-318033d3114a,cash
a4339cd1-5ac4-4331-be81-049532868406,ZIC-20260806-0030,62c5814c-09e6-4583-874d-c3660ce3283f,Asad,80.0,0.0,0.0,80.0,80.0,0.0,cash,3,2026-08-06T07:40:50.466181+00:00,e62824eb-ce73-4828-9b80-318033d3114a,cash
be9aed0f-a783-4bc2-80e2-26b53e63e8f9,ZIC-20260806-0031,62c5814c-09e6-4583-874d-c3660ce3283f,Asad,110.0,0.0,0.0,110.0,110.0,0.0,cash,1,2026-08-06T07:48:21.759885+00:00,e62824eb-ce73-4828-9b80-318033d3114a,cash
f2dbad78-aa86-4a2d-acf0-02954725912d,ZIC-20260806-0032,62c5814c-09e6-4583-874d-c3660ce3283f,Asad,70.0,0.0,0.0,70.0,70.0,0.0,cash,3,2026-08-06T07:48:51.06586+00:00,e62824eb-ce73-4828-9b80-318033d3114a,cash
f1e8fbf9-32f4-4bbb-a424-98ca01b8521b,ZIC-20260806-0033,62c5814c-09e6-4583-874d-c3660ce3283f,Asad,50.0,0.0,0.0,50.0,50.0,0.0,cash,3,2026-08-06T07:49:17.85024+00:00,e62824eb-ce73-4828-9b80-318033d3114a,cash
fcad941e-225b-4ff5-9f9d-6cb4754cef3f,ZIC-20260806-0034,62c5814c-09e6-4583-874d-c3660ce3283f,Asad,225.0,0.0,5.0,220.0,220.0,0.0,cash,1,2026-08-06T07:55:21.066276+00:00,e62824eb-ce73-4828-9b80-318033d3114a,cash
8c89b9cc-51f8-4512-b941-503dc249eba1,ZIC-20260806-0035,62c5814c-09e6-4583-874d-c3660ce3283f,Asad,60.0,0.0,0.0,60.0,60.0,0.0,cash,2,2026-08-06T07:56:34.679047+00:00,e62824eb-ce73-4828-9b80-318033d3114a,cash
9b89f989-d862-42e6-a68a-b5815555f5ae,ZIC-20260806-0036,62c5814c-09e6-4583-874d-c3660ce3283f,Asad,20.0,0.0,0.0,20.0,20.0,0.0,cash,4,2026-08-06T07:57:37.93587+00:00,e62824eb-ce73-4828-9b80-318033d3114a,cash
ed773ad1-ec4b-4078-9f53-de8b8ea78e4c,ZIC-20260806-0037,62c5814c-09e6-4583-874d-c3660ce3283f,Asad,30.0,0.0,0.0,30.0,30.0,0.0,cash,1,2026-08-06T08:39:12.849343+00:00,e62824eb-ce73-4828-9b80-318033d3114a,cash
844e736c-37d0-4e7f-aef6-ddb0a4f15caf,ZIC-20260806-0038,62c5814c-09e6-4583-874d-c3660ce3283f,Asad,70.0,0.0,0.0,70.0,70.0,0.0,cash,2,2026-08-06T08:40:32.731773+00:00,e62824eb-ce73-4828-9b80-318033d3114a,cash
437313f2-8ebe-4acb-95e4-ba2861b77d38,ZIC-20260806-0039,62c5814c-09e6-4583-874d-c3660ce3283f,Asad,100.0,0.0,0.0,100.0,100.0,0.0,cash,8,2026-08-06T08:57:01.296068+00:00,e62824eb-ce73-4828-9b80-318033d3114a,cash
b5c65470-4c34-45b8-8186-4963d94c6f03,ZIC-20260806-0040,62c5814c-09e6-4583-874d-c3660ce3283f,Asad,30.0,0.0,0.0,30.0,30.0,0.0,cash,2,2026-08-06T09:00:16.05326+00:00,e62824eb-ce73-4828-9b80-318033d3114a,cash
b5d1359c-374d-48a2-a637-34b56af1c95a,ZIC-20260806-0041,62c5814c-09e6-4583-874d-c3660ce3283f,Asad,910.0,0.0,0.0,910.0,910.0,0.0,cash,4,2026-08-06T09:08:05.431915+00:00,e62824eb-ce73-4828-9b80-318033d3114a,cash
400fbdba-c245-4683-8246-8506a2c8f4af,ZIC-20260806-0042,62c5814c-09e6-4583-874d-c3660ce3283f,Asad,220.0,0.0,0.0,220.0,220.0,0.0,cash,3,2026-08-06T09:09:05.146793+00:00,e62824eb-ce73-4828-9b80-318033d3114a,cash
f08db364-cc5f-4677-9215-3c1285f7628d,ZIC-20260806-0043,62c5814c-09e6-4583-874d-c3660ce3283f,Asad,250.0,0.0,0.0,250.0,250.0,0.0,cash,1,2026-08-06T09:09:16.324709+00:00,e62824eb-ce73-4828-9b80-318033d3114a,cash
41f9274e-de15-45a7-bc1a-c9059bdf2070,ZIC-20260806-0044,62c5814c-09e6-4583-874d-c3660ce3283f,Asad,80.0,0.0,10.0,70.0,70.0,0.0,cash,1,2026-08-06T09:22:36.233931+00:00,e62824eb-ce73-4828-9b80-318033d3114a,cash
b2a2e613-aeaf-414e-9524-698a8ad2d102,ZIC-20260806-0045,62c5814c-09e6-4583-874d-c3660ce3283f,Asad,550.0,0.0,0.0,550.0,550.0,0.0,cash,21,2026-08-06T09:27:16.274829+00:00,e62824eb-ce73-4828-9b80-318033d3114a,cash
2838223d-062a-4ace-861c-6eea4fb41948,ZIC-20260806-0046,62c5814c-09e6-4583-874d-c3660ce3283f,Asad,60.0,0.0,0.0,60.0,60.0,0.0,cash,2,2026-08-06T09:28:58.581616+00:00,e62824eb-ce73-4828-9b80-318033d3114a,cash
72273ecd-1984-4389-ae27-4a59a89ec7f1,ZIC-20260806-0047,62c5814c-09e6-4583-874d-c3660ce3283f,Asad,80.0,0.0,0.0,80.0,80.0,0.0,cash,3,2026-08-06T09:31:10.6156+00:00,e62824eb-ce73-4828-9b80-318033d3114a,cash
0f14dae5-e308-4449-a891-b32ed28738d7,ZIC-20260806-0048,62c5814c-09e6-4583-874d-c3660ce3283f,Asad,200.0,0.0,0.0,200.0,200.0,0.0,cash,6,2026-08-06T09:32:59.787491+00:00,e62824eb-ce73-4828-9b80-318033d3114a,cash
9e27ed4d-fd7a-4773-a0f2-e01c7888c0dc,ZIC-20260806-0049,62c5814c-09e6-4583-874d-c3660ce3283f,Asad,170.0,0.0,0.0,170.0,170.0,0.0,cash,3,2026-08-06T09:34:18.080529+00:00,e62824eb-ce73-4828-9b80-318033d3114a,cash
ddd3cb33-1bb7-4280-9dac-5d4a98f749d9,ZIC-20260806-0050,62c5814c-09e6-4583-874d-c3660ce3283f,Asad,100.0,0.0,0.0,100.0,100.0,0.0,cash,1,2026-08-06T09:42:18.267682+00:00,e62824eb-ce73-4828-9b80-318033d3114a,cash
10ac13ff-334b-4b5e-85a8-117feab280b3,ZIC-20260806-0051,62c5814c-09e6-4583-874d-c3660ce3283f,Asad,120.0,0.0,0.0,120.0,120.0,0.0,cash,1,2026-08-06T09:44:04.630109+00:00,e62824eb-ce73-4828-9b80-318033d3114a,cash
b6cd4298-6468-4454-890d-4e2457eb1fa0,ZIC-20260806-0052,62c5814c-09e6-4583-874d-c3660ce3283f,Asad,320.0,0.0,0.0,320.0,320.0,0.0,cash,5,2026-08-06T09:46:13.611656+00:00,e62824eb-ce73-4828-9b80-318033d3114a,cash
e675292b-480c-4932-ad21-8f6f3b1a94e4,ZIC-20260806-0053,62c5814c-09e6-4583-874d-c3660ce3283f,Asad,10.0,0.0,0.0,10.0,10.0,0.0,cash,1,2026-08-06T09:47:15.453505+00:00,e62824eb-ce73-4828-9b80-318033d3114a,cash
2e975432-af9e-4aa1-9dc0-05dcb76d3b7d,ZIC-20260806-0054,62c5814c-09e6-4583-874d-c3660ce3283f,Asad,20.0,0.0,0.0,20.0,20.0,0.0,cash,1,2026-08-06T09:53:04.49344+00:00,e62824eb-ce73-4828-9b80-318033d3114a,cash
380c2b0a-369c-4d57-a987-9797d158e3ef,ZIC-20260806-0055,62c5814c-09e6-4583-874d-c3660ce3283f,Asad,80.0,0.0,0.0,80.0,80.0,0.0,cash,1,2026-08-06T09:54:19.254956+00:00,e62824eb-ce73-4828-9b80-318033d3114a,cash
1c4e4a7c-77d2-43b1-aa27-ccea9381166f,ZIC-20260806-0056,62c5814c-09e6-4583-874d-c3660ce3283f,Asad,170.0,0.0,0.0,170.0,170.0,0.0,cash,2,2026-08-06T10:10:14.80298+00:00,e62824eb-ce73-4828-9b80-318033d3114a,cash
c0e3b772-87ad-4005-92f9-51f7bb028bda,ZIC-20260806-0057,62c5814c-09e6-4583-874d-c3660ce3283f,Asad,120.0,0.0,0.0,120.0,120.0,0.0,cash,2,2026-08-06T10:13:25.317685+00:00,e62824eb-ce73-4828-9b80-318033d3114a,cash
e6b6df15-8f97-4007-8c01-71f6fb31e188,ZIC-20260806-0058,62c5814c-09e6-4583-874d-c3660ce3283f,Asad,230.0,0.0,0.0,230.0,230.0,0.0,cash,2,2026-08-06T10:24:36.159938+00:00,e62824eb-ce73-4828-9b80-318033d3114a,cash
804d31b2-d3df-4acd-a9c1-2bcc6f81ec7a,ZIC-20260806-0059,62c5814c-09e6-4583-874d-c3660ce3283f,Asad,210.0,0.0,0.0,210.0,210.0,0.0,cash,1,2026-08-06T10:26:33.47806+00:00,e62824eb-ce73-4828-9b80-318033d3114a,cash
3b59420b-e58c-4374-b78d-9a39f0bd05bb,ZIC-20260806-0060,62c5814c-09e6-4583-874d-c3660ce3283f,Asad,45.0,0.0,0.0,45.0,45.0,0.0,cash,3,2026-08-06T10:33:41.49513+00:00,e62824eb-ce73-4828-9b80-318033d3114a,cash
457a9a7f-594d-488f-b743-37960d83e89f,ZIC-20260806-0061,62c5814c-09e6-4583-874d-c3660ce3283f,Asad,80.0,0.0,0.0,80.0,80.0,0.0,cash,4,2026-08-06T10:39:18.694364+00:00,e62824eb-ce73-4828-9b80-318033d3114a,cash
6462a613-2cc1-447b-a0e3-21687db87521,ZIC-20260806-0062,62c5814c-09e6-4583-874d-c3660ce3283f,Asad,5.0,0.0,0.0,5.0,5.0,0.0,cash,1,2026-08-06T10:43:26.227894+00:00,e62824eb-ce73-4828-9b80-318033d3114a,cash
731d1825-f68f-4c11-b6f8-505d54cffc2f,ZIC-20260806-0063,62c5814c-09e6-4583-874d-c3660ce3283f,Asad,160.0,0.0,0.0,160.0,160.0,0.0,easypasa,2,2026-08-06T10:45:10.823028+00:00,e62824eb-ce73-4828-9b80-318033d3114a,cash
b72e9224-f5ce-469f-9dde-d4ec6c18ebe3,ZIC-20260806-0064,62c5814c-09e6-4583-874d-c3660ce3283f,Asad,40.0,0.0,0.0,40.0,40.0,0.0,cash,5,2026-08-06T10:46:22.26726+00:00,e62824eb-ce73-4828-9b80-318033d3114a,cash
2b2dc0a2-a6d3-4555-bbcb-d03166f4c976,ZIC-20260806-0065,62c5814c-09e6-4583-874d-c3660ce3283f,Asad,50.0,0.0,0.0,50.0,50.0,0.0,cash,1,2026-08-06T10:46:47.845827+00:00,e62824eb-ce73-4828-9b80-318033d3114a,cash
32a48be3-b7af-4c10-a962-c9d93c940a3e,ZIC-20260806-0066,62c5814c-09e6-4583-874d-c3660ce3283f,Asad,100.0,0.0,0.0,100.0,100.0,0.0,cash,1,2026-08-06T10:51:59.138548+00:00,e62824eb-ce73-4828-9b80-318033d3114a,cash
bdfdea8e-5e72-42be-b07a-de9c2baec3ce,ZIC-20260806-0067,62c5814c-09e6-4583-874d-c3660ce3283f,Asad,130.0,0.0,0.0,130.0,130.0,0.0,cash,2,2026-08-06T10:53:03.067224+00:00,e62824eb-ce73-4828-9b80-318033d3114a,cash
13ee2332-175d-475d-b2bc-3fb6df42207a,ZIC-20260806-0068,62c5814c-09e6-4583-874d-c3660ce3283f,Asad,360.0,0.0,0.0,360.0,360.0,0.0,cash,7,2026-08-06T11:03:31.676817+00:00,e62824eb-ce73-4828-9b80-318033d3114a,cash
0c95da38-4956-40b3-acf9-a08559ce25ba,ZIC-20260806-0069,62c5814c-09e6-4583-874d-c3660ce3283f,Asad,485.0,0.0,0.0,485.0,485.0,0.0,cash,9,2026-08-06T11:05:08.630925+00:00,e62824eb-ce73-4828-9b80-318033d3114a,cash
a9b0a70d-1db0-49f0-9085-adfbc74e82b4,ZIC-20260806-0070,62c5814c-09e6-4583-874d-c3660ce3283f,Asad,60.0,0.0,0.0,60.0,60.0,0.0,cash,1,2026-08-06T11:05:38.027801+00:00,e62824eb-ce73-4828-9b80-318033d3114a,cash
29f03954-cceb-457d-bb55-06f79c342667,ZIC-20260806-0071,62c5814c-09e6-4583-874d-c3660ce3283f,Asad,20.0,0.0,0.0,20.0,20.0,0.0,cash,4,2026-08-06T11:06:26.747865+00:00,e62824eb-ce73-4828-9b80-318033d3114a,cash
fbcd7d15-69de-40c4-85d8-3aafb6fb7054,ZIC-20260806-0072,62c5814c-09e6-4583-874d-c3660ce3283f,Asad,100.0,0.0,0.0,100.0,100.0,0.0,cash,6,2026-08-06T11:15:36.03776+00:00,e62824eb-ce73-4828-9b80-318033d3114a,cash
e2bad6db-2321-47b9-863d-4ae4a7aca132,ZIC-20260806-0073,62c5814c-09e6-4583-874d-c3660ce3283f,Asad,40.0,0.0,0.0,40.0,40.0,0.0,cash,4,2026-08-06T11:20:08.420633+00:00,e62824eb-ce73-4828-9b80-318033d3114a,cash
73374f6b-7180-49af-b313-1fb15b08b181,ZIC-20260806-0074,62c5814c-09e6-4583-874d-c3660ce3283f,Asad,25.0,0.0,0.0,25.0,25.0,0.0,cash,5,2026-08-06T11:21:22.994331+00:00,e62824eb-ce73-4828-9b80-318033d3114a,cash
3fd6c3f6-1768-4d6b-82ff-9adfe6af2313,ZIC-20260806-0075,62c5814c-09e6-4583-874d-c3660ce3283f,Asad,190.0,0.0,0.0,190.0,190.0,0.0,cash,5,2026-08-06T11:22:30.746971+00:00,e62824eb-ce73-4828-9b80-318033d3114a,cash
7654d9d7-8682-4c40-ad4d-16cec41a69fc,ZIC-20260806-0076,62c5814c-09e6-4583-874d-c3660ce3283f,Asad,300.0,0.0,0.0,300.0,300.0,0.0,cash,2,2026-08-06T11:31:08.334138+00:00,e62824eb-ce73-4828-9b80-318033d3114a,cash
aea7146d-501b-496e-a13e-9942727dd940,ZIC-20260806-0077,62c5814c-09e6-4583-874d-c3660ce3283f,Asad,300.0,0.0,50.0,250.0,250.0,0.0,cash,1,2026-08-06T11:43:01.279991+00:00,e62824eb-ce73-4828-9b80-318033d3114a,cash
0ae37bc8-6ef4-45ed-a77e-90e65e65609c,ZIC-20260806-0078,62c5814c-09e6-4583-874d-c3660ce3283f,Asad,50.0,0.0,0.0,50.0,50.0,0.0,cash,1,2026-08-06T11:45:12.114647+00:00,e62824eb-ce73-4828-9b80-318033d3114a,cash
1e7c278a-5aae-4cba-b655-0ce0207f0005,ZIC-20260806-0079,62c5814c-09e6-4583-874d-c3660ce3283f,Asad,100.0,0.0,0.0,100.0,100.0,0.0,cash,2,2026-08-06T11:45:28.687692+00:00,e62824eb-ce73-4828-9b80-318033d3114a,cash
f4af6798-72d7-47fd-9ba0-43dde9d30d00,ZIC-20260806-0080,62c5814c-09e6-4583-874d-c3660ce3283f,Asad,40.0,0.0,0.0,40.0,40.0,0.0,cash,8,2026-08-06T11:50:58.319479+00:00,e62824eb-ce73-4828-9b80-318033d3114a,cash
914ac70e-aa80-4f6c-8970-680f05157e61,ZIC-20260806-0081,62c5814c-09e6-4583-874d-c3660ce3283f,Asad,1290.0,0.0,0.0,1290.0,1290.0,0.0,cash,21,2026-08-06T12:03:48.695688+00:00,e62824eb-ce73-4828-9b80-318033d3114a,cash
a9bdeb0f-eb6e-4687-86b9-5cf2aae7679c,ZIC-20260806-0082,62c5814c-09e6-4583-874d-c3660ce3283f,Asad,320.0,0.0,0.0,320.0,320.0,0.0,cash,7,2026-08-06T12:07:31.613981+00:00,e62824eb-ce73-4828-9b80-318033d3114a,cash
6d93e3b5-b2b2-4e11-9b19-53839d3f2838,ZIC-20260806-0083,62c5814c-09e6-4583-874d-c3660ce3283f,Asad,50.0,0.0,0.0,50.0,50.0,0.0,cash,4,2026-08-06T12:08:41.984495+00:00,e62824eb-ce73-4828-9b80-318033d3114a,cash
4f1698e1-214c-4c62-b3b1-399cbfc2d13b,ZIC-20260806-0084,62c5814c-09e6-4583-874d-c3660ce3283f,Asad,1230.0,0.0,0.0,1230.0,1230.0,0.0,cash,24,2026-08-06T12:17:14.502152+00:00,e62824eb-ce73-4828-9b80-318033d3114a,cash
8b207e3c-4511-41ae-b4da-2d1badb4bd33,ZIC-20260806-0085,62c5814c-09e6-4583-874d-c3660ce3283f,Asad,50.0,0.0,0.0,50.0,50.0,0.0,cash,3,2026-08-06T12:20:48.441887+00:00,e62824eb-ce73-4828-9b80-318033d3114a,cash
0d0e1914-3604-42a2-a2cc-a90329357b00,ZIC-20260806-0086,62c5814c-09e6-4583-874d-c3660ce3283f,Asad,20.0,0.0,0.0,20.0,20.0,0.0,cash,2,2026-08-06T12:21:54.316874+00:00,e62824eb-ce73-4828-9b80-318033d3114a,cash
fa4bec22-e415-4b97-872b-329124d29b06,ZIC-20260806-0087,62c5814c-09e6-4583-874d-c3660ce3283f,Asad,210.0,0.0,10.0,200.0,200.0,0.0,cash,1,2026-08-06T12:25:34.554701+00:00,e62824eb-ce73-4828-9b80-318033d3114a,cash
b98ad257-0aa8-48f8-a9d0-00e7c503483c,ZIC-20260806-0088,62c5814c-09e6-4583-874d-c3660ce3283f,Asad,100.0,0.0,0.0,100.0,100.0,0.0,cash,2,2026-08-06T12:36:31.523716+00:00,e62824eb-ce73-4828-9b80-318033d3114a,cash
34c0efd0-a013-4488-bb51-3d30a372e25a,ZIC-20260806-0089,62c5814c-09e6-4583-874d-c3660ce3283f,Asad,180.0,0.0,0.0,180.0,180.0,0.0,cash,1,2026-08-06T12:43:20.110437+00:00,e62824eb-ce73-4828-9b80-318033d3114a,cash
c4146eb2-3c54-40d0-8f10-119094deb90e,ZIC-20260806-0090,62c5814c-09e6-4583-874d-c3660ce3283f,Asad,380.0,0.0,0.0,380.0,380.0,0.0,cash,8,2026-08-06T12:46:20.913375+00:00,e62824eb-ce73-4828-9b80-318033d3114a,cash
58958801-89e6-425c-86b3-daeb569395b0,ZIC-20260806-0091,62c5814c-09e6-4583-874d-c3660ce3283f,Asad,90.0,0.0,0.0,90.0,90.0,0.0,cash,5,2026-08-06T12:49:10.201487+00:00,e62824eb-ce73-4828-9b80-318033d3114a,cash
4622c0ca-c45a-4f0a-891e-7b09067def24,ZIC-20260806-0092,62c5814c-09e6-4583-874d-c3660ce3283f,Asad,45.0,0.0,0.0,45.0,45.0,0.0,cash,3,2026-08-06T12:49:48.475201+00:00,e62824eb-ce73-4828-9b80-318033d3114a,cash
fb7dc503-266f-4887-ac3a-8b429944b279,ZIC-20260806-0093,62c5814c-09e6-4583-874d-c3660ce3283f,Asad,270.0,0.0,0.0,270.0,270.0,0.0,easypasa,3,2026-08-06T12:59:14.130869+00:00,e62824eb-ce73-4828-9b80-318033d3114a,cash
71c9696d-748e-4bf9-ac82-2418421466e8,ZIC-20260806-0094,62c5814c-09e6-4583-874d-c3660ce3283f,Asad,20.0,0.0,0.0,20.0,20.0,0.0,cash,4,2026-08-06T13:02:34.032877+00:00,e62824eb-ce73-4828-9b80-318033d3114a,cash
29e42674-ea8e-4a86-a7bb-85dd34d9d37b,ZIC-20260806-0095,62c5814c-09e6-4583-874d-c3660ce3283f,Asad,460.0,0.0,0.0,460.0,460.0,0.0,cash,10,2026-08-06T13:14:06.59037+00:00,e62824eb-ce73-4828-9b80-318033d3114a,cash
d8d9c52c-83d3-46e1-a2ee-de4b8a397c6c,ZIC-20260806-0096,62c5814c-09e6-4583-874d-c3660ce3283f,Asad,330.0,0.0,0.0,330.0,330.0,0.0,cash,25,2026-08-06T13:21:15.201686+00:00,e62824eb-ce73-4828-9b80-318033d3114a,cash
fbc05ffa-dacf-4c58-8843-b358a91cb681,ZIC-20260806-0097,62c5814c-09e6-4583-874d-c3660ce3283f,Asad,30.0,0.0,0.0,30.0,30.0,0.0,cash,2,2026-08-06T13:30:01.668604+00:00,e62824eb-ce73-4828-9b80-318033d3114a,cash
35dd7d03-3748-4e5c-86da-2e7c5b19dffc,ZIC-20260806-0098,62c5814c-09e6-4583-874d-c3660ce3283f,Asad,30.0,0.0,0.0,30.0,30.0,0.0,cash,3,2026-08-06T13:36:14.789606+00:00,e62824eb-ce73-4828-9b80-318033d3114a,cash
81352344-1bb1-4760-ba82-65fcc398a4d9,ZIC-20260806-0099,62c5814c-09e6-4583-874d-c3660ce3283f,Asad,50.0,0.0,0.0,50.0,50.0,0.0,cash,4,2026-08-06T13:39:13.623284+00:00,e62824eb-ce73-4828-9b80-318033d3114a,cash
0fd3f68a-6a6b-463a-9218-68b93dd7f238,ZIC-20260806-0100,62c5814c-09e6-4583-874d-c3660ce3283f,Asad,20.0,0.0,0.0,20.0,20.0,0.0,cash,2,2026-08-06T13:42:34.432766+00:00,e62824eb-ce73-4828-9b80-318033d3114a,cash
8772c791-b2ba-4817-88f2-1d029c8723c2,ZIC-20260806-0101,62c5814c-09e6-4583-874d-c3660ce3283f,Asad,50.0,0.0,0.0,50.0,50.0,0.0,cash,1,2026-08-06T13:52:12.990479+00:00,e62824eb-ce73-4828-9b80-318033d3114a,cash
33f84bc8-0b0d-4661-b3d9-fce0b272b94a,ZIC-20260806-0102,62c5814c-09e6-4583-874d-c3660ce3283f,Asad,150.0,0.0,0.0,150.0,150.0,0.0,cash,12,2026-08-06T13:52:39.02359+00:00,e62824eb-ce73-4828-9b80-318033d3114a,cash
4fabb5d8-f6b0-41ae-b0dc-a38dfcd821c4,ZIC-20260806-0103,62c5814c-09e6-4583-874d-c3660ce3283f,Asad,30.0,0.0,0.0,30.0,30.0,0.0,cash,2,2026-08-06T13:53:08.682542+00:00,e62824eb-ce73-4828-9b80-318033d3114a,cash
4ba9ff95-9f78-4418-a561-3309465d8bde,ZIC-20260806-0104,62c5814c-09e6-4583-874d-c3660ce3283f,Asad,40.0,0.0,0.0,40.0,40.0,0.0,cash,1,2026-08-06T13:54:45.359722+00:00,e62824eb-ce73-4828-9b80-318033d3114a,cash
f51dcd55-883f-4b08-a3df-c5e596b3a8a5,ZIC-20260806-0105,62c5814c-09e6-4583-874d-c3660ce3283f,Asad,320.0,0.0,20.0,300.0,300.0,0.0,cash,5,2026-08-06T13:59:53.939996+00:00,e62824eb-ce73-4828-9b80-318033d3114a,cash
ea3fa135-67e5-446e-97c9-c3ae00ce74b6,ZIC-20260806-0106,62c5814c-09e6-4583-874d-c3660ce3283f,Asad,10.0,0.0,0.0,10.0,10.0,0.0,cash,2,2026-08-06T14:00:12.45594+00:00,e62824eb-ce73-4828-9b80-318033d3114a,cash
b5762563-b78c-4bcf-b7c0-fd1e48ced30f,ZIC-20260806-0107,62c5814c-09e6-4583-874d-c3660ce3283f,Asad,1980.0,0.0,0.0,1980.0,5000.0,3020.0,cash,29,2026-08-06T14:05:52.151511+00:00,e62824eb-ce73-4828-9b80-318033d3114a,cash
0c3e29d7-69f8-4295-b98b-68a2dece017b,ZIC-20260806-0108,62c5814c-09e6-4583-874d-c3660ce3283f,Asad,270.0,0.0,0.0,270.0,270.0,0.0,cash,3,2026-08-06T14:08:05.391431+00:00,e62824eb-ce73-4828-9b80-318033d3114a,cash
58e3fb67-c6fb-4ede-9fcc-0b6abc1093d1,ZIC-20260806-0109,62c5814c-09e6-4583-874d-c3660ce3283f,Asad,50.0,0.0,0.0,50.0,50.0,0.0,cash,3,2026-08-06T14:09:01.424161+00:00,e62824eb-ce73-4828-9b80-318033d3114a,cash
ac733a6f-7722-427f-a430-1852f30262ea,ZIC-20260806-0110,62c5814c-09e6-4583-874d-c3660ce3283f,Asad,60.0,0.0,0.0,60.0,60.0,0.0,cash,1,2026-08-06T14:12:36.817066+00:00,e62824eb-ce73-4828-9b80-318033d3114a,cash
e591dc98-4bc6-490b-b30f-491d30f5a349,ZIC-20260806-0111,62c5814c-09e6-4583-874d-c3660ce3283f,Asad,200.0,0.0,0.0,200.0,200.0,0.0,cash,2,2026-08-06T14:16:54.225584+00:00,e62824eb-ce73-4828-9b80-318033d3114a,cash
1de15865-29a0-40db-bb61-dc21d6e31439,ZIC-20260806-0112,62c5814c-09e6-4583-874d-c3660ce3283f,Asad,150.0,0.0,0.0,150.0,150.0,0.0,cash,1,2026-08-06T14:21:49.833878+00:00,e62824eb-ce73-4828-9b80-318033d3114a,cash
fa8a693e-93af-4836-b803-9cb0ea93f1a7,ZIC-20260806-0113,62c5814c-09e6-4583-874d-c3660ce3283f,Asad,410.0,0.0,0.0,410.0,410.0,0.0,cash,2,2026-08-06T14:23:24.527252+00:00,e62824eb-ce73-4828-9b80-318033d3114a,cash
e2997190-a237-4975-8ae0-3c317068483c,ZIC-20260806-0114,62c5814c-09e6-4583-874d-c3660ce3283f,Asad,20.0,0.0,0.0,20.0,20.0,0.0,cash,2,2026-08-06T14:29:31.99115+00:00,e62824eb-ce73-4828-9b80-318033d3114a,cash
dc94f8e4-8189-49d7-a078-d56eef7547f1,ZIC-20260806-0115,62c5814c-09e6-4583-874d-c3660ce3283f,Asad,110.0,0.0,0.0,110.0,110.0,0.0,cash,1,2026-08-06T14:37:31.467533+00:00,e62824eb-ce73-4828-9b80-318033d3114a,cash
8be81522-6dab-4268-9c3d-6ec68ca572c2,ZIC-20260806-0116,62c5814c-09e6-4583-874d-c3660ce3283f,Asad,60.0,0.0,0.0,60.0,60.0,0.0,cash,3,2026-08-06T14:43:02.817582+00:00,e62824eb-ce73-4828-9b80-318033d3114a,cash
a3e3e5f9-d4b1-445a-b21b-97753bc99d8a,ZIC-20260806-0117,f686d4d0-3678-467e-9535-3d5f1309c328,Cashier 1,380.0,0.0,0.0,380.0,380.0,0.0,cash,12,2026-08-06T15:10:37.226533+00:00,f81e6868-dde3-4686-9329-cde4da5bc824,cash
2f31257a-0926-4f5e-b287-c2d196fc4603,ZIC-20260806-0118,f686d4d0-3678-467e-9535-3d5f1309c328,Cashier 1,100.0,0.0,0.0,100.0,100.0,0.0,cash,1,2026-08-06T15:10:54.930195+00:00,f81e6868-dde3-4686-9329-cde4da5bc824,cash
1b57e197-bf9d-43be-b172-bcd060e8ceb4,ZIC-20260806-0119,f686d4d0-3678-467e-9535-3d5f1309c328,Cashier 1,50.0,0.0,0.0,50.0,50.0,0.0,cash,4,2026-08-06T15:17:27.904781+00:00,f81e6868-dde3-4686-9329-cde4da5bc824,cash
d78fea4c-ccd1-458e-8b8c-5b5af9fea92b,ZIC-20260806-0120,f686d4d0-3678-467e-9535-3d5f1309c328,Cashier 1,30.0,0.0,0.0,30.0,30.0,0.0,cash,1,2026-08-06T15:17:47.099707+00:00,f81e6868-dde3-4686-9329-cde4da5bc824,cash
fb56f73c-1e8c-492e-be82-6ce5a8507fe2,ZIC-20260806-0121,f686d4d0-3678-467e-9535-3d5f1309c328,Cashier 1,50.0,0.0,0.0,50.0,50.0,0.0,cash,1,2026-08-06T15:20:39.240843+00:00,f81e6868-dde3-4686-9329-cde4da5bc824,cash
8f094f3d-dd18-4633-8796-c4c75761b6e9,ZIC-20260806-0122,f686d4d0-3678-467e-9535-3d5f1309c328,Cashier 1,70.0,0.0,0.0,70.0,70.0,0.0,cash,2,2026-08-06T15:31:58.592406+00:00,f81e6868-dde3-4686-9329-cde4da5bc824,cash
e9f0ed77-9723-48cc-9f56-f83e8fc5db14,ZIC-20260806-0123,f686d4d0-3678-467e-9535-3d5f1309c328,Cashier 1,90.0,0.0,0.0,90.0,90.0,0.0,cash,1,2026-08-06T15:32:28.913947+00:00,f81e6868-dde3-4686-9329-cde4da5bc824,cash
f75b0b7c-8a2d-4f77-9df9-e6957e034f2e,ZIC-20260806-0124,f686d4d0-3678-467e-9535-3d5f1309c328,Cashier 1,210.0,0.0,0.0,210.0,210.0,0.0,cash,1,2026-08-06T15:48:06.004345+00:00,f81e6868-dde3-4686-9329-cde4da5bc824,cash
75c709a5-58eb-4bbf-bf96-6779b00d5311,ZIC-20260806-0125,f686d4d0-3678-467e-9535-3d5f1309c328,Cashier 1,100.0,0.0,0.0,100.0,100.0,0.0,cash,4,2026-08-06T16:00:20.728561+00:00,f81e6868-dde3-4686-9329-cde4da5bc824,cash
0f747471-cb7a-469e-b1fa-35156979177f,ZIC-20260806-0126,f686d4d0-3678-467e-9535-3d5f1309c328,Cashier 1,50.0,0.0,0.0,50.0,50.0,0.0,cash,4,2026-08-06T16:01:52.452269+00:00,f81e6868-dde3-4686-9329-cde4da5bc824,cash
4eb4a793-b875-4207-8d81-e689ba651edd,ZIC-20260806-0127,f686d4d0-3678-467e-9535-3d5f1309c328,Cashier 1,250.0,0.0,0.0,250.0,250.0,0.0,cash,20,2026-08-06T16:04:48.683453+00:00,f81e6868-dde3-4686-9329-cde4da5bc824,cash
ff347261-c7c3-48ba-91fe-72f42484b5f8,ZIC-20260806-0128,f686d4d0-3678-467e-9535-3d5f1309c328,Cashier 1,30.0,0.0,0.0,30.0,30.0,0.0,cash,1,2026-08-06T16:13:51.854814+00:00,f81e6868-dde3-4686-9329-cde4da5bc824,cash
ad532c06-8777-4522-8f01-a5c67db63f8f,ZIC-20260806-0129,f686d4d0-3678-467e-9535-3d5f1309c328,Cashier 1,250.0,0.0,0.0,250.0,250.0,0.0,cash,1,2026-08-06T16:15:06.117835+00:00,f81e6868-dde3-4686-9329-cde4da5bc824,cash
278a7d50-b4bc-4406-8cb8-237e7bf723fd,ZIC-20260806-0130,f686d4d0-3678-467e-9535-3d5f1309c328,Cashier 1,470.0,0.0,10.0,460.0,460.0,0.0,cash,5,2026-08-06T16:23:01.343688+00:00,f81e6868-dde3-4686-9329-cde4da5bc824,cash
537ffebf-0b8c-49eb-9761-9db6159bdd47,ZIC-20260806-0131,f686d4d0-3678-467e-9535-3d5f1309c328,Cashier 1,500.0,0.0,0.0,500.0,500.0,0.0,cash,20,2026-08-06T16:28:04.598217+00:00,f81e6868-dde3-4686-9329-cde4da5bc824,cash
13738415-d767-458e-a46b-daba9efbd710,ZIC-20260806-0132,f686d4d0-3678-467e-9535-3d5f1309c328,Cashier 1,100.0,0.0,0.0,100.0,100.0,0.0,cash,2,2026-08-06T16:43:07.810734+00:00,f81e6868-dde3-4686-9329-cde4da5bc824,cash
7bdacec3-8665-487e-9d14-e3bd0fa6621d,ZIC-20260806-0133,f686d4d0-3678-467e-9535-3d5f1309c328,Cashier 1,100.0,0.0,0.0,100.0,100.0,0.0,cash,1,2026-08-06T17:02:18.213139+00:00,f81e6868-dde3-4686-9329-cde4da5bc824,cash
99e6a63f-c3a2-47ca-8dc8-8b4182cea9d9,ZIC-20260806-0134,f686d4d0-3678-467e-9535-3d5f1309c328,Cashier 1,550.0,0.0,0.0,550.0,550.0,0.0,cash,21,2026-08-06T17:09:25.31761+00:00,f81e6868-dde3-4686-9329-cde4da5bc824,cash
5f6ec8e2-bfba-404c-98d8-671eb8e7bc3f,ZIC-20260806-0135,f686d4d0-3678-467e-9535-3d5f1309c328,Cashier 1,800.0,0.0,0.0,800.0,800.0,0.0,cash,9,2026-08-06T17:11:22.925721+00:00,f81e6868-dde3-4686-9329-cde4da5bc824,cash
ad38df50-8c9f-4afc-9c66-992aa1f3ce4c,ZIC-20260806-0136,f686d4d0-3678-467e-9535-3d5f1309c328,Cashier 1,50.0,0.0,0.0,50.0,50.0,0.0,easypasa,1,2026-08-06T17:12:51.163732+00:00,f81e6868-dde3-4686-9329-cde4da5bc824,cash
a7ae14fc-855b-4a38-90c6-566994c00788,ZIC-20260806-0137,f686d4d0-3678-467e-9535-3d5f1309c328,Cashier 1,130.0,0.0,0.0,130.0,130.0,0.0,cash,10,2026-08-06T17:20:06.437616+00:00,f81e6868-dde3-4686-9329-cde4da5bc824,cash
7a78674d-6460-4309-97a5-9b4ac998dcb7,ZIC-20260806-0138,f686d4d0-3678-467e-9535-3d5f1309c328,Cashier 1,80.0,0.0,0.0,80.0,80.0,0.0,cash,6,2026-08-06T17:37:38.656477+00:00,f81e6868-dde3-4686-9329-cde4da5bc824,cash
3faf08a1-e36c-4ca3-9eb4-19c7244f59b6,ZIC-20260806-0139,f686d4d0-3678-467e-9535-3d5f1309c328,Cashier 1,170.0,0.0,0.0,170.0,170.0,0.0,cash,3,2026-08-06T17:39:09.863404+00:00,f81e6868-dde3-4686-9329-cde4da5bc824,cash
b56e4ccb-e231-440c-aeec-eb05bc3ddcf0,ZIC-20260806-0140,f686d4d0-3678-467e-9535-3d5f1309c328,Cashier 1,450.0,0.0,100.0,350.0,350.0,0.0,cash,7,2026-08-06T17:44:04.38058+00:00,f81e6868-dde3-4686-9329-cde4da5bc824,cash
378cf1a9-eb76-4c6d-8ae3-33ddf71f48f1,ZIC-20260806-0141,f686d4d0-3678-467e-9535-3d5f1309c328,Cashier 1,150.0,0.0,0.0,150.0,150.0,0.0,cash,3,2026-08-06T17:45:35.912328+00:00,f81e6868-dde3-4686-9329-cde4da5bc824,cash
9ee2b5cf-a720-47ad-86c5-88daf1a821fa,ZIC-20260806-0142,f686d4d0-3678-467e-9535-3d5f1309c328,Cashier 1,140.0,0.0,0.0,140.0,140.0,0.0,easypasa,1,2026-08-06T17:54:52.389122+00:00,f81e6868-dde3-4686-9329-cde4da5bc824,cash
fc28fdf6-dc74-43f4-9734-398c7358c71d,ZIC-20260806-0143,f686d4d0-3678-467e-9535-3d5f1309c328,Cashier 1,220.0,0.0,0.0,220.0,220.0,0.0,cash,2,2026-08-06T18:02:51.891221+00:00,f81e6868-dde3-4686-9329-cde4da5bc824,cash
ed8f8c38-b77b-45e2-81f6-983390cca9b6,ZIC-20260806-0144,f686d4d0-3678-467e-9535-3d5f1309c328,Cashier 1,270.0,0.0,0.0,270.0,270.0,0.0,card,2,2026-08-06T18:22:48.5287+00:00,f81e6868-dde3-4686-9329-cde4da5bc824,card
680ab2ff-097b-4362-a84e-d3693d7412b4,ZIC-20260806-0145,f686d4d0-3678-467e-9535-3d5f1309c328,Cashier 1,140.0,0.0,0.0,140.0,140.0,0.0,easypasa,10,2026-08-06T18:39:08.43144+00:00,f81e6868-dde3-4686-9329-cde4da5bc824,cash
277c679a-cf1f-426e-a419-9f2bfc83ac3d,ZIC-20260806-0146,f686d4d0-3678-467e-9535-3d5f1309c328,Cashier 1,50.0,0.0,0.0,50.0,50.0,0.0,cash,1,2026-08-06T18:49:56.341692+00:00,f81e6868-dde3-4686-9329-cde4da5bc824,cash
258e7e38-ed7f-4f9e-a030-11daffe2ca44,ZIC-20260806-0147,f686d4d0-3678-467e-9535-3d5f1309c328,Cashier 1,290.0,0.0,0.0,290.0,290.0,0.0,cash,4,2026-08-06T19:04:46.463776+00:00,f81e6868-dde3-4686-9329-cde4da5bc824,cash
132f0f66-9fe3-42d3-858e-0eb4351df0eb,ZIC-20260806-0148,f686d4d0-3678-467e-9535-3d5f1309c328,Cashier 1,140.0,0.0,0.0,140.0,140.0,0.0,cash,10,2026-08-06T19:11:49.940392+00:00,f81e6868-dde3-4686-9329-cde4da5bc824,cash
a8114e5e-1782-4f6d-9409-72f31ce8dccb,ZIC-20260806-0149,f686d4d0-3678-467e-9535-3d5f1309c328,Cashier 1,250.0,0.0,0.0,250.0,250.0,0.0,cash,20,2026-08-06T19:18:54.704771+00:00,f81e6868-dde3-4686-9329-cde4da5bc824,cash
23d7abbc-ffaf-4b97-95b0-95f982fb92ad,ZIC-20260806-0150,f686d4d0-3678-467e-9535-3d5f1309c328,Cashier 1,100.0,0.0,0.0,100.0,100.0,0.0,cash,2,2026-08-06T19:21:25.431158+00:00,f81e6868-dde3-4686-9329-cde4da5bc824,cash
89b84d5f-cb6e-42e4-adfc-dd4a53102ed9,ZIC-20260806-0151,f686d4d0-3678-467e-9535-3d5f1309c328,Cashier 1,50.0,0.0,0.0,50.0,50.0,0.0,cash,1,2026-08-06T19:40:43.246199+00:00,f81e6868-dde3-4686-9329-cde4da5bc824,cash
4f59661e-849e-4443-9b59-39c737071fe3,ZIC-20260806-0152,f686d4d0-3678-467e-9535-3d5f1309c328,Cashier 1,500.0,0.0,0.0,500.0,500.0,0.0,cash,21,2026-08-06T19:42:31.877133+00:00,f81e6868-dde3-4686-9329-cde4da5bc824,cash
488e22eb-5479-4b3c-a924-a5dfbec83285,ZIC-20260806-0153,f686d4d0-3678-467e-9535-3d5f1309c328,Cashier 1,340.0,0.0,0.0,340.0,340.0,0.0,cash,7,2026-08-06T19:46:41.278559+00:00,f81e6868-dde3-4686-9329-cde4da5bc824,cash
3b97d282-71f7-4bcb-a35c-53a1883c8756,ZIC-20260806-0154,f686d4d0-3678-467e-9535-3d5f1309c328,Cashier 1,220.0,0.0,0.0,220.0,220.0,0.0,cash,4,2026-08-06T19:48:33.337293+00:00,f81e6868-dde3-4686-9329-cde4da5bc824,cash
21312833-efe7-4516-8a4a-a476d043739a,ZIC-20260806-0155,f686d4d0-3678-467e-9535-3d5f1309c328,Cashier 1,280.0,0.0,0.0,280.0,280.0,0.0,cash,10,2026-08-06T19:58:21.323314+00:00,f81e6868-dde3-4686-9329-cde4da5bc824,cash
1917c328-7640-403b-bc14-7590424c87a0,ZIC-20260806-0156,f686d4d0-3678-467e-9535-3d5f1309c328,Cashier 1,160.0,0.0,0.0,160.0,160.0,0.0,cash,8,2026-08-06T20:05:14.158137+00:00,f81e6868-dde3-4686-9329-cde4da5bc824,cash
9c070b95-cbba-4739-b734-83bdbcef88e6,ZIC-20260806-0157,f686d4d0-3678-467e-9535-3d5f1309c328,Cashier 1,70.0,0.0,0.0,70.0,70.0,0.0,easypasa,6,2026-08-06T20:28:30.07011+00:00,f81e6868-dde3-4686-9329-cde4da5bc824,cash
666dd883-7a52-4687-bafd-c2be5e4bf5cc,ZIC-20260806-0158,f686d4d0-3678-467e-9535-3d5f1309c328,Cashier 1,1000.0,0.0,0.0,1000.0,1000.0,0.0,cash,32,2026-08-06T20:55:34.304124+00:00,f81e6868-dde3-4686-9329-cde4da5bc824,cash
468361a1-bf9d-496f-b0f0-f7161837d898,ZIC-20260806-0159,f686d4d0-3678-467e-9535-3d5f1309c328,Cashier 1,40.0,0.0,0.0,40.0,40.0,0.0,cash,1,2026-08-06T20:56:50.979436+00:00,f81e6868-dde3-4686-9329-cde4da5bc824,cash
c50f5a19-bdf4-4c3c-aa5e-4981834f8620,ZIC-20260806-0160,f686d4d0-3678-467e-9535-3d5f1309c328,Cashier 1,200.0,0.0,0.0,200.0,200.0,0.0,cash,4,2026-08-06T21:00:26.904781+00:00,f81e6868-dde3-4686-9329-cde4da5bc824,cash
11927f65-13db-4549-91b2-e1381429b395,ZIC-20260806-0161,f686d4d0-3678-467e-9535-3d5f1309c328,Cashier 1,490.0,0.0,0.0,490.0,490.0,0.0,cash,36,2026-08-06T21:36:29.210003+00:00,f81e6868-dde3-4686-9329-cde4da5bc824,cash
c270c002-7b45-44c9-98f3-0cab22f572a2,ZIC-20260806-0162,f686d4d0-3678-467e-9535-3d5f1309c328,Cashier 1,230.0,0.0,0.0,230.0,230.0,0.0,cash,14,2026-08-06T21:53:29.126611+00:00,f81e6868-dde3-4686-9329-cde4da5bc824,cash
b9ceb029-9311-4842-8efa-d14060f33ae6,ZIC-20260806-0163,f686d4d0-3678-467e-9535-3d5f1309c328,Cashier 1,380.0,0.0,0.0,380.0,380.0,0.0,cash,1,2026-08-06T22:35:58.784326+00:00,f81e6868-dde3-4686-9329-cde4da5bc824,cash
48e3df5f-3fa3-4a2d-86a2-14ebbc19d22c,ZIC-20260806-0164,f686d4d0-3678-467e-9535-3d5f1309c328,Cashier 1,900.0,0.0,0.0,900.0,900.0,0.0,cash,25,2026-08-06T22:50:19.84702+00:00,f81e6868-dde3-4686-9329-cde4da5bc824,cash
c22ba9ea-3e28-4b9d-972c-c6cc96136bdb,ZIC-20260806-0165,f686d4d0-3678-467e-9535-3d5f1309c328,Cashier 1,650.0,0.0,0.0,650.0,650.0,0.0,cash,13,2026-08-06T23:31:35.813831+00:00,f81e6868-dde3-4686-9329-cde4da5bc824,cash
8f116a07-6d53-4435-93a7-a2ff02f1fff3,ZIC-20260806-0166,f686d4d0-3678-467e-9535-3d5f1309c328,Cashier 1,100.0,0.0,0.0,100.0,100.0,0.0,cash,8,2026-08-06T23:52:12.698667+00:00,f81e6868-dde3-4686-9329-cde4da5bc824,cash
b3dce682-69f0-40f6-b0f1-2feb07fcd936,ZIC-20260806-0167,f686d4d0-3678-467e-9535-3d5f1309c328,Cashier 1,500.0,0.0,0.0,500.0,500.0,0.0,cash,23,2026-08-06T23:55:07.824893+00:00,f81e6868-dde3-4686-9329-cde4da5bc824,cash
ac537f2e-3e68-481a-8284-d95c394c6801,ZIC-20260806-0168,f686d4d0-3678-467e-9535-3d5f1309c328,Cashier 1,380.0,0.0,0.0,380.0,380.0,0.0,cash,1,2026-08-06T23:56:48.484611+00:00,f81e6868-dde3-4686-9329-cde4da5bc824,cash
8df8e7e3-242b-4a45-9f0e-17fb9e4f3f6d,ZIC-20260807-0001,f686d4d0-3678-467e-9535-3d5f1309c328,Cashier 1,10.0,0.0,0.0,10.0,10.0,0.0,cash,2,2026-08-07T00:53:16.073963+00:00,f81e6868-dde3-4686-9329-cde4da5bc824,cash
f981ae6c-3c18-454e-b23b-4d5320f20b79,ZIC-20260807-0002,f686d4d0-3678-467e-9535-3d5f1309c328,Cashier 1,20.0,0.0,0.0,20.0,20.0,0.0,cash,4,2026-08-07T00:55:08.625912+00:00,f81e6868-dde3-4686-9329-cde4da5bc824,cash
39f455d8-d41b-4a2c-aa56-e82cb4ee0f35,ZIC-20260807-0003,f686d4d0-3678-467e-9535-3d5f1309c328,Cashier 1,100.0,0.0,0.0,100.0,100.0,0.0,cash,1,2026-08-07T01:46:41.910763+00:00,f81e6868-dde3-4686-9329-cde4da5bc824,cash
d37621fc-768c-4e4b-8b1e-a0d2a52543f6,ZIC-20260807-0004,f686d4d0-3678-467e-9535-3d5f1309c328,Cashier 1,60.0,0.0,0.0,60.0,60.0,0.0,cash,2,2026-08-07T02:09:43.953987+00:00,f81e6868-dde3-4686-9329-cde4da5bc824,cash
a1f63217-5505-4d2c-a784-c19fc4b450ef,ZIC-20260807-0005,62c5814c-09e6-4583-874d-c3660ce3283f,Asad,10.0,0.0,0.0,10.0,10.0,0.0,cash,2,2026-08-07T03:30:47.310066+00:00,45effc76-690f-4397-a1ad-dde2c4061ee6,cash
a6b25772-4647-4df1-9e80-e7eda3b9cf2f,ZIC-20260807-0006,62c5814c-09e6-4583-874d-c3660ce3283f,Asad,30.0,0.0,0.0,30.0,30.0,0.0,cash,1,2026-08-07T04:16:16.538615+00:00,45effc76-690f-4397-a1ad-dde2c4061ee6,cash
c5366186-d8b7-4d98-86f0-58a13513a0e4,ZIC-20260807-0007,62c5814c-09e6-4583-874d-c3660ce3283f,Asad,150.0,0.0,0.0,150.0,150.0,0.0,cash,2,2026-08-07T04:45:05.4716+00:00,45effc76-690f-4397-a1ad-dde2c4061ee6,cash
3aac310c-edef-410e-824c-c471fdc6a848,ZIC-20260807-0008,62c5814c-09e6-4583-874d-c3660ce3283f,Asad,410.0,0.0,0.0,410.0,410.0,0.0,cash,9,2026-08-07T05:01:00.360359+00:00,45effc76-690f-4397-a1ad-dde2c4061ee6,cash
ab45499b-72a8-4a58-ab3c-d7a63476fcea,ZIC-20260807-0009,62c5814c-09e6-4583-874d-c3660ce3283f,Asad,100.0,0.0,0.0,100.0,100.0,0.0,cash,2,2026-08-07T05:14:34.244554+00:00,45effc76-690f-4397-a1ad-dde2c4061ee6,cash
01438811-a711-4a62-b5d4-5a5eaf67ba2a,ZIC-20260807-0010,62c5814c-09e6-4583-874d-c3660ce3283f,Asad,630.0,0.0,0.0,630.0,630.0,0.0,cash,7,2026-08-07T05:15:59.393919+00:00,45effc76-690f-4397-a1ad-dde2c4061ee6,cash
33fd0d19-e7f8-4ea1-a175-1e0db3894d91,ZIC-20260807-0011,62c5814c-09e6-4583-874d-c3660ce3283f,Asad,60.0,0.0,0.0,60.0,60.0,0.0,cash,5,2026-08-07T05:23:29.083254+00:00,45effc76-690f-4397-a1ad-dde2c4061ee6,cash
3f57dfc9-5a79-4bb6-bad2-6eb28b607cf2,ZIC-20260807-0012,62c5814c-09e6-4583-874d-c3660ce3283f,Asad,10.0,0.0,0.0,10.0,10.0,0.0,cash,1,2026-08-07T05:28:47.254868+00:00,45effc76-690f-4397-a1ad-dde2c4061ee6,cash
e9357fdc-d23d-410e-8dcb-f9475c96c11c,ZIC-20260807-0013,62c5814c-09e6-4583-874d-c3660ce3283f,Asad,400.0,0.0,0.0,400.0,400.0,0.0,cash,6,2026-08-07T05:35:35.20334+00:00,45effc76-690f-4397-a1ad-dde2c4061ee6,cash
1c8975d4-7615-4fe7-8c26-121912bbe399,ZIC-20260807-0014,62c5814c-09e6-4583-874d-c3660ce3283f,Asad,45.0,0.0,0.0,45.0,45.0,0.0,cash,3,2026-08-07T05:38:27.342449+00:00,45effc76-690f-4397-a1ad-dde2c4061ee6,cash
920b3ab7-6aaa-470d-bcbe-36ad163e43d4,ZIC-20260807-0015,62c5814c-09e6-4583-874d-c3660ce3283f,Asad,160.0,0.0,0.0,160.0,160.0,0.0,cash,1,2026-08-07T05:50:45.523166+00:00,45effc76-690f-4397-a1ad-dde2c4061ee6,cash
a87d3ae6-3e79-46f1-9391-7067c5b2c047,ZIC-20260807-0016,62c5814c-09e6-4583-874d-c3660ce3283f,Asad,200.0,0.0,0.0,200.0,200.0,0.0,cash,3,2026-08-07T06:20:34.942563+00:00,45effc76-690f-4397-a1ad-dde2c4061ee6,cash
483eb777-975f-4dc7-b1ae-15ad60f5c5c5,ZIC-20260807-0017,62c5814c-09e6-4583-874d-c3660ce3283f,Asad,30.0,0.0,0.0,30.0,30.0,0.0,cash,1,2026-08-07T06:42:06.007936+00:00,45effc76-690f-4397-a1ad-dde2c4061ee6,cash
56494941-dc8e-4fca-bbdd-48762bbddec8,ZIC-20260807-0018,62c5814c-09e6-4583-874d-c3660ce3283f,Asad,120.0,0.0,0.0,120.0,120.0,0.0,cash,1,2026-08-07T06:44:39.011984+00:00,45effc76-690f-4397-a1ad-dde2c4061ee6,cash
2e4fced3-ccc2-4deb-9adc-c4c8de194bcc,ZIC-20260807-0019,62c5814c-09e6-4583-874d-c3660ce3283f,Asad,1580.0,0.0,0.0,1580.0,1580.0,0.0,cash,22,2026-08-07T06:49:31.229923+00:00,45effc76-690f-4397-a1ad-dde2c4061ee6,cash
aa2bb3f7-b484-48db-981d-5d1e3ec8b08c,ZIC-20260807-0020,62c5814c-09e6-4583-874d-c3660ce3283f,Asad,30.0,0.0,0.0,30.0,30.0,0.0,cash,1,2026-08-07T06:53:22.081341+00:00,45effc76-690f-4397-a1ad-dde2c4061ee6,cash
d98cd8d4-5254-4ffc-9e07-5666720df116,ZIC-20260807-0021,62c5814c-09e6-4583-874d-c3660ce3283f,Asad,60.0,0.0,0.0,60.0,60.0,0.0,cash,1,2026-08-07T07:08:20.188687+00:00,45effc76-690f-4397-a1ad-dde2c4061ee6,cash
a56801c2-8f68-4fa3-968b-773474433bea,ZIC-20260807-0022,62c5814c-09e6-4583-874d-c3660ce3283f,Asad,10.0,0.0,0.0,10.0,10.0,0.0,cash,2,2026-08-07T07:10:05.922947+00:00,45effc76-690f-4397-a1ad-dde2c4061ee6,cash
b9a52873-d29d-4dd1-b18a-b36cb8c56394,ZIC-20260807-0023,62c5814c-09e6-4583-874d-c3660ce3283f,Asad,240.0,0.0,0.0,240.0,240.0,0.0,cash,4,2026-08-07T07:17:43.64511+00:00,45effc76-690f-4397-a1ad-dde2c4061ee6,cash
e71d336b-879e-477a-83e6-9283c8b70280,ZIC-20260807-0024,62c5814c-09e6-4583-874d-c3660ce3283f,Asad,90.0,0.0,0.0,90.0,90.0,0.0,cash,1,2026-08-07T07:20:16.910117+00:00,45effc76-690f-4397-a1ad-dde2c4061ee6,cash
42c537e9-3a8a-4c1a-b983-488e7c73610b,ZIC-20260807-0025,62c5814c-09e6-4583-874d-c3660ce3283f,Asad,25.0,0.0,0.0,25.0,25.0,0.0,cash,5,2026-08-07T07:30:36.43224+00:00,45effc76-690f-4397-a1ad-dde2c4061ee6,cash
bd79d984-7119-4b23-9b64-fdee70db702a,ZIC-20260807-0026,62c5814c-09e6-4583-874d-c3660ce3283f,Asad,140.0,0.0,0.0,140.0,140.0,0.0,cash,1,2026-08-07T08:44:31.154071+00:00,45effc76-690f-4397-a1ad-dde2c4061ee6,cash
91b5c374-0b81-40b4-bea0-45e460b95f17,ZIC-20260807-0027,62c5814c-09e6-4583-874d-c3660ce3283f,Asad,40.0,0.0,0.0,40.0,40.0,0.0,cash,5,2026-08-07T08:59:41.344116+00:00,45effc76-690f-4397-a1ad-dde2c4061ee6,cash
c4053224-0ccf-417a-b549-83cfb12d2b11,ZIC-20260807-0028,62c5814c-09e6-4583-874d-c3660ce3283f,Asad,200.0,0.0,0.0,200.0,200.0,0.0,cash,5,2026-08-07T09:01:24.229478+00:00,45effc76-690f-4397-a1ad-dde2c4061ee6,cash
0186da67-9fe2-42c5-bd20-86685c63f608,ZIC-20260807-0029,62c5814c-09e6-4583-874d-c3660ce3283f,Asad,10.0,0.0,0.0,10.0,10.0,0.0,cash,1,2026-08-07T09:14:58.385601+00:00,45effc76-690f-4397-a1ad-dde2c4061ee6,cash
916b2872-a3d8-456a-93d1-233230b274b4,ZIC-20260807-0030,62c5814c-09e6-4583-874d-c3660ce3283f,Asad,200.0,0.0,0.0,200.0,200.0,0.0,cash,1,2026-08-07T09:22:22.109145+00:00,45effc76-690f-4397-a1ad-dde2c4061ee6,cash
4d06aa12-7364-43d9-8e96-01f382e136e2,ZIC-20260807-0031,62c5814c-09e6-4583-874d-c3660ce3283f,Asad,30.0,0.0,0.0,30.0,30.0,0.0,cash,3,2026-08-07T09:34:16.295645+00:00,45effc76-690f-4397-a1ad-dde2c4061ee6,cash
b2a4b796-28b8-4b01-b992-f1e989dc204b,ZIC-20260807-0032,62c5814c-09e6-4583-874d-c3660ce3283f,Asad,80.0,0.0,0.0,80.0,80.0,0.0,cash,1,2026-08-07T09:49:19.47478+00:00,45effc76-690f-4397-a1ad-dde2c4061ee6,cash
bfd1ac82-9e2c-4e8a-98ff-029d1b0dfe11,ZIC-20260807-0033,62c5814c-09e6-4583-874d-c3660ce3283f,Asad,50.0,0.0,0.0,50.0,50.0,0.0,cash,1,2026-08-07T09:50:25.925311+00:00,45effc76-690f-4397-a1ad-dde2c4061ee6,cash
986e1fda-9d87-4464-b630-305256400b41,ZIC-20260807-0034,62c5814c-09e6-4583-874d-c3660ce3283f,Asad,10.0,0.0,0.0,10.0,10.0,0.0,cash,2,2026-08-07T09:51:50.594017+00:00,45effc76-690f-4397-a1ad-dde2c4061ee6,cash
ce53ad40-8890-41a3-bd65-427bc82ee32d,ZIC-20260807-0035,62c5814c-09e6-4583-874d-c3660ce3283f,Asad,30.0,0.0,0.0,30.0,30.0,0.0,cash,2,2026-08-07T09:55:16.846684+00:00,45effc76-690f-4397-a1ad-dde2c4061ee6,cash
bb906555-57d4-45d3-87fd-ea54f4829185,ZIC-20260807-0036,62c5814c-09e6-4583-874d-c3660ce3283f,Asad,140.0,0.0,34.0,106.0,106.0,0.0,cash,1,2026-08-07T09:56:10.495952+00:00,45effc76-690f-4397-a1ad-dde2c4061ee6,cash
0c969bc8-9b21-45c9-8207-521b88e33919,ZIC-20260807-0037,62c5814c-09e6-4583-874d-c3660ce3283f,Asad,50.0,0.0,0.0,50.0,50.0,0.0,cash,2,2026-08-07T09:59:06.465576+00:00,45effc76-690f-4397-a1ad-dde2c4061ee6,cash
ef14c1f8-8ad6-4b47-bd7a-d130d61fba1f,ZIC-20260807-0038,62c5814c-09e6-4583-874d-c3660ce3283f,Asad,250.0,0.0,0.0,250.0,250.0,0.0,cash,1,2026-08-07T10:03:10.331867+00:00,45effc76-690f-4397-a1ad-dde2c4061ee6,cash
48143e2d-43e3-4f86-8590-e0eed55bef1a,ZIC-20260807-0039,62c5814c-09e6-4583-874d-c3660ce3283f,Asad,120.0,0.0,0.0,120.0,120.0,0.0,cash,3,2026-08-07T10:06:27.045874+00:00,45effc76-690f-4397-a1ad-dde2c4061ee6,cash
266a2318-bd04-4650-ad31-c5590e5dafe2,ZIC-20260807-0040,62c5814c-09e6-4583-874d-c3660ce3283f,Asad,130.0,0.0,0.0,130.0,130.0,0.0,cash,1,2026-08-07T10:15:32.213168+00:00,45effc76-690f-4397-a1ad-dde2c4061ee6,cash
8194800f-b5c7-4b9a-a6c9-5041435f79b2,ZIC-20260807-0041,62c5814c-09e6-4583-874d-c3660ce3283f,Asad,50.0,0.0,0.0,50.0,50.0,0.0,cash,1,2026-08-07T10:18:01.093288+00:00,45effc76-690f-4397-a1ad-dde2c4061ee6,cash
b97ac95b-995c-4761-82a6-c073f0a13f77,ZIC-20260807-0042,62c5814c-09e6-4583-874d-c3660ce3283f,Asad,210.0,0.0,0.0,210.0,210.0,0.0,cash,2,2026-08-07T10:26:02.36371+00:00,45effc76-690f-4397-a1ad-dde2c4061ee6,cash
9ca2e4e1-eece-4b69-8636-f36040b440dd,ZIC-20260807-0043,62c5814c-09e6-4583-874d-c3660ce3283f,Asad,230.0,0.0,0.0,230.0,230.0,0.0,cash,3,2026-08-07T10:26:58.802405+00:00,45effc76-690f-4397-a1ad-dde2c4061ee6,cash
43daa3a9-b02c-4028-81c5-7377b04067cc,ZIC-20260807-0044,62c5814c-09e6-4583-874d-c3660ce3283f,Asad,1180.0,0.0,80.0,1100.0,1100.0,0.0,cash,1,2026-08-07T10:35:55.009882+00:00,45effc76-690f-4397-a1ad-dde2c4061ee6,cash
7399a2ef-49d1-4e81-86fe-39284b51f662,ZIC-20260807-0045,62c5814c-09e6-4583-874d-c3660ce3283f,Asad,300.0,0.0,0.0,300.0,300.0,0.0,cash,2,2026-08-07T10:40:09.725119+00:00,45effc76-690f-4397-a1ad-dde2c4061ee6,cash
984aedd9-f69f-4206-9f0c-5a5249327c2e,ZIC-20260807-0046,62c5814c-09e6-4583-874d-c3660ce3283f,Asad,300.0,0.0,0.0,300.0,300.0,0.0,cash,9,2026-08-07T10:46:12.074562+00:00,45effc76-690f-4397-a1ad-dde2c4061ee6,cash
959f2103-d9ac-4fda-9e1b-75daa1a55acd,ZIC-20260807-0047,62c5814c-09e6-4583-874d-c3660ce3283f,Asad,60.0,0.0,0.0,60.0,60.0,0.0,cash,1,2026-08-07T10:56:48.641473+00:00,45effc76-690f-4397-a1ad-dde2c4061ee6,cash
2d475c76-cc16-4085-9c1f-4031240c9448,ZIC-20260807-0048,62c5814c-09e6-4583-874d-c3660ce3283f,Asad,1760.0,0.0,160.0,1600.0,1600.0,0.0,cash,22,2026-08-07T11:03:31.476322+00:00,45effc76-690f-4397-a1ad-dde2c4061ee6,cash
f86d89f8-3498-47b0-b22d-bcddf844931b,ZIC-20260807-0049,62c5814c-09e6-4583-874d-c3660ce3283f,Asad,250.0,0.0,0.0,250.0,250.0,0.0,cash,6,2026-08-07T11:04:14.775339+00:00,45effc76-690f-4397-a1ad-dde2c4061ee6,cash
8c56d905-d792-49f9-878e-d85a3d033c92,ZIC-20260807-0050,62c5814c-09e6-4583-874d-c3660ce3283f,Asad,50.0,0.0,0.0,50.0,50.0,0.0,cash,4,2026-08-07T11:13:50.236603+00:00,45effc76-690f-4397-a1ad-dde2c4061ee6,cash
26261ec3-2978-4be9-a342-0657164755a9,ZIC-20260807-0051,62c5814c-09e6-4583-874d-c3660ce3283f,Asad,140.0,0.0,0.0,140.0,140.0,0.0,cash,1,2026-08-07T11:15:05.979426+00:00,45effc76-690f-4397-a1ad-dde2c4061ee6,cash
f8522d09-7cab-41a6-b1e1-d5b9bd0dc136,ZIC-20260807-0052,62c5814c-09e6-4583-874d-c3660ce3283f,Asad,450.0,0.0,0.0,450.0,450.0,0.0,cash,3,2026-08-07T11:33:15.382738+00:00,45effc76-690f-4397-a1ad-dde2c4061ee6,cash
b350a751-8792-42d5-b521-eb10766a17a7,ZIC-20260807-0053,62c5814c-09e6-4583-874d-c3660ce3283f,Asad,60.0,0.0,0.0,60.0,60.0,0.0,cash,1,2026-08-07T11:35:21.722332+00:00,45effc76-690f-4397-a1ad-dde2c4061ee6,cash
8903f421-a66a-4951-afbf-5a3a9f3249f9,ZIC-20260807-0054,62c5814c-09e6-4583-874d-c3660ce3283f,Asad,360.0,0.0,0.0,360.0,360.0,0.0,cash,3,2026-08-07T11:36:08.972909+00:00,45effc76-690f-4397-a1ad-dde2c4061ee6,cash
5825c2f4-76da-4a3d-a233-b75cbf2b6e96,ZIC-20260807-0055,62c5814c-09e6-4583-874d-c3660ce3283f,Asad,250.0,0.0,90.0,160.0,160.0,0.0,cash,1,2026-08-07T11:37:08.552518+00:00,45effc76-690f-4397-a1ad-dde2c4061ee6,cash
aad957c1-66fc-4fb2-a327-2bc966ec0993,ZIC-20260807-0056,62c5814c-09e6-4583-874d-c3660ce3283f,Asad,245.0,0.0,0.0,245.0,245.0,0.0,cash,8,2026-08-07T11:40:08.761843+00:00,45effc76-690f-4397-a1ad-dde2c4061ee6,cash
7ce4f3ea-645b-48a0-ae03-010e8d5f631f,ZIC-20260807-0057,62c5814c-09e6-4583-874d-c3660ce3283f,Asad,610.0,0.0,0.0,610.0,610.0,0.0,cash,8,2026-08-07T11:52:40.329519+00:00,45effc76-690f-4397-a1ad-dde2c4061ee6,cash
0a707678-dd82-4e8c-aff9-c44ff5a6a0ec,ZIC-20260807-0058,62c5814c-09e6-4583-874d-c3660ce3283f,Asad,160.0,0.0,0.0,160.0,160.0,0.0,cash,3,2026-08-07T12:04:40.555153+00:00,45effc76-690f-4397-a1ad-dde2c4061ee6,cash
5a3fe300-b7c9-49d2-90c1-fbaecaf4c4ab,ZIC-20260807-0059,62c5814c-09e6-4583-874d-c3660ce3283f,Asad,120.0,0.0,0.0,120.0,120.0,0.0,cash,2,2026-08-07T12:17:30.118513+00:00,45effc76-690f-4397-a1ad-dde2c4061ee6,cash
7fa3712b-3519-4524-b2ba-c0097d926559,ZIC-20260807-0060,62c5814c-09e6-4583-874d-c3660ce3283f,Asad,110.0,0.0,0.0,110.0,110.0,0.0,cash,3,2026-08-07T12:18:18.440721+00:00,45effc76-690f-4397-a1ad-dde2c4061ee6,cash
c8ab7a84-74c0-4ffa-be1e-7c2be5695bc2,ZIC-20260807-0061,62c5814c-09e6-4583-874d-c3660ce3283f,Asad,40.0,0.0,0.0,40.0,40.0,0.0,cash,1,2026-08-07T12:18:42.669079+00:00,45effc76-690f-4397-a1ad-dde2c4061ee6,cash
8f3fc068-ad53-46fc-9d24-d9128240a71d,ZIC-20260807-0062,62c5814c-09e6-4583-874d-c3660ce3283f,Asad,80.0,0.0,0.0,80.0,80.0,0.0,cash,1,2026-08-07T12:19:23.023871+00:00,45effc76-690f-4397-a1ad-dde2c4061ee6,cash
daf0ad9e-2035-4c81-ad1b-f4349b100afa,ZIC-20260807-0063,62c5814c-09e6-4583-874d-c3660ce3283f,Asad,10.0,0.0,0.0,10.0,10.0,0.0,cash,2,2026-08-07T12:21:05.650731+00:00,45effc76-690f-4397-a1ad-dde2c4061ee6,cash
4e0a0f5b-5c27-446a-aa0b-9490a653ed8e,ZIC-20260807-0064,62c5814c-09e6-4583-874d-c3660ce3283f,Asad,200.0,0.0,0.0,200.0,200.0,0.0,cash,2,2026-08-07T12:22:54.178452+00:00,45effc76-690f-4397-a1ad-dde2c4061ee6,cash
0718a680-06a1-4fd4-809b-b6739fe28819,ZIC-20260807-0065,62c5814c-09e6-4583-874d-c3660ce3283f,Asad,180.0,0.0,0.0,180.0,180.0,0.0,cash,5,2026-08-07T12:32:45.571217+00:00,45effc76-690f-4397-a1ad-dde2c4061ee6,cash
230c299b-3bfb-40ac-9470-e14459621b17,ZIC-20260807-0066,62c5814c-09e6-4583-874d-c3660ce3283f,Asad,210.0,0.0,0.0,210.0,210.0,0.0,cash,1,2026-08-07T12:35:33.26371+00:00,45effc76-690f-4397-a1ad-dde2c4061ee6,cash
dcae372f-4a70-45b4-9775-25bb4adea526,ZIC-20260807-0067,62c5814c-09e6-4583-874d-c3660ce3283f,Asad,55.0,0.0,0.0,55.0,55.0,0.0,cash,5,2026-08-07T12:47:40.694192+00:00,45effc76-690f-4397-a1ad-dde2c4061ee6,cash
0abaaaf5-a0d6-477f-8ece-8114b921caeb,ZIC-20260807-0068,62c5814c-09e6-4583-874d-c3660ce3283f,Asad,30.0,0.0,0.0,30.0,30.0,0.0,cash,2,2026-08-07T12:49:59.63439+00:00,45effc76-690f-4397-a1ad-dde2c4061ee6,cash
328cba15-e245-4582-9c82-f84fffae5770,ZIC-20260807-0069,62c5814c-09e6-4583-874d-c3660ce3283f,Asad,50.0,0.0,0.0,50.0,50.0,0.0,cash,4,2026-08-07T12:51:24.785626+00:00,45effc76-690f-4397-a1ad-dde2c4061ee6,cash
05c4416f-f1f8-471d-adf5-fe0c9162917a,ZIC-20260807-0070,62c5814c-09e6-4583-874d-c3660ce3283f,Asad,420.0,0.0,0.0,420.0,420.0,0.0,card,7,2026-08-07T12:53:40.183878+00:00,45effc76-690f-4397-a1ad-dde2c4061ee6,card
360c6370-4f25-4b50-8222-2478ad4403b7,ZIC-20260807-0071,62c5814c-09e6-4583-874d-c3660ce3283f,Asad,10.0,0.0,0.0,10.0,10.0,0.0,cash,1,2026-08-07T12:56:57.817043+00:00,45effc76-690f-4397-a1ad-dde2c4061ee6,cash
80abd638-0613-48e8-b37c-bed77e95d720,ZIC-20260807-0072,62c5814c-09e6-4583-874d-c3660ce3283f,Asad,80.0,0.0,0.0,80.0,80.0,0.0,cash,3,2026-08-07T12:59:00.497237+00:00,45effc76-690f-4397-a1ad-dde2c4061ee6,cash
87025ec0-c1b9-4330-ab75-e3ffb59a9895,ZIC-20260807-0073,62c5814c-09e6-4583-874d-c3660ce3283f,Asad,70.0,0.0,0.0,70.0,70.0,0.0,cash,1,2026-08-07T12:59:18.24709+00:00,45effc76-690f-4397-a1ad-dde2c4061ee6,cash
6a2ee616-590f-4c18-8b83-a2294d9eda1d,ZIC-20260807-0074,62c5814c-09e6-4583-874d-c3660ce3283f,Asad,180.0,0.0,80.0,100.0,100.0,0.0,cash,1,2026-08-07T13:00:38.405589+00:00,45effc76-690f-4397-a1ad-dde2c4061ee6,cash
44d19c70-60a3-4ba1-9cdd-ab29dc764a2e,ZIC-20260807-0075,62c5814c-09e6-4583-874d-c3660ce3283f,Asad,50.0,0.0,0.0,50.0,50.0,0.0,cash,1,2026-08-07T13:16:58.592226+00:00,45effc76-690f-4397-a1ad-dde2c4061ee6,cash
05240cec-8da3-4adc-9751-c6242050fb83,ZIC-20260807-0076,62c5814c-09e6-4583-874d-c3660ce3283f,Asad,100.0,0.0,0.0,100.0,100.0,0.0,cash,2,2026-08-07T13:20:40.060203+00:00,45effc76-690f-4397-a1ad-dde2c4061ee6,cash
645327f2-845b-417f-a663-2763e634f58f,ZIC-20260807-0077,62c5814c-09e6-4583-874d-c3660ce3283f,Asad,160.0,0.0,0.0,160.0,160.0,0.0,cash,1,2026-08-07T13:23:08.748702+00:00,45effc76-690f-4397-a1ad-dde2c4061ee6,cash
5a33fc49-0e70-4d65-a096-b69304cf231d,ZIC-20260807-0078,62c5814c-09e6-4583-874d-c3660ce3283f,Asad,110.0,0.0,10.0,100.0,100.0,0.0,cash,1,2026-08-07T13:25:42.901069+00:00,45effc76-690f-4397-a1ad-dde2c4061ee6,cash
31eb6efe-ce97-4894-9278-0636950a732b,ZIC-20260807-0079,62c5814c-09e6-4583-874d-c3660ce3283f,Asad,160.0,0.0,0.0,160.0,160.0,0.0,cash,2,2026-08-07T13:27:01.098834+00:00,45effc76-690f-4397-a1ad-dde2c4061ee6,cash
6a6786b0-7ceb-463a-9b08-57883b2071e8,ZIC-20260807-0080,62c5814c-09e6-4583-874d-c3660ce3283f,Asad,50.0,0.0,0.0,50.0,50.0,0.0,cash,1,2026-08-07T13:28:44.74072+00:00,45effc76-690f-4397-a1ad-dde2c4061ee6,cash
4a853f2f-9cfe-4565-973e-83a0b6690741,ZIC-20260807-0081,62c5814c-09e6-4583-874d-c3660ce3283f,Asad,1515.0,0.0,215.0,1300.0,1300.0,0.0,cash,38,2026-08-07T13:42:06.691814+00:00,45effc76-690f-4397-a1ad-dde2c4061ee6,cash
45da4f35-5879-4ef5-b90e-955f71f2e85a,ZIC-20260807-0082,62c5814c-09e6-4583-874d-c3660ce3283f,Asad,210.0,0.0,0.0,210.0,210.0,0.0,cash,1,2026-08-07T13:43:27.232299+00:00,45effc76-690f-4397-a1ad-dde2c4061ee6,cash
774b4e75-1e77-4d67-83bb-e8d93fcf5d59,ZIC-20260807-0083,62c5814c-09e6-4583-874d-c3660ce3283f,Asad,390.0,0.0,0.0,390.0,390.0,0.0,easypasa,3,2026-08-07T13:43:52.779461+00:00,45effc76-690f-4397-a1ad-dde2c4061ee6,cash
776b750b-b266-4915-9973-917ae00d13af,ZIC-20260807-0084,62c5814c-09e6-4583-874d-c3660ce3283f,Asad,10.0,0.0,0.0,10.0,10.0,0.0,cash,1,2026-08-07T13:44:17.174497+00:00,45effc76-690f-4397-a1ad-dde2c4061ee6,cash
e9a74639-d2dd-4ce4-bdf1-423dd8250663,ZIC-20260807-0085,62c5814c-09e6-4583-874d-c3660ce3283f,Asad,10.0,0.0,0.0,10.0,10.0,0.0,cash,1,2026-08-07T13:52:00.321922+00:00,45effc76-690f-4397-a1ad-dde2c4061ee6,cash
f22a9f45-6c19-473d-9a93-19224cc5165c,ZIC-20260807-0086,62c5814c-09e6-4583-874d-c3660ce3283f,Asad,50.0,0.0,0.0,50.0,50.0,0.0,cash,1,2026-08-07T13:54:36.500997+00:00,45effc76-690f-4397-a1ad-dde2c4061ee6,cash
1480d31b-1b4b-4218-988c-0cf26e8e5af9,ZIC-20260807-0087,62c5814c-09e6-4583-874d-c3660ce3283f,Asad,270.0,0.0,0.0,270.0,270.0,0.0,cash,5,2026-08-07T14:01:28.208061+00:00,45effc76-690f-4397-a1ad-dde2c4061ee6,cash
742faff9-7bf4-4753-ba8c-ebde4b23a7fd,ZIC-20260807-0088,62c5814c-09e6-4583-874d-c3660ce3283f,Asad,40.0,0.0,0.0,40.0,40.0,0.0,cash,1,2026-08-07T14:03:59.456673+00:00,45effc76-690f-4397-a1ad-dde2c4061ee6,cash
691ba448-0aaf-46e7-b6e1-9e5e1aa3c24e,ZIC-20260807-0089,62c5814c-09e6-4583-874d-c3660ce3283f,Asad,120.0,0.0,0.0,120.0,120.0,0.0,cash,2,2026-08-07T14:10:26.178693+00:00,45effc76-690f-4397-a1ad-dde2c4061ee6,cash
ae5074d7-afd2-46d2-a432-b8cd7d493450,ZIC-20260807-0090,62c5814c-09e6-4583-874d-c3660ce3283f,Asad,300.0,0.0,6.0,294.0,294.0,0.0,card,3,2026-08-07T14:12:13.270606+00:00,45effc76-690f-4397-a1ad-dde2c4061ee6,card
298141be-fd04-40e8-9e85-ef0fc9055063,ZIC-20260807-0091,62c5814c-09e6-4583-874d-c3660ce3283f,Asad,50.0,0.0,0.0,50.0,50.0,0.0,cash,3,2026-08-07T14:19:11.948513+00:00,45effc76-690f-4397-a1ad-dde2c4061ee6,cash
95911067-983b-4c99-b1f9-852762f76cf9,ZIC-20260807-0092,62c5814c-09e6-4583-874d-c3660ce3283f,Asad,260.0,0.0,0.0,260.0,260.0,0.0,cash,2,2026-08-07T14:24:41.640429+00:00,45effc76-690f-4397-a1ad-dde2c4061ee6,cash
473fbd4e-a86a-49d5-829e-29e332a550fb,ZIC-20260807-0093,62c5814c-09e6-4583-874d-c3660ce3283f,Asad,260.0,0.0,0.0,260.0,260.0,0.0,cash,3,2026-08-07T14:25:31.909824+00:00,45effc76-690f-4397-a1ad-dde2c4061ee6,cash
4e311a20-82db-43bc-9e73-050fb5fcb29a,ZIC-20260807-0094,62c5814c-09e6-4583-874d-c3660ce3283f,Asad,30.0,0.0,0.0,30.0,30.0,0.0,cash,1,2026-08-07T14:29:56.83232+00:00,45effc76-690f-4397-a1ad-dde2c4061ee6,cash
3efcf6bd-8e79-40c3-a707-fc21845cfadb,ZIC-20260807-0095,62c5814c-09e6-4583-874d-c3660ce3283f,Asad,30.0,0.0,0.0,30.0,30.0,0.0,cash,1,2026-08-07T14:34:16.269973+00:00,45effc76-690f-4397-a1ad-dde2c4061ee6,cash
ac82cb63-bc52-43a0-b2bb-76e12ca0466d,ZIC-20260807-0096,62c5814c-09e6-4583-874d-c3660ce3283f,Asad,180.0,0.0,0.0,180.0,180.0,0.0,cash,1,2026-08-07T14:37:53.761311+00:00,45effc76-690f-4397-a1ad-dde2c4061ee6,cash
10b82008-380b-45b0-98ab-b95684fe7e1c,ZIC-20260807-0097,62c5814c-09e6-4583-874d-c3660ce3283f,Asad,70.0,0.0,0.0,70.0,70.0,0.0,cash,1,2026-08-07T14:51:02.573606+00:00,45effc76-690f-4397-a1ad-dde2c4061ee6,cash
07031164-15f2-4f30-b54a-ab3cc99299fc,ZIC-20260807-0098,62c5814c-09e6-4583-874d-c3660ce3283f,Asad,30.0,0.0,0.0,30.0,30.0,0.0,cash,1,2026-08-07T14:51:22.291803+00:00,45effc76-690f-4397-a1ad-dde2c4061ee6,cash
91a92277-e8f7-4875-b630-5b9be1f69f9b,ZIC-20260807-0099,f686d4d0-3678-467e-9535-3d5f1309c328,Cashier 1,870.0,0.0,0.0,870.0,870.0,0.0,cash,2,2026-08-07T14:58:34.382865+00:00,26b9316c-4fce-4ae1-aa93-6a1365bec50d,cash
484bdea2-fdbd-44ed-9231-d45fb4343169,ZIC-20260807-0100,f686d4d0-3678-467e-9535-3d5f1309c328,Cashier 1,90.0,0.0,0.0,90.0,90.0,0.0,cash,5,2026-08-07T15:06:04.982523+00:00,26b9316c-4fce-4ae1-aa93-6a1365bec50d,cash
46cf6fdb-e89e-40a4-94cd-312fd3606d44,ZIC-20260807-0101,f686d4d0-3678-467e-9535-3d5f1309c328,Cashier 1,100.0,0.0,0.0,100.0,100.0,0.0,cash,1,2026-08-07T15:13:19.224986+00:00,26b9316c-4fce-4ae1-aa93-6a1365bec50d,cash
a5e76c41-4fdc-43c0-9a39-06150a2a3d1a,ZIC-20260807-0102,f686d4d0-3678-467e-9535-3d5f1309c328,Cashier 1,70.0,0.0,0.0,70.0,70.0,0.0,cash,2,2026-08-07T15:20:44.036461+00:00,26b9316c-4fce-4ae1-aa93-6a1365bec50d,cash
01d9308c-0d4d-4888-b70f-093ee3d014b9,ZIC-20260807-0103,f686d4d0-3678-467e-9535-3d5f1309c328,Cashier 1,100.0,0.0,0.0,100.0,100.0,0.0,cash,1,2026-08-07T15:33:56.146603+00:00,26b9316c-4fce-4ae1-aa93-6a1365bec50d,cash
0ae872a9-81a6-4973-84d2-01c9ab04fe6c,ZIC-20260807-0104,f686d4d0-3678-467e-9535-3d5f1309c328,Cashier 1,80.0,0.0,0.0,80.0,80.0,0.0,cash,6,2026-08-07T15:41:35.89469+00:00,26b9316c-4fce-4ae1-aa93-6a1365bec50d,cash
cb2eb16e-df54-46cb-94f6-df9e27276083,ZIC-20260807-0105,f686d4d0-3678-467e-9535-3d5f1309c328,Cashier 1,200.0,0.0,0.0,200.0,200.0,0.0,cash,3,2026-08-07T15:42:23.60906+00:00,26b9316c-4fce-4ae1-aa93-6a1365bec50d,cash
7ced4f6b-750c-45ec-bb90-6d88b0ba2427,ZIC-20260807-0106,f686d4d0-3678-467e-9535-3d5f1309c328,Cashier 1,30.0,0.0,0.0,30.0,30.0,0.0,cash,2,2026-08-07T15:59:41.324061+00:00,26b9316c-4fce-4ae1-aa93-6a1365bec50d,cash
4513813a-7cc1-4048-bd23-829396d0cb97,ZIC-20260807-0107,f686d4d0-3678-467e-9535-3d5f1309c328,Cashier 1,40.0,0.0,0.0,40.0,40.0,0.0,cash,2,2026-08-07T16:27:02.275662+00:00,26b9316c-4fce-4ae1-aa93-6a1365bec50d,cash
a4dc25c1-2798-4034-89b9-a0d44bcfaf70,ZIC-20260807-0108,f686d4d0-3678-467e-9535-3d5f1309c328,Cashier 1,170.0,0.0,40.0,130.0,130.0,0.0,cash,1,2026-08-07T16:30:18.941511+00:00,26b9316c-4fce-4ae1-aa93-6a1365bec50d,cash
6522f39c-b359-4cbb-8cb6-c299c32b52d9,ZIC-20260807-0109,f686d4d0-3678-467e-9535-3d5f1309c328,Cashier 1,120.0,0.0,0.0,120.0,120.0,0.0,cash,8,2026-08-07T16:46:33.040985+00:00,26b9316c-4fce-4ae1-aa93-6a1365bec50d,cash
243c03a6-884b-409c-858d-49cb3acbe447,ZIC-20260807-0110,f686d4d0-3678-467e-9535-3d5f1309c328,Cashier 1,280.0,0.0,0.0,280.0,280.0,0.0,cash,20,2026-08-07T21:53:33.1597+00:00,26b9316c-4fce-4ae1-aa93-6a1365bec50d,cash
c91a702f-b9d4-48ae-ba49-fbe352200ef0,ZIC-20260807-0111,f686d4d0-3678-467e-9535-3d5f1309c328,Cashier 1,50.0,0.0,0.0,50.0,50.0,0.0,cash,5,2026-08-07T22:10:55.422116+00:00,26b9316c-4fce-4ae1-aa93-6a1365bec50d,cash
4f003f4a-7a0c-4918-b612-acbe4860c8f9,ZIC-20260807-0112,f686d4d0-3678-467e-9535-3d5f1309c328,Cashier 1,50.0,0.0,0.0,50.0,50.0,0.0,cash,6,2026-08-07T22:35:02.004958+00:00,26b9316c-4fce-4ae1-aa93-6a1365bec50d,cash
0c2f91c4-97a1-4647-bc22-96bf43695e13,ZIC-20260807-0113,f686d4d0-3678-467e-9535-3d5f1309c328,Cashier 1,40.0,0.0,0.0,40.0,40.0,0.0,cash,1,2026-08-07T22:35:16.865264+00:00,26b9316c-4fce-4ae1-aa93-6a1365bec50d,cash
5976676b-7451-41aa-a77b-7806c1638c56,ZIC-20260807-0114,f686d4d0-3678-467e-9535-3d5f1309c328,Cashier 1,180.0,0.0,0.0,180.0,180.0,0.0,easypasa,6,2026-08-07T22:42:41.103507+00:00,26b9316c-4fce-4ae1-aa93-6a1365bec50d,cash
10930c8a-53a1-4170-a232-fc0ba1f851a5,ZIC-20260807-0115,f686d4d0-3678-467e-9535-3d5f1309c328,Cashier 1,310.0,0.0,0.0,310.0,310.0,0.0,easypasa,6,2026-08-07T22:43:50.103254+00:00,26b9316c-4fce-4ae1-aa93-6a1365bec50d,cash
000ba158-c0b7-4b98-9ede-2b75fde92ae5,ZIC-20260807-0116,f686d4d0-3678-467e-9535-3d5f1309c328,Cashier 1,100.0,0.0,0.0,100.0,100.0,0.0,cash,5,2026-08-07T22:44:18.763782+00:00,26b9316c-4fce-4ae1-aa93-6a1365bec50d,cash
9ecb56ad-7680-4d90-a979-c9934b7a1570,ZIC-20260807-0117,f686d4d0-3678-467e-9535-3d5f1309c328,Cashier 1,30.0,0.0,0.0,30.0,30.0,0.0,cash,1,2026-08-07T22:44:39.155677+00:00,26b9316c-4fce-4ae1-aa93-6a1365bec50d,cash
fcd0f81a-c724-4b54-a7ca-acce76a1ab4f,ZIC-20260807-0118,f686d4d0-3678-467e-9535-3d5f1309c328,Cashier 1,90.0,0.0,0.0,90.0,90.0,0.0,cash,4,2026-08-07T23:53:01.269844+00:00,26b9316c-4fce-4ae1-aa93-6a1365bec50d,cash
57a88db2-2d91-416a-b21e-851e4ccd7603,ZIC-20260808-0001,f686d4d0-3678-467e-9535-3d5f1309c328,Cashier 1,160.0,0.0,0.0,160.0,160.0,0.0,easypasa,3,2026-08-08T00:10:52.297274+00:00,26b9316c-4fce-4ae1-aa93-6a1365bec50d,cash
8c5589ef-1a7f-4b49-ae43-816b2d085c3e,ZIC-20260808-0002,f686d4d0-3678-467e-9535-3d5f1309c328,Cashier 1,60.0,0.0,0.0,60.0,60.0,0.0,easypasa,3,2026-08-08T01:29:45.295762+00:00,26b9316c-4fce-4ae1-aa93-6a1365bec50d,cash
05f1cdd6-91e3-44a0-b186-965ae45d9844,ZIC-20260808-0003,f686d4d0-3678-467e-9535-3d5f1309c328,Cashier 1,50.0,0.0,0.0,50.0,50.0,0.0,cash,10,2026-08-08T01:37:20.073822+00:00,26b9316c-4fce-4ae1-aa93-6a1365bec50d,cash
dd288756-198a-4a24-894c-74d93cb663bb,ZIC-20260808-0004,f686d4d0-3678-467e-9535-3d5f1309c328,Cashier 1,250.0,0.0,0.0,250.0,250.0,0.0,cash,1,2026-08-08T01:41:30.872501+00:00,26b9316c-4fce-4ae1-aa93-6a1365bec50d,cash
16dbdf56-06ba-410a-8336-3da67fe186b2,ZIC-20260808-0005,f686d4d0-3678-467e-9535-3d5f1309c328,Cashier 1,90.0,0.0,0.0,90.0,90.0,0.0,cash,6,2026-08-08T02:13:13.075682+00:00,26b9316c-4fce-4ae1-aa93-6a1365bec50d,cash
7a45cdbc-99cb-4a70-940a-bf6a84eb00a4,ZIC-20260808-0006,f686d4d0-3678-467e-9535-3d5f1309c328,Cashier 1,100.0,0.0,0.0,100.0,100.0,0.0,cash,3,2026-08-08T02:14:20.704564+00:00,26b9316c-4fce-4ae1-aa93-6a1365bec50d,cash
2f977ea0-a5e3-45a3-ac88-4b165eb4beb2,ZIC-20260808-0007,f686d4d0-3678-467e-9535-3d5f1309c328,Cashier 1,40.0,0.0,0.0,40.0,40.0,0.0,easypasa,1,2026-08-08T02:23:56.880499+00:00,26b9316c-4fce-4ae1-aa93-6a1365bec50d,cash
1e249886-19c3-457b-86a1-101ed6a4482f,ZIC-20260808-0008,f686d4d0-3678-467e-9535-3d5f1309c328,Cashier 1,10.0,0.0,0.0,10.0,10.0,0.0,cash,1,2026-08-08T02:26:36.79285+00:00,26b9316c-4fce-4ae1-aa93-6a1365bec50d,cash
f56c7e7a-aa44-410c-baaf-883d2fc88f61,ZIC-20260808-0009,f686d4d0-3678-467e-9535-3d5f1309c328,Cashier 1,10.0,0.0,0.0,10.0,10.0,0.0,cash,1,2026-08-08T02:30:21.739756+00:00,26b9316c-4fce-4ae1-aa93-6a1365bec50d,cash
defcce66-a95b-4349-9ae5-b2ec43693615,ZIC-20260808-0010,62c5814c-09e6-4583-874d-c3660ce3283f,Asad,10.0,0.0,0.0,10.0,10.0,0.0,cash,2,2026-08-08T03:34:53.234211+00:00,40783ae4-3f9a-4289-9ff2-d6da29b39ec0,cash
7cf39623-ecdf-4e61-8721-6e1ae4ad96fb,ZIC-20260808-0011,62c5814c-09e6-4583-874d-c3660ce3283f,Asad,40.0,0.0,0.0,40.0,40.0,0.0,cash,1,2026-08-08T03:55:58.356251+00:00,40783ae4-3f9a-4289-9ff2-d6da29b39ec0,cash
8e9acb15-2bc8-4dc8-a9d0-e21d84846b04,ZIC-20260808-0012,62c5814c-09e6-4583-874d-c3660ce3283f,Asad,40.0,0.0,0.0,40.0,40.0,0.0,cash,1,2026-08-08T03:59:48.470362+00:00,40783ae4-3f9a-4289-9ff2-d6da29b39ec0,cash
b9b4cee8-1e70-429b-8286-e62397f23f9c,ZIC-20260808-0013,62c5814c-09e6-4583-874d-c3660ce3283f,Asad,60.0,0.0,0.0,60.0,60.0,0.0,cash,3,2026-08-08T04:01:42.041222+00:00,40783ae4-3f9a-4289-9ff2-d6da29b39ec0,cash
6e562360-4d68-45f8-aa2d-6ab5ac6f6214,ZIC-20260808-0014,62c5814c-09e6-4583-874d-c3660ce3283f,Asad,45.0,0.0,0.0,45.0,45.0,0.0,cash,3,2026-08-08T04:08:14.21898+00:00,40783ae4-3f9a-4289-9ff2-d6da29b39ec0,cash
045e4c80-ad82-48af-8469-b71bd1b1be88,ZIC-20260808-0015,62c5814c-09e6-4583-874d-c3660ce3283f,Asad,140.0,0.0,0.0,140.0,140.0,0.0,cash,1,2026-08-08T04:24:16.688866+00:00,40783ae4-3f9a-4289-9ff2-d6da29b39ec0,cash
347d4b67-8632-48b3-9c45-218e66ae7f3e,ZIC-20260808-0016,62c5814c-09e6-4583-874d-c3660ce3283f,Asad,15.0,0.0,0.0,15.0,15.0,0.0,cash,3,2026-08-08T04:24:56.651242+00:00,40783ae4-3f9a-4289-9ff2-d6da29b39ec0,cash
98191c88-9ab4-46e1-bc8e-f43163cbf151,ZIC-20260808-0017,62c5814c-09e6-4583-874d-c3660ce3283f,Asad,200.0,0.0,0.0,200.0,200.0,0.0,cash,1,2026-08-08T04:46:50.083806+00:00,40783ae4-3f9a-4289-9ff2-d6da29b39ec0,cash
6e1ea1bd-64b3-457e-8d8f-7e73c137b2de,ZIC-20260808-0018,62c5814c-09e6-4583-874d-c3660ce3283f,Asad,150.0,0.0,0.0,150.0,150.0,0.0,cash,18,2026-08-08T04:51:07.471519+00:00,40783ae4-3f9a-4289-9ff2-d6da29b39ec0,cash
ba2011fd-4075-4aa8-99fd-4f48db184469,ZIC-20260808-0019,62c5814c-09e6-4583-874d-c3660ce3283f,Asad,225.0,0.0,0.0,225.0,225.0,0.0,cash,1,2026-08-08T04:55:52.163791+00:00,40783ae4-3f9a-4289-9ff2-d6da29b39ec0,cash
67ebd70d-7484-4896-8760-af44ade31480,ZIC-20260808-0020,62c5814c-09e6-4583-874d-c3660ce3283f,Asad,140.0,0.0,0.0,140.0,140.0,0.0,cash,10,2026-08-08T05:09:08.747809+00:00,40783ae4-3f9a-4289-9ff2-d6da29b39ec0,cash
46a3a4b5-d269-404d-b4cf-46aa20dfe912,ZIC-20260808-0021,62c5814c-09e6-4583-874d-c3660ce3283f,Asad,40.0,0.0,0.0,40.0,40.0,0.0,cash,1,2026-08-08T05:21:56.602557+00:00,40783ae4-3f9a-4289-9ff2-d6da29b39ec0,cash
05a3a489-c586-4d3b-ba17-4fd495b652fc,ZIC-20260808-0022,62c5814c-09e6-4583-874d-c3660ce3283f,Asad,210.0,0.0,0.0,210.0,210.0,0.0,cash,1,2026-08-08T05:22:56.235531+00:00,40783ae4-3f9a-4289-9ff2-d6da29b39ec0,cash
41945121-ddc9-49be-b906-06cbe1e3ea9f,ZIC-20260808-0023,62c5814c-09e6-4583-874d-c3660ce3283f,Asad,20.0,0.0,0.0,20.0,20.0,0.0,cash,2,2026-08-08T05:26:44.841919+00:00,40783ae4-3f9a-4289-9ff2-d6da29b39ec0,cash
093ffce0-a532-495f-836d-d1c332716f49,ZIC-20260808-0024,62c5814c-09e6-4583-874d-c3660ce3283f,Asad,30.0,0.0,0.0,30.0,30.0,0.0,cash,2,2026-08-08T05:27:37.788598+00:00,40783ae4-3f9a-4289-9ff2-d6da29b39ec0,cash
26c9e93d-a9fb-4549-b4f1-17c063553166,ZIC-20260808-0025,62c5814c-09e6-4583-874d-c3660ce3283f,Asad,50.0,0.0,0.0,50.0,50.0,0.0,cash,1,2026-08-08T05:38:05.770956+00:00,40783ae4-3f9a-4289-9ff2-d6da29b39ec0,cash
95e29497-5c7f-4e3f-bd2e-4c35a4f6cc59,ZIC-20260808-0026,62c5814c-09e6-4583-874d-c3660ce3283f,Asad,60.0,0.0,0.0,60.0,60.0,0.0,cash,2,2026-08-08T05:54:20.224059+00:00,40783ae4-3f9a-4289-9ff2-d6da29b39ec0,cash
48d4ba5c-1b9e-40c4-83e2-bfb830572363,ZIC-20260808-0027,62c5814c-09e6-4583-874d-c3660ce3283f,Asad,10.0,0.0,0.0,10.0,10.0,0.0,cash,1,2026-08-08T06:06:29.66337+00:00,40783ae4-3f9a-4289-9ff2-d6da29b39ec0,cash
81f55ebf-6b84-4dcd-8344-fa278bcca20a,ZIC-20260808-0028,62c5814c-09e6-4583-874d-c3660ce3283f,Asad,260.0,0.0,10.0,250.0,250.0,0.0,cash,1,2026-08-08T06:16:32.583998+00:00,40783ae4-3f9a-4289-9ff2-d6da29b39ec0,cash
8e4d2665-bd58-4d6d-8fa8-7970d8727f7e,ZIC-20260808-0029,62c5814c-09e6-4583-874d-c3660ce3283f,Asad,90.0,0.0,0.0,90.0,90.0,0.0,cash,2,2026-08-08T06:23:14.400897+00:00,40783ae4-3f9a-4289-9ff2-d6da29b39ec0,cash
d0db7d86-75b4-4e68-8fcd-919c41d6b67c,ZIC-20260808-0030,62c5814c-09e6-4583-874d-c3660ce3283f,Asad,10.0,0.0,0.0,10.0,10.0,0.0,cash,2,2026-08-08T06:23:36.538359+00:00,40783ae4-3f9a-4289-9ff2-d6da29b39ec0,cash
87ac3d46-806c-4d19-ba3f-42528c4bc7cf,ZIC-20260808-0031,62c5814c-09e6-4583-874d-c3660ce3283f,Asad,50.0,0.0,0.0,50.0,50.0,0.0,cash,1,2026-08-08T06:24:38.977632+00:00,40783ae4-3f9a-4289-9ff2-d6da29b39ec0,cash
7bb1268f-9bc5-45a1-a6bf-44cf9a1e1a7b,ZIC-20260808-0032,62c5814c-09e6-4583-874d-c3660ce3283f,Asad,20.0,0.0,0.0,20.0,20.0,0.0,cash,1,2026-08-08T06:25:01.401494+00:00,40783ae4-3f9a-4289-9ff2-d6da29b39ec0,cash
2839d731-7ef6-491b-aba7-b8ea1a0fa259,ZIC-20260808-0033,62c5814c-09e6-4583-874d-c3660ce3283f,Asad,70.0,0.0,0.0,70.0,70.0,0.0,cash,2,2026-08-08T06:32:52.257789+00:00,40783ae4-3f9a-4289-9ff2-d6da29b39ec0,cash
916fcd03-8b64-4d54-813d-76d4e6936f4d,ZIC-20260808-0034,62c5814c-09e6-4583-874d-c3660ce3283f,Asad,20.0,0.0,0.0,20.0,20.0,0.0,cash,1,2026-08-08T06:33:06.580617+00:00,40783ae4-3f9a-4289-9ff2-d6da29b39ec0,cash
1780a021-50f2-4446-9c2a-7939cb8e0449,ZIC-20260808-0035,62c5814c-09e6-4583-874d-c3660ce3283f,Asad,50.0,0.0,0.0,50.0,50.0,0.0,cash,1,2026-08-08T07:04:34.173783+00:00,40783ae4-3f9a-4289-9ff2-d6da29b39ec0,cash
cecb9f2e-f21b-4b95-b975-bdd5930a64f6,ZIC-20260808-0036,62c5814c-09e6-4583-874d-c3660ce3283f,Asad,95.0,0.0,0.0,95.0,95.0,0.0,cash,4,2026-08-08T07:09:33.487729+00:00,40783ae4-3f9a-4289-9ff2-d6da29b39ec0,cash
840eb8ee-863a-4a24-b76d-17ec0295d002,ZIC-20260808-0037,62c5814c-09e6-4583-874d-c3660ce3283f,Asad,20.0,0.0,0.0,20.0,20.0,0.0,cash,1,2026-08-08T07:22:40.41466+00:00,40783ae4-3f9a-4289-9ff2-d6da29b39ec0,cash
675b6e2d-667b-41b9-9006-6eec7f38730b,ZIC-20260808-0038,62c5814c-09e6-4583-874d-c3660ce3283f,Asad,30.0,0.0,0.0,30.0,30.0,0.0,cash,2,2026-08-08T07:25:36.113415+00:00,40783ae4-3f9a-4289-9ff2-d6da29b39ec0,cash
e290540b-7310-4e32-9423-42a1ece7afb0,ZIC-20260808-0039,62c5814c-09e6-4583-874d-c3660ce3283f,Asad,650.0,0.0,50.0,600.0,600.0,0.0,cash,1,2026-08-08T07:30:13.489497+00:00,40783ae4-3f9a-4289-9ff2-d6da29b39ec0,cash
844154f6-751d-49c6-93dc-19d02c9de052,ZIC-20260808-0040,62c5814c-09e6-4583-874d-c3660ce3283f,Asad,50.0,0.0,0.0,50.0,50.0,0.0,cash,6,2026-08-08T07:31:14.901741+00:00,40783ae4-3f9a-4289-9ff2-d6da29b39ec0,cash
b49da84b-26b3-4f79-864d-a0d0e6bbac9e,ZIC-20260808-0041,62c5814c-09e6-4583-874d-c3660ce3283f,Asad,190.0,0.0,10.0,180.0,180.0,0.0,cash,2,2026-08-08T07:37:27.091132+00:00,40783ae4-3f9a-4289-9ff2-d6da29b39ec0,cash
9a4b4234-2cdb-4c26-b67b-196ce0868be2,ZIC-20260808-0042,62c5814c-09e6-4583-874d-c3660ce3283f,Asad,70.0,0.0,0.0,70.0,70.0,0.0,cash,1,2026-08-08T07:40:43.037394+00:00,40783ae4-3f9a-4289-9ff2-d6da29b39ec0,cash
53e041fa-3f3f-4659-8db0-8086e35888f4,ZIC-20260808-0043,62c5814c-09e6-4583-874d-c3660ce3283f,Asad,10.0,0.0,0.0,10.0,10.0,0.0,cash,2,2026-08-08T07:41:09.055947+00:00,40783ae4-3f9a-4289-9ff2-d6da29b39ec0,cash
9fb07c97-5465-4b8f-9afe-0ae0db9f16fd,ZIC-20260808-0044,62c5814c-09e6-4583-874d-c3660ce3283f,Asad,690.0,0.0,0.0,690.0,690.0,0.0,cash,8,2026-08-08T07:59:33.993864+00:00,40783ae4-3f9a-4289-9ff2-d6da29b39ec0,cash
efac2f0f-9e5e-453b-8831-45da8f9e1714,ZIC-20260808-0045,62c5814c-09e6-4583-874d-c3660ce3283f,Asad,300.0,0.0,0.0,300.0,300.0,0.0,cash,9,2026-08-08T08:16:11.595055+00:00,40783ae4-3f9a-4289-9ff2-d6da29b39ec0,cash
20d3cbaa-e66b-4146-904f-81dc60cf26a3,ZIC-20260808-0046,62c5814c-09e6-4583-874d-c3660ce3283f,Asad,30.0,0.0,0.0,30.0,30.0,0.0,cash,2,2026-08-08T08:24:23.942443+00:00,40783ae4-3f9a-4289-9ff2-d6da29b39ec0,cash
3855bd33-662c-4dbb-96d0-c0b30fad8506,ZIC-20260808-0047,62c5814c-09e6-4583-874d-c3660ce3283f,Asad,250.0,0.0,0.0,250.0,250.0,0.0,cash,20,2026-08-08T08:38:02.550692+00:00,40783ae4-3f9a-4289-9ff2-d6da29b39ec0,cash
436ee577-8dd6-4996-9569-c9fc0a2670a5,ZIC-20260808-0048,62c5814c-09e6-4583-874d-c3660ce3283f,Asad,60.0,0.0,0.0,60.0,60.0,0.0,cash,1,2026-08-08T08:41:59.752023+00:00,40783ae4-3f9a-4289-9ff2-d6da29b39ec0,cash
a99f70a6-fb1a-4eae-9c53-330d7bf5ba4d,ZIC-20260808-0049,62c5814c-09e6-4583-874d-c3660ce3283f,Asad,280.0,0.0,0.0,280.0,280.0,0.0,cash,10,2026-08-08T08:43:21.451578+00:00,40783ae4-3f9a-4289-9ff2-d6da29b39ec0,cash
498ae7ee-1449-4bba-8c0e-5b3ab7be8701,ZIC-20260808-0050,62c5814c-09e6-4583-874d-c3660ce3283f,Asad,100.0,0.0,0.0,100.0,100.0,0.0,cash,2,2026-08-08T08:44:51.369506+00:00,40783ae4-3f9a-4289-9ff2-d6da29b39ec0,cash
b20747ae-bb10-465e-9e7b-a419e4803570,ZIC-20260808-0051,62c5814c-09e6-4583-874d-c3660ce3283f,Asad,770.0,0.0,0.0,770.0,770.0,0.0,cash,34,2026-08-08T08:55:24.395024+00:00,40783ae4-3f9a-4289-9ff2-d6da29b39ec0,cash
6f44fc1d-227e-4eef-ad96-0dfcefdcd588,ZIC-20260808-0052,62c5814c-09e6-4583-874d-c3660ce3283f,Asad,30.0,0.0,0.0,30.0,30.0,0.0,cash,1,2026-08-08T08:58:23.956452+00:00,40783ae4-3f9a-4289-9ff2-d6da29b39ec0,cash
6b111bf2-a192-4f9e-8f0a-4ea45648993d,ZIC-20260808-0053,62c5814c-09e6-4583-874d-c3660ce3283f,Asad,10.0,0.0,0.0,10.0,10.0,0.0,cash,1,2026-08-08T08:59:37.628669+00:00,40783ae4-3f9a-4289-9ff2-d6da29b39ec0,cash
a0e19d3d-06ea-452d-bab4-62ff1cda6040,ZIC-20260808-0054,62c5814c-09e6-4583-874d-c3660ce3283f,Asad,30.0,0.0,0.0,30.0,30.0,0.0,cash,3,2026-08-08T09:00:22.568776+00:00,40783ae4-3f9a-4289-9ff2-d6da29b39ec0,cash
d474c52d-660b-4478-b38a-b72ec2366b7a,ZIC-20260808-0055,62c5814c-09e6-4583-874d-c3660ce3283f,Asad,170.0,0.0,0.0,170.0,170.0,0.0,cash,2,2026-08-08T09:03:17.151256+00:00,40783ae4-3f9a-4289-9ff2-d6da29b39ec0,cash
6edeb3ea-4a0a-4159-bc75-f8466756d023,ZIC-20260808-0056,62c5814c-09e6-4583-874d-c3660ce3283f,Asad,100.0,0.0,0.0,100.0,100.0,0.0,cash,20,2026-08-08T09:12:53.493973+00:00,40783ae4-3f9a-4289-9ff2-d6da29b39ec0,cash
b049b45c-e34a-409b-9884-6d0088022b60,ZIC-20260808-0057,62c5814c-09e6-4583-874d-c3660ce3283f,Asad,150.0,0.0,0.0,150.0,150.0,0.0,cash,5,2026-08-08T09:16:10.132254+00:00,40783ae4-3f9a-4289-9ff2-d6da29b39ec0,cash
ae43557d-9416-43da-b85e-bd077bf1bb0c,ZIC-20260808-0058,62c5814c-09e6-4583-874d-c3660ce3283f,Asad,145.0,0.0,0.0,145.0,145.0,0.0,cash,5,2026-08-08T09:18:26.786872+00:00,40783ae4-3f9a-4289-9ff2-d6da29b39ec0,cash
d278611f-cec0-4464-abeb-57326e700def,ZIC-20260808-0059,62c5814c-09e6-4583-874d-c3660ce3283f,Asad,250.0,0.0,0.0,250.0,250.0,0.0,cash,1,2026-08-08T09:28:49.702417+00:00,40783ae4-3f9a-4289-9ff2-d6da29b39ec0,cash
aa7e26af-8389-455d-b397-648d72cd5345,ZIC-20260808-0060,62c5814c-09e6-4583-874d-c3660ce3283f,Asad,30.0,0.0,0.0,30.0,30.0,0.0,cash,1,2026-08-08T09:32:30.979463+00:00,40783ae4-3f9a-4289-9ff2-d6da29b39ec0,cash
c65878bd-36a4-4b9c-a4da-edbff936fef4,ZIC-20260808-0061,62c5814c-09e6-4583-874d-c3660ce3283f,Asad,140.0,0.0,0.0,140.0,140.0,0.0,cash,1,2026-08-08T09:45:08.559+00:00,40783ae4-3f9a-4289-9ff2-d6da29b39ec0,cash
672a1099-0298-4a9d-ad12-66d040ac9170,ZIC-20260808-0062,62c5814c-09e6-4583-874d-c3660ce3283f,Asad,450.0,0.0,50.0,400.0,400.0,0.0,cash,1,2026-08-08T09:47:56.720023+00:00,40783ae4-3f9a-4289-9ff2-d6da29b39ec0,cash
e87aba93-cce9-458c-b487-23a1887f60ff,ZIC-20260808-0063,62c5814c-09e6-4583-874d-c3660ce3283f,Asad,70.0,0.0,0.0,70.0,70.0,0.0,cash,1,2026-08-08T09:49:20.622094+00:00,40783ae4-3f9a-4289-9ff2-d6da29b39ec0,cash
2525fc27-4440-4ee7-a402-bf5431ed1a10,ZIC-20260808-0064,62c5814c-09e6-4583-874d-c3660ce3283f,Asad,40.0,0.0,0.0,40.0,40.0,0.0,cash,2,2026-08-08T09:50:13.063304+00:00,40783ae4-3f9a-4289-9ff2-d6da29b39ec0,cash
d8304ca7-7fee-4079-a7eb-ed74ff71db2b,ZIC-20260808-0065,62c5814c-09e6-4583-874d-c3660ce3283f,Asad,140.0,0.0,0.0,140.0,140.0,0.0,cash,1,2026-08-08T10:21:13.346479+00:00,40783ae4-3f9a-4289-9ff2-d6da29b39ec0,cash
e4557a9f-61ac-4b6c-aebb-34134ebfdc42,ZIC-20260808-0066,62c5814c-09e6-4583-874d-c3660ce3283f,Asad,140.0,0.0,0.0,140.0,140.0,0.0,cash,1,2026-08-08T10:23:09.442196+00:00,40783ae4-3f9a-4289-9ff2-d6da29b39ec0,cash
5258e321-72a6-4d10-ad3b-6f1a2a07fc90,ZIC-20260808-0067,62c5814c-09e6-4583-874d-c3660ce3283f,Asad,230.0,0.0,10.0,220.0,220.0,0.0,cash,5,2026-08-08T10:26:36.679157+00:00,40783ae4-3f9a-4289-9ff2-d6da29b39ec0,cash
5197ba51-02f2-49fd-9f62-34b4dbca9e5a,ZIC-20260808-0068,62c5814c-09e6-4583-874d-c3660ce3283f,Asad,420.0,0.0,0.0,420.0,420.0,0.0,cash,5,2026-08-08T10:40:57.930382+00:00,40783ae4-3f9a-4289-9ff2-d6da29b39ec0,cash
231dea5a-07af-4ee1-87d4-82c1aa56bb44,ZIC-20260808-0069,62c5814c-09e6-4583-874d-c3660ce3283f,Asad,120.0,0.0,20.0,100.0,100.0,0.0,cash,1,2026-08-08T10:44:49.594232+00:00,40783ae4-3f9a-4289-9ff2-d6da29b39ec0,cash
bf2fc95f-d6b8-4792-90ea-23156386313e,ZIC-20260808-0070,62c5814c-09e6-4583-874d-c3660ce3283f,Asad,690.0,0.0,40.0,650.0,650.0,0.0,cash,4,2026-08-08T10:57:58.681504+00:00,40783ae4-3f9a-4289-9ff2-d6da29b39ec0,cash
5644e839-8b06-4ea4-9feb-3b2b43f210b9,ZIC-20260808-0071,62c5814c-09e6-4583-874d-c3660ce3283f,Asad,30.0,0.0,0.0,30.0,30.0,0.0,cash,6,2026-08-08T11:06:06.674224+00:00,40783ae4-3f9a-4289-9ff2-d6da29b39ec0,cash
6c2dc106-5521-4665-a0c0-b066920b65f2,ZIC-20260808-0072,62c5814c-09e6-4583-874d-c3660ce3283f,Asad,225.0,0.0,0.0,225.0,225.0,0.0,cash,1,2026-08-08T11:07:02.934531+00:00,40783ae4-3f9a-4289-9ff2-d6da29b39ec0,cash
5e4825b0-25e3-4f79-92d4-52e3b0840653,ZIC-20260808-0073,62c5814c-09e6-4583-874d-c3660ce3283f,Asad,510.0,0.0,0.0,510.0,510.0,0.0,cash,6,2026-08-08T11:11:40.359903+00:00,40783ae4-3f9a-4289-9ff2-d6da29b39ec0,cash
ccfbe826-2f54-4eb6-af49-d55a4fdc622e,ZIC-20260808-0074,62c5814c-09e6-4583-874d-c3660ce3283f,Asad,280.0,0.0,0.0,280.0,280.0,0.0,cash,2,2026-08-08T11:14:05.347863+00:00,40783ae4-3f9a-4289-9ff2-d6da29b39ec0,cash
27e81b37-60ae-44fa-9450-679fed71913e,ZIC-20260808-0075,62c5814c-09e6-4583-874d-c3660ce3283f,Asad,120.0,0.0,0.0,120.0,120.0,0.0,cash,1,2026-08-08T11:16:00.362542+00:00,40783ae4-3f9a-4289-9ff2-d6da29b39ec0,cash
a7ab5b28-98d5-480b-a7f0-dfaa42411eac,ZIC-20260808-0076,62c5814c-09e6-4583-874d-c3660ce3283f,Asad,100.0,0.0,0.0,100.0,100.0,0.0,cash,1,2026-08-08T11:22:03.317059+00:00,40783ae4-3f9a-4289-9ff2-d6da29b39ec0,cash
2cd6404f-ad48-48e1-a24f-fada5f807db3,ZIC-20260808-0077,62c5814c-09e6-4583-874d-c3660ce3283f,Asad,30.0,0.0,0.0,30.0,30.0,0.0,cash,1,2026-08-08T11:30:31.555127+00:00,40783ae4-3f9a-4289-9ff2-d6da29b39ec0,cash
87dbdb4e-6ca0-4407-a6bd-7522edfd1683,ZIC-20260808-0078,62c5814c-09e6-4583-874d-c3660ce3283f,Asad,90.0,0.0,0.0,90.0,90.0,0.0,cash,3,2026-08-08T11:32:07.00598+00:00,40783ae4-3f9a-4289-9ff2-d6da29b39ec0,cash
db5c4c14-3dc2-4e6a-b2c1-7fcb1b1b0774,ZIC-20260808-0079,62c5814c-09e6-4583-874d-c3660ce3283f,Asad,300.0,0.0,0.0,300.0,300.0,0.0,cash,21,2026-08-08T11:34:09.205251+00:00,40783ae4-3f9a-4289-9ff2-d6da29b39ec0,cash
643e3c0a-5c95-4028-a8ae-8f6b8667fdf2,ZIC-20260808-0080,62c5814c-09e6-4583-874d-c3660ce3283f,Asad,60.0,0.0,0.0,60.0,60.0,0.0,cash,1,2026-08-08T11:37:40.458728+00:00,40783ae4-3f9a-4289-9ff2-d6da29b39ec0,cash
965055cb-25e3-49a3-ba5b-292cde695f4b,ZIC-20260808-0081,62c5814c-09e6-4583-874d-c3660ce3283f,Asad,500.0,0.0,0.0,500.0,500.0,0.0,cash,3,2026-08-08T11:41:26.588351+00:00,40783ae4-3f9a-4289-9ff2-d6da29b39ec0,cash
9bc0618c-54c8-44cb-a2a0-c4a6cc28cdcc,ZIC-20260808-0082,62c5814c-09e6-4583-874d-c3660ce3283f,Asad,50.0,0.0,0.0,50.0,50.0,0.0,cash,5,2026-08-08T11:46:12.02345+00:00,40783ae4-3f9a-4289-9ff2-d6da29b39ec0,cash
c79df95c-62f7-47b4-af88-25e20341b369,ZIC-20260808-0083,62c5814c-09e6-4583-874d-c3660ce3283f,Asad,500.0,0.0,0.0,500.0,500.0,0.0,cash,20,2026-08-08T11:46:28.581367+00:00,40783ae4-3f9a-4289-9ff2-d6da29b39ec0,cash
cbbeba87-e390-4228-8e03-0bae7afa0476,ZIC-20260808-0084,62c5814c-09e6-4583-874d-c3660ce3283f,Asad,100.0,0.0,0.0,100.0,100.0,0.0,cash,2,2026-08-08T11:47:00.777322+00:00,40783ae4-3f9a-4289-9ff2-d6da29b39ec0,cash
f4d825f3-1e5e-4af6-a74a-4f94281b7df6,ZIC-20260808-0085,62c5814c-09e6-4583-874d-c3660ce3283f,Asad,10.0,0.0,0.0,10.0,10.0,0.0,cash,2,2026-08-08T11:49:47.755369+00:00,40783ae4-3f9a-4289-9ff2-d6da29b39ec0,cash
694ffc36-9953-47cf-b305-29183ce4a78e,ZIC-20260808-0086,62c5814c-09e6-4583-874d-c3660ce3283f,Asad,175.0,0.0,0.0,175.0,175.0,0.0,easypasa,7,2026-08-08T11:51:16.014092+00:00,40783ae4-3f9a-4289-9ff2-d6da29b39ec0,cash
2f2f2f9e-0595-4959-a873-07e8e2b8cf73,ZIC-20260808-0087,62c5814c-09e6-4583-874d-c3660ce3283f,Asad,20.0,0.0,0.0,20.0,20.0,0.0,cash,1,2026-08-08T11:52:01.368083+00:00,40783ae4-3f9a-4289-9ff2-d6da29b39ec0,cash
99b612af-ddb4-4091-999b-09fc8e8c4408,ZIC-20260808-0088,62c5814c-09e6-4583-874d-c3660ce3283f,Asad,180.0,0.0,0.0,180.0,180.0,0.0,cash,1,2026-08-08T11:55:24.041007+00:00,40783ae4-3f9a-4289-9ff2-d6da29b39ec0,cash
d5cb07b8-6210-48a7-a621-3f7cc04598c9,ZIC-20260808-0089,62c5814c-09e6-4583-874d-c3660ce3283f,Asad,930.0,0.0,0.0,930.0,930.0,0.0,cash,15,2026-08-08T11:59:51.685101+00:00,40783ae4-3f9a-4289-9ff2-d6da29b39ec0,cash
c067bf09-a295-447f-8b53-df77d2f03b51,ZIC-20260808-0090,62c5814c-09e6-4583-874d-c3660ce3283f,Asad,80.0,0.0,0.0,80.0,80.0,0.0,cash,1,2026-08-08T12:05:53.105258+00:00,40783ae4-3f9a-4289-9ff2-d6da29b39ec0,cash
a036145a-e5af-4faa-b5ec-0e7f6d7da301,ZIC-20260808-0091,62c5814c-09e6-4583-874d-c3660ce3283f,Asad,550.0,0.0,0.0,550.0,550.0,0.0,cash,6,2026-08-08T12:14:23.062684+00:00,40783ae4-3f9a-4289-9ff2-d6da29b39ec0,cash
e1c710a1-e933-45f8-a1ea-cd126dfae8dc,ZIC-20260808-0092,62c5814c-09e6-4583-874d-c3660ce3283f,Asad,130.0,0.0,0.0,130.0,130.0,0.0,cash,2,2026-08-08T12:24:42.888477+00:00,40783ae4-3f9a-4289-9ff2-d6da29b39ec0,cash
d1d82c81-5365-4d1b-af6d-46e78eb40dbc,ZIC-20260808-0093,62c5814c-09e6-4583-874d-c3660ce3283f,Asad,150.0,0.0,0.0,150.0,150.0,0.0,cash,3,2026-08-08T12:25:27.895771+00:00,40783ae4-3f9a-4289-9ff2-d6da29b39ec0,cash
37232a9f-15ec-4ae8-9ec4-1474f938ad09,ZIC-20260808-0094,62c5814c-09e6-4583-874d-c3660ce3283f,Asad,40.0,0.0,0.0,40.0,40.0,0.0,cash,3,2026-08-08T12:27:01.373538+00:00,40783ae4-3f9a-4289-9ff2-d6da29b39ec0,cash
52110ffc-3777-42ae-8021-b4ddc7767ff8,ZIC-20260808-0095,62c5814c-09e6-4583-874d-c3660ce3283f,Asad,150.0,0.0,0.0,150.0,150.0,0.0,cash,2,2026-08-08T12:30:38.637801+00:00,40783ae4-3f9a-4289-9ff2-d6da29b39ec0,cash
238f484c-afb0-447c-bc7c-ae842248d8c6,ZIC-20260808-0096,62c5814c-09e6-4583-874d-c3660ce3283f,Asad,95.0,0.0,0.0,95.0,95.0,0.0,cash,4,2026-08-08T12:32:43.090789+00:00,40783ae4-3f9a-4289-9ff2-d6da29b39ec0,cash
c45d5ee4-cd6f-4252-a4fd-c81e1f904363,ZIC-20260808-0097,62c5814c-09e6-4583-874d-c3660ce3283f,Asad,910.0,0.0,0.0,910.0,910.0,0.0,cash,13,2026-08-08T12:37:44.199627+00:00,40783ae4-3f9a-4289-9ff2-d6da29b39ec0,cash
f4e72320-b5e8-4c42-9c75-c85844223363,ZIC-20260808-0098,62c5814c-09e6-4583-874d-c3660ce3283f,Asad,30.0,0.0,0.0,30.0,30.0,0.0,cash,1,2026-08-08T12:38:18.151066+00:00,40783ae4-3f9a-4289-9ff2-d6da29b39ec0,cash
3dc02a3b-a3c4-474e-b38b-d8293f1d4b09,ZIC-20260808-0099,62c5814c-09e6-4583-874d-c3660ce3283f,Asad,180.0,0.0,0.0,180.0,180.0,0.0,cash,3,2026-08-08T12:40:27.170721+00:00,40783ae4-3f9a-4289-9ff2-d6da29b39ec0,cash
cdf15d27-ce37-441e-af50-58cf1e487ea6,ZIC-20260808-0100,62c5814c-09e6-4583-874d-c3660ce3283f,Asad,40.0,0.0,0.0,40.0,40.0,0.0,cash,3,2026-08-08T12:50:20.127474+00:00,40783ae4-3f9a-4289-9ff2-d6da29b39ec0,cash
100c8032-e67d-4c90-9879-1fb8109b209e,ZIC-20260808-0101,62c5814c-09e6-4583-874d-c3660ce3283f,Asad,600.0,0.0,0.0,600.0,600.0,0.0,cash,7,2026-08-08T12:54:44.892631+00:00,40783ae4-3f9a-4289-9ff2-d6da29b39ec0,cash
fec067e1-211c-4f20-b7d3-f326ec7ec91d,ZIC-20260808-0102,62c5814c-09e6-4583-874d-c3660ce3283f,Asad,45.0,0.0,0.0,45.0,45.0,0.0,cash,3,2026-08-08T12:55:25.64695+00:00,40783ae4-3f9a-4289-9ff2-d6da29b39ec0,cash
ffe5807d-ccf0-41fe-b926-fc7725fd2595,ZIC-20260808-0103,62c5814c-09e6-4583-874d-c3660ce3283f,Asad,50.0,0.0,0.0,50.0,50.0,0.0,cash,1,2026-08-08T13:04:38.183558+00:00,40783ae4-3f9a-4289-9ff2-d6da29b39ec0,cash
a077291f-53b4-471f-9559-126687782c8c,ZIC-20260808-0104,62c5814c-09e6-4583-874d-c3660ce3283f,Asad,20.0,0.0,0.0,20.0,20.0,0.0,cash,2,2026-08-08T13:05:13.530934+00:00,40783ae4-3f9a-4289-9ff2-d6da29b39ec0,cash
0b5b1946-5d1f-45c4-9461-c9f084746159,ZIC-20260808-0105,62c5814c-09e6-4583-874d-c3660ce3283f,Asad,30.0,0.0,0.0,30.0,30.0,0.0,cash,1,2026-08-08T13:06:04.605213+00:00,40783ae4-3f9a-4289-9ff2-d6da29b39ec0,cash
cdbd9207-5317-4559-b01c-33d4597866a9,ZIC-20260808-0106,62c5814c-09e6-4583-874d-c3660ce3283f,Asad,50.0,0.0,0.0,50.0,50.0,0.0,cash,2,2026-08-08T13:19:39.201926+00:00,40783ae4-3f9a-4289-9ff2-d6da29b39ec0,cash
0bd285a3-7a80-4b89-ac44-28c942e2544f,ZIC-20260808-0107,62c5814c-09e6-4583-874d-c3660ce3283f,Asad,140.0,0.0,0.0,140.0,140.0,0.0,cash,2,2026-08-08T13:29:34.112275+00:00,40783ae4-3f9a-4289-9ff2-d6da29b39ec0,cash
b06d3643-6224-4596-98d3-86da690b3dc4,ZIC-20260808-0108,62c5814c-09e6-4583-874d-c3660ce3283f,Asad,100.0,0.0,0.0,100.0,100.0,0.0,cash,4,2026-08-08T13:34:02.067815+00:00,40783ae4-3f9a-4289-9ff2-d6da29b39ec0,cash
c6d9df95-0820-4b90-b2eb-df70da385143,ZIC-20260808-0109,62c5814c-09e6-4583-874d-c3660ce3283f,Asad,70.0,0.0,0.0,70.0,70.0,0.0,cash,1,2026-08-08T13:34:16.291104+00:00,40783ae4-3f9a-4289-9ff2-d6da29b39ec0,cash
f5697850-9a2a-4add-9aec-147c97b24067,ZIC-20260808-0110,62c5814c-09e6-4583-874d-c3660ce3283f,Asad,20.0,0.0,0.0,20.0,20.0,0.0,cash,4,2026-08-08T13:38:16.275732+00:00,40783ae4-3f9a-4289-9ff2-d6da29b39ec0,cash
29315bc6-9bdc-4cd0-912c-5eead52e7c52,ZIC-20260808-0111,62c5814c-09e6-4583-874d-c3660ce3283f,Asad,40.0,0.0,0.0,40.0,40.0,0.0,cash,1,2026-08-08T13:39:42.474743+00:00,40783ae4-3f9a-4289-9ff2-d6da29b39ec0,cash
5a32cb75-a8c2-451b-a3f0-722711577b43,ZIC-20260808-0112,62c5814c-09e6-4583-874d-c3660ce3283f,Asad,20.0,0.0,0.0,20.0,20.0,0.0,cash,4,2026-08-08T13:40:03.026862+00:00,40783ae4-3f9a-4289-9ff2-d6da29b39ec0,cash
a136c884-6f1d-459c-a551-8320f4b6e5d9,ZIC-20260808-0113,62c5814c-09e6-4583-874d-c3660ce3283f,Asad,50.0,0.0,0.0,50.0,50.0,0.0,cash,4,2026-08-08T14:06:50.541192+00:00,40783ae4-3f9a-4289-9ff2-d6da29b39ec0,cash
21be3253-a8dd-4ca5-91f0-1994f9d00c04,ZIC-20260808-0114,62c5814c-09e6-4583-874d-c3660ce3283f,Asad,340.0,0.0,0.0,340.0,340.0,0.0,cash,5,2026-08-08T14:08:35.890847+00:00,40783ae4-3f9a-4289-9ff2-d6da29b39ec0,cash
b0910f9e-21fb-4c95-bdc2-9e35ce4642ae,ZIC-20260808-0115,62c5814c-09e6-4583-874d-c3660ce3283f,Asad,1450.0,0.0,0.0,1450.0,1450.0,0.0,cash,41,2026-08-08T14:20:54.627928+00:00,40783ae4-3f9a-4289-9ff2-d6da29b39ec0,cash
686b89c5-06eb-43bf-85ec-075ed66b2009,ZIC-20260808-0116,62c5814c-09e6-4583-874d-c3660ce3283f,Asad,50.0,0.0,0.0,50.0,50.0,0.0,cash,4,2026-08-08T14:28:02.731237+00:00,40783ae4-3f9a-4289-9ff2-d6da29b39ec0,cash
6ede3a50-51cb-4844-944d-47cb226cd08f,ZIC-20260808-0117,62c5814c-09e6-4583-874d-c3660ce3283f,Asad,250.0,0.0,0.0,250.0,250.0,0.0,cash,6,2026-08-08T14:31:58.978513+00:00,40783ae4-3f9a-4289-9ff2-d6da29b39ec0,cash
0ec73d01-ed4c-49ce-b0e2-e4267a79924a,ZIC-20260808-0118,62c5814c-09e6-4583-874d-c3660ce3283f,Asad,300.0,0.0,0.0,300.0,300.0,0.0,cash,1,2026-08-08T14:32:23.619238+00:00,40783ae4-3f9a-4289-9ff2-d6da29b39ec0,cash
d403581c-9c76-4d2d-9abb-92797154c06c,ZIC-20260808-0119,62c5814c-09e6-4583-874d-c3660ce3283f,Asad,250.0,0.0,0.0,250.0,250.0,0.0,cash,5,2026-08-08T14:33:25.838719+00:00,40783ae4-3f9a-4289-9ff2-d6da29b39ec0,cash
11d6e5a5-9b07-49ba-a748-9ee8850ce1f2,ZIC-20260808-0120,62c5814c-09e6-4583-874d-c3660ce3283f,Asad,140.0,0.0,0.0,140.0,140.0,0.0,cash,10,2026-08-08T14:41:30.109638+00:00,40783ae4-3f9a-4289-9ff2-d6da29b39ec0,cash
e4e257a2-0fcd-4105-b46e-2c40f425bf8c,ZIC-20260808-0121,62c5814c-09e6-4583-874d-c3660ce3283f,Asad,450.0,0.0,0.0,450.0,450.0,0.0,cash,7,2026-08-08T14:44:20.459123+00:00,40783ae4-3f9a-4289-9ff2-d6da29b39ec0,cash
17ec6de9-d8d9-49de-afad-1c8c4ab8cf1a,ZIC-20260808-0122,62c5814c-09e6-4583-874d-c3660ce3283f,Asad,20.0,0.0,0.0,20.0,20.0,0.0,cash,2,2026-08-08T14:47:24.742308+00:00,40783ae4-3f9a-4289-9ff2-d6da29b39ec0,cash
96e0a852-69e9-44ef-bec4-8751e0cac1a4,ZIC-20260808-0123,62c5814c-09e6-4583-874d-c3660ce3283f,Asad,140.0,0.0,0.0,140.0,140.0,0.0,cash,3,2026-08-08T14:53:23.771157+00:00,40783ae4-3f9a-4289-9ff2-d6da29b39ec0,cash
5c683433-8f4d-4dd7-8db7-ad6ec4d06799,ZIC-20260808-0124,62c5814c-09e6-4583-874d-c3660ce3283f,Asad,90.0,0.0,0.0,90.0,90.0,0.0,cash,2,2026-08-08T14:57:35.431656+00:00,40783ae4-3f9a-4289-9ff2-d6da29b39ec0,cash
ac591cef-11dd-4352-9bd9-eec41413d200,ZIC-20260808-0125,62c5814c-09e6-4583-874d-c3660ce3283f,Asad,150.0,0.0,0.0,150.0,150.0,0.0,cash,3,2026-08-08T15:14:40.864925+00:00,40783ae4-3f9a-4289-9ff2-d6da29b39ec0,cash
8a88e39c-d19f-4da0-90ba-ba46ee62181a,ZIC-20260808-0126,62c5814c-09e6-4583-874d-c3660ce3283f,Asad,530.0,0.0,0.0,530.0,530.0,0.0,cash,4,2026-08-08T15:18:35.300576+00:00,40783ae4-3f9a-4289-9ff2-d6da29b39ec0,cash
16c06d3e-42c9-4b1d-a3c7-5ca0b05697df,ZIC-20260808-0127,62c5814c-09e6-4583-874d-c3660ce3283f,Asad,230.0,0.0,0.0,230.0,230.0,0.0,cash,3,2026-08-08T15:19:16.937279+00:00,40783ae4-3f9a-4289-9ff2-d6da29b39ec0,cash
bbda42e8-8edf-48e0-bf86-5f529ba69d82,ZIC-20260808-0128,62c5814c-09e6-4583-874d-c3660ce3283f,Asad,50.0,0.0,0.0,50.0,50.0,0.0,cash,1,2026-08-08T15:21:21.432147+00:00,40783ae4-3f9a-4289-9ff2-d6da29b39ec0,cash
078d8720-3d86-4dd7-a99b-99db8adc00e4,ZIC-20260808-0129,f686d4d0-3678-467e-9535-3d5f1309c328,Cashier 1,50.0,0.0,0.0,50.0,50.0,0.0,cash,5,2026-08-08T15:34:01.526637+00:00,4571c8fa-6ccb-4c5b-9dc9-fd105c7109b5,cash
5deef240-e524-4bb8-9054-3a6dc1bd4d1a,ZIC-20260808-0130,f686d4d0-3678-467e-9535-3d5f1309c328,Cashier 1,40.0,0.0,0.0,40.0,40.0,0.0,cash,2,2026-08-08T15:35:30.228638+00:00,4571c8fa-6ccb-4c5b-9dc9-fd105c7109b5,cash
4cd04e50-611a-41d5-baeb-2d7fbf50bae3,ZIC-20260808-0131,f686d4d0-3678-467e-9535-3d5f1309c328,Cashier 1,50.0,0.0,0.0,50.0,50.0,0.0,cash,4,2026-08-08T15:40:20.160008+00:00,4571c8fa-6ccb-4c5b-9dc9-fd105c7109b5,cash
8635e81b-52c8-403b-8245-39f500427224,ZIC-20260808-0132,f686d4d0-3678-467e-9535-3d5f1309c328,Cashier 1,1245.0,0.0,242.0,1003.0,1003.0,0.0,cash,35,2026-08-08T15:59:42.477557+00:00,4571c8fa-6ccb-4c5b-9dc9-fd105c7109b5,cash
e172806f-9c1c-4611-8d5b-90367f72eb71,ZIC-20260808-0133,f686d4d0-3678-467e-9535-3d5f1309c328,Cashier 1,290.0,0.0,0.0,290.0,290.0,0.0,cash,4,2026-08-08T16:05:49.120665+00:00,4571c8fa-6ccb-4c5b-9dc9-fd105c7109b5,cash
b4e0e849-bcc7-43d9-8417-b89e3a93820c,ZIC-20260808-0134,f686d4d0-3678-467e-9535-3d5f1309c328,Cashier 1,60.0,0.0,0.0,60.0,60.0,0.0,cash,1,2026-08-08T16:14:15.873535+00:00,4571c8fa-6ccb-4c5b-9dc9-fd105c7109b5,cash
4e7d733e-e08c-4cf7-b928-0a325f14d0cb,ZIC-20260808-0135,f686d4d0-3678-467e-9535-3d5f1309c328,Cashier 1,270.0,0.0,0.0,270.0,270.0,0.0,cash,7,2026-08-08T16:20:34.621311+00:00,4571c8fa-6ccb-4c5b-9dc9-fd105c7109b5,cash
42bd2dc8-cf51-4e72-b8ee-d459a03fa792,ZIC-20260808-0136,f686d4d0-3678-467e-9535-3d5f1309c328,Cashier 1,80.0,0.0,0.0,80.0,80.0,0.0,cash,2,2026-08-08T16:31:44.765442+00:00,4571c8fa-6ccb-4c5b-9dc9-fd105c7109b5,cash
5993e869-b336-4176-8761-3ed89eb2f82b,ZIC-20260808-0137,f686d4d0-3678-467e-9535-3d5f1309c328,Cashier 1,50.0,0.0,0.0,50.0,50.0,0.0,cash,5,2026-08-08T16:32:10.041541+00:00,4571c8fa-6ccb-4c5b-9dc9-fd105c7109b5,cash
d28d1c22-8967-4821-b9a3-2bfdde4fa3f7,ZIC-20260808-0138,f686d4d0-3678-467e-9535-3d5f1309c328,Cashier 1,20.0,0.0,0.0,20.0,20.0,0.0,cash,1,2026-08-08T16:37:54.71203+00:00,4571c8fa-6ccb-4c5b-9dc9-fd105c7109b5,cash
54d9dc80-4845-4b4e-802e-3a032b27c127,ZIC-20260808-0139,f686d4d0-3678-467e-9535-3d5f1309c328,Cashier 1,20.0,0.0,0.0,20.0,20.0,0.0,cash,1,2026-08-08T16:49:04.364892+00:00,4571c8fa-6ccb-4c5b-9dc9-fd105c7109b5,cash
6f2f074b-26dc-4742-8506-a1ff55f946ce,ZIC-20260808-0140,f686d4d0-3678-467e-9535-3d5f1309c328,Cashier 1,820.0,0.0,0.0,820.0,820.0,0.0,easypasa,3,2026-08-08T16:51:24.319666+00:00,4571c8fa-6ccb-4c5b-9dc9-fd105c7109b5,cash
30aae43d-2f98-42b7-a318-fc2f1da154ba,ZIC-20260808-0141,f686d4d0-3678-467e-9535-3d5f1309c328,Cashier 1,100.0,0.0,0.0,100.0,100.0,0.0,cash,5,2026-08-08T16:52:27.992105+00:00,4571c8fa-6ccb-4c5b-9dc9-fd105c7109b5,cash
390c7aa1-fa64-4f9d-b670-ed66b138cad0,ZIC-20260808-0142,f686d4d0-3678-467e-9535-3d5f1309c328,Cashier 1,290.0,0.0,0.0,290.0,290.0,0.0,cash,7,2026-08-08T16:54:26.151094+00:00,4571c8fa-6ccb-4c5b-9dc9-fd105c7109b5,cash
0ddd7d44-9281-427c-badf-3905cdadf6f2,ZIC-20260808-0143,f686d4d0-3678-467e-9535-3d5f1309c328,Cashier 1,100.0,0.0,0.0,100.0,100.0,0.0,cash,5,2026-08-08T16:56:50.736302+00:00,4571c8fa-6ccb-4c5b-9dc9-fd105c7109b5,cash
378ba635-707e-4b27-a7a4-7a9b3b3d5f6f,ZIC-20260808-0144,f686d4d0-3678-467e-9535-3d5f1309c328,Cashier 1,40.0,0.0,0.0,40.0,40.0,0.0,cash,2,2026-08-08T17:02:39.052074+00:00,4571c8fa-6ccb-4c5b-9dc9-fd105c7109b5,cash
e15ed14f-5fa8-45b8-9906-495961dd9157,ZIC-20260808-0145,f686d4d0-3678-467e-9535-3d5f1309c328,Cashier 1,100.0,0.0,0.0,100.0,100.0,0.0,cash,4,2026-08-08T17:08:31.342886+00:00,4571c8fa-6ccb-4c5b-9dc9-fd105c7109b5,cash
9f2e9912-c31e-4d8a-b013-3d3d7580aada,ZIC-20260808-0146,f686d4d0-3678-467e-9535-3d5f1309c328,Cashier 1,990.0,0.0,0.0,990.0,990.0,0.0,cash,19,2026-08-08T17:16:31.345177+00:00,4571c8fa-6ccb-4c5b-9dc9-fd105c7109b5,cash
28cdb6f2-abf1-4310-9a67-618e7c8a0f45,ZIC-20260808-0147,f686d4d0-3678-467e-9535-3d5f1309c328,Cashier 1,100.0,0.0,0.0,100.0,100.0,0.0,cash,3,2026-08-08T17:26:51.461651+00:00,4571c8fa-6ccb-4c5b-9dc9-fd105c7109b5,cash
2be255de-af86-4f8b-a895-c37ff8b58b24,ZIC-20260808-0148,f686d4d0-3678-467e-9535-3d5f1309c328,Cashier 1,200.0,0.0,0.0,200.0,200.0,0.0,cash,13,2026-08-08T17:31:47.653389+00:00,4571c8fa-6ccb-4c5b-9dc9-fd105c7109b5,cash
54380154-63f1-4c6f-bdbb-2f6c80c0b7ae,ZIC-20260808-0149,f686d4d0-3678-467e-9535-3d5f1309c328,Cashier 1,200.0,0.0,0.0,200.0,200.0,0.0,cash,1,2026-08-08T17:52:09.073547+00:00,4571c8fa-6ccb-4c5b-9dc9-fd105c7109b5,cash
c2a637b8-207f-43d4-94b9-7527db0c8b18,ZIC-20260808-0150,f686d4d0-3678-467e-9535-3d5f1309c328,Cashier 1,130.0,0.0,0.0,130.0,130.0,0.0,cash,10,2026-08-08T17:55:43.096807+00:00,4571c8fa-6ccb-4c5b-9dc9-fd105c7109b5,cash
1110bb5f-1ad7-43e5-8cb7-dd54f4576a81,ZIC-20260808-0151,f686d4d0-3678-467e-9535-3d5f1309c328,Cashier 1,250.0,0.0,0.0,250.0,250.0,0.0,cash,20,2026-08-08T17:58:27.901592+00:00,4571c8fa-6ccb-4c5b-9dc9-fd105c7109b5,cash
7403fe76-caec-455f-a193-f0fe9c258512,ZIC-20260808-0152,f686d4d0-3678-467e-9535-3d5f1309c328,Cashier 1,180.0,0.0,0.0,180.0,180.0,0.0,cash,3,2026-08-08T18:08:03.344799+00:00,4571c8fa-6ccb-4c5b-9dc9-fd105c7109b5,cash
8017acb4-95d7-43cb-abf2-2169d37b2306,ZIC-20260808-0153,f686d4d0-3678-467e-9535-3d5f1309c328,Cashier 1,100.0,0.0,0.0,100.0,100.0,0.0,cash,1,2026-08-08T18:22:48.502008+00:00,4571c8fa-6ccb-4c5b-9dc9-fd105c7109b5,cash
9028f28c-dec1-4095-9121-8f0537a681a5,ZIC-20260808-0154,f686d4d0-3678-467e-9535-3d5f1309c328,Cashier 1,500.0,0.0,0.0,500.0,500.0,0.0,cash,3,2026-08-08T18:26:10.893223+00:00,4571c8fa-6ccb-4c5b-9dc9-fd105c7109b5,cash
cbb8a507-89ec-458b-95d3-7ee49bee044e,ZIC-20260808-0155,f686d4d0-3678-467e-9535-3d5f1309c328,Cashier 1,50.0,0.0,0.0,50.0,50.0,0.0,cash,4,2026-08-08T18:29:36.687058+00:00,4571c8fa-6ccb-4c5b-9dc9-fd105c7109b5,cash
49627795-c9d3-4e45-a2ad-a2a74f13b2ef,ZIC-20260808-0156,f686d4d0-3678-467e-9535-3d5f1309c328,Cashier 1,20.0,0.0,0.0,20.0,20.0,0.0,cash,2,2026-08-08T18:34:15.285363+00:00,4571c8fa-6ccb-4c5b-9dc9-fd105c7109b5,cash
b05ff5b9-de63-47b5-be23-a4260f9c94cd,ZIC-20260808-0157,f686d4d0-3678-467e-9535-3d5f1309c328,Cashier 1,290.0,0.0,0.0,290.0,290.0,0.0,cash,12,2026-08-08T18:48:18.917822+00:00,4571c8fa-6ccb-4c5b-9dc9-fd105c7109b5,cash
c84d037f-0f2c-4793-9e84-826de2760323,ZIC-20260808-0158,f686d4d0-3678-467e-9535-3d5f1309c328,Cashier 1,180.0,0.0,0.0,180.0,180.0,0.0,cash,15,2026-08-08T19:05:38.220982+00:00,4571c8fa-6ccb-4c5b-9dc9-fd105c7109b5,cash
78d2b10b-0d4b-4b50-be45-9809d3f2409d,ZIC-20260808-0159,f686d4d0-3678-467e-9535-3d5f1309c328,Cashier 1,70.0,0.0,0.0,70.0,70.0,0.0,cash,4,2026-08-08T19:07:18.447744+00:00,4571c8fa-6ccb-4c5b-9dc9-fd105c7109b5,cash
0546d390-b519-438f-8e79-c106d97679a9,ZIC-20260808-0160,f686d4d0-3678-467e-9535-3d5f1309c328,Cashier 1,50.0,0.0,0.0,50.0,50.0,0.0,cash,1,2026-08-08T19:18:33.212474+00:00,4571c8fa-6ccb-4c5b-9dc9-fd105c7109b5,cash
29f434a6-c973-41b1-8f76-efc3e871dfc7,ZIC-20260808-0161,f686d4d0-3678-467e-9535-3d5f1309c328,Cashier 1,30.0,0.0,0.0,30.0,30.0,0.0,cash,1,2026-08-08T19:19:50.224997+00:00,4571c8fa-6ccb-4c5b-9dc9-fd105c7109b5,cash
9ee4ad96-b675-413d-b57e-d225e9848a1e,ZIC-20260808-0162,f686d4d0-3678-467e-9535-3d5f1309c328,Cashier 1,390.0,0.0,0.0,390.0,390.0,0.0,card,16,2026-08-08T19:24:27.403148+00:00,4571c8fa-6ccb-4c5b-9dc9-fd105c7109b5,card
cc9dae42-48fc-4224-8dc5-fc2305db44b0,ZIC-20260808-0163,f686d4d0-3678-467e-9535-3d5f1309c328,Cashier 1,60.0,0.0,0.0,60.0,60.0,0.0,cash,6,2026-08-08T19:25:33.349656+00:00,4571c8fa-6ccb-4c5b-9dc9-fd105c7109b5,cash
044e6e1e-d7ad-4065-b43a-cf9a9ba3dd5e,ZIC-20260808-0164,f686d4d0-3678-467e-9535-3d5f1309c328,Cashier 1,200.0,0.0,0.0,200.0,200.0,0.0,cash,3,2026-08-08T19:38:41.477479+00:00,4571c8fa-6ccb-4c5b-9dc9-fd105c7109b5,cash
aa657d18-bd87-4167-9aa3-f3c94572ac11,ZIC-20260808-0165,f686d4d0-3678-467e-9535-3d5f1309c328,Cashier 1,85.0,0.0,0.0,85.0,85.0,0.0,easypasa,4,2026-08-08T19:39:05.673193+00:00,4571c8fa-6ccb-4c5b-9dc9-fd105c7109b5,cash
641882b0-b50e-40c1-9f58-02b7abb9ca44,ZIC-20260808-0166,f686d4d0-3678-467e-9535-3d5f1309c328,Cashier 1,100.0,0.0,0.0,100.0,100.0,0.0,cash,1,2026-08-08T19:42:17.560312+00:00,4571c8fa-6ccb-4c5b-9dc9-fd105c7109b5,cash
a5c62d96-ee24-4e4b-b33f-b5857df637ec,ZIC-20260808-0167,f686d4d0-3678-467e-9535-3d5f1309c328,Cashier 1,30.0,0.0,0.0,30.0,30.0,0.0,cash,1,2026-08-08T19:47:29.189858+00:00,4571c8fa-6ccb-4c5b-9dc9-fd105c7109b5,cash
098955b7-61c1-456c-994b-2084fc1510cc,ZIC-20260808-0168,f686d4d0-3678-467e-9535-3d5f1309c328,Cashier 1,30.0,0.0,0.0,30.0,30.0,0.0,cash,2,2026-08-08T20:13:15.613843+00:00,4571c8fa-6ccb-4c5b-9dc9-fd105c7109b5,cash
a5f26344-9ed0-4e23-9c96-5c0f62759c94,ZIC-20260808-0169,f686d4d0-3678-467e-9535-3d5f1309c328,Cashier 1,70.0,0.0,0.0,70.0,70.0,0.0,cash,8,2026-08-08T20:14:11.307758+00:00,4571c8fa-6ccb-4c5b-9dc9-fd105c7109b5,cash
f98073e1-6b3f-4925-ac77-2c45640a1c73,ZIC-20260808-0170,f686d4d0-3678-467e-9535-3d5f1309c328,Cashier 1,530.0,0.0,0.0,530.0,530.0,0.0,cash,26,2026-08-08T20:18:35.226751+00:00,4571c8fa-6ccb-4c5b-9dc9-fd105c7109b5,cash
b2866eed-5f1d-430c-9cbd-aa975fe39910,ZIC-20260808-0171,f686d4d0-3678-467e-9535-3d5f1309c328,Cashier 1,370.0,0.0,0.0,370.0,500.0,130.0,cash,13,2026-08-08T20:22:07.478523+00:00,4571c8fa-6ccb-4c5b-9dc9-fd105c7109b5,cash
5da6a71c-56bd-4551-8651-6caf3a80afb0,ZIC-20260808-0172,f686d4d0-3678-467e-9535-3d5f1309c328,Cashier 1,60.0,0.0,0.0,60.0,60.0,0.0,cash,1,2026-08-08T20:54:04.076893+00:00,4571c8fa-6ccb-4c5b-9dc9-fd105c7109b5,cash
5a48436e-34a5-45df-b213-651571375262,ZIC-20260808-0173,f686d4d0-3678-467e-9535-3d5f1309c328,Cashier 1,30.0,0.0,0.0,30.0,30.0,0.0,cash,2,2026-08-08T21:05:12.030585+00:00,4571c8fa-6ccb-4c5b-9dc9-fd105c7109b5,cash
73aa1a7b-f945-4051-bf7e-c21776aba3e6,ZIC-20260808-0174,f686d4d0-3678-467e-9535-3d5f1309c328,Cashier 1,150.0,0.0,0.0,150.0,150.0,0.0,cash,5,2026-08-08T21:10:08.600583+00:00,4571c8fa-6ccb-4c5b-9dc9-fd105c7109b5,cash
01c1d8bd-1549-4570-954a-2a662d77232c,ZIC-20260808-0175,f686d4d0-3678-467e-9535-3d5f1309c328,Cashier 1,1260.0,0.0,0.0,1260.0,1260.0,0.0,cash,40,2026-08-08T21:41:23.195622+00:00,4571c8fa-6ccb-4c5b-9dc9-fd105c7109b5,cash
06daed67-989b-456a-8217-948cf554b8cf,ZIC-20260808-0176,f686d4d0-3678-467e-9535-3d5f1309c328,Cashier 1,160.0,0.0,0.0,160.0,160.0,0.0,cash,2,2026-08-08T21:43:21.415471+00:00,4571c8fa-6ccb-4c5b-9dc9-fd105c7109b5,cash
9264bc12-87bd-49b4-9209-3b6eb4b563c8,ZIC-20260808-0177,f686d4d0-3678-467e-9535-3d5f1309c328,Cashier 1,30.0,0.0,0.0,30.0,30.0,0.0,cash,2,2026-08-08T21:43:46.120077+00:00,4571c8fa-6ccb-4c5b-9dc9-fd105c7109b5,cash
230f232c-98e8-45f0-ba43-2134b509e7ee,ZIC-20260808-0178,f686d4d0-3678-467e-9535-3d5f1309c328,Cashier 1,100.0,0.0,0.0,100.0,100.0,0.0,cash,8,2026-08-08T21:58:17.69982+00:00,4571c8fa-6ccb-4c5b-9dc9-fd105c7109b5,cash
255caba8-2db3-4574-968e-a91e9b3b6ca6,ZIC-20260808-0179,f686d4d0-3678-467e-9535-3d5f1309c328,Cashier 1,170.0,0.0,0.0,170.0,170.0,0.0,easypasa,7,2026-08-08T22:56:03.797866+00:00,4571c8fa-6ccb-4c5b-9dc9-fd105c7109b5,cash
d36da406-4b42-444c-b481-b25161d98ef7,ZIC-20260808-0180,f686d4d0-3678-467e-9535-3d5f1309c328,Cashier 1,250.0,0.0,0.0,250.0,250.0,0.0,cash,20,2026-08-08T23:02:54.139821+00:00,4571c8fa-6ccb-4c5b-9dc9-fd105c7109b5,cash
27a3d938-7f9a-4d75-92f1-1fdaba5942af,ZIC-20260809-0001,f686d4d0-3678-467e-9535-3d5f1309c328,Cashier 1,100.0,0.0,0.0,100.0,100.0,0.0,cash,8,2026-08-09T00:17:52.734479+00:00,4571c8fa-6ccb-4c5b-9dc9-fd105c7109b5,cash
bb94970f-116c-4013-8d4d-136d834dcc3d,ZIC-20260809-0002,f686d4d0-3678-467e-9535-3d5f1309c328,Cashier 1,100.0,0.0,0.0,100.0,100.0,0.0,cash,3,2026-08-09T00:52:38.865882+00:00,4571c8fa-6ccb-4c5b-9dc9-fd105c7109b5,cash
6c5b9b51-7d75-4015-8aeb-4e7d47180aa0,ZIC-20260809-0003,f686d4d0-3678-467e-9535-3d5f1309c328,Cashier 1,50.0,0.0,0.0,50.0,50.0,0.0,cash,1,2026-08-09T01:13:10.486678+00:00,4571c8fa-6ccb-4c5b-9dc9-fd105c7109b5,cash
79ed01f8-cd2d-47e5-b553-4ce50ce4a5c3,ZIC-20260809-0004,f686d4d0-3678-467e-9535-3d5f1309c328,Cashier 1,130.0,0.0,0.0,130.0,130.0,0.0,cash,2,2026-08-09T01:30:10.102997+00:00,4571c8fa-6ccb-4c5b-9dc9-fd105c7109b5,cash
22de3999-cd59-402e-9a59-e8bf177a19f3,ZIC-20260809-0005,f686d4d0-3678-467e-9535-3d5f1309c328,Cashier 1,250.0,0.0,0.0,250.0,250.0,0.0,easypasa,1,2026-08-09T01:31:10.068962+00:00,4571c8fa-6ccb-4c5b-9dc9-fd105c7109b5,cash
60054356-dab3-4a53-9f1f-288431a4905e,ZIC-20260809-0006,f686d4d0-3678-467e-9535-3d5f1309c328,Cashier 1,30.0,0.0,0.0,30.0,30.0,0.0,cash,1,2026-08-09T01:42:24.396997+00:00,4571c8fa-6ccb-4c5b-9dc9-fd105c7109b5,cash
97c91854-f05b-4047-b82f-2029093cd73f,ZIC-20260809-0007,f686d4d0-3678-467e-9535-3d5f1309c328,Cashier 1,30.0,0.0,0.0,30.0,30.0,0.0,cash,1,2026-08-09T02:14:36.141946+00:00,4571c8fa-6ccb-4c5b-9dc9-fd105c7109b5,cash
9273ef9d-2629-405f-b8ec-233b7f2a775c,ZIC-20260809-0008,f686d4d0-3678-467e-9535-3d5f1309c328,Cashier 1,300.0,0.0,0.0,300.0,300.0,0.0,cash,1,2026-08-09T02:29:25.953012+00:00,4571c8fa-6ccb-4c5b-9dc9-fd105c7109b5,cash
1a351454-bd32-4821-bf1b-2ee40f77e0f2,ZIC-20260809-0009,f686d4d0-3678-467e-9535-3d5f1309c328,Cashier 1,50.0,0.0,0.0,50.0,50.0,0.0,cash,3,2026-08-09T02:41:06.43818+00:00,4571c8fa-6ccb-4c5b-9dc9-fd105c7109b5,cash
c568a64d-45b6-4bd4-ae17-4810cc7234eb,ZIC-20260809-0010,62c5814c-09e6-4583-874d-c3660ce3283f,Asad,30.0,0.0,0.0,30.0,30.0,0.0,cash,3,2026-08-09T03:13:16.099973+00:00,d1a9d265-720b-4de9-b90a-4d39a8b61d55,cash
e334b718-315b-4ee1-93db-a1a655558a4f,ZIC-20260809-0011,62c5814c-09e6-4583-874d-c3660ce3283f,Asad,222.5,0.0,3.0,219.5,219.5,0.0,cash,7,2026-08-09T03:17:56.482417+00:00,d1a9d265-720b-4de9-b90a-4d39a8b61d55,cash
e447600b-1f4d-488f-99bc-0a76bb561cd4,ZIC-20260809-0012,62c5814c-09e6-4583-874d-c3660ce3283f,Asad,420.0,0.0,0.0,420.0,420.0,0.0,cash,3,2026-08-09T03:42:50.561496+00:00,d1a9d265-720b-4de9-b90a-4d39a8b61d55,cash
68acb1c9-3f1e-4f0c-a7ce-99e66d28e27b,ZIC-20260809-0013,62c5814c-09e6-4583-874d-c3660ce3283f,Asad,390.0,0.0,0.0,390.0,390.0,0.0,cash,6,2026-08-09T03:45:09.559419+00:00,d1a9d265-720b-4de9-b90a-4d39a8b61d55,cash
6cd0dd5e-26f6-4b4b-8375-5866378c3334,ZIC-20260809-0014,62c5814c-09e6-4583-874d-c3660ce3283f,Asad,100.0,0.0,0.0,100.0,100.0,0.0,cash,1,2026-08-09T04:01:14.735409+00:00,d1a9d265-720b-4de9-b90a-4d39a8b61d55,cash
0cc51fae-389d-4161-b521-3dcf725ba420,ZIC-20260809-0015,62c5814c-09e6-4583-874d-c3660ce3283f,Asad,30.0,0.0,0.0,30.0,30.0,0.0,cash,1,2026-08-09T04:05:57.432543+00:00,d1a9d265-720b-4de9-b90a-4d39a8b61d55,cash
0898d0a0-241d-458f-ae03-574bc5b8e8ff,ZIC-20260809-0016,62c5814c-09e6-4583-874d-c3660ce3283f,Asad,280.0,0.0,0.0,280.0,280.0,0.0,cash,4,2026-08-09T04:18:35.053227+00:00,d1a9d265-720b-4de9-b90a-4d39a8b61d55,cash
3e64f0ed-b047-44a3-b06a-fdb3b4a10b5e,ZIC-20260809-0017,62c5814c-09e6-4583-874d-c3660ce3283f,Asad,910.0,0.0,0.0,910.0,910.0,0.0,cash,9,2026-08-09T04:23:18.73463+00:00,d1a9d265-720b-4de9-b90a-4d39a8b61d55,cash
36996b32-990c-4a29-a06c-118cb0645f24,ZIC-20260809-0018,62c5814c-09e6-4583-874d-c3660ce3283f,Asad,15.0,0.0,0.0,15.0,15.0,0.0,cash,2,2026-08-09T04:38:15.689401+00:00,d1a9d265-720b-4de9-b90a-4d39a8b61d55,cash
1eab9c96-54db-4fbc-869e-3d1ee53c3acc,ZIC-20260809-0019,62c5814c-09e6-4583-874d-c3660ce3283f,Asad,20.0,0.0,0.0,20.0,20.0,0.0,cash,1,2026-08-09T04:38:48.163868+00:00,d1a9d265-720b-4de9-b90a-4d39a8b61d55,cash
6032f63f-f75b-4678-b2a3-baae8ae5251b,ZIC-20260809-0020,62c5814c-09e6-4583-874d-c3660ce3283f,Asad,90.0,0.0,0.0,90.0,90.0,0.0,cash,2,2026-08-09T04:59:56.583084+00:00,d1a9d265-720b-4de9-b90a-4d39a8b61d55,cash
e13b2e5c-126e-46b8-8972-bf75e15f4f0a,ZIC-20260809-0021,62c5814c-09e6-4583-874d-c3660ce3283f,Asad,110.0,0.0,0.0,110.0,110.0,0.0,cash,2,2026-08-09T05:08:30.136431+00:00,d1a9d265-720b-4de9-b90a-4d39a8b61d55,cash
962a27ac-0042-46f0-8d63-b72be5784adb,ZIC-20260809-0022,62c5814c-09e6-4583-874d-c3660ce3283f,Asad,150.0,0.0,0.0,150.0,150.0,0.0,cash,7,2026-08-09T05:15:10.767867+00:00,d1a9d265-720b-4de9-b90a-4d39a8b61d55,cash
3c8e7da8-c907-4201-b3b9-1402e1fa64f2,ZIC-20260809-0023,62c5814c-09e6-4583-874d-c3660ce3283f,Asad,100.0,0.0,0.0,100.0,100.0,0.0,cash,3,2026-08-09T05:15:51.700667+00:00,d1a9d265-720b-4de9-b90a-4d39a8b61d55,cash
6a1a291a-782e-4451-8b6d-19ffb69f20f3,ZIC-20260809-0024,62c5814c-09e6-4583-874d-c3660ce3283f,Asad,50.0,0.0,0.0,50.0,50.0,0.0,cash,4,2026-08-09T05:22:11.760124+00:00,d1a9d265-720b-4de9-b90a-4d39a8b61d55,cash
4b75a7c7-4648-4152-a6cc-df5d38c3d051,ZIC-20260809-0025,62c5814c-09e6-4583-874d-c3660ce3283f,Asad,50.0,0.0,0.0,50.0,50.0,0.0,cash,1,2026-08-09T05:23:34.786716+00:00,d1a9d265-720b-4de9-b90a-4d39a8b61d55,cash
9da510b4-51c9-4353-8e03-22b079789600,ZIC-20260809-0026,62c5814c-09e6-4583-874d-c3660ce3283f,Asad,50.0,0.0,0.0,50.0,50.0,0.0,cash,1,2026-08-09T05:28:20.465728+00:00,d1a9d265-720b-4de9-b90a-4d39a8b61d55,cash
9dbd3f92-c412-4bc0-b3a2-5ff9c9c7d68d,ZIC-20260809-0027,62c5814c-09e6-4583-874d-c3660ce3283f,Asad,30.0,0.0,0.0,30.0,30.0,0.0,cash,1,2026-08-09T05:58:05.814005+00:00,d1a9d265-720b-4de9-b90a-4d39a8b61d55,cash
e70885de-24c1-4d96-af7a-966eb3067198,ZIC-20260809-0028,62c5814c-09e6-4583-874d-c3660ce3283f,Asad,50.0,0.0,0.0,50.0,50.0,0.0,cash,4,2026-08-09T06:04:37.154307+00:00,d1a9d265-720b-4de9-b90a-4d39a8b61d55,cash
3b50cce5-0da1-4c8f-84ee-445c1365eb13,ZIC-20260809-0029,62c5814c-09e6-4583-874d-c3660ce3283f,Asad,260.0,0.0,0.0,260.0,260.0,0.0,cash,21,2026-08-09T06:09:26.02429+00:00,d1a9d265-720b-4de9-b90a-4d39a8b61d55,cash
4c050279-9270-4589-944b-9ee569fc83c9,ZIC-20260809-0030,62c5814c-09e6-4583-874d-c3660ce3283f,Asad,230.0,0.0,0.0,230.0,230.0,0.0,cash,2,2026-08-09T06:23:07.243867+00:00,d1a9d265-720b-4de9-b90a-4d39a8b61d55,cash
07388200-606d-41b5-9813-5d1d9493e273,ZIC-20260809-0031,62c5814c-09e6-4583-874d-c3660ce3283f,Asad,70.0,0.0,0.0,70.0,70.0,0.0,cash,4,2026-08-09T06:24:01.99868+00:00,d1a9d265-720b-4de9-b90a-4d39a8b61d55,cash
42fe9374-f361-4863-949d-f1391e004157,ZIC-20260809-0032,62c5814c-09e6-4583-874d-c3660ce3283f,Asad,50.0,0.0,0.0,50.0,50.0,0.0,cash,1,2026-08-09T06:26:18.411544+00:00,d1a9d265-720b-4de9-b90a-4d39a8b61d55,cash
c64c4ed7-dcac-4df2-80e5-7caab6f52cbd,ZIC-20260809-0033,62c5814c-09e6-4583-874d-c3660ce3283f,Asad,70.0,0.0,0.0,70.0,70.0,0.0,cash,2,2026-08-09T06:28:42.005458+00:00,d1a9d265-720b-4de9-b90a-4d39a8b61d55,cash
4a7c5ffc-f119-4de7-a60b-51609c6c7301,ZIC-20260809-0034,62c5814c-09e6-4583-874d-c3660ce3283f,Asad,300.0,0.0,0.0,300.0,300.0,0.0,cash,1,2026-08-09T06:47:20.989593+00:00,d1a9d265-720b-4de9-b90a-4d39a8b61d55,cash
3272380b-3ea8-42b2-89ee-ba5cc455d424,ZIC-20260809-0035,62c5814c-09e6-4583-874d-c3660ce3283f,Asad,150.0,0.0,0.0,150.0,150.0,0.0,cash,7,2026-08-09T06:52:31.721076+00:00,d1a9d265-720b-4de9-b90a-4d39a8b61d55,cash
c4d3bf4a-eb6a-4943-a1c0-9da6170dfd66,ZIC-20260809-0036,62c5814c-09e6-4583-874d-c3660ce3283f,Asad,200.0,0.0,0.0,200.0,200.0,0.0,cash,11,2026-08-09T07:07:33.829289+00:00,d1a9d265-720b-4de9-b90a-4d39a8b61d55,cash
a2a2107a-51a6-4866-9f86-0884d8c820a8,ZIC-20260809-0037,62c5814c-09e6-4583-874d-c3660ce3283f,Asad,120.0,0.0,0.0,120.0,120.0,0.0,cash,2,2026-08-09T07:10:10.657346+00:00,d1a9d265-720b-4de9-b90a-4d39a8b61d55,cash
502c3bcc-46b3-4d63-992d-67d2dd4764be,ZIC-20260809-0038,62c5814c-09e6-4583-874d-c3660ce3283f,Asad,30.0,0.0,0.0,30.0,30.0,0.0,cash,1,2026-08-09T07:13:03.608077+00:00,d1a9d265-720b-4de9-b90a-4d39a8b61d55,cash
3a8521d6-5772-430d-ac1e-844769c485ec,ZIC-20260809-0039,62c5814c-09e6-4583-874d-c3660ce3283f,Asad,220.0,0.0,0.0,220.0,220.0,0.0,cash,6,2026-08-09T07:13:54.967025+00:00,d1a9d265-720b-4de9-b90a-4d39a8b61d55,cash
7f2d60e8-cd1a-4277-a8b5-ea110fade9c7,ZIC-20260809-0040,62c5814c-09e6-4583-874d-c3660ce3283f,Asad,20.0,0.0,0.0,20.0,20.0,0.0,cash,1,2026-08-09T07:24:19.252895+00:00,d1a9d265-720b-4de9-b90a-4d39a8b61d55,cash
214c62ea-c242-4a1c-be31-2ef72efaa65b,ZIC-20260809-0041,62c5814c-09e6-4583-874d-c3660ce3283f,Asad,110.0,0.0,0.0,110.0,110.0,0.0,cash,1,2026-08-09T07:31:05.520949+00:00,d1a9d265-720b-4de9-b90a-4d39a8b61d55,cash
4cb69f7a-ebeb-41e5-a264-bc7d8a4cee59,ZIC-20260809-0042,62c5814c-09e6-4583-874d-c3660ce3283f,Asad,65.0,0.0,0.0,65.0,65.0,0.0,cash,4,2026-08-09T07:39:28.587221+00:00,d1a9d265-720b-4de9-b90a-4d39a8b61d55,cash
db1e5a00-dc83-4dc6-bcf4-a65ecdceb561,ZIC-20260809-0043,62c5814c-09e6-4583-874d-c3660ce3283f,Asad,195.0,0.0,0.0,195.0,195.0,0.0,cash,4,2026-08-09T07:40:11.710606+00:00,d1a9d265-720b-4de9-b90a-4d39a8b61d55,cash
991d1825-7f20-4d73-a1ab-34fb3cbc7073,ZIC-20260809-0044,62c5814c-09e6-4583-874d-c3660ce3283f,Asad,225.0,0.0,0.0,225.0,225.0,0.0,cash,1,2026-08-09T07:45:58.727887+00:00,d1a9d265-720b-4de9-b90a-4d39a8b61d55,cash
df2f17de-d240-4ad7-8b36-24de1866cff6,ZIC-20260809-0045,62c5814c-09e6-4583-874d-c3660ce3283f,Asad,150.0,0.0,0.0,150.0,150.0,0.0,cash,3,2026-08-09T07:48:13.287568+00:00,d1a9d265-720b-4de9-b90a-4d39a8b61d55,cash
359ccd3e-4525-4cbf-b8c2-0aa6ce02ecfa,ZIC-20260809-0046,62c5814c-09e6-4583-874d-c3660ce3283f,Asad,20.0,0.0,0.0,20.0,20.0,0.0,cash,1,2026-08-09T07:48:54.63771+00:00,d1a9d265-720b-4de9-b90a-4d39a8b61d55,cash
25ef245a-c376-4094-ba5e-af990541aa19,ZIC-20260809-0047,62c5814c-09e6-4583-874d-c3660ce3283f,Asad,250.0,0.0,0.0,250.0,250.0,0.0,cash,1,2026-08-09T07:56:06.388986+00:00,d1a9d265-720b-4de9-b90a-4d39a8b61d55,cash
20e14fd8-2cfc-4210-b9f7-81391e19e3e4,ZIC-20260809-0048,62c5814c-09e6-4583-874d-c3660ce3283f,Asad,40.0,0.0,0.0,40.0,40.0,0.0,cash,2,2026-08-09T08:04:55.262743+00:00,d1a9d265-720b-4de9-b90a-4d39a8b61d55,cash
b8ad9a62-695d-4882-b160-d74cd5ea6847,ZIC-20260809-0049,62c5814c-09e6-4583-874d-c3660ce3283f,Asad,230.0,0.0,0.0,230.0,230.0,0.0,cash,5,2026-08-09T08:06:48.005604+00:00,d1a9d265-720b-4de9-b90a-4d39a8b61d55,cash
2488252f-a97b-40c5-8d43-796b5c5f9b9c,ZIC-20260809-0050,62c5814c-09e6-4583-874d-c3660ce3283f,Asad,30.0,0.0,0.0,30.0,30.0,0.0,cash,6,2026-08-09T08:16:55.14895+00:00,d1a9d265-720b-4de9-b90a-4d39a8b61d55,cash
27134f48-af3b-417c-9386-ef5b5c04909c,ZIC-20260809-0051,62c5814c-09e6-4583-874d-c3660ce3283f,Asad,180.0,0.0,0.0,180.0,180.0,0.0,cash,4,2026-08-09T08:17:49.953109+00:00,d1a9d265-720b-4de9-b90a-4d39a8b61d55,cash
6c8b9897-14b1-46f6-8991-f45391abc19c,ZIC-20260809-0052,62c5814c-09e6-4583-874d-c3660ce3283f,Asad,270.0,0.0,0.0,270.0,270.0,0.0,cash,9,2026-08-09T08:21:17.305429+00:00,d1a9d265-720b-4de9-b90a-4d39a8b61d55,cash
b1ec7651-5695-4a6d-ba52-a90c8e7babba,ZIC-20260809-0053,62c5814c-09e6-4583-874d-c3660ce3283f,Asad,45.0,0.0,0.0,45.0,45.0,0.0,cash,3,2026-08-09T08:22:02.791426+00:00,d1a9d265-720b-4de9-b90a-4d39a8b61d55,cash
9f760614-01fd-4327-8fde-e1f22d5ce78c,ZIC-20260809-0054,62c5814c-09e6-4583-874d-c3660ce3283f,Asad,100.0,0.0,40.0,60.0,60.0,0.0,cash,1,2026-08-09T08:23:10.947668+00:00,d1a9d265-720b-4de9-b90a-4d39a8b61d55,cash
f0c2abc6-78f1-41da-8268-8ec573aee18c,ZIC-20260809-0055,62c5814c-09e6-4583-874d-c3660ce3283f,Asad,210.0,0.0,0.0,210.0,210.0,0.0,cash,2,2026-08-09T08:30:25.061242+00:00,d1a9d265-720b-4de9-b90a-4d39a8b61d55,cash
eadc0240-c12c-4e1c-93c5-05005f57ff54,ZIC-20260809-0056,62c5814c-09e6-4583-874d-c3660ce3283f,Asad,20.0,0.0,0.0,20.0,20.0,0.0,cash,3,2026-08-09T08:36:36.331221+00:00,d1a9d265-720b-4de9-b90a-4d39a8b61d55,cash
005776a3-b98f-4a96-ad83-163fec4268cf,ZIC-20260809-0057,62c5814c-09e6-4583-874d-c3660ce3283f,Asad,60.0,0.0,0.0,60.0,60.0,0.0,cash,3,2026-08-09T08:40:28.796464+00:00,d1a9d265-720b-4de9-b90a-4d39a8b61d55,cash
d8d2d371-0688-4ce1-83c9-f21817f30cb8,ZIC-20260809-0058,62c5814c-09e6-4583-874d-c3660ce3283f,Asad,30.0,0.0,0.0,30.0,30.0,0.0,cash,2,2026-08-09T08:45:55.363533+00:00,d1a9d265-720b-4de9-b90a-4d39a8b61d55,cash
c9c26ea3-2e26-4b22-9134-d9e797b8531b,ZIC-20260809-0059,62c5814c-09e6-4583-874d-c3660ce3283f,Asad,45.0,0.0,0.0,45.0,45.0,0.0,cash,3,2026-08-09T08:51:10.503926+00:00,d1a9d265-720b-4de9-b90a-4d39a8b61d55,cash
6130fba7-ea29-42e0-aefe-6b551e8c2a12,ZIC-20260809-0060,62c5814c-09e6-4583-874d-c3660ce3283f,Asad,90.0,0.0,0.0,90.0,90.0,0.0,cash,1,2026-08-09T08:57:37.835142+00:00,d1a9d265-720b-4de9-b90a-4d39a8b61d55,cash
ae1b112f-9f3c-4f61-ad41-9fe80b8b4d53,ZIC-20260809-0061,62c5814c-09e6-4583-874d-c3660ce3283f,Asad,1420.0,0.0,0.0,1420.0,1420.0,0.0,cash,33,2026-08-09T09:14:46.771222+00:00,d1a9d265-720b-4de9-b90a-4d39a8b61d55,cash
b1632a94-69bb-4e9c-ab1e-34fffaac0ae8,ZIC-20260809-0062,62c5814c-09e6-4583-874d-c3660ce3283f,Asad,230.0,0.0,0.0,230.0,230.0,0.0,cash,5,2026-08-09T09:19:36.926081+00:00,d1a9d265-720b-4de9-b90a-4d39a8b61d55,cash
eb58a0fd-cd8e-4f91-a388-ccdbf34c30ea,ZIC-20260809-0063,62c5814c-09e6-4583-874d-c3660ce3283f,Asad,120.0,0.0,0.0,120.0,120.0,0.0,cash,1,2026-08-09T09:20:30.260756+00:00,d1a9d265-720b-4de9-b90a-4d39a8b61d55,cash
92772ddd-9f5c-49d9-bc3a-a56ca883efaa,ZIC-20260809-0064,62c5814c-09e6-4583-874d-c3660ce3283f,Asad,60.0,0.0,0.0,60.0,60.0,0.0,cash,2,2026-08-09T09:31:26.549269+00:00,d1a9d265-720b-4de9-b90a-4d39a8b61d55,cash
bba4a1de-2910-4c88-8fb4-2f9aa4a4f9a5,ZIC-20260809-0065,62c5814c-09e6-4583-874d-c3660ce3283f,Asad,675.0,0.0,5.0,670.0,670.0,0.0,cash,13,2026-08-09T09:39:24.920986+00:00,d1a9d265-720b-4de9-b90a-4d39a8b61d55,cash
eb28d3e1-1505-4c41-b6fa-bddae8ccdfb5,ZIC-20260809-0066,62c5814c-09e6-4583-874d-c3660ce3283f,Asad,270.0,0.0,0.0,270.0,270.0,0.0,cash,7,2026-08-09T09:45:01.483966+00:00,d1a9d265-720b-4de9-b90a-4d39a8b61d55,cash
262caec5-16f7-4b1b-9eb6-580a43c5b534,ZIC-20260809-0067,62c5814c-09e6-4583-874d-c3660ce3283f,Asad,50.0,0.0,0.0,50.0,50.0,0.0,cash,1,2026-08-09T09:45:23.137242+00:00,d1a9d265-720b-4de9-b90a-4d39a8b61d55,cash
c3eac9e1-7706-4565-8d9e-f854346cfaba,ZIC-20260809-0068,62c5814c-09e6-4583-874d-c3660ce3283f,Asad,30.0,0.0,0.0,30.0,30.0,0.0,cash,4,2026-08-09T09:46:52.824817+00:00,d1a9d265-720b-4de9-b90a-4d39a8b61d55,cash
65bcd123-efa9-41e5-b5cd-5705b0de83e5,ZIC-20260809-0069,62c5814c-09e6-4583-874d-c3660ce3283f,Asad,150.0,0.0,0.0,150.0,150.0,0.0,cash,1,2026-08-09T09:48:57.441562+00:00,d1a9d265-720b-4de9-b90a-4d39a8b61d55,cash
1fc2ca9e-3ed2-4f21-a5f1-b49dc6bbc7da,ZIC-20260809-0070,62c5814c-09e6-4583-874d-c3660ce3283f,Asad,190.0,0.0,0.0,190.0,190.0,0.0,cash,5,2026-08-09T10:00:46.477545+00:00,d1a9d265-720b-4de9-b90a-4d39a8b61d55,cash
ac7f1a58-47f7-464d-bf05-96c06012b1f0,ZIC-20260809-0071,62c5814c-09e6-4583-874d-c3660ce3283f,Asad,10.0,0.0,0.0,10.0,10.0,0.0,cash,1,2026-08-09T10:01:03.137609+00:00,d1a9d265-720b-4de9-b90a-4d39a8b61d55,cash
2d4158ea-7471-4814-a370-829dc9176d50,ZIC-20260809-0072,62c5814c-09e6-4583-874d-c3660ce3283f,Asad,10.0,0.0,0.0,10.0,10.0,0.0,cash,1,2026-08-09T10:02:29.040771+00:00,d1a9d265-720b-4de9-b90a-4d39a8b61d55,cash
9b971fef-ca41-4d1a-830e-db726d1f03da,ZIC-20260809-0073,62c5814c-09e6-4583-874d-c3660ce3283f,Asad,480.0,0.0,0.0,480.0,480.0,0.0,cash,6,2026-08-09T10:13:34.900968+00:00,d1a9d265-720b-4de9-b90a-4d39a8b61d55,cash
dae1b7b6-897b-4d17-94cf-ef239598aef4,ZIC-20260809-0074,62c5814c-09e6-4583-874d-c3660ce3283f,Asad,540.0,0.0,0.0,540.0,540.0,0.0,card,18,2026-08-09T10:26:22.614703+00:00,d1a9d265-720b-4de9-b90a-4d39a8b61d55,card
4126f753-6985-4b99-8c0e-9e036648e3a5,ZIC-20260809-0075,62c5814c-09e6-4583-874d-c3660ce3283f,Asad,810.0,0.0,0.0,810.0,810.0,0.0,cash,23,2026-08-09T10:50:31.535621+00:00,d1a9d265-720b-4de9-b90a-4d39a8b61d55,cash
3deedb20-6dfe-4ae3-b56e-be0f2f3d6348,ZIC-20260809-0076,62c5814c-09e6-4583-874d-c3660ce3283f,Asad,100.0,0.0,0.0,100.0,100.0,0.0,cash,2,2026-08-09T10:50:45.425743+00:00,d1a9d265-720b-4de9-b90a-4d39a8b61d55,cash
06d5fdb4-d102-45bb-b600-7b545c0c54d7,ZIC-20260809-0077,62c5814c-09e6-4583-874d-c3660ce3283f,Asad,55.0,0.0,0.0,55.0,55.0,0.0,cash,2,2026-08-09T10:55:45.592557+00:00,d1a9d265-720b-4de9-b90a-4d39a8b61d55,cash
5de9f50f-4f79-4115-9058-827484a78bbd,ZIC-20260809-0078,62c5814c-09e6-4583-874d-c3660ce3283f,Asad,20.0,0.0,0.0,20.0,20.0,0.0,cash,4,2026-08-09T10:58:33.825657+00:00,d1a9d265-720b-4de9-b90a-4d39a8b61d55,cash
f0351a05-bd52-4f68-8527-a33e487e4ae6,ZIC-20260809-0079,62c5814c-09e6-4583-874d-c3660ce3283f,Asad,250.0,0.0,0.0,250.0,250.0,0.0,cash,1,2026-08-09T11:08:51.465992+00:00,d1a9d265-720b-4de9-b90a-4d39a8b61d55,cash
f9d978c1-5961-4f66-bba3-cd9b232542b2,ZIC-20260809-0080,62c5814c-09e6-4583-874d-c3660ce3283f,Asad,10.0,0.0,0.0,10.0,10.0,0.0,cash,1,2026-08-09T11:19:25.873856+00:00,d1a9d265-720b-4de9-b90a-4d39a8b61d55,cash
2cc4155a-6024-43d7-84f5-aa28151375b6,ZIC-20260809-0081,62c5814c-09e6-4583-874d-c3660ce3283f,Asad,670.0,0.0,0.0,670.0,670.0,0.0,cash,3,2026-08-09T11:32:46.413002+00:00,d1a9d265-720b-4de9-b90a-4d39a8b61d55,cash
956564bc-6681-41ef-a15c-af330505e102,ZIC-20260809-0082,62c5814c-09e6-4583-874d-c3660ce3283f,Asad,210.0,0.0,0.0,210.0,210.0,0.0,cash,1,2026-08-09T11:35:28.530817+00:00,d1a9d265-720b-4de9-b90a-4d39a8b61d55,cash
92602fb2-7483-4908-8c2c-75983556f39b,ZIC-20260809-0083,62c5814c-09e6-4583-874d-c3660ce3283f,Asad,60.0,0.0,0.0,60.0,60.0,0.0,cash,2,2026-08-09T11:35:44.687764+00:00,d1a9d265-720b-4de9-b90a-4d39a8b61d55,cash
2be9643d-ca94-4eb5-a884-9548c8e8dd4c,ZIC-20260809-0084,62c5814c-09e6-4583-874d-c3660ce3283f,Asad,955.0,0.0,0.0,955.0,955.0,0.0,card,15,2026-08-09T11:43:10.742696+00:00,d1a9d265-720b-4de9-b90a-4d39a8b61d55,card
9fe09ecf-e5a4-4019-bb6c-2c9f32ff48d9,ZIC-20260809-0085,62c5814c-09e6-4583-874d-c3660ce3283f,Asad,100.0,0.0,0.0,100.0,100.0,0.0,cash,2,2026-08-09T11:50:41.20453+00:00,d1a9d265-720b-4de9-b90a-4d39a8b61d55,cash
20e568fe-5d5a-4457-a245-cf81fd6a7953,ZIC-20260809-0086,62c5814c-09e6-4583-874d-c3660ce3283f,Asad,70.0,0.0,0.0,70.0,70.0,0.0,cash,4,2026-08-09T11:57:43.20202+00:00,d1a9d265-720b-4de9-b90a-4d39a8b61d55,cash
868203df-63a9-4dc1-96da-5b1334bd5953,ZIC-20260809-0087,62c5814c-09e6-4583-874d-c3660ce3283f,Asad,210.0,0.0,0.0,210.0,210.0,0.0,cash,5,2026-08-09T12:02:30.321282+00:00,d1a9d265-720b-4de9-b90a-4d39a8b61d55,cash
9c659fab-984b-43e3-b6da-1f1bd164ad18,ZIC-20260809-0088,62c5814c-09e6-4583-874d-c3660ce3283f,Asad,110.0,0.0,0.0,110.0,110.0,0.0,cash,3,2026-08-09T12:04:39.884809+00:00,d1a9d265-720b-4de9-b90a-4d39a8b61d55,cash
48460cce-75b9-42a0-ab80-2fa6437d4608,ZIC-20260809-0089,62c5814c-09e6-4583-874d-c3660ce3283f,Asad,100.0,0.0,0.0,100.0,100.0,0.0,cash,8,2026-08-09T12:09:15.204076+00:00,d1a9d265-720b-4de9-b90a-4d39a8b61d55,cash
73622b74-1219-473a-bc25-4cd0d68c26b5,ZIC-20260809-0090,62c5814c-09e6-4583-874d-c3660ce3283f,Asad,300.0,0.0,0.0,300.0,300.0,0.0,cash,20,2026-08-09T12:09:25.903392+00:00,d1a9d265-720b-4de9-b90a-4d39a8b61d55,cash
af4a3b6c-e1f0-4541-a44c-4612bce84b25,ZIC-20260809-0091,62c5814c-09e6-4583-874d-c3660ce3283f,Asad,140.0,0.0,0.0,140.0,140.0,0.0,cash,4,2026-08-09T12:17:16.873073+00:00,d1a9d265-720b-4de9-b90a-4d39a8b61d55,cash
78a462c0-b25d-4cdc-a890-6dc64420aaca,ZIC-20260809-0092,62c5814c-09e6-4583-874d-c3660ce3283f,Asad,150.0,0.0,0.0,150.0,150.0,0.0,cash,3,2026-08-09T12:19:33.701014+00:00,d1a9d265-720b-4de9-b90a-4d39a8b61d55,cash
6d926387-2e52-40be-b2f7-f524b44df92a,ZIC-20260809-0093,62c5814c-09e6-4583-874d-c3660ce3283f,Asad,140.0,0.0,0.0,140.0,140.0,0.0,cash,2,2026-08-09T12:21:46.451219+00:00,d1a9d265-720b-4de9-b90a-4d39a8b61d55,cash
4d554e37-a73c-4639-892d-6be472e8d9a3,ZIC-20260809-0094,62c5814c-09e6-4583-874d-c3660ce3283f,Asad,270.0,0.0,0.0,270.0,270.0,0.0,cash,4,2026-08-09T12:23:44.959917+00:00,d1a9d265-720b-4de9-b90a-4d39a8b61d55,cash
19397641-48fd-432c-98e3-a62ea3d2691b,ZIC-20260809-0095,62c5814c-09e6-4583-874d-c3660ce3283f,Asad,1100.0,0.0,0.0,1100.0,1100.0,0.0,cash,2,2026-08-09T12:31:11.922199+00:00,d1a9d265-720b-4de9-b90a-4d39a8b61d55,cash
a24ca892-8925-441a-a354-7857e8d323ca,ZIC-20260809-0096,62c5814c-09e6-4583-874d-c3660ce3283f,Asad,210.0,0.0,0.0,210.0,210.0,0.0,cash,1,2026-08-09T12:49:00.469918+00:00,d1a9d265-720b-4de9-b90a-4d39a8b61d55,cash
ad714ce3-2315-4125-bcbf-3f0a34053c6c,ZIC-20260809-0097,62c5814c-09e6-4583-874d-c3660ce3283f,Asad,180.0,0.0,0.0,180.0,180.0,0.0,cash,1,2026-08-09T12:57:39.841674+00:00,d1a9d265-720b-4de9-b90a-4d39a8b61d55,cash
2a2008f6-42f9-4bd8-9267-091d2a3b2029,ZIC-20260809-0098,62c5814c-09e6-4583-874d-c3660ce3283f,Asad,140.0,0.0,0.0,140.0,140.0,0.0,cash,2,2026-08-09T13:05:22.437114+00:00,d1a9d265-720b-4de9-b90a-4d39a8b61d55,cash
c451c9fe-5b5a-4e94-85b2-18222317ae54,ZIC-20260809-0099,62c5814c-09e6-4583-874d-c3660ce3283f,Asad,80.0,0.0,20.0,60.0,60.0,0.0,cash,2,2026-08-09T13:08:10.53407+00:00,d1a9d265-720b-4de9-b90a-4d39a8b61d55,cash
89f6d57f-ffed-4bdb-8dcd-54d158131a85,ZIC-20260809-0100,62c5814c-09e6-4583-874d-c3660ce3283f,Asad,240.0,0.0,0.0,240.0,240.0,0.0,cash,4,2026-08-09T13:10:39.629777+00:00,d1a9d265-720b-4de9-b90a-4d39a8b61d55,cash
f89f799a-defc-48eb-9ab8-649806223dcf,ZIC-20260809-0101,62c5814c-09e6-4583-874d-c3660ce3283f,Asad,35.0,0.0,0.0,35.0,35.0,0.0,cash,3,2026-08-09T13:12:08.193661+00:00,d1a9d265-720b-4de9-b90a-4d39a8b61d55,cash
abc1ae07-a91c-4aab-abd6-f692ce2be934,ZIC-20260809-0102,62c5814c-09e6-4583-874d-c3660ce3283f,Asad,60.0,0.0,0.0,60.0,60.0,0.0,cash,1,2026-08-09T13:20:31.422019+00:00,d1a9d265-720b-4de9-b90a-4d39a8b61d55,cash
6dcd36c7-4a6d-43d9-ad4b-5b1e2e1fe1c7,ZIC-20260809-0103,62c5814c-09e6-4583-874d-c3660ce3283f,Asad,30.0,0.0,0.0,30.0,30.0,0.0,cash,2,2026-08-09T13:25:25.599954+00:00,d1a9d265-720b-4de9-b90a-4d39a8b61d55,cash
dc0dad86-7994-4a74-b6fe-759e4bea85a0,ZIC-20260809-0104,62c5814c-09e6-4583-874d-c3660ce3283f,Asad,130.0,0.0,0.0,130.0,130.0,0.0,cash,10,2026-08-09T13:26:15.658871+00:00,d1a9d265-720b-4de9-b90a-4d39a8b61d55,cash
a0370d17-7a82-4320-b5c9-bd2dd738a09c,ZIC-20260809-0105,62c5814c-09e6-4583-874d-c3660ce3283f,Asad,250.0,0.0,0.0,250.0,250.0,0.0,cash,20,2026-08-09T13:30:39.325777+00:00,d1a9d265-720b-4de9-b90a-4d39a8b61d55,cash
bbe46495-d9f2-40d7-93d6-f704d91d454e,ZIC-20260809-0106,62c5814c-09e6-4583-874d-c3660ce3283f,Asad,100.0,0.0,0.0,100.0,100.0,0.0,cash,1,2026-08-09T13:31:32.349555+00:00,d1a9d265-720b-4de9-b90a-4d39a8b61d55,cash
9c60df02-b63b-4a33-b121-d07004ca3652,ZIC-20260809-0107,62c5814c-09e6-4583-874d-c3660ce3283f,Asad,50.0,0.0,0.0,50.0,50.0,0.0,cash,1,2026-08-09T13:31:51.693455+00:00,d1a9d265-720b-4de9-b90a-4d39a8b61d55,cash
dc9e978e-bfab-4fbb-8b9b-07189329735c,ZIC-20260809-0108,62c5814c-09e6-4583-874d-c3660ce3283f,Asad,300.0,0.0,0.0,300.0,300.0,0.0,cash,3,2026-08-09T13:32:53.553408+00:00,d1a9d265-720b-4de9-b90a-4d39a8b61d55,cash
ec64f36b-f980-42ed-9b4f-e9e6f879ef52,ZIC-20260809-0109,62c5814c-09e6-4583-874d-c3660ce3283f,Asad,15.0,0.0,0.0,15.0,15.0,0.0,cash,1,2026-08-09T13:34:17.344375+00:00,d1a9d265-720b-4de9-b90a-4d39a8b61d55,cash
3e4f9996-4620-4878-8b1b-eace5e0f2441,ZIC-20260809-0110,62c5814c-09e6-4583-874d-c3660ce3283f,Asad,30.0,0.0,0.0,30.0,30.0,0.0,cash,1,2026-08-09T13:38:55.971355+00:00,d1a9d265-720b-4de9-b90a-4d39a8b61d55,cash
58c7e2ce-93ab-4455-8cb8-ea0f86c5a64d,ZIC-20260809-0111,62c5814c-09e6-4583-874d-c3660ce3283f,Asad,190.0,0.0,0.0,190.0,190.0,0.0,cash,2,2026-08-09T13:41:34.095478+00:00,d1a9d265-720b-4de9-b90a-4d39a8b61d55,cash
7d462368-ac5a-427f-8d7d-a8b359fb0859,ZIC-20260809-0112,62c5814c-09e6-4583-874d-c3660ce3283f,Asad,60.0,0.0,20.0,40.0,40.0,0.0,cash,1,2026-08-09T13:47:19.87981+00:00,d1a9d265-720b-4de9-b90a-4d39a8b61d55,cash
89b9d2bb-7de0-4f24-b02e-aac6c125e3d1,ZIC-20260809-0113,62c5814c-09e6-4583-874d-c3660ce3283f,Asad,130.0,0.0,0.0,130.0,130.0,0.0,cash,1,2026-08-09T13:53:37.417617+00:00,d1a9d265-720b-4de9-b90a-4d39a8b61d55,cash
8db13f3f-af1f-4497-bdce-f61f6b822d05,ZIC-20260809-0114,62c5814c-09e6-4583-874d-c3660ce3283f,Asad,140.0,0.0,30.0,110.0,110.0,0.0,cash,1,2026-08-09T14:02:22.197887+00:00,d1a9d265-720b-4de9-b90a-4d39a8b61d55,cash
7d5aa746-0e20-4dc7-a9ac-a2fe370cf6cc,ZIC-20260809-0115,62c5814c-09e6-4583-874d-c3660ce3283f,Asad,10.0,0.0,0.0,10.0,10.0,0.0,cash,2,2026-08-09T14:03:04.143438+00:00,d1a9d265-720b-4de9-b90a-4d39a8b61d55,cash
5083c537-4533-457e-8b8f-58074004980b,ZIC-20260809-0116,62c5814c-09e6-4583-874d-c3660ce3283f,Asad,45.0,0.0,0.0,45.0,45.0,0.0,cash,3,2026-08-09T14:05:17.27895+00:00,d1a9d265-720b-4de9-b90a-4d39a8b61d55,cash
05e1400f-9067-4493-a3a0-2d7f0da51f91,ZIC-20260809-0117,62c5814c-09e6-4583-874d-c3660ce3283f,Asad,120.0,0.0,0.0,120.0,120.0,0.0,cash,3,2026-08-09T14:08:49.421873+00:00,d1a9d265-720b-4de9-b90a-4d39a8b61d55,cash
0f769884-021a-43ad-bb66-6e51497a19e8,ZIC-20260809-0118,62c5814c-09e6-4583-874d-c3660ce3283f,Asad,40.0,0.0,10.0,30.0,30.0,0.0,cash,1,2026-08-09T14:11:02.909197+00:00,d1a9d265-720b-4de9-b90a-4d39a8b61d55,cash
d454933f-de44-45b3-8e4b-8b578c121165,ZIC-20260809-0119,62c5814c-09e6-4583-874d-c3660ce3283f,Asad,50.0,0.0,0.0,50.0,50.0,0.0,cash,4,2026-08-09T14:15:40.2035+00:00,d1a9d265-720b-4de9-b90a-4d39a8b61d55,cash
32eea15e-01a5-4ba3-ba7c-37409c994e89,ZIC-20260809-0120,62c5814c-09e6-4583-874d-c3660ce3283f,Asad,10.0,0.0,0.0,10.0,10.0,0.0,cash,2,2026-08-09T14:16:11.00856+00:00,d1a9d265-720b-4de9-b90a-4d39a8b61d55,cash
d22fb702-cc20-4945-9827-169a71730dd2,ZIC-20260809-0121,62c5814c-09e6-4583-874d-c3660ce3283f,Asad,50.0,0.0,0.0,50.0,50.0,0.0,cash,4,2026-08-09T14:18:39.744762+00:00,d1a9d265-720b-4de9-b90a-4d39a8b61d55,cash
3d05202e-3007-4ea6-a7b7-eec448442955,ZIC-20260809-0122,62c5814c-09e6-4583-874d-c3660ce3283f,Asad,500.0,0.0,0.0,500.0,500.0,0.0,cash,20,2026-08-09T14:20:50.753186+00:00,d1a9d265-720b-4de9-b90a-4d39a8b61d55,cash
24da8f4d-08a5-4a29-9bf7-d4e260445668,ZIC-20260809-0123,62c5814c-09e6-4583-874d-c3660ce3283f,Asad,345.0,0.0,0.0,345.0,345.0,0.0,cash,9,2026-08-09T14:25:53.903442+00:00,d1a9d265-720b-4de9-b90a-4d39a8b61d55,cash
289ab27d-217d-4f0a-9501-6c5c911a2651,ZIC-20260809-0124,62c5814c-09e6-4583-874d-c3660ce3283f,Asad,40.0,0.0,0.0,40.0,40.0,0.0,cash,4,2026-08-09T14:26:45.44808+00:00,d1a9d265-720b-4de9-b90a-4d39a8b61d55,cash
944c4b42-6f6e-4be2-8401-df20f7dec15c,ZIC-20260809-0125,62c5814c-09e6-4583-874d-c3660ce3283f,Asad,20.0,0.0,0.0,20.0,20.0,0.0,cash,1,2026-08-09T14:27:10.050889+00:00,d1a9d265-720b-4de9-b90a-4d39a8b61d55,cash
b781acfc-9e8e-4c99-a5df-29846939b40e,ZIC-20260809-0126,62c5814c-09e6-4583-874d-c3660ce3283f,Asad,330.0,0.0,260.0,70.0,70.0,0.0,cash,1,2026-08-09T14:57:25.209585+00:00,d1a9d265-720b-4de9-b90a-4d39a8b61d55,cash
a0f53f16-d82f-4736-b285-8dbea0359369,ZIC-20260809-0127,62c5814c-09e6-4583-874d-c3660ce3283f,Asad,10.0,0.0,0.0,10.0,10.0,0.0,cash,1,2026-08-09T15:01:27.770983+00:00,d1a9d265-720b-4de9-b90a-4d39a8b61d55,cash
a70afb9b-407a-4f76-aa21-f08885984e3f,ZIC-20260809-0128,62c5814c-09e6-4583-874d-c3660ce3283f,Asad,50.0,0.0,0.0,50.0,50.0,0.0,cash,4,2026-08-09T15:02:13.904134+00:00,d1a9d265-720b-4de9-b90a-4d39a8b61d55,cash
fd586644-a3c4-46b7-a096-ab1ff34e6342,ZIC-20260809-0129,62c5814c-09e6-4583-874d-c3660ce3283f,Asad,300.0,0.0,0.0,300.0,300.0,0.0,cash,2,2026-08-09T15:04:17.472384+00:00,d1a9d265-720b-4de9-b90a-4d39a8b61d55,cash
d9731b37-5c66-4db3-9404-0195ca49ca30,ZIC-20260809-0130,62c5814c-09e6-4583-874d-c3660ce3283f,Asad,240.0,0.0,60.0,180.0,180.0,0.0,cash,12,2026-08-09T15:10:07.385489+00:00,d1a9d265-720b-4de9-b90a-4d39a8b61d55,cash
d90aa230-c3e3-4c58-9025-adb4d94b58dd,ZIC-20260809-0131,62c5814c-09e6-4583-874d-c3660ce3283f,Asad,210.0,0.0,0.0,210.0,210.0,0.0,cash,2,2026-08-09T15:17:19.573563+00:00,d1a9d265-720b-4de9-b90a-4d39a8b61d55,cash
0c707e1d-5285-4d53-b1e0-f8ec457af6d5,ZIC-20260809-0132,f686d4d0-3678-467e-9535-3d5f1309c328,Cashier 1,280.0,0.0,30.0,250.0,250.0,0.0,cash,7,2026-08-09T15:28:31.199219+00:00,378c0cf7-54f0-4fc9-ad6d-8e0ecf185bfb,cash
a6ae85a3-0a6e-468f-a023-16bb311a3e08,ZIC-20260809-0133,f686d4d0-3678-467e-9535-3d5f1309c328,Cashier 1,50.0,0.0,0.0,50.0,50.0,0.0,cash,3,2026-08-09T15:50:17.313331+00:00,378c0cf7-54f0-4fc9-ad6d-8e0ecf185bfb,cash
a2ac1775-acde-412a-b05f-0c9482ee10e1,ZIC-20260809-0134,f686d4d0-3678-467e-9535-3d5f1309c328,Cashier 1,20.0,0.0,0.0,20.0,20.0,0.0,cash,1,2026-08-09T15:57:19.162765+00:00,378c0cf7-54f0-4fc9-ad6d-8e0ecf185bfb,cash
dee4f58b-8636-471a-bf2d-a1ecef840c0e,ZIC-20260809-0135,f686d4d0-3678-467e-9535-3d5f1309c328,Cashier 1,60.0,0.0,0.0,60.0,60.0,0.0,cash,4,2026-08-09T16:01:19.041943+00:00,378c0cf7-54f0-4fc9-ad6d-8e0ecf185bfb,cash
2923cf37-51bb-44b9-9216-7ca38a87f7f0,ZIC-20260809-0136,f686d4d0-3678-467e-9535-3d5f1309c328,Cashier 1,30.0,0.0,0.0,30.0,30.0,0.0,cash,2,2026-08-09T16:02:59.650955+00:00,378c0cf7-54f0-4fc9-ad6d-8e0ecf185bfb,cash
992146f9-a3fb-463c-8b0a-e08641bb626e,ZIC-20260809-0137,f686d4d0-3678-467e-9535-3d5f1309c328,Cashier 1,300.0,0.0,0.0,300.0,300.0,0.0,cash,1,2026-08-09T16:14:36.751868+00:00,378c0cf7-54f0-4fc9-ad6d-8e0ecf185bfb,cash
dab94de8-8279-4a73-b483-4750e82e223b,ZIC-20260809-0138,f686d4d0-3678-467e-9535-3d5f1309c328,Cashier 1,60.0,0.0,0.0,60.0,60.0,0.0,cash,2,2026-08-09T16:14:50.514394+00:00,378c0cf7-54f0-4fc9-ad6d-8e0ecf185bfb,cash
87e1bd7b-1f7a-4563-a093-2cb0c37c2642,ZIC-20260809-0139,f686d4d0-3678-467e-9535-3d5f1309c328,Cashier 1,210.0,0.0,0.0,210.0,210.0,0.0,cash,1,2026-08-09T16:32:30.828571+00:00,378c0cf7-54f0-4fc9-ad6d-8e0ecf185bfb,cash
041fd76e-5545-4b57-934f-f2f438a678a4,ZIC-20260809-0140,f686d4d0-3678-467e-9535-3d5f1309c328,Cashier 1,40.0,0.0,0.0,40.0,40.0,0.0,cash,5,2026-08-09T16:33:49.501563+00:00,378c0cf7-54f0-4fc9-ad6d-8e0ecf185bfb,cash
6bd7103f-bff3-4923-a72e-f93d9b3a7f3d,ZIC-20260809-0141,f686d4d0-3678-467e-9535-3d5f1309c328,Cashier 1,120.0,0.0,0.0,120.0,120.0,0.0,cash,1,2026-08-09T16:35:11.175222+00:00,378c0cf7-54f0-4fc9-ad6d-8e0ecf185bfb,cash
5396a4b7-4672-4f87-ba33-1a3b4968a610,ZIC-20260809-0142,f686d4d0-3678-467e-9535-3d5f1309c328,Cashier 1,30.0,0.0,0.0,30.0,30.0,0.0,cash,2,2026-08-09T16:41:31.734659+00:00,378c0cf7-54f0-4fc9-ad6d-8e0ecf185bfb,cash
ab23989a-a5b5-4345-afb8-d6bffe84288e,ZIC-20260809-0143,f686d4d0-3678-467e-9535-3d5f1309c328,Cashier 1,150.0,0.0,0.0,150.0,150.0,0.0,cash,12,2026-08-09T17:00:51.481072+00:00,378c0cf7-54f0-4fc9-ad6d-8e0ecf185bfb,cash
8c3ec456-6ea3-42f5-930c-3dc8fa031a18,ZIC-20260809-0144,f686d4d0-3678-467e-9535-3d5f1309c328,Cashier 1,250.0,0.0,0.0,250.0,250.0,0.0,cash,2,2026-08-09T17:08:07.282908+00:00,378c0cf7-54f0-4fc9-ad6d-8e0ecf185bfb,cash
3e18c5c2-488a-4862-94a3-fda88807c4f6,ZIC-20260809-0145,f686d4d0-3678-467e-9535-3d5f1309c328,Cashier 1,30.0,0.0,0.0,30.0,30.0,0.0,cash,1,2026-08-09T17:14:32.05906+00:00,378c0cf7-54f0-4fc9-ad6d-8e0ecf185bfb,cash
2cc5f81f-fff4-48f9-aea3-086d7bcfee96,ZIC-20260809-0146,f686d4d0-3678-467e-9535-3d5f1309c328,Cashier 1,30.0,0.0,0.0,30.0,30.0,0.0,cash,1,2026-08-09T17:17:14.321091+00:00,378c0cf7-54f0-4fc9-ad6d-8e0ecf185bfb,cash
b25aff8e-6f7e-4221-adfa-ea2e45e7b593,ZIC-20260809-0147,f686d4d0-3678-467e-9535-3d5f1309c328,Cashier 1,220.0,0.0,0.0,220.0,220.0,0.0,cash,3,2026-08-09T17:30:52.254019+00:00,378c0cf7-54f0-4fc9-ad6d-8e0ecf185bfb,cash
8a32cef9-b056-4a89-aac2-e664c641df42,ZIC-20260809-0148,f686d4d0-3678-467e-9535-3d5f1309c328,Cashier 1,250.0,0.0,0.0,250.0,250.0,0.0,cash,20,2026-08-09T17:36:15.933335+00:00,378c0cf7-54f0-4fc9-ad6d-8e0ecf185bfb,cash
37ec520d-1bdc-4185-a5de-a45d48b32d3f,ZIC-20260809-0149,f686d4d0-3678-467e-9535-3d5f1309c328,Cashier 1,100.0,0.0,0.0,100.0,100.0,0.0,cash,3,2026-08-09T18:05:25.015244+00:00,378c0cf7-54f0-4fc9-ad6d-8e0ecf185bfb,cash
bf541ba5-b085-4da3-8299-562c492cee94,ZIC-20260809-0150,f686d4d0-3678-467e-9535-3d5f1309c328,Cashier 1,190.0,0.0,0.0,190.0,190.0,0.0,cash,4,2026-08-09T18:14:03.602995+00:00,378c0cf7-54f0-4fc9-ad6d-8e0ecf185bfb,cash
1cbcbac9-22b2-4fae-81f2-9a01b9e307ae,ZIC-20260809-0151,f686d4d0-3678-467e-9535-3d5f1309c328,Cashier 1,70.0,0.0,0.0,70.0,70.0,0.0,easypasa,2,2026-08-09T18:14:27.128101+00:00,378c0cf7-54f0-4fc9-ad6d-8e0ecf185bfb,cash
40450c13-cdbd-4e45-bf54-327567ad71e8,ZIC-20260809-0152,f686d4d0-3678-467e-9535-3d5f1309c328,Cashier 1,130.0,0.0,0.0,130.0,130.0,0.0,cash,1,2026-08-09T18:19:58.29907+00:00,378c0cf7-54f0-4fc9-ad6d-8e0ecf185bfb,cash
48df84b6-d4f1-4000-8124-5cd11ecd63e5,ZIC-20260809-0153,f686d4d0-3678-467e-9535-3d5f1309c328,Cashier 1,90.0,0.0,0.0,90.0,90.0,0.0,cash,3,2026-08-09T18:28:20.798258+00:00,378c0cf7-54f0-4fc9-ad6d-8e0ecf185bfb,cash
34c4cb74-dcfd-4f3a-a854-644099952a79,ZIC-20260809-0154,f686d4d0-3678-467e-9535-3d5f1309c328,Cashier 1,240.0,0.0,0.0,240.0,240.0,0.0,easypasa,2,2026-08-09T18:33:42.218421+00:00,378c0cf7-54f0-4fc9-ad6d-8e0ecf185bfb,cash
cd197e88-90c7-4b41-9377-751249c851b0,ZIC-20260809-0155,f686d4d0-3678-467e-9535-3d5f1309c328,Cashier 1,220.0,0.0,0.0,220.0,220.0,0.0,card,1,2026-08-09T18:35:36.719092+00:00,378c0cf7-54f0-4fc9-ad6d-8e0ecf185bfb,card
b577e300-fc35-4cca-b28d-e2605206aa0c,ZIC-20260809-0156,f686d4d0-3678-467e-9535-3d5f1309c328,Cashier 1,220.0,0.0,0.0,220.0,220.0,0.0,easypasa,3,2026-08-09T18:39:01.493226+00:00,378c0cf7-54f0-4fc9-ad6d-8e0ecf185bfb,cash
f9b4b84e-4d34-4ba7-bb39-5121c9b42b8c,ZIC-20260809-0157,f686d4d0-3678-467e-9535-3d5f1309c328,Cashier 1,150.0,0.0,0.0,150.0,150.0,0.0,cash,1,2026-08-09T18:42:22.023805+00:00,378c0cf7-54f0-4fc9-ad6d-8e0ecf185bfb,cash
bb6bb0b1-5c40-4f02-9ac7-d2562bb12b42,ZIC-20260809-0158,f686d4d0-3678-467e-9535-3d5f1309c328,Cashier 1,180.0,0.0,0.0,180.0,180.0,0.0,cash,3,2026-08-09T18:58:21.811566+00:00,378c0cf7-54f0-4fc9-ad6d-8e0ecf185bfb,cash
1d8bbef4-b994-427e-9afc-5215535d5f80,ZIC-20260809-0159,f686d4d0-3678-467e-9535-3d5f1309c328,Cashier 1,740.0,0.0,0.0,740.0,740.0,0.0,cash,12,2026-08-09T19:00:29.208609+00:00,378c0cf7-54f0-4fc9-ad6d-8e0ecf185bfb,cash
97430878-634c-4f44-822a-93597ffa6ec6,ZIC-20260809-0160,f686d4d0-3678-467e-9535-3d5f1309c328,Cashier 1,250.0,0.0,0.0,250.0,250.0,0.0,cash,1,2026-08-09T19:14:52.573415+00:00,378c0cf7-54f0-4fc9-ad6d-8e0ecf185bfb,cash
7482e64b-a6aa-4ebe-82f0-50514666cbe3,ZIC-20260809-0161,f686d4d0-3678-467e-9535-3d5f1309c328,Cashier 1,220.0,0.0,0.0,220.0,220.0,0.0,cash,1,2026-08-09T19:17:44.353614+00:00,378c0cf7-54f0-4fc9-ad6d-8e0ecf185bfb,cash
ef449dd3-107c-4b6f-abbc-f8a9f0a534bb,ZIC-20260809-0162,f686d4d0-3678-467e-9535-3d5f1309c328,Cashier 1,60.0,0.0,0.0,60.0,60.0,0.0,cash,2,2026-08-09T19:17:54.582429+00:00,378c0cf7-54f0-4fc9-ad6d-8e0ecf185bfb,cash
5e475526-9d76-48f1-b624-b6cb62ff1ce4,ZIC-20260809-0163,f686d4d0-3678-467e-9535-3d5f1309c328,Cashier 1,210.0,0.0,0.0,210.0,210.0,0.0,cash,1,2026-08-09T19:19:59.973836+00:00,378c0cf7-54f0-4fc9-ad6d-8e0ecf185bfb,cash
5880ba61-72a3-429a-a294-6a08eac1de40,ZIC-20260809-0164,f686d4d0-3678-467e-9535-3d5f1309c328,Cashier 1,660.0,0.0,0.0,660.0,660.0,0.0,easypasa,5,2026-08-09T19:43:37.394419+00:00,378c0cf7-54f0-4fc9-ad6d-8e0ecf185bfb,cash
0f3531c8-2131-424f-a30c-c9c2985e7025,ZIC-20260809-0165,f686d4d0-3678-467e-9535-3d5f1309c328,Cashier 1,710.0,0.0,0.0,710.0,710.0,0.0,cash,12,2026-08-09T19:50:48.092854+00:00,378c0cf7-54f0-4fc9-ad6d-8e0ecf185bfb,cash
d3d9a3fd-18d8-4d41-bdcc-93c617cc38cb,ZIC-20260809-0166,f686d4d0-3678-467e-9535-3d5f1309c328,Cashier 1,140.0,0.0,0.0,140.0,140.0,0.0,easypasa,2,2026-08-09T19:52:45.694021+00:00,378c0cf7-54f0-4fc9-ad6d-8e0ecf185bfb,cash
86744bc8-cbbd-4c7d-9b3d-3003f428e5d8,ZIC-20260809-0167,f686d4d0-3678-467e-9535-3d5f1309c328,Cashier 1,270.0,0.0,0.0,270.0,270.0,0.0,cash,20,2026-08-09T19:58:04.148644+00:00,378c0cf7-54f0-4fc9-ad6d-8e0ecf185bfb,cash
c839135c-2037-4bea-883d-e30b11b3e612,ZIC-20260809-0168,f686d4d0-3678-467e-9535-3d5f1309c328,Cashier 1,250.0,0.0,0.0,250.0,250.0,0.0,cash,1,2026-08-09T20:22:51.625575+00:00,378c0cf7-54f0-4fc9-ad6d-8e0ecf185bfb,cash
b6d70b4d-4b70-4d35-9247-7f64e98daa3b,ZIC-20260809-0169,f686d4d0-3678-467e-9535-3d5f1309c328,Cashier 1,180.0,0.0,0.0,180.0,180.0,0.0,cash,12,2026-08-09T20:44:23.768071+00:00,378c0cf7-54f0-4fc9-ad6d-8e0ecf185bfb,cash
f0fd3236-f077-43d4-993c-9c003c67b506,ZIC-20260809-0170,f686d4d0-3678-467e-9535-3d5f1309c328,Cashier 1,50.0,0.0,0.0,50.0,50.0,0.0,cash,5,2026-08-09T21:01:11.907397+00:00,378c0cf7-54f0-4fc9-ad6d-8e0ecf185bfb,cash
b8331ef7-7b8c-4223-89a2-52e30644f580,ZIC-20260809-0171,f686d4d0-3678-467e-9535-3d5f1309c328,Cashier 1,700.0,0.0,0.0,700.0,700.0,0.0,cash,9,2026-08-09T21:10:01.305256+00:00,378c0cf7-54f0-4fc9-ad6d-8e0ecf185bfb,cash
aeebe6cb-f9c1-4478-8870-f3d2a948cb26,ZIC-20260809-0172,f686d4d0-3678-467e-9535-3d5f1309c328,Cashier 1,200.0,0.0,0.0,200.0,200.0,0.0,cash,1,2026-08-09T21:19:50.866639+00:00,378c0cf7-54f0-4fc9-ad6d-8e0ecf185bfb,cash
e6ed9733-eca7-4ed4-b629-290908c0c16f,ZIC-20260809-0173,f686d4d0-3678-467e-9535-3d5f1309c328,Cashier 1,800.0,0.0,0.0,800.0,800.0,0.0,easypasa,22,2026-08-09T21:33:08.6179+00:00,378c0cf7-54f0-4fc9-ad6d-8e0ecf185bfb,cash
cc2bbe2c-4755-4ef9-a06e-ed441762c151,ZIC-20260809-0174,f686d4d0-3678-467e-9535-3d5f1309c328,Cashier 1,200.0,0.0,0.0,200.0,200.0,0.0,cash,4,2026-08-09T22:12:22.862739+00:00,378c0cf7-54f0-4fc9-ad6d-8e0ecf185bfb,cash
95c5e67f-6692-4475-ab62-ed1e484f774e,ZIC-20260809-0175,f686d4d0-3678-467e-9535-3d5f1309c328,Cashier 1,250.0,0.0,0.0,250.0,250.0,0.0,cash,1,2026-08-09T22:22:57.428301+00:00,378c0cf7-54f0-4fc9-ad6d-8e0ecf185bfb,cash
c3e8a401-40c6-45e5-bbaa-597a10223843,ZIC-20260809-0176,f686d4d0-3678-467e-9535-3d5f1309c328,Cashier 1,2620.0,0.0,0.0,2620.0,2620.0,0.0,cash,56,2026-08-09T22:31:50.592425+00:00,378c0cf7-54f0-4fc9-ad6d-8e0ecf185bfb,cash
677b0f71-5c28-487f-922a-1708a744b753,ZIC-20260809-0177,f686d4d0-3678-467e-9535-3d5f1309c328,Cashier 1,150.0,0.0,0.0,150.0,150.0,0.0,easypasa,5,2026-08-09T22:34:24.809522+00:00,378c0cf7-54f0-4fc9-ad6d-8e0ecf185bfb,cash
b962fafc-505a-4f1d-aaea-6c55f9f3df9d,ZIC-20260809-0178,f686d4d0-3678-467e-9535-3d5f1309c328,Cashier 1,410.0,0.0,0.0,410.0,410.0,0.0,cash,2,2026-08-09T23:01:14.408975+00:00,378c0cf7-54f0-4fc9-ad6d-8e0ecf185bfb,cash
459734ff-80f8-4716-ab52-007d975397af,ZIC-20260809-0179,f686d4d0-3678-467e-9535-3d5f1309c328,Cashier 1,50.0,0.0,0.0,50.0,50.0,0.0,cash,3,2026-08-09T23:21:03.988694+00:00,378c0cf7-54f0-4fc9-ad6d-8e0ecf185bfb,cash
3f59568f-ff7f-4fa0-976b-4ba30d71d49a,ZIC-20260809-0180,f686d4d0-3678-467e-9535-3d5f1309c328,Cashier 1,460.0,0.0,0.0,460.0,460.0,0.0,cash,19,2026-08-09T23:58:11.147956+00:00,378c0cf7-54f0-4fc9-ad6d-8e0ecf185bfb,cash
b2b114f3-f6e2-43bf-9f9c-05cdfe7b761f,ZIC-20260810-0001,f686d4d0-3678-467e-9535-3d5f1309c328,Cashier 1,20.0,0.0,0.0,20.0,20.0,0.0,cash,4,2026-08-10T00:42:40.243445+00:00,378c0cf7-54f0-4fc9-ad6d-8e0ecf185bfb,cash
365f0598-e7e6-454e-929a-43bdb795cc56,ZIC-20260810-0002,f686d4d0-3678-467e-9535-3d5f1309c328,Cashier 1,20.0,0.0,0.0,20.0,20.0,0.0,cash,1,2026-08-10T01:16:41.536328+00:00,378c0cf7-54f0-4fc9-ad6d-8e0ecf185bfb,cash
8cec51f4-49dd-4a6d-900b-77a63d8f0dd4,ZIC-20260810-0003,f686d4d0-3678-467e-9535-3d5f1309c328,Cashier 1,30.0,0.0,0.0,30.0,30.0,0.0,cash,2,2026-08-10T02:09:29.456599+00:00,378c0cf7-54f0-4fc9-ad6d-8e0ecf185bfb,cash
b3fdb212-0f1a-4331-a916-a67349e45e82,ZIC-20260810-0004,f686d4d0-3678-467e-9535-3d5f1309c328,Cashier 1,120.0,0.0,0.0,120.0,120.0,0.0,cash,2,2026-08-10T02:39:54.251537+00:00,378c0cf7-54f0-4fc9-ad6d-8e0ecf185bfb,cash
a7a27da8-76a6-4fc0-86af-6936e6c9c6ef,ZIC-20260810-0005,f686d4d0-3678-467e-9535-3d5f1309c328,Cashier 1,290.0,0.0,0.0,290.0,290.0,0.0,cash,21,2026-08-10T03:01:11.747643+00:00,378c0cf7-54f0-4fc9-ad6d-8e0ecf185bfb,cash
166a038a-f320-4454-b305-716c43369973,ZIC-20260810-0006,f686d4d0-3678-467e-9535-3d5f1309c328,Cashier 1,20.0,0.0,0.0,20.0,20.0,0.0,cash,2,2026-08-10T03:12:31.226138+00:00,378c0cf7-54f0-4fc9-ad6d-8e0ecf185bfb,cash
6c74d7df-aaeb-4c78-a280-07cd0591d5d7,ZIC-20260810-0007,f686d4d0-3678-467e-9535-3d5f1309c328,Cashier 1,10.0,0.0,0.0,10.0,10.0,0.0,cash,2,2026-08-10T03:16:06.588327+00:00,378c0cf7-54f0-4fc9-ad6d-8e0ecf185bfb,cash
a9771463-c8b8-4e47-9d26-b981e633983a,ZIC-20260810-0008,f686d4d0-3678-467e-9535-3d5f1309c328,Cashier 1,20.0,0.0,0.0,20.0,20.0,0.0,cash,4,2026-08-10T03:36:37.019135+00:00,378c0cf7-54f0-4fc9-ad6d-8e0ecf185bfb,cash
66997bff-79e0-4851-b17a-449b39a2d434,ZIC-20260810-0009,f686d4d0-3678-467e-9535-3d5f1309c328,Cashier 1,40.0,0.0,0.0,40.0,40.0,0.0,cash,3,2026-08-10T03:53:32.630835+00:00,378c0cf7-54f0-4fc9-ad6d-8e0ecf185bfb,cash
19c340dc-b8c4-40ed-b9b7-c09db61ebabf,ZIC-20260810-0010,f686d4d0-3678-467e-9535-3d5f1309c328,Cashier 1,22.5,0.0,0.0,22.5,22.5,0.0,cash,1,2026-08-10T04:02:58.208589+00:00,378c0cf7-54f0-4fc9-ad6d-8e0ecf185bfb,cash
c980c176-1b98-4262-a227-34c8d8e3d810,ZIC-20260810-0011,62c5814c-09e6-4583-874d-c3660ce3283f,Asad,60.0,0.0,0.0,60.0,60.0,0.0,cash,7,2026-08-10T04:08:20.008511+00:00,2c77dba6-84d4-4d77-876b-b539d5aebb1c,cash
7e17f093-5647-4651-9ed0-b2de2bbbfff0,ZIC-20260810-0012,62c5814c-09e6-4583-874d-c3660ce3283f,Asad,300.0,0.0,30.0,270.0,270.0,0.0,cash,3,2026-08-10T04:37:10.033687+00:00,2c77dba6-84d4-4d77-876b-b539d5aebb1c,cash
29e4953e-7aa7-44fe-8c7f-8322411057e6,ZIC-20260810-0013,62c5814c-09e6-4583-874d-c3660ce3283f,Asad,10.0,0.0,0.0,10.0,10.0,0.0,cash,2,2026-08-10T04:37:40.173725+00:00,2c77dba6-84d4-4d77-876b-b539d5aebb1c,cash
e26aeadf-eed8-48f9-83db-912a7a2437f7,ZIC-20260810-0014,62c5814c-09e6-4583-874d-c3660ce3283f,Asad,50.0,0.0,0.0,50.0,50.0,0.0,cash,1,2026-08-10T04:38:56.062343+00:00,2c77dba6-84d4-4d77-876b-b539d5aebb1c,cash
7a898805-639a-482c-82dd-d604110be85f,ZIC-20260810-0015,62c5814c-09e6-4583-874d-c3660ce3283f,Asad,60.0,0.0,0.0,60.0,60.0,0.0,cash,1,2026-08-10T04:42:27.177959+00:00,2c77dba6-84d4-4d77-876b-b539d5aebb1c,cash
0fccd4b3-fcb1-41b9-b1ca-c0bc5ae6f0e3,ZIC-20260810-0016,62c5814c-09e6-4583-874d-c3660ce3283f,Asad,370.0,0.0,0.0,370.0,370.0,0.0,cash,11,2026-08-10T04:52:09.827133+00:00,2c77dba6-84d4-4d77-876b-b539d5aebb1c,cash
68b6c6fa-b589-468b-ac5b-edddc0e1f397,ZIC-20260810-0017,62c5814c-09e6-4583-874d-c3660ce3283f,Asad,210.0,0.0,0.0,210.0,210.0,0.0,cash,1,2026-08-10T04:53:43.786399+00:00,2c77dba6-84d4-4d77-876b-b539d5aebb1c,cash
48aa048c-59d6-4055-afbf-7855fb7a9d0b,ZIC-20260810-0018,62c5814c-09e6-4583-874d-c3660ce3283f,Asad,60.0,0.0,10.0,50.0,50.0,0.0,cash,2,2026-08-10T05:09:37.810106+00:00,2c77dba6-84d4-4d77-876b-b539d5aebb1c,cash
1069e96b-5cc4-492e-bf56-e676714da174,ZIC-20260810-0019,62c5814c-09e6-4583-874d-c3660ce3283f,Asad,50.0,0.0,0.0,50.0,50.0,0.0,cash,2,2026-08-10T05:30:46.314513+00:00,2c77dba6-84d4-4d77-876b-b539d5aebb1c,cash
fd640493-5513-4915-a686-0c6660d67dd0,ZIC-20260810-0020,62c5814c-09e6-4583-874d-c3660ce3283f,Asad,60.0,0.0,0.0,60.0,60.0,0.0,cash,2,2026-08-10T05:31:38.435608+00:00,2c77dba6-84d4-4d77-876b-b539d5aebb1c,cash
ddde2c5e-468e-4252-8174-4e3d4a221e17,ZIC-20260810-0021,62c5814c-09e6-4583-874d-c3660ce3283f,Asad,250.0,0.0,0.0,250.0,250.0,0.0,cash,20,2026-08-10T05:33:33.07647+00:00,2c77dba6-84d4-4d77-876b-b539d5aebb1c,cash
9755f6b6-b85d-47a3-bd16-f651e10f0566,ZIC-20260810-0022,62c5814c-09e6-4583-874d-c3660ce3283f,Asad,20.0,0.0,0.0,20.0,20.0,0.0,cash,4,2026-08-10T05:34:23.38412+00:00,2c77dba6-84d4-4d77-876b-b539d5aebb1c,cash
d833effd-0f28-4511-8a49-e40db7eec601,ZIC-20260810-0023,62c5814c-09e6-4583-874d-c3660ce3283f,Asad,60.0,0.0,0.0,60.0,60.0,0.0,cash,3,2026-08-10T05:35:54.268866+00:00,2c77dba6-84d4-4d77-876b-b539d5aebb1c,cash
d3db91fc-2757-4c0e-8b40-6b355bb02219,ZIC-20260810-0024,62c5814c-09e6-4583-874d-c3660ce3283f,Asad,30.0,0.0,0.0,30.0,30.0,0.0,cash,1,2026-08-10T06:15:15.215604+00:00,2c77dba6-84d4-4d77-876b-b539d5aebb1c,cash
b3f9b407-84c8-44e2-86b1-b63f00d63631,ZIC-20260810-0025,62c5814c-09e6-4583-874d-c3660ce3283f,Asad,60.0,0.0,0.0,60.0,60.0,0.0,cash,3,2026-08-10T06:31:47.265874+00:00,2c77dba6-84d4-4d77-876b-b539d5aebb1c,cash
b50bbc58-ed4a-44ae-9c76-7bfd4db3bb12,ZIC-20260810-0026,62c5814c-09e6-4583-874d-c3660ce3283f,Asad,210.0,0.0,0.0,210.0,210.0,0.0,cash,2,2026-08-10T06:32:57.328942+00:00,2c77dba6-84d4-4d77-876b-b539d5aebb1c,cash
870287a0-5997-4e11-8e3f-089de87097b8,ZIC-20260810-0027,62c5814c-09e6-4583-874d-c3660ce3283f,Asad,30.0,0.0,0.0,30.0,30.0,0.0,cash,3,2026-08-10T06:50:25.27662+00:00,2c77dba6-84d4-4d77-876b-b539d5aebb1c,cash
68cad696-cc7c-4bb5-9883-af80758ef6f9,ZIC-20260810-0028,62c5814c-09e6-4583-874d-c3660ce3283f,Asad,180.0,0.0,0.0,180.0,180.0,0.0,cash,2,2026-08-10T07:03:58.173316+00:00,2c77dba6-84d4-4d77-876b-b539d5aebb1c,cash
68d6b5e9-cdad-4fc2-aeb1-f247927f08fa,ZIC-20260810-0029,62c5814c-09e6-4583-874d-c3660ce3283f,Asad,30.0,0.0,0.0,30.0,30.0,0.0,cash,6,2026-08-10T07:27:10.634109+00:00,2c77dba6-84d4-4d77-876b-b539d5aebb1c,cash
a929c19d-1a3e-49da-a520-b78551307d0a,ZIC-20260810-0030,62c5814c-09e6-4583-874d-c3660ce3283f,Asad,100.0,0.0,0.0,100.0,100.0,0.0,cash,1,2026-08-10T07:33:03.066051+00:00,2c77dba6-84d4-4d77-876b-b539d5aebb1c,cash
063b4283-aa48-416c-94a2-89eff91893cd,ZIC-20260810-0031,62c5814c-09e6-4583-874d-c3660ce3283f,Asad,220.0,0.0,0.0,220.0,220.0,0.0,cash,3,2026-08-10T07:36:07.685473+00:00,2c77dba6-84d4-4d77-876b-b539d5aebb1c,cash
96e068aa-74c4-4351-8661-14eed4426878,ZIC-20260810-0032,62c5814c-09e6-4583-874d-c3660ce3283f,Asad,50.0,0.0,0.0,50.0,50.0,0.0,cash,1,2026-08-10T07:37:19.2092+00:00,2c77dba6-84d4-4d77-876b-b539d5aebb1c,cash
9dd281e4-96e8-4740-b724-e109fc276994,ZIC-20260810-0033,62c5814c-09e6-4583-874d-c3660ce3283f,Asad,40.0,0.0,0.0,40.0,40.0,0.0,cash,3,2026-08-10T07:37:56.055913+00:00,2c77dba6-84d4-4d77-876b-b539d5aebb1c,cash
aaa57593-8637-47dd-a7c4-97960bc3aa3e,ZIC-20260810-0034,62c5814c-09e6-4583-874d-c3660ce3283f,Asad,10.0,0.0,0.0,10.0,10.0,0.0,cash,2,2026-08-10T07:40:08.355017+00:00,2c77dba6-84d4-4d77-876b-b539d5aebb1c,cash
ef147ab4-dd9a-4ff2-acec-11cf1216fd27,ZIC-20260810-0035,62c5814c-09e6-4583-874d-c3660ce3283f,Asad,10.0,0.0,0.0,10.0,10.0,0.0,cash,2,2026-08-10T07:41:12.015465+00:00,2c77dba6-84d4-4d77-876b-b539d5aebb1c,cash
53bd2d9a-5a7f-4113-b43a-30cf78dfdf94,ZIC-20260810-0036,62c5814c-09e6-4583-874d-c3660ce3283f,Asad,10.0,0.0,0.0,10.0,10.0,0.0,cash,2,2026-08-10T07:41:50.691917+00:00,2c77dba6-84d4-4d77-876b-b539d5aebb1c,cash
95fcff04-5554-476f-adc9-d59a84aa9e95,ZIC-20260810-0037,62c5814c-09e6-4583-874d-c3660ce3283f,Asad,45.0,0.0,0.0,45.0,45.0,0.0,cash,3,2026-08-10T07:50:38.281539+00:00,2c77dba6-84d4-4d77-876b-b539d5aebb1c,cash
4a0584b6-5628-4709-8c52-2f1d4a35e087,ZIC-20260810-0038,62c5814c-09e6-4583-874d-c3660ce3283f,Asad,60.0,0.0,0.0,60.0,60.0,0.0,cash,1,2026-08-10T07:51:38.982477+00:00,2c77dba6-84d4-4d77-876b-b539d5aebb1c,cash
dbdc7bfa-4626-4b96-8295-21d963957b5e,ZIC-20260810-0039,62c5814c-09e6-4583-874d-c3660ce3283f,Asad,490.0,0.0,0.0,490.0,490.0,0.0,cash,6,2026-08-10T07:54:51.697968+00:00,2c77dba6-84d4-4d77-876b-b539d5aebb1c,cash
4af5bd68-3390-4584-b6b6-a92968e63b1e,ZIC-20260810-0040,62c5814c-09e6-4583-874d-c3660ce3283f,Asad,50.0,0.0,0.0,50.0,50.0,0.0,cash,3,2026-08-10T07:55:12.105273+00:00,2c77dba6-84d4-4d77-876b-b539d5aebb1c,cash
39910428-4438-40d4-a076-04f52d764aa8,ZIC-20260810-0041,62c5814c-09e6-4583-874d-c3660ce3283f,Asad,140.0,0.0,0.0,140.0,140.0,0.0,cash,1,2026-08-10T08:10:25.121097+00:00,2c77dba6-84d4-4d77-876b-b539d5aebb1c,cash
6d7fe112-5501-48c4-9d34-647edbcdbfc5,ZIC-20260810-0042,62c5814c-09e6-4583-874d-c3660ce3283f,Asad,60.0,0.0,0.0,60.0,60.0,0.0,cash,3,2026-08-10T08:12:16.633396+00:00,2c77dba6-84d4-4d77-876b-b539d5aebb1c,cash
1d17b479-b30f-4f2e-9d6e-f91a8d8a8acb,ZIC-20260810-0043,62c5814c-09e6-4583-874d-c3660ce3283f,Asad,20.0,0.0,0.0,20.0,20.0,0.0,cash,2,2026-08-10T08:21:59.445586+00:00,2c77dba6-84d4-4d77-876b-b539d5aebb1c,cash
0ef0b798-7c1c-4d24-b881-1645ead3449e,ZIC-20260810-0044,62c5814c-09e6-4583-874d-c3660ce3283f,Asad,80.0,0.0,0.0,80.0,80.0,0.0,easypasa,2,2026-08-10T08:29:39.155985+00:00,2c77dba6-84d4-4d77-876b-b539d5aebb1c,cash
2930ef32-95a2-45bf-aebf-11513585bcfd,ZIC-20260810-0045,62c5814c-09e6-4583-874d-c3660ce3283f,Asad,20.0,0.0,0.0,20.0,20.0,0.0,cash,1,2026-08-10T08:44:47.606751+00:00,2c77dba6-84d4-4d77-876b-b539d5aebb1c,cash
39e6297c-f2a9-4a77-a67d-2be8a88f3b3c,ZIC-20260810-0046,62c5814c-09e6-4583-874d-c3660ce3283f,Asad,140.0,0.0,0.0,140.0,140.0,0.0,cash,1,2026-08-10T08:47:15.255761+00:00,2c77dba6-84d4-4d77-876b-b539d5aebb1c,cash
3470a079-0122-4424-86e3-8128c32e86e2,ZIC-20260810-0047,62c5814c-09e6-4583-874d-c3660ce3283f,Asad,10.0,0.0,0.0,10.0,10.0,0.0,cash,1,2026-08-10T08:51:57.376455+00:00,2c77dba6-84d4-4d77-876b-b539d5aebb1c,cash
7c00e0e8-1b8f-429b-9521-9e77bc57b038,ZIC-20260810-0048,62c5814c-09e6-4583-874d-c3660ce3283f,Asad,50.0,0.0,0.0,50.0,50.0,0.0,cash,1,2026-08-10T08:54:45.460275+00:00,2c77dba6-84d4-4d77-876b-b539d5aebb1c,cash
de2c52e9-d6d9-4729-8376-98a63bbcd1ca,ZIC-20260810-0049,62c5814c-09e6-4583-874d-c3660ce3283f,Asad,15.0,0.0,0.0,15.0,15.0,0.0,cash,1,2026-08-10T08:56:49.76886+00:00,2c77dba6-84d4-4d77-876b-b539d5aebb1c,cash
702947de-3751-442f-a7f7-a0a329089ef8,ZIC-20260810-0050,62c5814c-09e6-4583-874d-c3660ce3283f,Asad,260.0,0.0,20.0,240.0,240.0,0.0,cash,5,2026-08-10T09:04:45.765341+00:00,2c77dba6-84d4-4d77-876b-b539d5aebb1c,cash
32aae952-0eab-4dc6-955a-8b7a6856b804,ZIC-20260810-0051,62c5814c-09e6-4583-874d-c3660ce3283f,Asad,1050.0,0.0,0.0,1050.0,1050.0,0.0,cash,22,2026-08-10T09:06:30.752025+00:00,2c77dba6-84d4-4d77-876b-b539d5aebb1c,cash
b617ead0-06fd-4f44-a594-42991cf4b123,ZIC-20260810-0052,62c5814c-09e6-4583-874d-c3660ce3283f,Asad,260.0,0.0,0.0,260.0,260.0,0.0,cash,4,2026-08-10T09:12:52.868283+00:00,2c77dba6-84d4-4d77-876b-b539d5aebb1c,cash
155580a4-eb93-4f1c-92ca-ba941bbae361,ZIC-20260810-0053,62c5814c-09e6-4583-874d-c3660ce3283f,Asad,250.0,0.0,0.0,250.0,250.0,0.0,cash,20,2026-08-10T09:18:52.364028+00:00,2c77dba6-84d4-4d77-876b-b539d5aebb1c,cash
e6653075-0cf3-42a5-b0df-09f648a60fda,ZIC-20260810-0054,62c5814c-09e6-4583-874d-c3660ce3283f,Asad,440.0,0.0,0.0,440.0,440.0,0.0,cash,6,2026-08-10T09:26:23.751422+00:00,2c77dba6-84d4-4d77-876b-b539d5aebb1c,cash
d5158b6b-7c89-42d5-98fe-4cce8295df53,ZIC-20260810-0055,62c5814c-09e6-4583-874d-c3660ce3283f,Asad,90.0,0.0,0.0,90.0,90.0,0.0,cash,4,2026-08-10T09:30:08.934957+00:00,2c77dba6-84d4-4d77-876b-b539d5aebb1c,cash
df4f8d5f-955c-4e50-ab89-7f096a3cc7f8,ZIC-20260810-0056,62c5814c-09e6-4583-874d-c3660ce3283f,Asad,200.0,0.0,0.0,200.0,200.0,0.0,cash,15,2026-08-10T09:36:23.353453+00:00,2c77dba6-84d4-4d77-876b-b539d5aebb1c,cash
e8cf219f-dc06-4b03-8b33-382789a95320,ZIC-20260810-0057,62c5814c-09e6-4583-874d-c3660ce3283f,Asad,360.0,0.0,0.0,360.0,360.0,0.0,cash,3,2026-08-10T09:51:21.005891+00:00,2c77dba6-84d4-4d77-876b-b539d5aebb1c,cash
0b423b6e-8f4b-4af2-a43f-13c7b367c30a,ZIC-20260810-0058,62c5814c-09e6-4583-874d-c3660ce3283f,Asad,45.0,0.0,0.0,45.0,45.0,0.0,cash,3,2026-08-10T09:58:56.912984+00:00,2c77dba6-84d4-4d77-876b-b539d5aebb1c,cash
182e4983-fec1-48b1-8b00-2679362fe630,ZIC-20260810-0059,62c5814c-09e6-4583-874d-c3660ce3283f,Asad,30.0,0.0,0.0,30.0,30.0,0.0,cash,2,2026-08-10T10:01:59.096601+00:00,2c77dba6-84d4-4d77-876b-b539d5aebb1c,cash
a43c36fc-be2a-43b7-9224-8795868c5afc,ZIC-20260810-0060,62c5814c-09e6-4583-874d-c3660ce3283f,Asad,140.0,0.0,0.0,140.0,140.0,0.0,cash,4,2026-08-10T10:07:18.780623+00:00,2c77dba6-84d4-4d77-876b-b539d5aebb1c,cash
ca388a80-732d-4a8a-b70b-1fe590f49381,ZIC-20260810-0061,62c5814c-09e6-4583-874d-c3660ce3283f,Asad,200.0,0.0,0.0,200.0,200.0,0.0,cash,4,2026-08-10T10:08:46.685892+00:00,2c77dba6-84d4-4d77-876b-b539d5aebb1c,cash
ac1c0f70-0f16-469d-a82a-4faf3dc3175d,ZIC-20260810-0062,62c5814c-09e6-4583-874d-c3660ce3283f,Asad,50.0,0.0,0.0,50.0,50.0,0.0,cash,5,2026-08-10T10:11:34.215555+00:00,2c77dba6-84d4-4d77-876b-b539d5aebb1c,cash
580c9124-dbba-488d-b63c-8560c2058744,ZIC-20260810-0063,62c5814c-09e6-4583-874d-c3660ce3283f,Asad,125.0,0.0,0.0,125.0,125.0,0.0,cash,3,2026-08-10T10:16:58.76966+00:00,2c77dba6-84d4-4d77-876b-b539d5aebb1c,cash
c7bd8e6a-a845-40de-b11d-7dde574fb813,ZIC-20260810-0064,62c5814c-09e6-4583-874d-c3660ce3283f,Asad,20.0,0.0,0.0,20.0,20.0,0.0,cash,2,2026-08-10T10:17:15.857135+00:00,2c77dba6-84d4-4d77-876b-b539d5aebb1c,cash
00220c4a-967d-4d98-8f1b-7040afa04d1a,ZIC-20260810-0065,62c5814c-09e6-4583-874d-c3660ce3283f,Asad,80.0,0.0,0.0,80.0,80.0,0.0,cash,1,2026-08-10T10:17:40.59242+00:00,2c77dba6-84d4-4d77-876b-b539d5aebb1c,cash
01b247d9-1a3c-4afd-8406-3fd783eed089,ZIC-20260810-0066,62c5814c-09e6-4583-874d-c3660ce3283f,Asad,30.0,0.0,0.0,30.0,30.0,0.0,cash,2,2026-08-10T10:23:40.888164+00:00,2c77dba6-84d4-4d77-876b-b539d5aebb1c,cash
cd2d5e62-d563-44d0-8d86-be347c7cb950,ZIC-20260810-0067,62c5814c-09e6-4583-874d-c3660ce3283f,Asad,120.0,0.0,0.0,120.0,120.0,0.0,cash,3,2026-08-10T10:31:30.554802+00:00,2c77dba6-84d4-4d77-876b-b539d5aebb1c,cash
4e58415a-801c-4848-8280-dafda9e97a5e,ZIC-20260810-0068,62c5814c-09e6-4583-874d-c3660ce3283f,Asad,20.0,0.0,0.0,20.0,20.0,0.0,cash,2,2026-08-10T10:35:33.960992+00:00,2c77dba6-84d4-4d77-876b-b539d5aebb1c,cash
fc15150a-f8fc-461d-a930-e9501847cf2a,ZIC-20260810-0069,62c5814c-09e6-4583-874d-c3660ce3283f,Asad,40.0,0.0,0.0,40.0,40.0,0.0,cash,1,2026-08-10T10:52:24.156141+00:00,2c77dba6-84d4-4d77-876b-b539d5aebb1c,cash
7c236d0f-5705-4dd9-be6f-b14d0705847f,ZIC-20260810-0070,62c5814c-09e6-4583-874d-c3660ce3283f,Asad,160.0,0.0,0.0,160.0,160.0,0.0,cash,2,2026-08-10T11:02:47.178878+00:00,2c77dba6-84d4-4d77-876b-b539d5aebb1c,cash
17d0abce-bb62-4b52-bc9f-c4481c93b3bd,ZIC-20260810-0071,62c5814c-09e6-4583-874d-c3660ce3283f,Asad,295.0,0.0,0.0,295.0,295.0,0.0,cash,3,2026-08-10T11:03:54.370954+00:00,2c77dba6-84d4-4d77-876b-b539d5aebb1c,cash
513874fc-7519-4371-9375-5082c260b142,ZIC-20260810-0072,62c5814c-09e6-4583-874d-c3660ce3283f,Asad,30.0,0.0,0.0,30.0,30.0,0.0,cash,2,2026-08-10T11:06:10.14275+00:00,2c77dba6-84d4-4d77-876b-b539d5aebb1c,cash
523822ac-fcdb-450d-86c7-7004db464ae4,ZIC-20260810-0073,62c5814c-09e6-4583-874d-c3660ce3283f,Asad,20.0,0.0,0.0,20.0,20.0,0.0,cash,2,2026-08-10T11:08:19.512568+00:00,2c77dba6-84d4-4d77-876b-b539d5aebb1c,cash
742a55fe-0d5c-4ab5-9507-2bae4d786109,ZIC-20260810-0074,62c5814c-09e6-4583-874d-c3660ce3283f,Asad,30.0,0.0,0.0,30.0,30.0,0.0,cash,1,2026-08-10T11:11:14.475708+00:00,2c77dba6-84d4-4d77-876b-b539d5aebb1c,cash
ee2801a2-effd-4e7b-af61-5a549e136bff,ZIC-20260810-0075,62c5814c-09e6-4583-874d-c3660ce3283f,Asad,310.0,0.0,0.0,310.0,310.0,0.0,cash,6,2026-08-10T11:18:46.483247+00:00,2c77dba6-84d4-4d77-876b-b539d5aebb1c,cash
d82d046a-16a6-4130-a74a-650db7cca671,ZIC-20260810-0076,62c5814c-09e6-4583-874d-c3660ce3283f,Asad,60.0,0.0,0.0,60.0,60.0,0.0,cash,1,2026-08-10T11:19:04.213022+00:00,2c77dba6-84d4-4d77-876b-b539d5aebb1c,cash
4241e6b9-633a-4f56-8677-886e9d00708c,ZIC-20260810-0077,62c5814c-09e6-4583-874d-c3660ce3283f,Asad,280.0,0.0,0.0,280.0,280.0,0.0,cash,2,2026-08-10T11:19:32.553608+00:00,2c77dba6-84d4-4d77-876b-b539d5aebb1c,cash
8cb74147-6ad5-4d68-8740-a9699103713d,ZIC-20260810-0078,62c5814c-09e6-4583-874d-c3660ce3283f,Asad,230.0,0.0,0.0,230.0,230.0,0.0,cash,5,2026-08-10T11:20:19.130674+00:00,2c77dba6-84d4-4d77-876b-b539d5aebb1c,cash
da1b1e0f-30b6-4e75-b274-d375c4ea5784,ZIC-20260810-0079,62c5814c-09e6-4583-874d-c3660ce3283f,Asad,150.0,0.0,0.0,150.0,150.0,0.0,cash,2,2026-08-10T11:42:48.616663+00:00,2c77dba6-84d4-4d77-876b-b539d5aebb1c,cash
f9e0871c-2110-45a8-97b7-417e0e34232a,ZIC-20260810-0080,62c5814c-09e6-4583-874d-c3660ce3283f,Asad,110.0,0.0,40.0,70.0,70.0,0.0,cash,1,2026-08-10T11:43:35.851241+00:00,2c77dba6-84d4-4d77-876b-b539d5aebb1c,cash
fc7a3a3d-14a4-4ec7-b885-2cc0f5caa965,ZIC-20260810-0081,62c5814c-09e6-4583-874d-c3660ce3283f,Asad,250.0,0.0,90.0,160.0,160.0,0.0,cash,1,2026-08-10T11:51:24.891911+00:00,2c77dba6-84d4-4d77-876b-b539d5aebb1c,cash
aff022ff-b9be-4d11-9387-501edd3d451d,ZIC-20260810-0082,62c5814c-09e6-4583-874d-c3660ce3283f,Asad,110.0,0.0,0.0,110.0,110.0,0.0,cash,2,2026-08-10T11:55:14.078666+00:00,2c77dba6-84d4-4d77-876b-b539d5aebb1c,cash
5ee609fe-0d6e-47bc-b03d-bdfa94666f2b,ZIC-20260810-0083,62c5814c-09e6-4583-874d-c3660ce3283f,Asad,100.0,0.0,0.0,100.0,100.0,0.0,cash,2,2026-08-10T11:56:08.660379+00:00,2c77dba6-84d4-4d77-876b-b539d5aebb1c,cash
660f7752-903b-49c4-8ded-c24add88fab3,ZIC-20260810-0084,62c5814c-09e6-4583-874d-c3660ce3283f,Asad,50.0,0.0,0.0,50.0,50.0,0.0,cash,4,2026-08-10T12:02:14.809026+00:00,2c77dba6-84d4-4d77-876b-b539d5aebb1c,cash
56b4feaa-339c-4631-879d-2c78c9888c77,ZIC-20260810-0085,62c5814c-09e6-4583-874d-c3660ce3283f,Asad,100.0,0.0,0.0,100.0,100.0,0.0,cash,8,2026-08-10T12:27:06.016137+00:00,2c77dba6-84d4-4d77-876b-b539d5aebb1c,cash
5c657b3c-21b4-48a8-8ee5-463fe43a8896,ZIC-20260810-0086,62c5814c-09e6-4583-874d-c3660ce3283f,Asad,40.0,0.0,0.0,40.0,40.0,0.0,cash,3,2026-08-10T12:30:08.399672+00:00,2c77dba6-84d4-4d77-876b-b539d5aebb1c,cash
ed177f1a-3eac-4eb5-9045-5646ef84c2e5,ZIC-20260810-0087,62c5814c-09e6-4583-874d-c3660ce3283f,Asad,50.0,0.0,0.0,50.0,50.0,0.0,cash,1,2026-08-10T12:30:25.804722+00:00,2c77dba6-84d4-4d77-876b-b539d5aebb1c,cash
f4b65e1f-6234-43b9-826e-ae333d3a7bd9,ZIC-20260810-0088,62c5814c-09e6-4583-874d-c3660ce3283f,Asad,200.0,0.0,0.0,200.0,200.0,0.0,cash,1,2026-08-10T12:41:55.808158+00:00,2c77dba6-84d4-4d77-876b-b539d5aebb1c,cash
a9303266-9a76-4ecc-80e1-2f0013817aec,ZIC-20260810-0089,62c5814c-09e6-4583-874d-c3660ce3283f,Asad,390.0,0.0,0.0,390.0,390.0,0.0,cash,18,2026-08-10T12:44:06.416032+00:00,2c77dba6-84d4-4d77-876b-b539d5aebb1c,cash
73bd2322-3803-4041-8ba4-e629f2c221c0,ZIC-20260810-0090,62c5814c-09e6-4583-874d-c3660ce3283f,Asad,210.0,0.0,0.0,210.0,210.0,0.0,cash,6,2026-08-10T12:46:01.730989+00:00,2c77dba6-84d4-4d77-876b-b539d5aebb1c,cash
0e996f3d-e297-4c03-990c-b255db730c04,ZIC-20260810-0091,62c5814c-09e6-4583-874d-c3660ce3283f,Asad,140.0,0.0,0.0,140.0,140.0,0.0,cash,2,2026-08-10T12:52:50.06745+00:00,2c77dba6-84d4-4d77-876b-b539d5aebb1c,cash
219ca0da-6759-49ef-a7c0-a20caddac54d,ZIC-20260810-0092,62c5814c-09e6-4583-874d-c3660ce3283f,Asad,160.0,0.0,0.0,160.0,160.0,0.0,cash,1,2026-08-10T12:53:14.564003+00:00,2c77dba6-84d4-4d77-876b-b539d5aebb1c,cash
335d01f7-947a-4cbd-93b9-4975fdfda1f9,ZIC-20260810-0093,62c5814c-09e6-4583-874d-c3660ce3283f,Asad,30.0,0.0,0.0,30.0,30.0,0.0,cash,5,2026-08-10T12:55:19.098286+00:00,2c77dba6-84d4-4d77-876b-b539d5aebb1c,cash
b8f4d584-8ea8-4887-a0ef-02b929ba6709,ZIC-20260810-0094,62c5814c-09e6-4583-874d-c3660ce3283f,Asad,60.0,0.0,0.0,60.0,60.0,0.0,cash,1,2026-08-10T12:56:14.322213+00:00,2c77dba6-84d4-4d77-876b-b539d5aebb1c,cash
e06029c5-93e7-4087-9f3e-ebbd05dcbb09,ZIC-20260810-0095,62c5814c-09e6-4583-874d-c3660ce3283f,Asad,30.0,0.0,0.0,30.0,30.0,0.0,cash,2,2026-08-10T12:57:06.923055+00:00,2c77dba6-84d4-4d77-876b-b539d5aebb1c,cash
59e27ee5-f918-4b1e-80df-e6076bac41b1,ZIC-20260810-0096,62c5814c-09e6-4583-874d-c3660ce3283f,Asad,10.0,0.0,0.0,10.0,10.0,0.0,cash,1,2026-08-10T13:02:43.930527+00:00,2c77dba6-84d4-4d77-876b-b539d5aebb1c,cash
a34643b2-7c1a-4a37-95d0-d9426308dcf9,ZIC-20260810-0097,62c5814c-09e6-4583-874d-c3660ce3283f,Asad,50.0,0.0,0.0,50.0,50.0,0.0,cash,1,2026-08-10T13:11:28.366265+00:00,2c77dba6-84d4-4d77-876b-b539d5aebb1c,cash
9216ddfb-db10-4701-bc11-fc399e4fe41a,ZIC-20260810-0098,62c5814c-09e6-4583-874d-c3660ce3283f,Asad,100.0,0.0,0.0,100.0,100.0,0.0,cash,1,2026-08-10T13:21:53.079918+00:00,2c77dba6-84d4-4d77-876b-b539d5aebb1c,cash
ec3a7ccf-cc88-4761-a4a7-bae3c156e384,ZIC-20260810-0099,62c5814c-09e6-4583-874d-c3660ce3283f,Asad,210.0,0.0,0.0,210.0,210.0,0.0,cash,2,2026-08-10T13:31:53.785812+00:00,2c77dba6-84d4-4d77-876b-b539d5aebb1c,cash
76371df8-6930-46ca-9b8e-ad69b061d1ea,ZIC-20260810-0100,62c5814c-09e6-4583-874d-c3660ce3283f,Asad,180.0,0.0,0.0,180.0,180.0,0.0,cash,2,2026-08-10T13:35:54.131732+00:00,2c77dba6-84d4-4d77-876b-b539d5aebb1c,cash
881e34a4-21b7-4437-ab5d-21002ad5e1c6,ZIC-20260810-0101,62c5814c-09e6-4583-874d-c3660ce3283f,Asad,40.0,0.0,0.0,40.0,40.0,0.0,cash,2,2026-08-10T13:48:26.607528+00:00,2c77dba6-84d4-4d77-876b-b539d5aebb1c,cash
59a9387d-129d-40ce-9cea-b90b34091b21,ZIC-20260810-0102,62c5814c-09e6-4583-874d-c3660ce3283f,Asad,175.0,0.0,0.0,175.0,175.0,0.0,cash,5,2026-08-10T14:21:09.880229+00:00,2c77dba6-84d4-4d77-876b-b539d5aebb1c,cash
6dfbb7e3-0232-4042-b836-4a3520ce605b,ZIC-20260810-0103,62c5814c-09e6-4583-874d-c3660ce3283f,Asad,45.0,0.0,0.0,45.0,45.0,0.0,cash,3,2026-08-10T14:21:21.35811+00:00,2c77dba6-84d4-4d77-876b-b539d5aebb1c,cash
ab598fa5-e845-40bc-8ca3-1f7aa3926a49,ZIC-20260810-0104,62c5814c-09e6-4583-874d-c3660ce3283f,Asad,45.0,0.0,0.0,45.0,45.0,0.0,cash,3,2026-08-10T14:21:40.290057+00:00,2c77dba6-84d4-4d77-876b-b539d5aebb1c,cash
9fd4361b-7cc1-460b-8f4f-25a204032298,ZIC-20260810-0105,62c5814c-09e6-4583-874d-c3660ce3283f,Asad,20.0,0.0,0.0,20.0,20.0,0.0,cash,2,2026-08-10T14:22:08.60444+00:00,2c77dba6-84d4-4d77-876b-b539d5aebb1c,cash
940e0aa0-c251-4d48-aa6f-091feeef8214,ZIC-20260810-0106,62c5814c-09e6-4583-874d-c3660ce3283f,Asad,180.0,0.0,0.0,180.0,180.0,0.0,cash,2,2026-08-10T14:22:50.779701+00:00,2c77dba6-84d4-4d77-876b-b539d5aebb1c,cash
b1b2ba4f-0eb8-47d1-9580-a705f3e4d4f8,ZIC-20260810-0107,62c5814c-09e6-4583-874d-c3660ce3283f,Asad,240.0,0.0,0.0,240.0,240.0,0.0,cash,3,2026-08-10T14:43:50.436502+00:00,2c77dba6-84d4-4d77-876b-b539d5aebb1c,cash
a9838641-5157-4a88-bdfc-b8c6b365cd42,ZIC-20260810-0108,62c5814c-09e6-4583-874d-c3660ce3283f,Asad,20.0,0.0,0.0,20.0,20.0,0.0,cash,2,2026-08-10T14:45:31.465632+00:00,2c77dba6-84d4-4d77-876b-b539d5aebb1c,cash
60cb7917-2e09-449a-abdb-d4dc97a57cd1,ZIC-20260810-0109,62c5814c-09e6-4583-874d-c3660ce3283f,Asad,10.0,0.0,0.0,10.0,10.0,0.0,cash,2,2026-08-10T14:46:09.313102+00:00,2c77dba6-84d4-4d77-876b-b539d5aebb1c,cash
c27fd1bd-9f8f-4ce9-aaa7-3d60d6a2addf,ZIC-20260810-0110,62c5814c-09e6-4583-874d-c3660ce3283f,Asad,650.0,0.0,0.0,650.0,650.0,0.0,cash,15,2026-08-10T14:57:01.946421+00:00,2c77dba6-84d4-4d77-876b-b539d5aebb1c,cash
07282a8e-7b9d-48f9-b193-a9e7545ffc27,ZIC-20260810-0111,62c5814c-09e6-4583-874d-c3660ce3283f,Asad,240.0,0.0,0.0,240.0,240.0,0.0,cash,3,2026-08-10T15:05:46.501594+00:00,2c77dba6-84d4-4d77-876b-b539d5aebb1c,cash
0ca6be09-aa96-43af-9dc8-549d419fa20b,ZIC-20260810-0112,62c5814c-09e6-4583-874d-c3660ce3283f,Asad,150.0,0.0,110.0,40.0,40.0,0.0,cash,1,2026-08-10T15:06:28.036256+00:00,2c77dba6-84d4-4d77-876b-b539d5aebb1c,cash
250e21bb-2818-4d32-bbc3-9e9b1de5523a,ZIC-20260810-0113,62c5814c-09e6-4583-874d-c3660ce3283f,Asad,120.0,0.0,0.0,120.0,120.0,0.0,cash,4,2026-08-10T15:10:49.042403+00:00,2c77dba6-84d4-4d77-876b-b539d5aebb1c,cash
5c815757-d3fb-4417-bc79-8010bad58449,ZIC-20260810-0114,62c5814c-09e6-4583-874d-c3660ce3283f,Asad,190.0,0.0,0.0,190.0,190.0,0.0,cash,2,2026-08-10T15:11:57.509437+00:00,2c77dba6-84d4-4d77-876b-b539d5aebb1c,cash
4a01cae5-7e62-4df8-8b05-87c670ca1382,ZIC-20260810-0115,62c5814c-09e6-4583-874d-c3660ce3283f,Asad,170.0,0.0,10.0,160.0,160.0,0.0,cash,3,2026-08-10T15:12:41.454682+00:00,2c77dba6-84d4-4d77-876b-b539d5aebb1c,cash
a79554c7-7996-4f06-912d-b9d2f7116221,ZIC-20260810-0116,62c5814c-09e6-4583-874d-c3660ce3283f,Asad,110.0,0.0,0.0,110.0,110.0,0.0,cash,2,2026-08-10T15:18:43.859563+00:00,2c77dba6-84d4-4d77-876b-b539d5aebb1c,cash
5aa1b6f1-3b88-4550-828c-28c4ca92b548,ZIC-20260810-0117,f686d4d0-3678-467e-9535-3d5f1309c328,Cashier 1,60.0,0.0,0.0,60.0,60.0,0.0,cash,1,2026-08-10T15:28:14.244663+00:00,1eac2cd8-9143-470f-9174-536ba0534d2d,cash
73203dad-f526-4cb9-b682-620e9ddd847c,ZIC-20260810-0118,f686d4d0-3678-467e-9535-3d5f1309c328,Cashier 1,100.0,0.0,0.0,100.0,100.0,0.0,cash,3,2026-08-10T15:29:03.170456+00:00,1eac2cd8-9143-470f-9174-536ba0534d2d,cash
16479925-3cca-4486-9b11-c8f683514be7,ZIC-20260810-0119,f686d4d0-3678-467e-9535-3d5f1309c328,Cashier 1,500.0,0.0,0.0,500.0,500.0,0.0,cash,6,2026-08-10T15:34:37.456737+00:00,1eac2cd8-9143-470f-9174-536ba0534d2d,cash
48b876a6-3ae1-4d67-8c84-8244a0eefa0a,ZIC-20260810-0120,f686d4d0-3678-467e-9535-3d5f1309c328,Cashier 1,50.0,0.0,0.0,50.0,50.0,0.0,cash,4,2026-08-10T15:34:59.66563+00:00,1eac2cd8-9143-470f-9174-536ba0534d2d,cash
82ee91f3-1f1e-4952-8f3f-721676eb3b75,ZIC-20260810-0121,f686d4d0-3678-467e-9535-3d5f1309c328,Cashier 1,150.0,0.0,0.0,150.0,150.0,0.0,cash,2,2026-08-10T15:38:19.86331+00:00,1eac2cd8-9143-470f-9174-536ba0534d2d,cash
b0ff6485-8882-4086-8d6d-023b65715fb9,ZIC-20260810-0122,f686d4d0-3678-467e-9535-3d5f1309c328,Cashier 1,10.0,0.0,0.0,10.0,10.0,0.0,cash,1,2026-08-10T15:47:40.921397+00:00,1eac2cd8-9143-470f-9174-536ba0534d2d,cash
bcd2295c-0b9c-421c-994b-5d14c2f44e00,ZIC-20260810-0123,f686d4d0-3678-467e-9535-3d5f1309c328,Cashier 1,150.0,0.0,0.0,150.0,150.0,0.0,cash,4,2026-08-10T15:55:48.88964+00:00,1eac2cd8-9143-470f-9174-536ba0534d2d,cash
bbdfe49b-ba26-405f-8e0a-4290c287cf55,ZIC-20260810-0124,f686d4d0-3678-467e-9535-3d5f1309c328,Cashier 1,130.0,0.0,0.0,130.0,130.0,0.0,cash,1,2026-08-10T16:04:52.45702+00:00,1eac2cd8-9143-470f-9174-536ba0534d2d,cash
8da31854-a7cf-4ebd-846b-fa11f7ab03ca,ZIC-20260810-0125,f686d4d0-3678-467e-9535-3d5f1309c328,Cashier 1,175.0,0.0,0.0,175.0,175.0,0.0,card,1,2026-08-10T16:08:15.384511+00:00,1eac2cd8-9143-470f-9174-536ba0534d2d,card
f3fadd17-775f-477e-ae3c-1ff6ef7826b2,ZIC-20260810-0126,f686d4d0-3678-467e-9535-3d5f1309c328,Cashier 1,180.0,0.0,0.0,180.0,500.0,320.0,cash,6,2026-08-10T16:10:00.115637+00:00,1eac2cd8-9143-470f-9174-536ba0534d2d,cash
addb4b8f-8b8d-4889-9c0f-35f98967a8ab,ZIC-20260810-0127,f686d4d0-3678-467e-9535-3d5f1309c328,Cashier 1,110.0,0.0,0.0,110.0,110.0,0.0,cash,7,2026-08-10T16:12:33.291791+00:00,1eac2cd8-9143-470f-9174-536ba0534d2d,cash
81dc26e8-7e57-4c6b-84a1-8f16ad738835,ZIC-20260810-0128,f686d4d0-3678-467e-9535-3d5f1309c328,Cashier 1,230.0,0.0,0.0,230.0,230.0,0.0,cash,5,2026-08-10T16:13:01.169589+00:00,1eac2cd8-9143-470f-9174-536ba0534d2d,cash
1631b497-af04-4cc0-9143-5003693ced64,ZIC-20260810-0129,f686d4d0-3678-467e-9535-3d5f1309c328,Cashier 1,170.0,0.0,0.0,170.0,170.0,0.0,cash,4,2026-08-10T16:24:07.729824+00:00,1eac2cd8-9143-470f-9174-536ba0534d2d,cash
891cba83-95c5-4639-84e1-ac06f65a49ef,ZIC-20260810-0130,f686d4d0-3678-467e-9535-3d5f1309c328,Cashier 1,120.0,0.0,0.0,120.0,120.0,0.0,cash,4,2026-08-10T16:24:59.803382+00:00,1eac2cd8-9143-470f-9174-536ba0534d2d,cash
730e95a0-90b8-4a71-b6a8-d46220610779,ZIC-20260810-0131,f686d4d0-3678-467e-9535-3d5f1309c328,Cashier 1,650.0,0.0,10.0,640.0,640.0,0.0,cash,6,2026-08-10T16:27:51.953607+00:00,1eac2cd8-9143-470f-9174-536ba0534d2d,cash
e5429978-c557-4011-9a8a-3f44463e650d,ZIC-20260810-0132,f686d4d0-3678-467e-9535-3d5f1309c328,Cashier 1,300.0,0.0,0.0,300.0,300.0,0.0,cash,3,2026-08-10T16:29:30.328957+00:00,1eac2cd8-9143-470f-9174-536ba0534d2d,cash
9c312073-fd2d-4987-ab95-747d0ea3dbab,ZIC-20260810-0133,f686d4d0-3678-467e-9535-3d5f1309c328,Cashier 1,80.0,0.0,0.0,80.0,80.0,0.0,cash,6,2026-08-10T16:30:54.051241+00:00,1eac2cd8-9143-470f-9174-536ba0534d2d,cash
229f65d5-ade7-4772-84ff-24d797be4f04,ZIC-20260810-0134,f686d4d0-3678-467e-9535-3d5f1309c328,Cashier 1,150.0,0.0,0.0,150.0,150.0,0.0,cash,12,2026-08-10T16:32:47.365272+00:00,1eac2cd8-9143-470f-9174-536ba0534d2d,cash
d38c2fee-f8f5-4d8e-852b-634145e99bf8,ZIC-20260810-0135,f686d4d0-3678-467e-9535-3d5f1309c328,Cashier 1,20.0,0.0,0.0,20.0,20.0,0.0,cash,2,2026-08-10T16:38:06.896589+00:00,1eac2cd8-9143-470f-9174-536ba0534d2d,cash
16349ff4-84b3-4835-b0d5-4f902b24af90,ZIC-20260810-0136,f686d4d0-3678-467e-9535-3d5f1309c328,Cashier 1,60.0,0.0,0.0,60.0,60.0,0.0,cash,6,2026-08-10T16:42:46.593105+00:00,1eac2cd8-9143-470f-9174-536ba0534d2d,cash
b48f79c9-952f-4216-a767-9ff255f2cabd,ZIC-20260810-0137,f686d4d0-3678-467e-9535-3d5f1309c328,Cashier 1,80.0,0.0,0.0,80.0,80.0,0.0,cash,1,2026-08-10T16:49:08.793818+00:00,1eac2cd8-9143-470f-9174-536ba0534d2d,cash
a3c4a63b-9e11-4777-a75c-949d6b5b466b,ZIC-20260810-0138,f686d4d0-3678-467e-9535-3d5f1309c328,Cashier 1,650.0,0.0,0.0,650.0,650.0,0.0,cash,11,2026-08-10T16:54:25.486544+00:00,1eac2cd8-9143-470f-9174-536ba0534d2d,cash
db1b7110-fe09-403f-952c-7c383ebf30df,ZIC-20260810-0139,f686d4d0-3678-467e-9535-3d5f1309c328,Cashier 1,3670.0,0.0,670.0,3000.0,3000.0,0.0,cash,36,2026-08-10T17:04:31.877512+00:00,1eac2cd8-9143-470f-9174-536ba0534d2d,cash
2c66909c-0e2c-4608-a7af-5d0d0cb5e337,ZIC-20260810-0140,f686d4d0-3678-467e-9535-3d5f1309c328,Cashier 1,50.0,0.0,0.0,50.0,50.0,0.0,cash,1,2026-08-10T17:11:23.039651+00:00,1eac2cd8-9143-470f-9174-536ba0534d2d,cash
6d9e69aa-9d40-4682-aac5-ca02e0139b22,ZIC-20260810-0141,f686d4d0-3678-467e-9535-3d5f1309c328,Cashier 1,30.0,0.0,0.0,30.0,30.0,0.0,cash,1,2026-08-10T17:11:46.469109+00:00,1eac2cd8-9143-470f-9174-536ba0534d2d,cash
d4e1a2dc-0887-4bdc-badb-ccd42abf814b,ZIC-20260810-0142,f686d4d0-3678-467e-9535-3d5f1309c328,Cashier 1,80.0,0.0,0.0,80.0,80.0,0.0,cash,2,2026-08-10T17:16:14.845348+00:00,1eac2cd8-9143-470f-9174-536ba0534d2d,cash
42488fa6-64f0-47c6-b75c-7bc78d95fa70,ZIC-20260810-0143,f686d4d0-3678-467e-9535-3d5f1309c328,Cashier 1,140.0,0.0,0.0,140.0,140.0,0.0,cash,1,2026-08-10T17:16:39.694453+00:00,1eac2cd8-9143-470f-9174-536ba0534d2d,cash
46026a3c-08be-407d-9f29-9889d65f3bc6,ZIC-20260810-0144,f686d4d0-3678-467e-9535-3d5f1309c328,Cashier 1,60.0,0.0,0.0,60.0,60.0,0.0,cash,2,2026-08-10T17:26:54.503234+00:00,1eac2cd8-9143-470f-9174-536ba0534d2d,cash
0fce34c8-3e25-4e90-955b-8bdf5c50b470,ZIC-20260810-0145,f686d4d0-3678-467e-9535-3d5f1309c328,Cashier 1,30.0,0.0,0.0,30.0,30.0,0.0,cash,2,2026-08-10T17:32:22.241711+00:00,1eac2cd8-9143-470f-9174-536ba0534d2d,cash
4902f388-a1f6-4f1f-9f8b-e112db131546,ZIC-20260810-0146,f686d4d0-3678-467e-9535-3d5f1309c328,Cashier 1,150.0,0.0,0.0,150.0,150.0,0.0,cash,5,2026-08-10T17:41:44.056484+00:00,1eac2cd8-9143-470f-9174-536ba0534d2d,cash
8f072e89-23ee-434c-9ff0-174fc913b620,ZIC-20260810-0147,f686d4d0-3678-467e-9535-3d5f1309c328,Cashier 1,190.0,0.0,0.0,190.0,190.0,0.0,cash,4,2026-08-10T18:05:01.372654+00:00,1eac2cd8-9143-470f-9174-536ba0534d2d,cash
f5085ede-959b-4a2f-8207-2afe38ddf1c9,ZIC-20260810-0148,f686d4d0-3678-467e-9535-3d5f1309c328,Cashier 1,30.0,0.0,0.0,30.0,30.0,0.0,cash,2,2026-08-10T18:05:21.503638+00:00,1eac2cd8-9143-470f-9174-536ba0534d2d,cash
131d74fb-2b65-48f0-aee0-67307becdf2d,ZIC-20260810-0149,f686d4d0-3678-467e-9535-3d5f1309c328,Cashier 1,120.0,0.0,0.0,120.0,120.0,0.0,cash,2,2026-08-10T18:31:05.824842+00:00,1eac2cd8-9143-470f-9174-536ba0534d2d,cash
ba06f3b2-2423-4794-8f1b-11b39ba87369,ZIC-20260810-0150,f686d4d0-3678-467e-9535-3d5f1309c328,Cashier 1,50.0,0.0,0.0,50.0,50.0,0.0,cash,4,2026-08-10T18:31:35.739334+00:00,1eac2cd8-9143-470f-9174-536ba0534d2d,cash
d7eed6bc-42f2-4ace-821c-974453a6cacf,ZIC-20260810-0151,f686d4d0-3678-467e-9535-3d5f1309c328,Cashier 1,50.0,0.0,0.0,50.0,50.0,0.0,cash,4,2026-08-10T18:44:31.124533+00:00,1eac2cd8-9143-470f-9174-536ba0534d2d,cash
16e93ec8-48f7-4259-aa94-5e549ce26d06,ZIC-20260810-0152,f686d4d0-3678-467e-9535-3d5f1309c328,Cashier 1,210.0,0.0,0.0,210.0,210.0,0.0,cash,2,2026-08-10T18:50:11.075805+00:00,1eac2cd8-9143-470f-9174-536ba0534d2d,cash
1f83978d-347e-49e3-ae69-86835cc431a9,ZIC-20260810-0153,f686d4d0-3678-467e-9535-3d5f1309c328,Cashier 1,180.0,0.0,0.0,180.0,180.0,0.0,cash,6,2026-08-10T18:51:26.195394+00:00,1eac2cd8-9143-470f-9174-536ba0534d2d,cash
bc727114-de9b-4557-a659-712a1e263ec4,ZIC-20260810-0154,f686d4d0-3678-467e-9535-3d5f1309c328,Cashier 1,200.0,0.0,0.0,200.0,200.0,0.0,cash,1,2026-08-10T18:58:38.606942+00:00,1eac2cd8-9143-470f-9174-536ba0534d2d,cash
ef3e7a03-a175-4de7-a2e6-f2e6fcd25fe0,ZIC-20260810-0155,f686d4d0-3678-467e-9535-3d5f1309c328,Cashier 1,510.0,0.0,0.0,510.0,510.0,0.0,easypasa,10,2026-08-10T19:07:31.429066+00:00,1eac2cd8-9143-470f-9174-536ba0534d2d,cash
bf0697ee-8ceb-4d99-8a3f-cb17814a0a0a,ZIC-20260810-0156,f686d4d0-3678-467e-9535-3d5f1309c328,Cashier 1,270.0,0.0,0.0,270.0,270.0,0.0,cash,15,2026-08-10T19:10:53.149195+00:00,1eac2cd8-9143-470f-9174-536ba0534d2d,cash
b58578af-243c-4eca-975d-c0622527f1b9,ZIC-20260810-0157,f686d4d0-3678-467e-9535-3d5f1309c328,Cashier 1,260.0,0.0,0.0,260.0,260.0,0.0,cash,1,2026-08-10T19:23:43.59861+00:00,1eac2cd8-9143-470f-9174-536ba0534d2d,cash
9ed275aa-3155-4e48-9c21-51741005a2e0,ZIC-20260810-0158,f686d4d0-3678-467e-9535-3d5f1309c328,Cashier 1,320.0,0.0,0.0,320.0,320.0,0.0,cash,14,2026-08-10T19:26:26.123977+00:00,1eac2cd8-9143-470f-9174-536ba0534d2d,cash
25b897ee-2281-45cb-9334-5192f44d3f68,ZIC-20260810-0159,f686d4d0-3678-467e-9535-3d5f1309c328,Cashier 1,420.0,0.0,0.0,420.0,420.0,0.0,cash,7,2026-08-10T19:37:35.201092+00:00,1eac2cd8-9143-470f-9174-536ba0534d2d,cash
09850efa-a8a0-4ca7-b166-8c956a28b07f,ZIC-20260810-0160,f686d4d0-3678-467e-9535-3d5f1309c328,Cashier 1,260.0,0.0,0.0,260.0,260.0,0.0,cash,6,2026-08-10T19:40:17.198408+00:00,1eac2cd8-9143-470f-9174-536ba0534d2d,cash
5bdb9359-f558-49b9-9389-937c73dcdf18,ZIC-20260810-0161,f686d4d0-3678-467e-9535-3d5f1309c328,Cashier 1,250.0,0.0,0.0,250.0,250.0,0.0,cash,20,2026-08-10T19:51:41.424404+00:00,1eac2cd8-9143-470f-9174-536ba0534d2d,cash
dd51d4db-2cb1-42e8-8e23-f1bfe61fc73d,ZIC-20260810-0162,f686d4d0-3678-467e-9535-3d5f1309c328,Cashier 1,830.0,0.0,0.0,830.0,830.0,0.0,cash,13,2026-08-10T20:20:03.961578+00:00,1eac2cd8-9143-470f-9174-536ba0534d2d,cash
d82e47bc-b292-48b3-afd9-5a93491820e2,ZIC-20260810-0163,f686d4d0-3678-467e-9535-3d5f1309c328,Cashier 1,290.0,0.0,0.0,290.0,290.0,0.0,cash,5,2026-08-10T20:32:11.323135+00:00,1eac2cd8-9143-470f-9174-536ba0534d2d,cash
c1e353e7-6728-4751-b10f-378def34be8e,ZIC-20260810-0164,f686d4d0-3678-467e-9535-3d5f1309c328,Cashier 1,70.0,0.0,0.0,70.0,70.0,0.0,easypasa,3,2026-08-10T20:45:41.065228+00:00,1eac2cd8-9143-470f-9174-536ba0534d2d,cash
63949cca-174e-4183-9ed0-1394e8bbfc07,ZIC-20260810-0165,f686d4d0-3678-467e-9535-3d5f1309c328,Cashier 1,70.0,0.0,0.0,70.0,70.0,0.0,easypasa,3,2026-08-10T20:55:07.097158+00:00,1eac2cd8-9143-470f-9174-536ba0534d2d,cash
a4fac7c8-d6f3-485b-a225-bcd40e366854,ZIC-20260810-0166,f686d4d0-3678-467e-9535-3d5f1309c328,Cashier 1,90.0,0.0,0.0,90.0,90.0,0.0,cash,6,2026-08-10T21:17:10.83843+00:00,1eac2cd8-9143-470f-9174-536ba0534d2d,cash
2dc20bfb-6ab5-4425-9e86-6daf70f5dc19,ZIC-20260810-0167,f686d4d0-3678-467e-9535-3d5f1309c328,Cashier 1,40.0,0.0,0.0,40.0,40.0,0.0,cash,2,2026-08-10T21:22:12.940053+00:00,1eac2cd8-9143-470f-9174-536ba0534d2d,cash
360d0cee-05fc-4883-9708-585a20367fa9,ZIC-20260810-0168,f686d4d0-3678-467e-9535-3d5f1309c328,Cashier 1,250.0,0.0,0.0,250.0,250.0,0.0,cash,20,2026-08-10T21:26:26.044216+00:00,1eac2cd8-9143-470f-9174-536ba0534d2d,cash
b69d10f0-f65e-4cb9-810e-638f628ae701,ZIC-20260810-0169,f686d4d0-3678-467e-9535-3d5f1309c328,Cashier 1,180.0,0.0,0.0,180.0,180.0,0.0,cash,10,2026-08-10T21:28:03.213601+00:00,1eac2cd8-9143-470f-9174-536ba0534d2d,cash
df788d83-ed7d-4665-a011-916e6d7b51d9,ZIC-20260810-0170,f686d4d0-3678-467e-9535-3d5f1309c328,Cashier 1,1050.0,0.0,0.0,1050.0,1050.0,0.0,cash,23,2026-08-10T21:47:05.991103+00:00,1eac2cd8-9143-470f-9174-536ba0534d2d,cash
8cf7dea3-a48c-4c6d-9628-04b8c86ed242,ZIC-20260810-0171,f686d4d0-3678-467e-9535-3d5f1309c328,Cashier 1,200.0,0.0,0.0,200.0,200.0,0.0,cash,1,2026-08-10T22:38:58.289153+00:00,1eac2cd8-9143-470f-9174-536ba0534d2d,cash
5e9b6417-5355-45b1-ab16-8189498fdc66,ZIC-20260810-0172,f686d4d0-3678-467e-9535-3d5f1309c328,Cashier 1,10.0,0.0,0.0,10.0,10.0,0.0,cash,2,2026-08-10T22:40:20.157409+00:00,1eac2cd8-9143-470f-9174-536ba0534d2d,cash
c51a7190-7ea5-4926-b07c-2c3888443725,ZIC-20260810-0173,f686d4d0-3678-467e-9535-3d5f1309c328,Cashier 1,450.0,0.0,0.0,450.0,450.0,0.0,easypasa,7,2026-08-10T23:07:10.553009+00:00,1eac2cd8-9143-470f-9174-536ba0534d2d,cash
f5521394-e606-4272-be40-688707e857df,ZIC-20260811-0001,f686d4d0-3678-467e-9535-3d5f1309c328,Cashier 1,60.0,0.0,0.0,60.0,60.0,0.0,cash,2,2026-08-11T00:09:58.75841+00:00,1eac2cd8-9143-470f-9174-536ba0534d2d,cash
149b728a-0d9b-436b-9068-7d6a1d3905fe,ZIC-20260811-0002,f686d4d0-3678-467e-9535-3d5f1309c328,Cashier 1,250.0,0.0,0.0,250.0,250.0,0.0,cash,20,2026-08-11T02:04:51.699219+00:00,1eac2cd8-9143-470f-9174-536ba0534d2d,cash
89e770d3-8525-46f3-8ecb-5c8a09052f0e,ZIC-20260811-0003,f686d4d0-3678-467e-9535-3d5f1309c328,Cashier 1,150.0,0.0,0.0,150.0,500.0,350.0,cash,4,2026-08-11T02:46:08.424693+00:00,1eac2cd8-9143-470f-9174-536ba0534d2d,cash
c4a8ec0e-3ef6-43c4-9de2-d92e4f82bf51,ZIC-20260811-0004,f686d4d0-3678-467e-9535-3d5f1309c328,Cashier 1,50.0,0.0,0.0,50.0,50.0,0.0,cash,3,2026-08-11T02:58:14.418955+00:00,1eac2cd8-9143-470f-9174-536ba0534d2d,cash
90472a74-5026-464d-b7b6-34fde474d597,ZIC-20260811-0005,f686d4d0-3678-467e-9535-3d5f1309c328,Cashier 1,62.5,0.0,0.0,62.5,62.5,0.0,cash,2,2026-08-11T03:01:09.527017+00:00,1eac2cd8-9143-470f-9174-536ba0534d2d,cash
33893cda-4a19-46d4-8075-bba1ab58ee31,ZIC-20260811-0006,f686d4d0-3678-467e-9535-3d5f1309c328,Cashier 1,120.0,0.0,0.0,120.0,120.0,0.0,cash,3,2026-08-11T03:02:20.669927+00:00,1eac2cd8-9143-470f-9174-536ba0534d2d,cash
8ece7f42-0500-48e7-b04b-f2e35f1ab3c2,ZIC-20260811-0007,f686d4d0-3678-467e-9535-3d5f1309c328,Cashier 1,50.0,0.0,0.0,50.0,50.0,0.0,cash,3,2026-08-11T03:05:56.504119+00:00,1eac2cd8-9143-470f-9174-536ba0534d2d,cash
5e53335f-2f32-4853-b9f7-2290fa7c4b7c,ZIC-20260811-0008,f686d4d0-3678-467e-9535-3d5f1309c328,Cashier 1,30.0,0.0,0.0,30.0,30.0,0.0,cash,1,2026-08-11T03:24:53.9634+00:00,1eac2cd8-9143-470f-9174-536ba0534d2d,cash
14ca1f0a-b777-4005-a231-4d856ddc1e13,ZIC-20260811-0009,62c5814c-09e6-4583-874d-c3660ce3283f,Asad,50.0,0.0,0.0,50.0,50.0,0.0,cash,10,2026-08-11T04:00:12.249971+00:00,059973fb-f039-42c5-901e-6c77462f7fb9,cash
edc15765-8cb0-4a66-8cee-6955b9cd7831,ZIC-20260811-0010,62c5814c-09e6-4583-874d-c3660ce3283f,Asad,50.0,0.0,0.0,50.0,50.0,0.0,cash,4,2026-08-11T04:00:39.051994+00:00,059973fb-f039-42c5-901e-6c77462f7fb9,cash
77e4f7bf-dd9e-4801-9e6d-529865441f0c,ZIC-20260811-0011,62c5814c-09e6-4583-874d-c3660ce3283f,Asad,100.0,0.0,0.0,100.0,100.0,0.0,cash,6,2026-08-11T05:12:09.509274+00:00,059973fb-f039-42c5-901e-6c77462f7fb9,cash
158f0b21-dc3d-47ce-b2cf-f987c02f49f2,ZIC-20260811-0012,62c5814c-09e6-4583-874d-c3660ce3283f,Asad,20.0,0.0,0.0,20.0,20.0,0.0,cash,4,2026-08-11T05:23:47.501246+00:00,059973fb-f039-42c5-901e-6c77462f7fb9,cash
c4c27c30-5b8a-4aa8-86dd-f889f942e538,ZIC-20260811-0013,62c5814c-09e6-4583-874d-c3660ce3283f,Asad,255.0,0.0,0.0,255.0,255.0,0.0,cash,7,2026-08-11T05:25:48.539055+00:00,059973fb-f039-42c5-901e-6c77462f7fb9,cash
e88a1e57-1c52-48b8-bc98-a3057839ef5e,ZIC-20260811-0014,62c5814c-09e6-4583-874d-c3660ce3283f,Asad,110.0,0.0,0.0,110.0,110.0,0.0,cash,2,2026-08-11T05:38:09.916505+00:00,059973fb-f039-42c5-901e-6c77462f7fb9,cash
84f5a586-2f46-4cbb-8068-a18276baa31f,ZIC-20260811-0015,62c5814c-09e6-4583-874d-c3660ce3283f,Asad,20.0,0.0,0.0,20.0,20.0,0.0,cash,3,2026-08-11T05:38:51.047933+00:00,059973fb-f039-42c5-901e-6c77462f7fb9,cash
dae8b02f-f6e3-40f2-808c-390d2b49536c,ZIC-20260811-0016,62c5814c-09e6-4583-874d-c3660ce3283f,Asad,150.0,0.0,0.0,150.0,150.0,0.0,cash,3,2026-08-11T05:53:21.680228+00:00,059973fb-f039-42c5-901e-6c77462f7fb9,cash
5cabb8af-ac28-4640-aa6e-47b93f9d02ac,ZIC-20260811-0017,62c5814c-09e6-4583-874d-c3660ce3283f,Asad,50.0,0.0,0.0,50.0,50.0,0.0,cash,6,2026-08-11T06:04:53.428922+00:00,059973fb-f039-42c5-901e-6c77462f7fb9,cash
db60d376-523f-4a0d-a82a-8465fee1c9a2,ZIC-20260811-0018,62c5814c-09e6-4583-874d-c3660ce3283f,Asad,50.0,0.0,0.0,50.0,50.0,0.0,cash,1,2026-08-11T06:10:32.700474+00:00,059973fb-f039-42c5-901e-6c77462f7fb9,cash
dddffc49-f760-4127-98f0-5b3f62059fe7,ZIC-20260811-0019,62c5814c-09e6-4583-874d-c3660ce3283f,Asad,50.0,0.0,0.0,50.0,50.0,0.0,cash,4,2026-08-11T06:11:56.83762+00:00,059973fb-f039-42c5-901e-6c77462f7fb9,cash
ea4f52d5-8cdf-43a4-979b-4d979002dded,ZIC-20260811-0020,62c5814c-09e6-4583-874d-c3660ce3283f,Asad,40.0,0.0,0.0,40.0,40.0,0.0,cash,3,2026-08-11T06:27:33.789751+00:00,059973fb-f039-42c5-901e-6c77462f7fb9,cash
12cd17a4-d9a6-4349-a3a0-209a52597180,ZIC-20260811-0021,62c5814c-09e6-4583-874d-c3660ce3283f,Asad,170.0,0.0,0.0,170.0,170.0,0.0,cash,1,2026-08-11T06:29:32.069883+00:00,059973fb-f039-42c5-901e-6c77462f7fb9,cash
0b013b86-c9fa-4c0d-bc09-8d75389937c9,ZIC-20260811-0022,62c5814c-09e6-4583-874d-c3660ce3283f,Asad,890.0,0.0,0.0,890.0,890.0,0.0,cash,3,2026-08-11T06:31:29.303881+00:00,059973fb-f039-42c5-901e-6c77462f7fb9,cash
fdbaaeaf-d4ce-4b2e-9823-1390788f3152,ZIC-20260811-0023,62c5814c-09e6-4583-874d-c3660ce3283f,Asad,280.0,0.0,0.0,280.0,280.0,0.0,cash,2,2026-08-11T06:41:16.532978+00:00,059973fb-f039-42c5-901e-6c77462f7fb9,cash
483caa31-a150-44ab-ad31-1b01f54309d2,ZIC-20260811-0024,62c5814c-09e6-4583-874d-c3660ce3283f,Asad,230.0,0.0,0.0,230.0,230.0,0.0,cash,5,2026-08-11T07:32:27.968218+00:00,059973fb-f039-42c5-901e-6c77462f7fb9,cash
d94548f0-0305-4393-b1da-e94d544b7cd6,ZIC-20260811-0025,62c5814c-09e6-4583-874d-c3660ce3283f,Asad,120.0,0.0,0.0,120.0,120.0,0.0,cash,3,2026-08-11T07:34:21.15671+00:00,059973fb-f039-42c5-901e-6c77462f7fb9,cash
949a8243-91da-453d-a7e1-25b21ce856d0,ZIC-20260811-0026,62c5814c-09e6-4583-874d-c3660ce3283f,Asad,270.0,0.0,0.0,270.0,270.0,0.0,cash,12,2026-08-11T07:35:28.69561+00:00,059973fb-f039-42c5-901e-6c77462f7fb9,cash
39e34896-54c0-4176-aaf8-065af1a96ba7,ZIC-20260811-0027,62c5814c-09e6-4583-874d-c3660ce3283f,Asad,160.0,0.0,0.0,160.0,160.0,0.0,cash,2,2026-08-11T07:36:14.158438+00:00,059973fb-f039-42c5-901e-6c77462f7fb9,cash
e0875b40-4db9-499b-858d-ac6cd27de463,ZIC-20260811-0028,62c5814c-09e6-4583-874d-c3660ce3283f,Asad,35.0,0.0,0.0,35.0,35.0,0.0,cash,1,2026-08-11T07:38:53.109085+00:00,059973fb-f039-42c5-901e-6c77462f7fb9,cash
f6082e86-d283-4c24-bd2a-9f3c5f5288a2,ZIC-20260811-0029,62c5814c-09e6-4583-874d-c3660ce3283f,Asad,140.0,0.0,0.0,140.0,140.0,0.0,cash,5,2026-08-11T07:47:49.299231+00:00,059973fb-f039-42c5-901e-6c77462f7fb9,cash
b9a4ad12-7f44-4353-8e49-a0431242da17,ZIC-20260811-0030,62c5814c-09e6-4583-874d-c3660ce3283f,Asad,65.0,0.0,0.0,65.0,65.0,0.0,cash,5,2026-08-11T07:48:36.029231+00:00,059973fb-f039-42c5-901e-6c77462f7fb9,cash
f582927f-7958-4d48-8a4d-b968afbe5205,ZIC-20260811-0031,62c5814c-09e6-4583-874d-c3660ce3283f,Asad,30.0,0.0,0.0,30.0,30.0,0.0,cash,2,2026-08-11T07:54:05.483778+00:00,059973fb-f039-42c5-901e-6c77462f7fb9,cash
554bf723-5887-4259-a866-a80656b309d2,ZIC-20260811-0032,62c5814c-09e6-4583-874d-c3660ce3283f,Asad,270.0,0.0,0.0,270.0,270.0,0.0,cash,7,2026-08-11T07:57:18.198303+00:00,059973fb-f039-42c5-901e-6c77462f7fb9,cash
5092569e-ecd0-4df1-940d-c54ad1c5a084,ZIC-20260811-0033,62c5814c-09e6-4583-874d-c3660ce3283f,Asad,10.0,0.0,0.0,10.0,10.0,0.0,cash,2,2026-08-11T08:05:11.789178+00:00,059973fb-f039-42c5-901e-6c77462f7fb9,cash
02cf6f08-2d22-4177-817c-665a34e8e330,ZIC-20260811-0034,62c5814c-09e6-4583-874d-c3660ce3283f,Asad,300.0,0.0,0.0,300.0,300.0,0.0,cash,2,2026-08-11T08:06:02.856395+00:00,059973fb-f039-42c5-901e-6c77462f7fb9,cash
3539c083-72d1-40fa-affe-527e58386e71,ZIC-20260811-0035,62c5814c-09e6-4583-874d-c3660ce3283f,Asad,50.0,0.0,0.0,50.0,50.0,0.0,cash,3,2026-08-11T08:08:02.387313+00:00,059973fb-f039-42c5-901e-6c77462f7fb9,cash
d93e0b5a-3805-4e35-98bc-f184e4b73468,ZIC-20260811-0036,62c5814c-09e6-4583-874d-c3660ce3283f,Asad,70.0,0.0,0.0,70.0,70.0,0.0,cash,4,2026-08-11T08:08:47.022202+00:00,059973fb-f039-42c5-901e-6c77462f7fb9,cash
8563a7cc-90bf-48bd-af15-c7c928dcbe39,ZIC-20260811-0037,62c5814c-09e6-4583-874d-c3660ce3283f,Asad,120.0,0.0,21.0,99.0,99.0,0.0,cash,1,2026-08-11T08:17:36.595384+00:00,059973fb-f039-42c5-901e-6c77462f7fb9,cash
95e99f99-1709-402d-8105-f49a93fefcea,ZIC-20260811-0038,62c5814c-09e6-4583-874d-c3660ce3283f,Asad,300.0,0.0,0.0,300.0,300.0,0.0,cash,20,2026-08-11T08:20:39.387937+00:00,059973fb-f039-42c5-901e-6c77462f7fb9,cash
69fb2055-61d8-4af3-b7b3-90f2523760e9,ZIC-20260811-0039,62c5814c-09e6-4583-874d-c3660ce3283f,Asad,50.0,0.0,0.0,50.0,50.0,0.0,cash,4,2026-08-11T08:23:09.406452+00:00,059973fb-f039-42c5-901e-6c77462f7fb9,cash
f6c0745a-6e45-4bad-94a5-719f925bc42a,ZIC-20260811-0040,62c5814c-09e6-4583-874d-c3660ce3283f,Asad,120.0,0.0,0.0,120.0,120.0,0.0,cash,4,2026-08-11T08:24:26.27371+00:00,059973fb-f039-42c5-901e-6c77462f7fb9,cash
8a8781e5-504e-4d94-baae-22c5288ec275,ZIC-20260811-0041,62c5814c-09e6-4583-874d-c3660ce3283f,Asad,200.0,0.0,0.0,200.0,200.0,0.0,cash,1,2026-08-11T08:29:48.2523+00:00,059973fb-f039-42c5-901e-6c77462f7fb9,cash
72543d35-5b03-42dc-80f2-304618f07119,ZIC-20260811-0042,62c5814c-09e6-4583-874d-c3660ce3283f,Asad,50.0,0.0,0.0,50.0,50.0,0.0,cash,1,2026-08-11T08:44:01.207457+00:00,059973fb-f039-42c5-901e-6c77462f7fb9,cash
e084d4c5-d8c7-437e-9b1b-89cfc1c5184b,ZIC-20260811-0043,62c5814c-09e6-4583-874d-c3660ce3283f,Asad,100.0,0.0,0.0,100.0,100.0,0.0,cash,10,2026-08-11T08:46:20.445735+00:00,059973fb-f039-42c5-901e-6c77462f7fb9,cash
47096932-cde2-4cba-bed5-fd7480281062,ZIC-20260811-0044,62c5814c-09e6-4583-874d-c3660ce3283f,Asad,50.0,0.0,0.0,50.0,50.0,0.0,cash,1,2026-08-11T08:47:03.743323+00:00,059973fb-f039-42c5-901e-6c77462f7fb9,cash
2ef26bfd-0a50-4729-b40f-0b4c9477fb90,ZIC-20260811-0045,62c5814c-09e6-4583-874d-c3660ce3283f,Asad,100.0,0.0,0.0,100.0,100.0,0.0,cash,2,2026-08-11T08:49:33.074534+00:00,059973fb-f039-42c5-901e-6c77462f7fb9,cash
bcf7da78-86dc-4114-b935-cccc78ad7233,ZIC-20260811-0046,62c5814c-09e6-4583-874d-c3660ce3283f,Asad,20.0,0.0,0.0,20.0,20.0,0.0,cash,2,2026-08-11T08:53:53.629756+00:00,059973fb-f039-42c5-901e-6c77462f7fb9,cash
610d902e-f6e1-474a-9e35-c041caf0eefb,ZIC-20260811-0047,62c5814c-09e6-4583-874d-c3660ce3283f,Asad,50.0,0.0,0.0,50.0,50.0,0.0,cash,1,2026-08-11T08:57:21.680854+00:00,059973fb-f039-42c5-901e-6c77462f7fb9,cash
c6010908-8240-423e-bc55-9420760b2863,ZIC-20260811-0048,62c5814c-09e6-4583-874d-c3660ce3283f,Asad,200.0,0.0,0.0,200.0,200.0,0.0,cash,4,2026-08-11T08:59:06.039496+00:00,059973fb-f039-42c5-901e-6c77462f7fb9,cash
96f72fcd-0c03-496c-af19-51e669ae43b7,ZIC-20260811-0049,62c5814c-09e6-4583-874d-c3660ce3283f,Asad,200.0,0.0,0.0,200.0,200.0,0.0,cash,2,2026-08-11T08:59:48.342511+00:00,059973fb-f039-42c5-901e-6c77462f7fb9,cash
7f0cae34-99f5-4264-a7d5-5b98353aad0d,ZIC-20260811-0050,62c5814c-09e6-4583-874d-c3660ce3283f,Asad,120.0,0.0,0.0,120.0,120.0,0.0,cash,2,2026-08-11T09:05:13.568236+00:00,059973fb-f039-42c5-901e-6c77462f7fb9,cash
2257c65e-d27f-44b7-a225-6a365f0464cc,ZIC-20260811-0051,62c5814c-09e6-4583-874d-c3660ce3283f,Asad,150.0,0.0,0.0,150.0,150.0,0.0,cash,3,2026-08-11T09:07:47.59495+00:00,059973fb-f039-42c5-901e-6c77462f7fb9,cash
885c2a4f-3f0b-44a1-8517-012ac6ae5821,ZIC-20260811-0052,62c5814c-09e6-4583-874d-c3660ce3283f,Asad,300.0,0.0,0.0,300.0,300.0,0.0,cash,20,2026-08-11T09:17:36.758409+00:00,059973fb-f039-42c5-901e-6c77462f7fb9,cash
70ddd80e-b968-42f7-8e26-2eb6731952ea,ZIC-20260811-0053,62c5814c-09e6-4583-874d-c3660ce3283f,Asad,60.0,0.0,0.0,60.0,60.0,0.0,cash,3,2026-08-11T09:40:49.664594+00:00,059973fb-f039-42c5-901e-6c77462f7fb9,cash
858e3ef6-df48-452e-a452-e0ae1c2c8832,ZIC-20260811-0054,62c5814c-09e6-4583-874d-c3660ce3283f,Asad,200.0,0.0,0.0,200.0,200.0,0.0,cash,6,2026-08-11T09:44:17.973329+00:00,059973fb-f039-42c5-901e-6c77462f7fb9,cash
e347ddb8-198f-4184-8a77-bbe1b3898fce,ZIC-20260811-0055,62c5814c-09e6-4583-874d-c3660ce3283f,Asad,225.0,0.0,0.0,225.0,225.0,0.0,cash,1,2026-08-11T09:51:08.324315+00:00,059973fb-f039-42c5-901e-6c77462f7fb9,cash
b3d90afe-86e5-426f-a24d-2b5bfe61bb12,ZIC-20260811-0056,62c5814c-09e6-4583-874d-c3660ce3283f,Asad,60.0,0.0,0.0,60.0,60.0,0.0,cash,1,2026-08-11T09:55:57.146315+00:00,059973fb-f039-42c5-901e-6c77462f7fb9,cash
b9def668-83c9-4336-aef3-645930320d87,ZIC-20260811-0057,62c5814c-09e6-4583-874d-c3660ce3283f,Asad,40.0,0.0,0.0,40.0,40.0,0.0,cash,4,2026-08-11T10:12:51.406875+00:00,059973fb-f039-42c5-901e-6c77462f7fb9,cash
f14048e5-93d1-4852-8e0e-c4c14e17e8be,ZIC-20260811-0058,62c5814c-09e6-4583-874d-c3660ce3283f,Asad,220.0,0.0,10.0,210.0,210.0,0.0,cash,13,2026-08-11T10:21:54.138781+00:00,059973fb-f039-42c5-901e-6c77462f7fb9,cash
439b2f81-8239-4d3e-b61f-9627ed15308c,ZIC-20260811-0059,62c5814c-09e6-4583-874d-c3660ce3283f,Asad,50.0,0.0,0.0,50.0,50.0,0.0,cash,4,2026-08-11T10:25:32.749722+00:00,059973fb-f039-42c5-901e-6c77462f7fb9,cash
ee9a47db-344a-4ac3-968b-ce3eb91242ff,ZIC-20260811-0060,62c5814c-09e6-4583-874d-c3660ce3283f,Asad,100.0,0.0,0.0,100.0,100.0,0.0,cash,8,2026-08-11T10:31:08.872639+00:00,059973fb-f039-42c5-901e-6c77462f7fb9,cash
aef8f112-bdc6-4524-8d35-b32087f5c990,ZIC-20260811-0061,62c5814c-09e6-4583-874d-c3660ce3283f,Asad,90.0,0.0,0.0,90.0,90.0,0.0,cash,1,2026-08-11T10:34:53.900228+00:00,059973fb-f039-42c5-901e-6c77462f7fb9,cash
d678f7e3-c6eb-4ff0-8be0-939d71949473,ZIC-20260811-0062,62c5814c-09e6-4583-874d-c3660ce3283f,Asad,30.0,0.0,0.0,30.0,30.0,0.0,cash,2,2026-08-11T10:42:39.3082+00:00,059973fb-f039-42c5-901e-6c77462f7fb9,cash
c9f8e062-933c-4ed9-8377-640320b7ddee,ZIC-20260811-0063,62c5814c-09e6-4583-874d-c3660ce3283f,Asad,150.0,0.0,0.0,150.0,150.0,0.0,cash,9,2026-08-11T10:46:30.807154+00:00,059973fb-f039-42c5-901e-6c77462f7fb9,cash
f1f54393-4734-4f7f-9cd6-0e739a2d30a8,ZIC-20260811-0064,62c5814c-09e6-4583-874d-c3660ce3283f,Asad,50.0,0.0,0.0,50.0,50.0,0.0,cash,1,2026-08-11T10:54:44.38635+00:00,059973fb-f039-42c5-901e-6c77462f7fb9,cash
994ee32e-4ce4-48de-bc8d-9a199e57cf99,ZIC-20260811-0065,62c5814c-09e6-4583-874d-c3660ce3283f,Asad,330.0,0.0,0.0,330.0,330.0,0.0,cash,6,2026-08-11T11:04:41.655988+00:00,059973fb-f039-42c5-901e-6c77462f7fb9,cash
54d9d9ca-63f3-48c1-af33-a522108fde54,ZIC-20260811-0066,62c5814c-09e6-4583-874d-c3660ce3283f,Asad,100.0,0.0,0.0,100.0,100.0,0.0,cash,2,2026-08-11T11:09:57.109072+00:00,059973fb-f039-42c5-901e-6c77462f7fb9,cash
7c623a42-6fa5-4345-8311-9843f679c44a,ZIC-20260811-0067,62c5814c-09e6-4583-874d-c3660ce3283f,Asad,100.0,0.0,0.0,100.0,100.0,0.0,cash,1,2026-08-11T11:23:00.332602+00:00,059973fb-f039-42c5-901e-6c77462f7fb9,cash
816e2c8b-d288-4288-8d50-4f446ed3be99,ZIC-20260811-0068,62c5814c-09e6-4583-874d-c3660ce3283f,Asad,570.0,0.0,0.0,570.0,570.0,0.0,cash,5,2026-08-11T11:24:27.52233+00:00,059973fb-f039-42c5-901e-6c77462f7fb9,cash
a080c37d-7d6f-4959-9401-750edf3c588a,ZIC-20260811-0069,62c5814c-09e6-4583-874d-c3660ce3283f,Asad,90.0,0.0,0.0,90.0,90.0,0.0,cash,6,2026-08-11T11:25:08.598427+00:00,059973fb-f039-42c5-901e-6c77462f7fb9,cash
0f2a89de-f2d1-4223-9580-9bacb32414bc,ZIC-20260811-0070,62c5814c-09e6-4583-874d-c3660ce3283f,Asad,210.0,0.0,0.0,210.0,210.0,0.0,cash,4,2026-08-11T11:27:26.253221+00:00,059973fb-f039-42c5-901e-6c77462f7fb9,cash
507e84ed-1382-4804-a07e-cbb9aa2aab22,ZIC-20260811-0071,62c5814c-09e6-4583-874d-c3660ce3283f,Asad,140.0,0.0,0.0,140.0,140.0,0.0,cash,3,2026-08-11T11:31:54.291992+00:00,059973fb-f039-42c5-901e-6c77462f7fb9,cash
5bcb8b08-1ffa-4842-981b-a33679dac8a1,ZIC-20260811-0072,62c5814c-09e6-4583-874d-c3660ce3283f,Asad,30.0,0.0,0.0,30.0,30.0,0.0,cash,1,2026-08-11T11:37:33.967234+00:00,059973fb-f039-42c5-901e-6c77462f7fb9,cash
f264a755-7d4e-4831-97ce-be1eb9f1e862,ZIC-20260811-0073,62c5814c-09e6-4583-874d-c3660ce3283f,Asad,400.0,0.0,0.0,400.0,400.0,0.0,cash,4,2026-08-11T11:55:37.767733+00:00,059973fb-f039-42c5-901e-6c77462f7fb9,cash
afc695ab-eabb-44ca-a781-3b014e7e4b99,ZIC-20260811-0074,62c5814c-09e6-4583-874d-c3660ce3283f,Asad,20.0,0.0,0.0,20.0,20.0,0.0,cash,2,2026-08-11T12:04:25.348442+00:00,059973fb-f039-42c5-901e-6c77462f7fb9,cash
33d9d563-716a-436d-ba7e-205d004545c4,ZIC-20260811-0075,62c5814c-09e6-4583-874d-c3660ce3283f,Asad,60.0,0.0,0.0,60.0,60.0,0.0,cash,4,2026-08-11T12:08:26.847229+00:00,059973fb-f039-42c5-901e-6c77462f7fb9,cash
d7540353-e98d-4a77-8366-7de77b3f755f,ZIC-20260811-0076,62c5814c-09e6-4583-874d-c3660ce3283f,Asad,20.0,0.0,0.0,20.0,20.0,0.0,cash,2,2026-08-11T12:11:52.485691+00:00,059973fb-f039-42c5-901e-6c77462f7fb9,cash
ec24d1ab-a52e-431d-b649-ba22b872c411,ZIC-20260811-0077,62c5814c-09e6-4583-874d-c3660ce3283f,Asad,100.0,0.0,0.0,100.0,100.0,0.0,cash,6,2026-08-11T12:17:53.469572+00:00,059973fb-f039-42c5-901e-6c77462f7fb9,cash
bd51d5c3-bf8b-4068-909b-72d04fab827e,ZIC-20260811-0078,62c5814c-09e6-4583-874d-c3660ce3283f,Asad,50.0,0.0,0.0,50.0,50.0,0.0,cash,1,2026-08-11T12:18:11.018508+00:00,059973fb-f039-42c5-901e-6c77462f7fb9,cash
862b4655-9619-4a43-86d6-3ddaf2788720,ZIC-20260811-0079,62c5814c-09e6-4583-874d-c3660ce3283f,Asad,10.0,0.0,0.0,10.0,10.0,0.0,cash,1,2026-08-11T12:23:43.472253+00:00,059973fb-f039-42c5-901e-6c77462f7fb9,cash
ce31dceb-e8d5-4dd1-a4c7-ade1ac26b21f,ZIC-20260811-0080,62c5814c-09e6-4583-874d-c3660ce3283f,Asad,250.0,0.0,0.0,250.0,250.0,0.0,cash,20,2026-08-11T12:34:04.045188+00:00,059973fb-f039-42c5-901e-6c77462f7fb9,cash
5d1f341e-41ca-49f5-8742-391e2f902986,ZIC-20260811-0081,62c5814c-09e6-4583-874d-c3660ce3283f,Asad,300.0,0.0,0.0,300.0,300.0,0.0,cash,1,2026-08-11T12:35:17.617855+00:00,059973fb-f039-42c5-901e-6c77462f7fb9,cash
8428c62e-36d9-49c2-ade7-e17c1217fbae,ZIC-20260811-0082,62c5814c-09e6-4583-874d-c3660ce3283f,Asad,40.0,0.0,0.0,40.0,40.0,0.0,cash,1,2026-08-11T12:40:37.788163+00:00,059973fb-f039-42c5-901e-6c77462f7fb9,cash
4c3a2f5f-89bd-4a04-8408-d5386d11083a,ZIC-20260811-0083,62c5814c-09e6-4583-874d-c3660ce3283f,Asad,20.0,0.0,0.0,20.0,20.0,0.0,cash,2,2026-08-11T12:46:52.995022+00:00,059973fb-f039-42c5-901e-6c77462f7fb9,cash
51757382-9d70-43cc-b292-53c7a1a0e38e,ZIC-20260811-0084,62c5814c-09e6-4583-874d-c3660ce3283f,Asad,130.0,0.0,0.0,130.0,130.0,0.0,cash,11,2026-08-11T12:54:34.086268+00:00,059973fb-f039-42c5-901e-6c77462f7fb9,cash
680010ad-ac8b-4019-a2eb-d28fd7daa058,ZIC-20260811-0085,62c5814c-09e6-4583-874d-c3660ce3283f,Asad,30.0,0.0,0.0,30.0,30.0,0.0,cash,3,2026-08-11T13:30:02.048886+00:00,059973fb-f039-42c5-901e-6c77462f7fb9,cash
880f660f-2b04-47aa-b6b9-ba5746a06658,ZIC-20260811-0086,62c5814c-09e6-4583-874d-c3660ce3283f,Asad,90.0,0.0,0.0,90.0,90.0,0.0,cash,1,2026-08-11T13:30:18.300534+00:00,059973fb-f039-42c5-901e-6c77462f7fb9,cash
0feef3c7-3aae-4934-a8dc-7ca57ec2b8aa,ZIC-20260811-0087,62c5814c-09e6-4583-874d-c3660ce3283f,Asad,100.0,0.0,0.0,100.0,100.0,0.0,cash,1,2026-08-11T13:38:45.744169+00:00,059973fb-f039-42c5-901e-6c77462f7fb9,cash
7c489200-a69c-4972-9f84-fb091e873b95,ZIC-20260811-0088,62c5814c-09e6-4583-874d-c3660ce3283f,Asad,50.0,0.0,0.0,50.0,50.0,0.0,cash,5,2026-08-11T13:41:23.789289+00:00,059973fb-f039-42c5-901e-6c77462f7fb9,cash
2b380598-1204-4dbe-b70d-1bfd7a13703f,ZIC-20260811-0089,62c5814c-09e6-4583-874d-c3660ce3283f,Asad,30.0,0.0,0.0,30.0,30.0,0.0,cash,2,2026-08-11T14:01:24.397562+00:00,059973fb-f039-42c5-901e-6c77462f7fb9,cash
c63731dc-bf78-4c8d-b349-042655958930,ZIC-20260811-0090,62c5814c-09e6-4583-874d-c3660ce3283f,Asad,10.0,0.0,0.0,10.0,10.0,0.0,cash,1,2026-08-11T14:02:09.994524+00:00,059973fb-f039-42c5-901e-6c77462f7fb9,cash
0da3800f-a60b-4f13-a9e8-6b0f58b45d70,ZIC-20260811-0091,62c5814c-09e6-4583-874d-c3660ce3283f,Asad,20.0,0.0,0.0,20.0,20.0,0.0,cash,2,2026-08-11T14:06:12.482671+00:00,059973fb-f039-42c5-901e-6c77462f7fb9,cash
e030d8ed-2ca1-4354-8084-1ca8149f091a,ZIC-20260811-0092,62c5814c-09e6-4583-874d-c3660ce3283f,Asad,225.0,0.0,0.0,225.0,225.0,0.0,cash,1,2026-08-11T14:06:43.027388+00:00,059973fb-f039-42c5-901e-6c77462f7fb9,cash
afaa971b-9d9c-497b-890b-4131514fdf50,ZIC-20260811-0093,62c5814c-09e6-4583-874d-c3660ce3283f,Asad,50.0,0.0,0.0,50.0,50.0,0.0,cash,4,2026-08-11T14:08:24.39937+00:00,059973fb-f039-42c5-901e-6c77462f7fb9,cash
a63c10eb-00e8-40c2-92b1-028e01d68cac,ZIC-20260811-0094,62c5814c-09e6-4583-874d-c3660ce3283f,Asad,30.0,0.0,0.0,30.0,30.0,0.0,cash,1,2026-08-11T14:09:21.227746+00:00,059973fb-f039-42c5-901e-6c77462f7fb9,cash
b3979ccf-f55d-4202-827a-6d0277ed616e,ZIC-20260811-0095,62c5814c-09e6-4583-874d-c3660ce3283f,Asad,60.0,0.0,0.0,60.0,60.0,0.0,cash,1,2026-08-11T14:10:12.486918+00:00,059973fb-f039-42c5-901e-6c77462f7fb9,cash
9d22c4da-605f-4d0f-8879-d490ee793c95,ZIC-20260811-0096,62c5814c-09e6-4583-874d-c3660ce3283f,Asad,200.0,0.0,0.0,200.0,200.0,0.0,card,2,2026-08-11T14:13:25.131888+00:00,059973fb-f039-42c5-901e-6c77462f7fb9,card
259c718d-7220-4c7b-ae89-f04c211b0c77,ZIC-20260811-0097,62c5814c-09e6-4583-874d-c3660ce3283f,Asad,60.0,0.0,0.0,60.0,60.0,0.0,cash,3,2026-08-11T14:14:52.614173+00:00,059973fb-f039-42c5-901e-6c77462f7fb9,cash
73d7ba66-8d42-46a3-a1d5-9580f3da801d,ZIC-20260811-0098,62c5814c-09e6-4583-874d-c3660ce3283f,Asad,180.0,0.0,0.0,180.0,180.0,0.0,cash,6,2026-08-11T14:20:04.392376+00:00,059973fb-f039-42c5-901e-6c77462f7fb9,cash
ee63e5de-1f11-47b3-899f-e6d9adc80416,ZIC-20260811-0099,62c5814c-09e6-4583-874d-c3660ce3283f,Asad,120.0,0.0,20.0,100.0,100.0,0.0,cash,1,2026-08-11T14:20:30.202674+00:00,059973fb-f039-42c5-901e-6c77462f7fb9,cash
def044fc-fc21-4ce7-b4c0-cbe43b5d34eb,ZIC-20260811-0100,62c5814c-09e6-4583-874d-c3660ce3283f,Asad,200.0,0.0,0.0,200.0,200.0,0.0,cash,3,2026-08-11T14:24:01.148508+00:00,059973fb-f039-42c5-901e-6c77462f7fb9,cash
2ded79e3-a230-45c8-b81e-8dd57b983607,ZIC-20260811-0101,62c5814c-09e6-4583-874d-c3660ce3283f,Asad,20.0,0.0,0.0,20.0,20.0,0.0,cash,2,2026-08-11T14:39:52.226757+00:00,059973fb-f039-42c5-901e-6c77462f7fb9,cash
4fd1a028-f34c-4336-9c8b-b5f2ac6845a9,ZIC-20260811-0102,62c5814c-09e6-4583-874d-c3660ce3283f,Asad,20.0,0.0,0.0,20.0,20.0,0.0,cash,4,2026-08-11T14:41:44.468634+00:00,059973fb-f039-42c5-901e-6c77462f7fb9,cash
68a7814d-952a-4ee9-b71b-39ecee1a5cc1,ZIC-20260811-0103,62c5814c-09e6-4583-874d-c3660ce3283f,Asad,110.0,0.0,0.0,110.0,110.0,0.0,cash,1,2026-08-11T14:42:07.711117+00:00,059973fb-f039-42c5-901e-6c77462f7fb9,cash
beefae88-962e-416e-afeb-d119eb718dae,ZIC-20260811-0104,62c5814c-09e6-4583-874d-c3660ce3283f,Asad,350.0,0.0,0.0,350.0,350.0,0.0,cash,8,2026-08-11T14:47:17.802058+00:00,059973fb-f039-42c5-901e-6c77462f7fb9,cash
4ed66fa3-8b4d-4aab-82dd-cd6e43cf9d7e,ZIC-20260811-0105,62c5814c-09e6-4583-874d-c3660ce3283f,Asad,340.0,0.0,0.0,340.0,340.0,0.0,cash,4,2026-08-11T14:50:37.278465+00:00,059973fb-f039-42c5-901e-6c77462f7fb9,cash
2439ade0-f291-4376-aa6a-64a7dbba0213,ZIC-20260811-0106,62c5814c-09e6-4583-874d-c3660ce3283f,Asad,140.0,0.0,0.0,140.0,140.0,0.0,cash,1,2026-08-11T14:53:00.5219+00:00,059973fb-f039-42c5-901e-6c77462f7fb9,cash
e9a90a0f-6538-4c8a-ab73-34f673db38d0,ZIC-20260811-0107,62c5814c-09e6-4583-874d-c3660ce3283f,Asad,140.0,0.0,0.0,140.0,140.0,0.0,cash,2,2026-08-11T14:55:06.413712+00:00,059973fb-f039-42c5-901e-6c77462f7fb9,cash
936254c8-9e35-4d47-99db-154e8dd93dff,ZIC-20260811-0108,62c5814c-09e6-4583-874d-c3660ce3283f,Asad,190.0,0.0,0.0,190.0,190.0,0.0,cash,4,2026-08-11T14:56:56.749567+00:00,059973fb-f039-42c5-901e-6c77462f7fb9,cash
9b0a294b-5f08-466d-9733-da89d4b9ee9e,ZIC-20260811-0109,62c5814c-09e6-4583-874d-c3660ce3283f,Asad,410.0,0.0,0.0,410.0,410.0,0.0,cash,8,2026-08-11T14:58:05.922533+00:00,059973fb-f039-42c5-901e-6c77462f7fb9,cash
ba757d74-d42a-440b-a2ac-a7c533affd5d,ZIC-20260811-0110,62c5814c-09e6-4583-874d-c3660ce3283f,Asad,95.0,0.0,0.0,95.0,95.0,0.0,cash,7,2026-08-11T14:59:02.397425+00:00,059973fb-f039-42c5-901e-6c77462f7fb9,cash
2086deea-9dbf-42e4-baea-d69d2c1feff4,ZIC-20260811-0111,f686d4d0-3678-467e-9535-3d5f1309c328,Cashier 1,500.0,0.0,0.0,500.0,500.0,0.0,cash,7,2026-08-11T15:06:36.724441+00:00,c9fe0214-b133-414d-b64e-58831f5eb1e2,cash
2caafa65-c64f-4f5b-bac6-d7fb1c389c69,ZIC-20260811-0112,f686d4d0-3678-467e-9535-3d5f1309c328,Cashier 1,50.0,0.0,0.0,50.0,50.0,0.0,cash,2,2026-08-11T15:07:31.686352+00:00,c9fe0214-b133-414d-b64e-58831f5eb1e2,cash
756ab000-2d33-4c8f-bc5e-0ba118910fdd,ZIC-20260811-0113,f686d4d0-3678-467e-9535-3d5f1309c328,Cashier 1,650.0,0.0,0.0,650.0,650.0,0.0,cash,1,2026-08-11T15:08:15.181674+00:00,c9fe0214-b133-414d-b64e-58831f5eb1e2,cash
3a59b5eb-e9b5-4075-9691-0a5beaf56626,ZIC-20260811-0114,f686d4d0-3678-467e-9535-3d5f1309c328,Cashier 1,50.0,0.0,0.0,50.0,50.0,0.0,cash,1,2026-08-11T15:08:33.918076+00:00,c9fe0214-b133-414d-b64e-58831f5eb1e2,cash
672e3336-5174-4dd9-9000-b32ee5e735d0,ZIC-20260811-0115,f686d4d0-3678-467e-9535-3d5f1309c328,Cashier 1,170.0,0.0,0.0,170.0,170.0,0.0,cash,2,2026-08-11T15:13:56.158149+00:00,c9fe0214-b133-414d-b64e-58831f5eb1e2,cash
3a560219-f960-4011-be62-b64780e6cfa1,ZIC-20260811-0116,f686d4d0-3678-467e-9535-3d5f1309c328,Cashier 1,140.0,0.0,0.0,140.0,140.0,0.0,cash,1,2026-08-11T15:19:50.362432+00:00,c9fe0214-b133-414d-b64e-58831f5eb1e2,cash
c04bd3f5-16e2-4500-8807-7d353401705a,ZIC-20260811-0117,f686d4d0-3678-467e-9535-3d5f1309c328,Cashier 1,50.0,0.0,0.0,50.0,50.0,0.0,cash,3,2026-08-11T15:27:44.943496+00:00,c9fe0214-b133-414d-b64e-58831f5eb1e2,cash
7e6ed567-c5d8-41fa-82bf-38cbd2a10bd9,ZIC-20260811-0118,f686d4d0-3678-467e-9535-3d5f1309c328,Cashier 1,220.0,0.0,0.0,220.0,220.0,0.0,cash,3,2026-08-11T15:31:30.851556+00:00,c9fe0214-b133-414d-b64e-58831f5eb1e2,cash
01c14be9-2e5a-4fa9-b5fd-dc59f970e8b9,ZIC-20260811-0119,f686d4d0-3678-467e-9535-3d5f1309c328,Cashier 1,30.0,0.0,0.0,30.0,30.0,0.0,cash,1,2026-08-11T15:32:04.455694+00:00,c9fe0214-b133-414d-b64e-58831f5eb1e2,cash
dba10db8-e7c5-4e4b-97ba-118938b268a6,ZIC-20260811-0120,f686d4d0-3678-467e-9535-3d5f1309c328,Cashier 1,190.0,0.0,0.0,190.0,190.0,0.0,cash,7,2026-08-11T15:33:45.879389+00:00,c9fe0214-b133-414d-b64e-58831f5eb1e2,cash
913b1835-7cd8-4c8a-9ab6-f694342bb6ce,ZIC-20260811-0121,f686d4d0-3678-467e-9535-3d5f1309c328,Cashier 1,220.0,0.0,0.0,220.0,220.0,0.0,cash,9,2026-08-11T15:35:55.719828+00:00,c9fe0214-b133-414d-b64e-58831f5eb1e2,cash
343cdf7f-7c38-43a7-a79c-d870e4721e6e,ZIC-20260811-0122,f686d4d0-3678-467e-9535-3d5f1309c328,Cashier 1,50.0,0.0,0.0,50.0,50.0,0.0,cash,1,2026-08-11T15:41:26.454157+00:00,c9fe0214-b133-414d-b64e-58831f5eb1e2,cash
88670f18-f320-48ba-a9bc-92864ab73999,ZIC-20260811-0123,f686d4d0-3678-467e-9535-3d5f1309c328,Cashier 1,180.0,0.0,0.0,180.0,180.0,0.0,easypasa,11,2026-08-11T15:43:25.170606+00:00,c9fe0214-b133-414d-b64e-58831f5eb1e2,cash
2f925c4d-99d2-4e3e-8c4f-5ee649735c2f,ZIC-20260811-0124,f686d4d0-3678-467e-9535-3d5f1309c328,Cashier 1,250.0,0.0,0.0,250.0,250.0,0.0,cash,6,2026-08-11T15:47:16.47977+00:00,c9fe0214-b133-414d-b64e-58831f5eb1e2,cash
fcf79045-d666-4e44-a545-d41637adf062,ZIC-20260811-0125,f686d4d0-3678-467e-9535-3d5f1309c328,Cashier 1,160.0,0.0,0.0,160.0,160.0,0.0,cash,4,2026-08-11T15:51:01.26512+00:00,c9fe0214-b133-414d-b64e-58831f5eb1e2,cash
bfdd5e27-9244-49ab-b681-5c822354ee56,ZIC-20260811-0126,f686d4d0-3678-467e-9535-3d5f1309c328,Cashier 1,80.0,0.0,0.0,80.0,80.0,0.0,easypasa,2,2026-08-11T15:58:47.35506+00:00,c9fe0214-b133-414d-b64e-58831f5eb1e2,cash
e6054aff-2998-481a-8e71-cf45eecf54f5,ZIC-20260811-0127,f686d4d0-3678-467e-9535-3d5f1309c328,Cashier 1,50.0,0.0,0.0,50.0,50.0,0.0,cash,4,2026-08-11T15:59:21.950931+00:00,c9fe0214-b133-414d-b64e-58831f5eb1e2,cash
32ebbc86-3244-49e7-b295-658a4b7d4f7c,ZIC-20260811-0128,f686d4d0-3678-467e-9535-3d5f1309c328,Cashier 1,250.0,0.0,0.0,250.0,250.0,0.0,cash,1,2026-08-11T16:03:00.811096+00:00,c9fe0214-b133-414d-b64e-58831f5eb1e2,cash
c6318c45-d33a-4ade-8b96-7df2e1fedc6d,ZIC-20260811-0129,f686d4d0-3678-467e-9535-3d5f1309c328,Cashier 1,10.0,0.0,0.0,10.0,10.0,0.0,cash,1,2026-08-11T16:08:23.266079+00:00,c9fe0214-b133-414d-b64e-58831f5eb1e2,cash
d43aad2e-2ff0-4c20-9005-9ee3a25b1cf8,ZIC-20260811-0130,f686d4d0-3678-467e-9535-3d5f1309c328,Cashier 1,50.0,0.0,0.0,50.0,50.0,0.0,cash,1,2026-08-11T16:14:04.339703+00:00,c9fe0214-b133-414d-b64e-58831f5eb1e2,cash
be43e8e4-3390-4ccd-bd11-07bc23f5aaf6,ZIC-20260811-0131,f686d4d0-3678-467e-9535-3d5f1309c328,Cashier 1,100.0,0.0,0.0,100.0,100.0,0.0,cash,3,2026-08-11T16:35:37.757299+00:00,c9fe0214-b133-414d-b64e-58831f5eb1e2,cash
5cf9cddc-126f-4a4a-88f9-2dbf057a12ec,ZIC-20260811-0132,f686d4d0-3678-467e-9535-3d5f1309c328,Cashier 1,130.0,0.0,0.0,130.0,130.0,0.0,cash,5,2026-08-11T16:41:47.991513+00:00,c9fe0214-b133-414d-b64e-58831f5eb1e2,cash
b6d1a603-23f6-4ddf-bda5-2fb852fc2eb6,ZIC-20260811-0133,f686d4d0-3678-467e-9535-3d5f1309c328,Cashier 1,80.0,0.0,0.0,80.0,80.0,0.0,cash,1,2026-08-11T16:42:15.865315+00:00,c9fe0214-b133-414d-b64e-58831f5eb1e2,cash
7257ee33-95d3-4d40-8f62-2dc626e41d4f,ZIC-20260811-0134,f686d4d0-3678-467e-9535-3d5f1309c328,Cashier 1,2145.0,0.0,545.0,1600.0,1600.0,0.0,cash,34,2026-08-11T16:48:44.058022+00:00,c9fe0214-b133-414d-b64e-58831f5eb1e2,cash
a34a7590-c6f9-415c-baa1-de49d1802697,ZIC-20260811-0135,f686d4d0-3678-467e-9535-3d5f1309c328,Cashier 1,370.0,0.0,0.0,370.0,370.0,0.0,cash,9,2026-08-11T16:55:09.326517+00:00,c9fe0214-b133-414d-b64e-58831f5eb1e2,cash
c7fcc292-3f85-4711-8322-43f2cdb06710,ZIC-20260811-0136,f686d4d0-3678-467e-9535-3d5f1309c328,Cashier 1,60.0,0.0,0.0,60.0,60.0,0.0,cash,1,2026-08-11T16:56:00.199435+00:00,c9fe0214-b133-414d-b64e-58831f5eb1e2,cash
b4bb084d-e8fa-4b21-a40c-9a35d5d9fc07,ZIC-20260811-0137,f686d4d0-3678-467e-9535-3d5f1309c328,Cashier 1,70.0,0.0,0.0,70.0,70.0,0.0,cash,1,2026-08-11T17:01:32.322373+00:00,c9fe0214-b133-414d-b64e-58831f5eb1e2,cash
76ea7304-6b13-4e38-8ad1-c003541866a1,ZIC-20260811-0138,f686d4d0-3678-467e-9535-3d5f1309c328,Cashier 1,120.0,0.0,0.0,120.0,120.0,0.0,cash,8,2026-08-11T17:10:04.312494+00:00,c9fe0214-b133-414d-b64e-58831f5eb1e2,cash
cee0030c-37b9-4984-a0e4-64ab96d032e2,ZIC-20260811-0139,f686d4d0-3678-467e-9535-3d5f1309c328,Cashier 1,150.0,0.0,0.0,150.0,150.0,0.0,cash,4,2026-08-11T17:59:46.792209+00:00,c9fe0214-b133-414d-b64e-58831f5eb1e2,cash
6e8d2a3f-fe5a-4448-96a3-b050268c3ed4,ZIC-20260811-0140,f686d4d0-3678-467e-9535-3d5f1309c328,Cashier 1,280.0,0.0,0.0,280.0,280.0,0.0,cash,21,2026-08-11T18:16:34.229114+00:00,c9fe0214-b133-414d-b64e-58831f5eb1e2,cash
a4160ff3-17db-4db7-9b64-da0d5358e6a5,ZIC-20260811-0141,f686d4d0-3678-467e-9535-3d5f1309c328,Cashier 1,380.0,0.0,0.0,380.0,380.0,0.0,cash,12,2026-08-11T18:18:44.431664+00:00,c9fe0214-b133-414d-b64e-58831f5eb1e2,cash
d34c6a5d-cbf4-4d82-8dbc-19eabc63a8d1,ZIC-20260811-0142,f686d4d0-3678-467e-9535-3d5f1309c328,Cashier 1,170.0,0.0,0.0,170.0,170.0,0.0,cash,2,2026-08-11T18:22:10.227521+00:00,c9fe0214-b133-414d-b64e-58831f5eb1e2,cash
315342c3-9139-4447-82ba-d95fe3670b41,ZIC-20260811-0143,f686d4d0-3678-467e-9535-3d5f1309c328,Cashier 1,80.0,0.0,0.0,80.0,80.0,0.0,cash,1,2026-08-11T18:26:06.005+00:00,c9fe0214-b133-414d-b64e-58831f5eb1e2,cash
452364d5-0d0c-4d3c-8efe-95cccf8f4a67,ZIC-20260811-0144,f686d4d0-3678-467e-9535-3d5f1309c328,Cashier 1,260.0,0.0,0.0,260.0,260.0,0.0,cash,3,2026-08-11T18:33:38.487084+00:00,c9fe0214-b133-414d-b64e-58831f5eb1e2,cash
3f4b8440-f759-4857-9c07-8d7d341f90a4,ZIC-20260811-0145,f686d4d0-3678-467e-9535-3d5f1309c328,Cashier 1,210.0,0.0,0.0,210.0,210.0,0.0,cash,10,2026-08-11T18:43:37.790911+00:00,c9fe0214-b133-414d-b64e-58831f5eb1e2,cash
c624e368-5283-498d-a6f8-4b2059a6f967,ZIC-20260811-0146,f686d4d0-3678-467e-9535-3d5f1309c328,Cashier 1,60.0,0.0,0.0,60.0,60.0,0.0,cash,2,2026-08-11T18:49:47.577744+00:00,c9fe0214-b133-414d-b64e-58831f5eb1e2,cash
d4df9898-4f94-4dd2-ae21-397efa1e5739,ZIC-20260811-0147,f686d4d0-3678-467e-9535-3d5f1309c328,Cashier 1,600.0,0.0,0.0,600.0,600.0,0.0,cash,32,2026-08-11T19:27:52.863126+00:00,c9fe0214-b133-414d-b64e-58831f5eb1e2,cash
9c0f8bbe-aec4-46b3-aeef-4e7a881f4984,ZIC-20260811-0148,f686d4d0-3678-467e-9535-3d5f1309c328,Cashier 1,130.0,0.0,0.0,130.0,130.0,0.0,easypasa,1,2026-08-11T19:56:27.639981+00:00,c9fe0214-b133-414d-b64e-58831f5eb1e2,cash
a88a4917-f15b-4bd1-8889-c260600a25c0,ZIC-20260811-0149,f686d4d0-3678-467e-9535-3d5f1309c328,Cashier 1,100.0,0.0,0.0,100.0,100.0,0.0,cash,2,2026-08-11T19:57:35.972433+00:00,c9fe0214-b133-414d-b64e-58831f5eb1e2,cash
37a7941c-d53b-4f41-b828-9d5aaf2d179e,ZIC-20260811-0150,f686d4d0-3678-467e-9535-3d5f1309c328,Cashier 1,60.0,0.0,0.0,60.0,60.0,0.0,cash,2,2026-08-11T20:21:45.332304+00:00,c9fe0214-b133-414d-b64e-58831f5eb1e2,cash
76168624-f344-45d6-9b5d-284642d65308,ZIC-20260811-0151,f686d4d0-3678-467e-9535-3d5f1309c328,Cashier 1,30.0,0.0,0.0,30.0,30.0,0.0,cash,1,2026-08-11T20:21:59.126336+00:00,c9fe0214-b133-414d-b64e-58831f5eb1e2,cash
302f4ade-ffac-4672-93c5-9f28b4e062e4,ZIC-20260811-0152,f686d4d0-3678-467e-9535-3d5f1309c328,Cashier 1,290.0,0.0,0.0,290.0,290.0,0.0,cash,2,2026-08-11T20:33:48.725003+00:00,c9fe0214-b133-414d-b64e-58831f5eb1e2,cash
e10d5dfb-c615-4bd5-8aa7-c122c00090c5,ZIC-20260811-0153,f686d4d0-3678-467e-9535-3d5f1309c328,Cashier 1,160.0,0.0,0.0,160.0,160.0,0.0,cash,3,2026-08-11T20:39:29.289055+00:00,c9fe0214-b133-414d-b64e-58831f5eb1e2,cash
e1900dab-5cf2-4f29-99fd-9d0f29654c06,ZIC-20260811-0154,f686d4d0-3678-467e-9535-3d5f1309c328,Cashier 1,450.0,0.0,0.0,450.0,450.0,0.0,cash,1,2026-08-11T20:48:02.034005+00:00,c9fe0214-b133-414d-b64e-58831f5eb1e2,cash
15aa00ca-4ae6-47e3-b00b-5173c7a052b0,ZIC-20260811-0155,f686d4d0-3678-467e-9535-3d5f1309c328,Cashier 1,150.0,0.0,0.0,150.0,150.0,0.0,cash,3,2026-08-11T21:18:48.022686+00:00,c9fe0214-b133-414d-b64e-58831f5eb1e2,cash
e940d777-baa9-4322-8ce1-189bb51b7255,ZIC-20260811-0156,f686d4d0-3678-467e-9535-3d5f1309c328,Cashier 1,250.0,0.0,0.0,250.0,250.0,0.0,cash,20,2026-08-11T22:18:24.354959+00:00,c9fe0214-b133-414d-b64e-58831f5eb1e2,cash
e0051b4a-2f34-4efe-a2af-a96f8c0498e6,ZIC-20260811-0157,f686d4d0-3678-467e-9535-3d5f1309c328,Cashier 1,60.0,0.0,0.0,60.0,60.0,0.0,cash,4,2026-08-11T22:57:08.430454+00:00,c9fe0214-b133-414d-b64e-58831f5eb1e2,cash
9e064028-9189-40fa-a457-4136a36fdf8c,ZIC-20260811-0158,f686d4d0-3678-467e-9535-3d5f1309c328,Cashier 1,120.0,0.0,0.0,120.0,120.0,0.0,easypasa,3,2026-08-11T22:59:40.769754+00:00,c9fe0214-b133-414d-b64e-58831f5eb1e2,cash
bf95dfcd-d9f2-43b4-a0b8-d0f741ecc08e,ZIC-20260811-0159,f686d4d0-3678-467e-9535-3d5f1309c328,Cashier 1,140.0,0.0,0.0,140.0,140.0,0.0,cash,10,2026-08-11T23:03:34.924116+00:00,c9fe0214-b133-414d-b64e-58831f5eb1e2,cash
f97144b4-fab1-4172-a3a6-87508a49b58a,ZIC-20260811-0160,f686d4d0-3678-467e-9535-3d5f1309c328,Cashier 1,140.0,0.0,0.0,140.0,140.0,0.0,cash,4,2026-08-11T23:53:16.491825+00:00,c9fe0214-b133-414d-b64e-58831f5eb1e2,cash
ba752f2e-d758-475d-bcec-18ecc107b52f,ZIC-20260812-0001,f686d4d0-3678-467e-9535-3d5f1309c328,Cashier 1,100.0,0.0,0.0,100.0,100.0,0.0,cash,1,2026-08-12T01:26:52.736005+00:00,c9fe0214-b133-414d-b64e-58831f5eb1e2,cash
121a54bb-2121-4172-a24d-006b9a08b5b7,ZIC-20260812-0002,f686d4d0-3678-467e-9535-3d5f1309c328,Cashier 1,30.0,0.0,0.0,30.0,30.0,0.0,cash,1,2026-08-12T01:48:35.191441+00:00,c9fe0214-b133-414d-b64e-58831f5eb1e2,cash
51c9757d-6256-47a8-868c-eb2aa008b713,ZIC-20260812-0003,f686d4d0-3678-467e-9535-3d5f1309c328,Cashier 1,480.0,0.0,0.0,480.0,480.0,0.0,cash,3,2026-08-12T01:51:41.895835+00:00,c9fe0214-b133-414d-b64e-58831f5eb1e2,cash
31279a43-b257-4c76-9675-098e5d9a7943,ZIC-20260812-0004,f686d4d0-3678-467e-9535-3d5f1309c328,Cashier 1,170.0,0.0,0.0,170.0,170.0,0.0,cash,11,2026-08-12T03:09:55.171935+00:00,c9fe0214-b133-414d-b64e-58831f5eb1e2,cash
5acf64db-2a9d-4353-9a6b-75d4110cf8ea,ZIC-20260812-0005,f686d4d0-3678-467e-9535-3d5f1309c328,Cashier 1,50.0,0.0,0.0,50.0,50.0,0.0,cash,4,2026-08-12T03:25:09.520169+00:00,c9fe0214-b133-414d-b64e-58831f5eb1e2,cash
408c0794-53c8-4d0f-9c33-279fff0cc9c5,ZIC-20260812-0006,f686d4d0-3678-467e-9535-3d5f1309c328,Cashier 1,280.0,0.0,0.0,280.0,280.0,0.0,cash,21,2026-08-12T03:33:48.656322+00:00,c9fe0214-b133-414d-b64e-58831f5eb1e2,cash
41f09612-7db1-483a-a404-9ec1dcef6d4e,ZIC-20260812-0007,f686d4d0-3678-467e-9535-3d5f1309c328,Cashier 1,50.0,0.0,0.0,50.0,50.0,0.0,cash,4,2026-08-12T03:43:28.502365+00:00,c9fe0214-b133-414d-b64e-58831f5eb1e2,cash
ffed1a52-d6e1-44bd-9977-a6b6747875c2,ZIC-20260812-0008,f686d4d0-3678-467e-9535-3d5f1309c328,Cashier 1,60.0,0.0,0.0,60.0,60.0,0.0,cash,4,2026-08-12T03:56:47.205423+00:00,c9fe0214-b133-414d-b64e-58831f5eb1e2,cash
73ed672a-7675-4bc0-b220-4796e70834c6,ZIC-20260812-0009,f686d4d0-3678-467e-9535-3d5f1309c328,Cashier 1,500.0,0.0,0.0,500.0,500.0,0.0,cash,5,2026-08-12T04:03:19.124241+00:00,c9fe0214-b133-414d-b64e-58831f5eb1e2,cash
35b7ad8f-9dcc-4d70-92ed-ef9f9f4e4759,ZIC-20260812-0010,f686d4d0-3678-467e-9535-3d5f1309c328,Cashier 1,420.0,0.0,0.0,420.0,420.0,0.0,cash,1,2026-08-12T04:07:02.159652+00:00,c9fe0214-b133-414d-b64e-58831f5eb1e2,cash
9d705818-2338-41b5-9d72-0e36a1b6f91f,ZIC-20260812-0011,f686d4d0-3678-467e-9535-3d5f1309c328,Cashier 1,80.0,0.0,0.0,80.0,80.0,0.0,cash,2,2026-08-12T04:08:54.952684+00:00,c9fe0214-b133-414d-b64e-58831f5eb1e2,cash
f03843a1-b926-4a66-a3bd-3442d718a34c,ZIC-20260812-0012,f686d4d0-3678-467e-9535-3d5f1309c328,Cashier 1,50.0,0.0,0.0,50.0,50.0,0.0,cash,1,2026-08-12T04:09:54.527509+00:00,c9fe0214-b133-414d-b64e-58831f5eb1e2,cash
f0e0b3a1-9cbe-4e81-93dd-320ef40c8d8f,ZIC-20260812-0013,f686d4d0-3678-467e-9535-3d5f1309c328,Cashier 1,300.0,0.0,0.0,300.0,300.0,0.0,cash,20,2026-08-12T04:18:06.991254+00:00,c9fe0214-b133-414d-b64e-58831f5eb1e2,cash
c7203e7e-c468-4dcc-9d62-873d06754610,ZIC-20260812-0014,f686d4d0-3678-467e-9535-3d5f1309c328,Cashier 1,270.0,0.0,0.0,270.0,270.0,0.0,easypasa,3,2026-08-12T04:28:45.875714+00:00,c9fe0214-b133-414d-b64e-58831f5eb1e2,cash
0386f88a-5934-4cce-ad10-7a7113e78feb,ZIC-20260812-0015,f686d4d0-3678-467e-9535-3d5f1309c328,Cashier 1,160.0,0.0,0.0,160.0,160.0,0.0,cash,2,2026-08-12T04:32:22.858568+00:00,c9fe0214-b133-414d-b64e-58831f5eb1e2,cash
a6d6e0be-9641-4fe1-8c17-c056ffff0d34,ZIC-20260812-0016,62c5814c-09e6-4583-874d-c3660ce3283f,Asad,30.0,0.0,0.0,30.0,30.0,0.0,cash,2,2026-08-12T04:37:36.181165+00:00,1219f53e-f0f2-4d11-8bf2-3d58394d2e13,cash
c2530f78-1ec6-4757-b97e-ea2b42991304,ZIC-20260812-0017,62c5814c-09e6-4583-874d-c3660ce3283f,Asad,10.0,0.0,0.0,10.0,10.0,0.0,cash,2,2026-08-12T05:05:49.401925+00:00,1219f53e-f0f2-4d11-8bf2-3d58394d2e13,cash
616d30ed-1911-4fed-b798-0a73a1c2b536,ZIC-20260812-0018,62c5814c-09e6-4583-874d-c3660ce3283f,Asad,30.0,0.0,0.0,30.0,30.0,0.0,cash,1,2026-08-12T05:27:29.076132+00:00,1219f53e-f0f2-4d11-8bf2-3d58394d2e13,cash
e4c9ad0e-5fb5-405b-9288-a17f7766fcd8,ZIC-20260812-0019,62c5814c-09e6-4583-874d-c3660ce3283f,Asad,50.0,0.0,0.0,50.0,50.0,0.0,cash,3,2026-08-12T05:46:09.600556+00:00,1219f53e-f0f2-4d11-8bf2-3d58394d2e13,cash
bdf2f18f-c746-407e-b1a3-230be66d892c,ZIC-20260812-0020,62c5814c-09e6-4583-874d-c3660ce3283f,Asad,70.0,0.0,30.0,40.0,40.0,0.0,cash,2,2026-08-12T05:49:21.279654+00:00,1219f53e-f0f2-4d11-8bf2-3d58394d2e13,cash
aa8f3ccf-385f-49c3-829d-8a0b445f1002,ZIC-20260812-0021,62c5814c-09e6-4583-874d-c3660ce3283f,Asad,50.0,0.0,0.0,50.0,50.0,0.0,cash,1,2026-08-12T05:50:08.236083+00:00,1219f53e-f0f2-4d11-8bf2-3d58394d2e13,cash
7d0bdf72-3815-4bec-abaa-81f14a279262,ZIC-20260812-0022,62c5814c-09e6-4583-874d-c3660ce3283f,Asad,370.0,0.0,0.0,370.0,370.0,0.0,cash,13,2026-08-12T05:54:40.24526+00:00,1219f53e-f0f2-4d11-8bf2-3d58394d2e13,cash
6971a02d-9424-4eb8-9972-f6027b88c993,ZIC-20260812-0023,62c5814c-09e6-4583-874d-c3660ce3283f,Asad,60.0,0.0,0.0,60.0,60.0,0.0,cash,3,2026-08-12T06:03:55.328211+00:00,1219f53e-f0f2-4d11-8bf2-3d58394d2e13,cash
92a8c9a7-27cd-48d0-81df-8b76f6c57b0c,ZIC-20260812-0024,62c5814c-09e6-4583-874d-c3660ce3283f,Asad,80.0,0.0,0.0,80.0,80.0,0.0,cash,1,2026-08-12T06:08:08.301598+00:00,1219f53e-f0f2-4d11-8bf2-3d58394d2e13,cash
cc20138c-589b-4a1f-aac5-e11915ecc3b4,ZIC-20260812-0025,62c5814c-09e6-4583-874d-c3660ce3283f,Asad,300.0,0.0,0.0,300.0,300.0,0.0,cash,1,2026-08-12T07:42:10.632804+00:00,1219f53e-f0f2-4d11-8bf2-3d58394d2e13,cash
928a16a3-b281-4614-bf29-f1424c4f166e,ZIC-20260812-0026,62c5814c-09e6-4583-874d-c3660ce3283f,Asad,150.0,0.0,0.0,150.0,150.0,0.0,cash,1,2026-08-12T07:43:14.416696+00:00,1219f53e-f0f2-4d11-8bf2-3d58394d2e13,cash
abc4a3d4-5a4b-4bfd-8b85-e1a1c15103e6,ZIC-20260812-0027,62c5814c-09e6-4583-874d-c3660ce3283f,Asad,50.0,0.0,0.0,50.0,50.0,0.0,cash,10,2026-08-12T07:43:44.195429+00:00,1219f53e-f0f2-4d11-8bf2-3d58394d2e13,cash
d945eaa9-9259-4fd3-a3a4-10c042abb7c2,ZIC-20260812-0028,62c5814c-09e6-4583-874d-c3660ce3283f,Asad,200.0,0.0,0.0,200.0,200.0,0.0,cash,1,2026-08-12T07:44:10.096294+00:00,1219f53e-f0f2-4d11-8bf2-3d58394d2e13,cash
0afd03af-c0f3-425c-8819-6215828fd326,ZIC-20260812-0029,62c5814c-09e6-4583-874d-c3660ce3283f,Asad,120.0,0.0,0.0,120.0,120.0,0.0,cash,1,2026-08-12T07:44:34.572265+00:00,1219f53e-f0f2-4d11-8bf2-3d58394d2e13,cash
2270fb88-c78a-4295-ad21-a7296cf46bea,ZIC-20260812-0030,62c5814c-09e6-4583-874d-c3660ce3283f,Asad,50.0,0.0,0.0,50.0,50.0,0.0,cash,1,2026-08-12T07:45:45.884713+00:00,1219f53e-f0f2-4d11-8bf2-3d58394d2e13,cash
9bde44ef-ae2f-47c8-9863-89a4f01db878,ZIC-20260812-0031,62c5814c-09e6-4583-874d-c3660ce3283f,Asad,90.0,0.0,0.0,90.0,90.0,0.0,cash,3,2026-08-12T07:46:07.574183+00:00,1219f53e-f0f2-4d11-8bf2-3d58394d2e13,cash
298528b7-0d2e-49aa-b091-d407bae213ec,ZIC-20260812-0032,62c5814c-09e6-4583-874d-c3660ce3283f,Asad,60.0,0.0,0.0,60.0,60.0,0.0,cash,3,2026-08-12T07:46:40.809564+00:00,1219f53e-f0f2-4d11-8bf2-3d58394d2e13,cash
e7db3196-3f91-4f8e-9d78-5356ab6380a3,ZIC-20260812-0033,62c5814c-09e6-4583-874d-c3660ce3283f,Asad,60.0,0.0,0.0,60.0,60.0,0.0,cash,3,2026-08-12T07:50:21.197543+00:00,1219f53e-f0f2-4d11-8bf2-3d58394d2e13,cash
c34b7e00-ff7e-4634-96b3-bad1ae867148,ZIC-20260812-0034,62c5814c-09e6-4583-874d-c3660ce3283f,Asad,495.0,0.0,0.0,495.0,495.0,0.0,cash,17,2026-08-12T07:54:18.650999+00:00,1219f53e-f0f2-4d11-8bf2-3d58394d2e13,cash
e533bd87-1e32-4b6c-9295-ba63ce875940,ZIC-20260812-0035,62c5814c-09e6-4583-874d-c3660ce3283f,Asad,150.0,0.0,0.0,150.0,150.0,0.0,cash,2,2026-08-12T08:07:56.153691+00:00,1219f53e-f0f2-4d11-8bf2-3d58394d2e13,cash
0f6e6e35-417b-4179-9438-822ae21c775f,ZIC-20260812-0036,62c5814c-09e6-4583-874d-c3660ce3283f,Asad,90.0,0.0,0.0,90.0,90.0,0.0,cash,2,2026-08-12T08:09:33.655719+00:00,1219f53e-f0f2-4d11-8bf2-3d58394d2e13,cash
b0bd7af4-b9b4-4767-a01f-abace38fcce0,ZIC-20260812-0037,62c5814c-09e6-4583-874d-c3660ce3283f,Asad,2510.0,0.0,10.0,2500.0,2500.0,0.0,cash,35,2026-08-12T08:22:14.60268+00:00,1219f53e-f0f2-4d11-8bf2-3d58394d2e13,cash
64a33e62-30a1-4228-a006-87714546e707,ZIC-20260812-0038,62c5814c-09e6-4583-874d-c3660ce3283f,Asad,260.0,0.0,0.0,260.0,260.0,0.0,card,3,2026-08-12T08:24:46.759203+00:00,1219f53e-f0f2-4d11-8bf2-3d58394d2e13,card
b792a397-c1b1-4ccf-b687-f2420ba937d7,ZIC-20260812-0039,62c5814c-09e6-4583-874d-c3660ce3283f,Asad,30.0,0.0,0.0,30.0,30.0,0.0,cash,1,2026-08-12T08:25:17.039948+00:00,1219f53e-f0f2-4d11-8bf2-3d58394d2e13,cash
6754e349-620a-4637-bbc1-66d92a09d8d9,ZIC-20260812-0040,62c5814c-09e6-4583-874d-c3660ce3283f,Asad,30.0,0.0,0.0,30.0,30.0,0.0,cash,2,2026-08-12T08:32:27.699485+00:00,1219f53e-f0f2-4d11-8bf2-3d58394d2e13,cash
86f6c8a2-ab6a-4037-b036-b1e242dc1bcf,ZIC-20260812-0041,62c5814c-09e6-4583-874d-c3660ce3283f,Asad,220.0,0.0,0.0,220.0,220.0,0.0,cash,2,2026-08-12T08:37:07.105636+00:00,1219f53e-f0f2-4d11-8bf2-3d58394d2e13,cash
0893789c-dc03-4685-a6f5-78e160fb2acf,ZIC-20260812-0042,62c5814c-09e6-4583-874d-c3660ce3283f,Asad,200.0,0.0,0.0,200.0,200.0,0.0,cash,2,2026-08-12T08:52:21.120654+00:00,1219f53e-f0f2-4d11-8bf2-3d58394d2e13,cash
62a92cb6-d45f-45c1-8d50-caf699e7929e,ZIC-20260812-0043,62c5814c-09e6-4583-874d-c3660ce3283f,Asad,10.0,0.0,0.0,10.0,10.0,0.0,cash,2,2026-08-12T08:55:33.665553+00:00,1219f53e-f0f2-4d11-8bf2-3d58394d2e13,cash
5cabe6ea-5646-4b5c-98a2-86a20f14e7f5,ZIC-20260812-0044,62c5814c-09e6-4583-874d-c3660ce3283f,Asad,210.0,0.0,0.0,210.0,210.0,0.0,cash,1,2026-08-12T09:05:00.025176+00:00,1219f53e-f0f2-4d11-8bf2-3d58394d2e13,cash
d1d61532-80a8-4ba8-8ac9-ec8be6b4b82c,ZIC-20260812-0045,62c5814c-09e6-4583-874d-c3660ce3283f,Asad,180.0,0.0,0.0,180.0,180.0,0.0,cash,2,2026-08-12T09:07:09.687506+00:00,1219f53e-f0f2-4d11-8bf2-3d58394d2e13,cash
590fa54c-2f92-4be6-ad3f-1c6bc8d1af08,ZIC-20260812-0046,62c5814c-09e6-4583-874d-c3660ce3283f,Asad,50.0,0.0,0.0,50.0,50.0,0.0,cash,4,2026-08-12T09:07:57.823178+00:00,1219f53e-f0f2-4d11-8bf2-3d58394d2e13,cash
836cab73-7eb2-4fb8-8d98-e2d1f8aa999f,ZIC-20260812-0047,62c5814c-09e6-4583-874d-c3660ce3283f,Asad,50.0,0.0,0.0,50.0,50.0,0.0,cash,1,2026-08-12T09:15:27.398869+00:00,1219f53e-f0f2-4d11-8bf2-3d58394d2e13,cash
eb00f406-d81e-4f87-937b-5dcab72622f9,ZIC-20260812-0048,62c5814c-09e6-4583-874d-c3660ce3283f,Asad,330.0,0.0,0.0,330.0,330.0,0.0,cash,6,2026-08-12T09:28:26.957636+00:00,1219f53e-f0f2-4d11-8bf2-3d58394d2e13,cash
d915e867-c4c1-46aa-a245-52af6642a851,ZIC-20260812-0049,62c5814c-09e6-4583-874d-c3660ce3283f,Asad,500.0,0.0,0.0,500.0,500.0,0.0,cash,6,2026-08-12T09:29:57.348813+00:00,1219f53e-f0f2-4d11-8bf2-3d58394d2e13,cash
7ba7f85a-4f57-4311-bfa9-f1c7c59d277a,ZIC-20260812-0050,62c5814c-09e6-4583-874d-c3660ce3283f,Asad,70.0,0.0,0.0,70.0,70.0,0.0,cash,6,2026-08-12T09:38:59.658862+00:00,1219f53e-f0f2-4d11-8bf2-3d58394d2e13,cash
b4cc9c51-2b83-42d1-8972-fa51cfaa6f7c,ZIC-20260812-0051,62c5814c-09e6-4583-874d-c3660ce3283f,Asad,50.0,0.0,0.0,50.0,50.0,0.0,cash,1,2026-08-12T10:07:21.382203+00:00,1219f53e-f0f2-4d11-8bf2-3d58394d2e13,cash
55e4fe44-6b09-450b-a6c2-c3158c28bf8f,ZIC-20260812-0052,62c5814c-09e6-4583-874d-c3660ce3283f,Asad,50.0,0.0,0.0,50.0,50.0,0.0,cash,5,2026-08-12T10:14:48.989606+00:00,1219f53e-f0f2-4d11-8bf2-3d58394d2e13,cash
acb8d96e-5334-43c8-b207-5e6bb08661fa,ZIC-20260812-0053,62c5814c-09e6-4583-874d-c3660ce3283f,Asad,480.0,0.0,0.0,480.0,480.0,0.0,card,1,2026-08-12T10:20:06.487645+00:00,1219f53e-f0f2-4d11-8bf2-3d58394d2e13,card
cd6cc1ef-b3f5-4794-a9d9-4894860eb699,ZIC-20260812-0054,62c5814c-09e6-4583-874d-c3660ce3283f,Asad,160.0,0.0,0.0,160.0,160.0,0.0,card,4,2026-08-12T10:22:21.763393+00:00,1219f53e-f0f2-4d11-8bf2-3d58394d2e13,card
b2360c6d-8e2d-496a-b661-5e476b00021e,ZIC-20260812-0055,62c5814c-09e6-4583-874d-c3660ce3283f,Asad,300.0,0.0,0.0,300.0,300.0,0.0,cash,20,2026-08-12T10:38:50.904866+00:00,1219f53e-f0f2-4d11-8bf2-3d58394d2e13,cash
6c47da8e-9731-4cf5-b5c7-2525f3fa9906,ZIC-20260812-0056,62c5814c-09e6-4583-874d-c3660ce3283f,Asad,150.0,0.0,0.0,150.0,150.0,0.0,cash,1,2026-08-12T10:39:25.460475+00:00,1219f53e-f0f2-4d11-8bf2-3d58394d2e13,cash
865a0284-4695-4477-8623-b3ef005e077f,ZIC-20260812-0057,62c5814c-09e6-4583-874d-c3660ce3283f,Asad,20.0,0.0,0.0,20.0,20.0,0.0,cash,2,2026-08-12T10:48:30.256053+00:00,1219f53e-f0f2-4d11-8bf2-3d58394d2e13,cash
7ac094b9-0537-4218-8a9c-cf2eb32805a4,ZIC-20260812-0058,62c5814c-09e6-4583-874d-c3660ce3283f,Asad,30.0,0.0,0.0,30.0,30.0,0.0,cash,2,2026-08-12T10:50:53.682632+00:00,1219f53e-f0f2-4d11-8bf2-3d58394d2e13,cash
1baa7a29-2803-4a4b-a53e-1b1703b72394,ZIC-20260812-0059,62c5814c-09e6-4583-874d-c3660ce3283f,Asad,65.0,0.0,0.0,65.0,65.0,0.0,cash,2,2026-08-12T11:04:08.046615+00:00,1219f53e-f0f2-4d11-8bf2-3d58394d2e13,cash
5f453a8b-abe3-4219-980e-a2082b048829,ZIC-20260812-0060,62c5814c-09e6-4583-874d-c3660ce3283f,Asad,60.0,0.0,0.0,60.0,60.0,0.0,cash,1,2026-08-12T11:18:15.269701+00:00,1219f53e-f0f2-4d11-8bf2-3d58394d2e13,cash
9522b37c-cfe3-4c66-99e8-a4865429a891,ZIC-20260812-0061,62c5814c-09e6-4583-874d-c3660ce3283f,Asad,100.0,0.0,0.0,100.0,100.0,0.0,cash,2,2026-08-12T11:18:32.63125+00:00,1219f53e-f0f2-4d11-8bf2-3d58394d2e13,cash
50fabe7c-7d3b-4ae6-888f-b93fe0211223,ZIC-20260812-0062,62c5814c-09e6-4583-874d-c3660ce3283f,Asad,240.0,0.0,0.0,240.0,240.0,0.0,cash,2,2026-08-12T11:22:58.198672+00:00,1219f53e-f0f2-4d11-8bf2-3d58394d2e13,cash
186468f2-7d85-4df1-a258-c60f1e139d8d,ZIC-20260812-0063,62c5814c-09e6-4583-874d-c3660ce3283f,Asad,100.0,0.0,0.0,100.0,100.0,0.0,cash,4,2026-08-12T11:26:10.905521+00:00,1219f53e-f0f2-4d11-8bf2-3d58394d2e13,cash
f47e34c6-9379-47ed-a90e-4dce221eaa08,ZIC-20260812-0064,62c5814c-09e6-4583-874d-c3660ce3283f,Asad,50.0,0.0,0.0,50.0,50.0,0.0,cash,1,2026-08-12T11:40:28.981647+00:00,1219f53e-f0f2-4d11-8bf2-3d58394d2e13,cash
3b6f89c4-abd5-4cc7-a0c4-1bcfcb2f3a92,ZIC-20260812-0065,62c5814c-09e6-4583-874d-c3660ce3283f,Asad,280.0,0.0,0.0,280.0,280.0,0.0,cash,2,2026-08-12T11:50:38.517089+00:00,1219f53e-f0f2-4d11-8bf2-3d58394d2e13,cash
c18ea973-fbcf-4711-9b61-e825b8c749dd,ZIC-20260812-0066,62c5814c-09e6-4583-874d-c3660ce3283f,Asad,340.0,0.0,0.0,340.0,340.0,0.0,cash,3,2026-08-12T11:54:14.262398+00:00,1219f53e-f0f2-4d11-8bf2-3d58394d2e13,cash
c560080a-0131-4362-aba4-02567d423cbe,ZIC-20260812-0067,62c5814c-09e6-4583-874d-c3660ce3283f,Asad,60.0,0.0,0.0,60.0,60.0,0.0,cash,1,2026-08-12T11:55:51.304583+00:00,1219f53e-f0f2-4d11-8bf2-3d58394d2e13,cash
45e93695-c2db-4fb0-b02e-6dd401eb06d6,ZIC-20260812-0068,62c5814c-09e6-4583-874d-c3660ce3283f,Asad,30.0,0.0,0.0,30.0,30.0,0.0,cash,2,2026-08-12T11:57:04.535153+00:00,1219f53e-f0f2-4d11-8bf2-3d58394d2e13,cash
0f20365f-f46c-46ec-b9c1-01c6ad5470b7,ZIC-20260812-0069,62c5814c-09e6-4583-874d-c3660ce3283f,Asad,280.0,0.0,0.0,280.0,280.0,0.0,cash,7,2026-08-12T11:59:17.69931+00:00,1219f53e-f0f2-4d11-8bf2-3d58394d2e13,cash
b39ae048-430d-4230-b739-479ac26033ed,ZIC-20260812-0070,62c5814c-09e6-4583-874d-c3660ce3283f,Asad,350.0,0.0,0.0,350.0,350.0,0.0,easypasa,21,2026-08-12T12:03:08.528784+00:00,1219f53e-f0f2-4d11-8bf2-3d58394d2e13,cash
a053d04e-c4da-4baf-ac7d-5d5df0455335,ZIC-20260812-0071,62c5814c-09e6-4583-874d-c3660ce3283f,Asad,100.0,0.0,0.0,100.0,100.0,0.0,cash,5,2026-08-12T12:03:31.827596+00:00,1219f53e-f0f2-4d11-8bf2-3d58394d2e13,cash
a105f2e2-a3ce-4d8b-b22f-afa279a8269f,ZIC-20260812-0072,62c5814c-09e6-4583-874d-c3660ce3283f,Asad,300.0,0.0,0.0,300.0,300.0,0.0,cash,11,2026-08-12T12:05:39.019474+00:00,1219f53e-f0f2-4d11-8bf2-3d58394d2e13,cash
a4c3bf32-b67b-4996-ab6b-d90ecd255606,ZIC-20260812-0073,62c5814c-09e6-4583-874d-c3660ce3283f,Asad,50.0,0.0,0.0,50.0,50.0,0.0,cash,1,2026-08-12T12:13:36.63394+00:00,1219f53e-f0f2-4d11-8bf2-3d58394d2e13,cash
dcd18409-186b-4461-938a-cd6057164c41,ZIC-20260812-0074,62c5814c-09e6-4583-874d-c3660ce3283f,Asad,20.0,0.0,0.0,20.0,20.0,0.0,cash,1,2026-08-12T12:13:49.705357+00:00,1219f53e-f0f2-4d11-8bf2-3d58394d2e13,cash
a36dae1e-680b-4613-bd75-ce3b70f405fe,ZIC-20260812-0075,62c5814c-09e6-4583-874d-c3660ce3283f,Asad,30.0,0.0,0.0,30.0,30.0,0.0,cash,1,2026-08-12T12:19:40.96065+00:00,1219f53e-f0f2-4d11-8bf2-3d58394d2e13,cash
014e54bc-fdab-4907-b976-af54c3e787a0,ZIC-20260812-0076,62c5814c-09e6-4583-874d-c3660ce3283f,Asad,40.0,0.0,0.0,40.0,40.0,0.0,cash,4,2026-08-12T12:33:15.872154+00:00,1219f53e-f0f2-4d11-8bf2-3d58394d2e13,cash
66994478-bbc9-44b6-8101-1b52ce182ca7,ZIC-20260812-0077,62c5814c-09e6-4583-874d-c3660ce3283f,Asad,50.0,0.0,0.0,50.0,50.0,0.0,cash,4,2026-08-12T12:35:00.815784+00:00,1219f53e-f0f2-4d11-8bf2-3d58394d2e13,cash
336cfd3d-bf1b-4179-bcee-427ed7a65b90,ZIC-20260812-0078,62c5814c-09e6-4583-874d-c3660ce3283f,Asad,120.0,0.0,0.0,120.0,120.0,0.0,cash,4,2026-08-12T12:38:35.019891+00:00,1219f53e-f0f2-4d11-8bf2-3d58394d2e13,cash
4d78650d-2de3-4e63-a5bf-9ab3047005fb,ZIC-20260812-0079,62c5814c-09e6-4583-874d-c3660ce3283f,Asad,250.0,0.0,0.0,250.0,250.0,0.0,cash,3,2026-08-12T12:39:06.666276+00:00,1219f53e-f0f2-4d11-8bf2-3d58394d2e13,cash
ea639913-94d1-4091-bcd6-e27e6a8f8acf,ZIC-20260812-0080,62c5814c-09e6-4583-874d-c3660ce3283f,Asad,100.0,0.0,0.0,100.0,100.0,0.0,cash,1,2026-08-12T12:39:29.540074+00:00,1219f53e-f0f2-4d11-8bf2-3d58394d2e13,cash
1faace4f-8ffd-4f94-a184-207af9142a92,ZIC-20260812-0081,62c5814c-09e6-4583-874d-c3660ce3283f,Asad,840.0,0.0,0.0,840.0,840.0,0.0,cash,6,2026-08-12T12:45:26.884905+00:00,1219f53e-f0f2-4d11-8bf2-3d58394d2e13,cash
f1e9aaca-a621-4ca4-84ec-51927db0c7fa,ZIC-20260812-0082,62c5814c-09e6-4583-874d-c3660ce3283f,Asad,140.0,0.0,30.0,110.0,110.0,0.0,cash,1,2026-08-12T12:48:18.210447+00:00,1219f53e-f0f2-4d11-8bf2-3d58394d2e13,cash
660aed05-5add-4c30-a78f-dafc23293f3e,ZIC-20260812-0083,62c5814c-09e6-4583-874d-c3660ce3283f,Asad,70.0,0.0,5.0,65.0,65.0,0.0,cash,1,2026-08-12T12:49:01.58444+00:00,1219f53e-f0f2-4d11-8bf2-3d58394d2e13,cash
43060df9-64f6-43b5-80d5-1b8a314f5348,ZIC-20260812-0084,62c5814c-09e6-4583-874d-c3660ce3283f,Asad,170.0,0.0,0.0,170.0,170.0,0.0,cash,2,2026-08-12T12:53:28.15469+00:00,1219f53e-f0f2-4d11-8bf2-3d58394d2e13,cash
698fc363-4126-495c-b690-e3348a6e50ca,ZIC-20260812-0085,62c5814c-09e6-4583-874d-c3660ce3283f,Asad,255.0,0.0,5.0,250.0,250.0,0.0,cash,2,2026-08-12T13:03:00.372343+00:00,1219f53e-f0f2-4d11-8bf2-3d58394d2e13,cash
230292b5-3716-4e24-9ad1-a8b7bddd57b4,ZIC-20260812-0086,62c5814c-09e6-4583-874d-c3660ce3283f,Asad,45.0,0.0,0.0,45.0,45.0,0.0,cash,3,2026-08-12T13:03:35.402268+00:00,1219f53e-f0f2-4d11-8bf2-3d58394d2e13,cash
3b2e5a37-771e-4a73-9822-fe1a0034d19f,ZIC-20260812-0087,62c5814c-09e6-4583-874d-c3660ce3283f,Asad,30.0,0.0,0.0,30.0,30.0,0.0,cash,2,2026-08-12T13:05:53.257824+00:00,1219f53e-f0f2-4d11-8bf2-3d58394d2e13,cash
9fdb8ceb-1820-4b98-9932-2e1e43f60727,ZIC-20260812-0088,62c5814c-09e6-4583-874d-c3660ce3283f,Asad,100.0,0.0,0.0,100.0,100.0,0.0,cash,1,2026-08-12T13:21:09.66742+00:00,1219f53e-f0f2-4d11-8bf2-3d58394d2e13,cash
7914c178-6283-450d-92de-147151725749,ZIC-20260812-0089,62c5814c-09e6-4583-874d-c3660ce3283f,Asad,155.0,0.0,0.0,155.0,155.0,0.0,cash,2,2026-08-12T13:23:53.138851+00:00,1219f53e-f0f2-4d11-8bf2-3d58394d2e13,cash
fe1bea77-56c2-4183-ab04-b398205c3dfb,ZIC-20260812-0090,62c5814c-09e6-4583-874d-c3660ce3283f,Asad,120.0,0.0,0.0,120.0,120.0,0.0,cash,1,2026-08-12T13:24:16.969907+00:00,1219f53e-f0f2-4d11-8bf2-3d58394d2e13,cash
6367d405-5803-4bc2-ac25-356524b7daee,ZIC-20260812-0091,62c5814c-09e6-4583-874d-c3660ce3283f,Asad,330.0,0.0,0.0,330.0,330.0,0.0,card,4,2026-08-12T13:26:39.698858+00:00,1219f53e-f0f2-4d11-8bf2-3d58394d2e13,card
8dac4cf4-7938-4b47-ba4c-7242dabc0780,ZIC-20260812-0092,62c5814c-09e6-4583-874d-c3660ce3283f,Asad,300.0,0.0,0.0,300.0,300.0,0.0,card,2,2026-08-12T13:29:35.419111+00:00,1219f53e-f0f2-4d11-8bf2-3d58394d2e13,card
4d8d202d-849e-4570-b893-d39111eb92e5,ZIC-20260812-0093,62c5814c-09e6-4583-874d-c3660ce3283f,Asad,40.0,0.0,0.0,40.0,40.0,0.0,cash,2,2026-08-12T13:30:09.331263+00:00,1219f53e-f0f2-4d11-8bf2-3d58394d2e13,cash
959df974-2198-48e0-9ce9-dff65b7ae9ac,ZIC-20260812-0094,62c5814c-09e6-4583-874d-c3660ce3283f,Asad,250.0,0.0,0.0,250.0,250.0,0.0,cash,20,2026-08-12T13:39:57.767167+00:00,1219f53e-f0f2-4d11-8bf2-3d58394d2e13,cash
fd5aa25f-01fc-4367-92fa-68a23a408474,ZIC-20260812-0095,62c5814c-09e6-4583-874d-c3660ce3283f,Asad,150.0,0.0,0.0,150.0,150.0,0.0,cash,14,2026-08-12T13:50:04.551473+00:00,1219f53e-f0f2-4d11-8bf2-3d58394d2e13,cash
ba38ace9-85eb-48ad-a00d-2cfa7882b798,ZIC-20260812-0096,62c5814c-09e6-4583-874d-c3660ce3283f,Asad,20.0,0.0,0.0,20.0,20.0,0.0,cash,2,2026-08-12T13:55:27.364855+00:00,1219f53e-f0f2-4d11-8bf2-3d58394d2e13,cash
e49a6347-7c50-47b4-a93a-8777964e86f7,ZIC-20260812-0097,62c5814c-09e6-4583-874d-c3660ce3283f,Asad,95.0,0.0,0.0,95.0,95.0,0.0,cash,7,2026-08-12T13:58:15.678119+00:00,1219f53e-f0f2-4d11-8bf2-3d58394d2e13,cash
350355fc-5227-44c7-b68f-994182490426,ZIC-20260812-0098,62c5814c-09e6-4583-874d-c3660ce3283f,Asad,420.0,0.0,0.0,420.0,420.0,0.0,cash,4,2026-08-12T13:59:06.574724+00:00,1219f53e-f0f2-4d11-8bf2-3d58394d2e13,cash
029d42ed-8555-4be7-a3f8-76b5661d6b1d,ZIC-20260812-0099,62c5814c-09e6-4583-874d-c3660ce3283f,Asad,100.0,0.0,0.0,100.0,100.0,0.0,cash,1,2026-08-12T13:59:33.768491+00:00,1219f53e-f0f2-4d11-8bf2-3d58394d2e13,cash
a43aa800-63ad-41b8-8faf-2b6753db2c38,ZIC-20260812-0100,62c5814c-09e6-4583-874d-c3660ce3283f,Asad,30.0,0.0,0.0,30.0,30.0,0.0,cash,2,2026-08-12T14:08:28.378627+00:00,1219f53e-f0f2-4d11-8bf2-3d58394d2e13,cash
ffe00ba5-0d71-4dcf-a265-b4785ba13f1c,ZIC-20260812-0101,62c5814c-09e6-4583-874d-c3660ce3283f,Asad,280.0,0.0,0.0,280.0,280.0,0.0,cash,3,2026-08-12T14:20:55.761335+00:00,1219f53e-f0f2-4d11-8bf2-3d58394d2e13,cash
cc68a30b-f36e-402b-921c-51dbc9749316,ZIC-20260812-0102,62c5814c-09e6-4583-874d-c3660ce3283f,Asad,120.0,0.0,0.0,120.0,120.0,0.0,cash,2,2026-08-12T14:22:14.455151+00:00,1219f53e-f0f2-4d11-8bf2-3d58394d2e13,cash
830785ba-793a-42c8-9824-788d616ff418,ZIC-20260812-0103,62c5814c-09e6-4583-874d-c3660ce3283f,Asad,730.0,0.0,0.0,730.0,730.0,0.0,cash,25,2026-08-12T14:23:56.853775+00:00,1219f53e-f0f2-4d11-8bf2-3d58394d2e13,cash
99883273-25d0-4b55-967d-cf53370d8e54,ZIC-20260812-0104,62c5814c-09e6-4583-874d-c3660ce3283f,Asad,10.0,0.0,0.0,10.0,10.0,0.0,cash,1,2026-08-12T14:24:15.932982+00:00,1219f53e-f0f2-4d11-8bf2-3d58394d2e13,cash
3c2c4334-75ea-44b4-bcf5-2d9db5397049,ZIC-20260812-0105,62c5814c-09e6-4583-874d-c3660ce3283f,Asad,210.0,0.0,0.0,210.0,210.0,0.0,cash,1,2026-08-12T14:26:19.008002+00:00,1219f53e-f0f2-4d11-8bf2-3d58394d2e13,cash
ffc14883-939a-463b-8db1-38dda41cbade,ZIC-20260812-0106,62c5814c-09e6-4583-874d-c3660ce3283f,Asad,900.0,0.0,0.0,900.0,900.0,0.0,cash,12,2026-08-12T14:31:32.897205+00:00,1219f53e-f0f2-4d11-8bf2-3d58394d2e13,cash
2183c4df-7f1a-4e9e-85ca-cdf94eaa6e05,ZIC-20260812-0107,62c5814c-09e6-4583-874d-c3660ce3283f,Asad,100.0,0.0,0.0,100.0,100.0,0.0,cash,5,2026-08-12T14:43:52.164545+00:00,1219f53e-f0f2-4d11-8bf2-3d58394d2e13,cash
489e303a-e86f-4768-8c2f-0a7e477da49c,ZIC-20260812-0108,62c5814c-09e6-4583-874d-c3660ce3283f,Asad,40.0,0.0,0.0,40.0,40.0,0.0,cash,1,2026-08-12T14:44:29.542348+00:00,1219f53e-f0f2-4d11-8bf2-3d58394d2e13,cash
05277db3-d5b3-4396-8cdb-09350a7f691e,ZIC-20260812-0109,62c5814c-09e6-4583-874d-c3660ce3283f,Asad,40.0,0.0,0.0,40.0,40.0,0.0,cash,1,2026-08-12T15:02:01.963258+00:00,1219f53e-f0f2-4d11-8bf2-3d58394d2e13,cash
9cec6d08-5ef5-4806-94ab-43d0dfffaff9,ZIC-20260812-0110,62c5814c-09e6-4583-874d-c3660ce3283f,Asad,275.0,0.0,0.0,275.0,275.0,0.0,cash,5,2026-08-12T15:14:37.514618+00:00,1219f53e-f0f2-4d11-8bf2-3d58394d2e13,cash
755d1ae8-c54c-4e8e-977e-375a1b92eb6f,ZIC-20260812-0111,62c5814c-09e6-4583-874d-c3660ce3283f,Asad,270.0,0.0,0.0,270.0,270.0,0.0,cash,12,2026-08-12T15:22:27.13815+00:00,1219f53e-f0f2-4d11-8bf2-3d58394d2e13,cash
298dae1c-7ab2-4f98-9960-4c6b7069f87c,ZIC-20260812-0112,62c5814c-09e6-4583-874d-c3660ce3283f,Asad,15.0,0.0,0.0,15.0,15.0,0.0,cash,1,2026-08-12T15:35:19.155855+00:00,1219f53e-f0f2-4d11-8bf2-3d58394d2e13,cash
9612f902-d598-4234-98db-753109d47896,ZIC-20260812-0113,f686d4d0-3678-467e-9535-3d5f1309c328,Cashier 1,30.0,0.0,0.0,30.0,30.0,0.0,cash,2,2026-08-12T15:55:55.397056+00:00,a5c179ea-f038-4e50-a9a7-bee6c4b2a8db,cash
41f8d705-1246-49f0-93b5-84a54a3f6d70,ZIC-20260812-0114,f686d4d0-3678-467e-9535-3d5f1309c328,Cashier 1,30.0,0.0,0.0,30.0,30.0,0.0,cash,1,2026-08-12T15:56:10.395919+00:00,a5c179ea-f038-4e50-a9a7-bee6c4b2a8db,cash
a04906ba-1bf9-4eb9-a949-b2261470fcd9,ZIC-20260812-0115,f686d4d0-3678-467e-9535-3d5f1309c328,Cashier 1,100.0,0.0,0.0,100.0,100.0,0.0,cash,2,2026-08-12T16:39:13.542364+00:00,a5c179ea-f038-4e50-a9a7-bee6c4b2a8db,cash
82237fa4-682f-42e7-acfd-aac1c3ce87c0,ZIC-20260812-0116,f686d4d0-3678-467e-9535-3d5f1309c328,Cashier 1,80.0,0.0,0.0,80.0,80.0,0.0,cash,2,2026-08-12T16:40:05.383199+00:00,a5c179ea-f038-4e50-a9a7-bee6c4b2a8db,cash
a278d04b-00a0-40a2-a40f-0f28bb3cce9e,ZIC-20260812-0117,f686d4d0-3678-467e-9535-3d5f1309c328,Cashier 1,10.0,0.0,0.0,10.0,10.0,0.0,cash,1,2026-08-12T16:41:00.921566+00:00,a5c179ea-f038-4e50-a9a7-bee6c4b2a8db,cash
f8c526ba-ae5c-44c0-9eb8-dec2bb6f2696,ZIC-20260812-0118,f686d4d0-3678-467e-9535-3d5f1309c328,Cashier 1,120.0,0.0,0.0,120.0,120.0,0.0,cash,5,2026-08-12T16:47:07.645943+00:00,a5c179ea-f038-4e50-a9a7-bee6c4b2a8db,cash
b4ae1df7-41ef-4b06-b931-42bedf220af3,ZIC-20260812-0119,f686d4d0-3678-467e-9535-3d5f1309c328,Cashier 1,50.0,0.0,0.0,50.0,50.0,0.0,cash,4,2026-08-12T16:47:48.039551+00:00,a5c179ea-f038-4e50-a9a7-bee6c4b2a8db,cash
cf4833c8-126c-4508-8063-9496d8e3f509,ZIC-20260812-0120,f686d4d0-3678-467e-9535-3d5f1309c328,Cashier 1,90.0,0.0,0.0,90.0,90.0,0.0,cash,3,2026-08-12T16:48:19.025975+00:00,a5c179ea-f038-4e50-a9a7-bee6c4b2a8db,cash
f0d8daa2-2922-4545-ac5a-2f5c4dcb1c01,ZIC-20260812-0121,f686d4d0-3678-467e-9535-3d5f1309c328,Cashier 1,30.0,0.0,0.0,30.0,30.0,0.0,cash,2,2026-08-12T17:00:50.066612+00:00,a5c179ea-f038-4e50-a9a7-bee6c4b2a8db,cash
58d4f249-e05b-4ce5-89ae-31192950f836,ZIC-20260812-0122,f686d4d0-3678-467e-9535-3d5f1309c328,Cashier 1,270.0,0.0,0.0,270.0,270.0,0.0,cash,12,2026-08-12T17:07:23.529697+00:00,a5c179ea-f038-4e50-a9a7-bee6c4b2a8db,cash
774b7e99-a915-440b-a9b5-e9b0b162e385,ZIC-20260812-0123,f686d4d0-3678-467e-9535-3d5f1309c328,Cashier 1,400.0,0.0,0.0,400.0,400.0,0.0,cash,4,2026-08-12T17:24:52.43883+00:00,a5c179ea-f038-4e50-a9a7-bee6c4b2a8db,cash
ed57f9d6-6cb5-44b0-9abb-b844e735e837,ZIC-20260812-0124,f686d4d0-3678-467e-9535-3d5f1309c328,Cashier 1,210.0,0.0,0.0,210.0,210.0,0.0,cash,1,2026-08-12T17:35:05.405912+00:00,a5c179ea-f038-4e50-a9a7-bee6c4b2a8db,cash
3b5dff9e-6986-4cac-b2ba-6eb7d2c4bf6f,ZIC-20260812-0125,f686d4d0-3678-467e-9535-3d5f1309c328,Cashier 1,150.0,0.0,0.0,150.0,150.0,0.0,cash,12,2026-08-12T17:36:04.537679+00:00,a5c179ea-f038-4e50-a9a7-bee6c4b2a8db,cash
3f348a40-5616-4d26-8acd-686dece40a21,ZIC-20260812-0126,f686d4d0-3678-467e-9535-3d5f1309c328,Cashier 1,2420.0,0.0,540.0,1880.0,1880.0,0.0,cash,56,2026-08-12T17:54:57.620454+00:00,a5c179ea-f038-4e50-a9a7-bee6c4b2a8db,cash
9840bd6e-b127-4332-9d25-5366b1e6428a,ZIC-20260812-0127,f686d4d0-3678-467e-9535-3d5f1309c328,Cashier 1,320.0,0.0,10.0,310.0,310.0,0.0,cash,3,2026-08-12T17:55:42.928616+00:00,a5c179ea-f038-4e50-a9a7-bee6c4b2a8db,cash
88f6db44-cf35-4622-bbbb-8870aba34586,ZIC-20260812-0128,f686d4d0-3678-467e-9535-3d5f1309c328,Cashier 1,200.0,0.0,0.0,200.0,200.0,0.0,cash,3,2026-08-12T18:30:28.311687+00:00,a5c179ea-f038-4e50-a9a7-bee6c4b2a8db,cash
cc1672a3-a416-4e3e-ae0b-5ece544f7292,ZIC-20260812-0129,f686d4d0-3678-467e-9535-3d5f1309c328,Cashier 1,210.0,0.0,0.0,210.0,210.0,0.0,cash,6,2026-08-12T19:21:19.670387+00:00,a5c179ea-f038-4e50-a9a7-bee6c4b2a8db,cash
4d47c8da-db03-4ace-ae3a-9065df319a22,ZIC-20260812-0130,f686d4d0-3678-467e-9535-3d5f1309c328,Cashier 1,90.0,0.0,0.0,90.0,90.0,0.0,cash,3,2026-08-12T19:21:35.165098+00:00,a5c179ea-f038-4e50-a9a7-bee6c4b2a8db,cash
32ce8a4d-f94d-4ff0-823d-20ce0d1862f6,ZIC-20260812-0131,f686d4d0-3678-467e-9535-3d5f1309c328,Cashier 1,370.0,0.0,0.0,370.0,370.0,0.0,cash,13,2026-08-12T19:28:23.31439+00:00,a5c179ea-f038-4e50-a9a7-bee6c4b2a8db,cash
786f2dd0-91d6-4f13-bfe9-6be37f96f250,ZIC-20260812-0132,f686d4d0-3678-467e-9535-3d5f1309c328,Cashier 1,140.0,0.0,0.0,140.0,140.0,0.0,cash,1,2026-08-12T19:29:49.393533+00:00,a5c179ea-f038-4e50-a9a7-bee6c4b2a8db,cash
7506f225-0874-4d1a-9848-2d62c2d624f0,ZIC-20260812-0133,f686d4d0-3678-467e-9535-3d5f1309c328,Cashier 1,100.0,0.0,0.0,100.0,100.0,0.0,cash,1,2026-08-12T20:29:16.285124+00:00,a5c179ea-f038-4e50-a9a7-bee6c4b2a8db,cash
cb6bbfc1-f7f4-44aa-bba6-d13a756a3a7d,ZIC-20260812-0134,f686d4d0-3678-467e-9535-3d5f1309c328,Cashier 1,190.0,0.0,0.0,190.0,190.0,0.0,cash,5,2026-08-12T20:37:33.40155+00:00,a5c179ea-f038-4e50-a9a7-bee6c4b2a8db,cash
3cbd8034-b157-4bc8-bde9-389373b96c00,ZIC-20260812-0135,f686d4d0-3678-467e-9535-3d5f1309c328,Cashier 1,220.0,0.0,0.0,220.0,220.0,0.0,cash,4,2026-08-12T21:11:18.960287+00:00,a5c179ea-f038-4e50-a9a7-bee6c4b2a8db,cash
74fc5469-baf2-40e9-88d5-16c261ce686c,ZIC-20260812-0136,f686d4d0-3678-467e-9535-3d5f1309c328,Cashier 1,250.0,0.0,0.0,250.0,250.0,0.0,cash,1,2026-08-12T21:11:31.189155+00:00,a5c179ea-f038-4e50-a9a7-bee6c4b2a8db,cash
5b80131b-5f5c-4cb4-a4a2-299b820caaee,ZIC-20260812-0137,f686d4d0-3678-467e-9535-3d5f1309c328,Cashier 1,110.0,0.0,0.0,110.0,110.0,0.0,easypasa,5,2026-08-12T21:36:00.330194+00:00,a5c179ea-f038-4e50-a9a7-bee6c4b2a8db,cash
72b37005-8964-4e3a-8743-a4469a4a2167,ZIC-20260812-0138,f686d4d0-3678-467e-9535-3d5f1309c328,Cashier 1,50.0,0.0,0.0,50.0,50.0,0.0,cash,4,2026-08-12T21:40:14.32201+00:00,a5c179ea-f038-4e50-a9a7-bee6c4b2a8db,cash
026bbbcb-421b-4e90-8bfc-31dc9fdb7980,ZIC-20260812-0139,f686d4d0-3678-467e-9535-3d5f1309c328,Cashier 1,60.0,0.0,0.0,60.0,60.0,0.0,cash,4,2026-08-12T22:05:08.842851+00:00,a5c179ea-f038-4e50-a9a7-bee6c4b2a8db,cash
b1dc6e04-99e4-404b-b64b-f9e341fab8d9,ZIC-20260812-0140,f686d4d0-3678-467e-9535-3d5f1309c328,Cashier 1,200.0,0.0,0.0,200.0,200.0,0.0,cash,1,2026-08-12T22:07:16.849024+00:00,a5c179ea-f038-4e50-a9a7-bee6c4b2a8db,cash
32db5cc2-26b9-43da-8714-a0c93bbfd840,ZIC-20260812-0141,f686d4d0-3678-467e-9535-3d5f1309c328,Cashier 1,200.0,0.0,0.0,200.0,200.0,0.0,cash,2,2026-08-12T22:09:54.130341+00:00,a5c179ea-f038-4e50-a9a7-bee6c4b2a8db,cash
94ec0ad4-b0ec-4bde-b5d3-9d9b36c14b32,ZIC-20260812-0142,f686d4d0-3678-467e-9535-3d5f1309c328,Cashier 1,150.0,0.0,0.0,150.0,150.0,0.0,cash,10,2026-08-12T22:12:16.919945+00:00,a5c179ea-f038-4e50-a9a7-bee6c4b2a8db,cash
b0d4866a-b12a-4b5d-be9e-a13ba6cb2431,ZIC-20260813-0001,f686d4d0-3678-467e-9535-3d5f1309c328,Cashier 1,150.0,0.0,0.0,150.0,150.0,0.0,cash,5,2026-08-13T00:15:42.154959+00:00,a5c179ea-f038-4e50-a9a7-bee6c4b2a8db,cash
8f640951-d9f5-480c-af97-245a323f0691,ZIC-20260813-0002,f686d4d0-3678-467e-9535-3d5f1309c328,Cashier 1,40.0,0.0,0.0,40.0,40.0,0.0,cash,1,2026-08-13T00:19:57.846829+00:00,a5c179ea-f038-4e50-a9a7-bee6c4b2a8db,cash
c09e15f6-2f4a-44eb-8670-a8027b2ca958,ZIC-20260813-0003,f686d4d0-3678-467e-9535-3d5f1309c328,Cashier 1,60.0,0.0,0.0,60.0,60.0,0.0,cash,3,2026-08-13T00:37:21.268059+00:00,a5c179ea-f038-4e50-a9a7-bee6c4b2a8db,cash
7036becf-7a32-4725-b6de-a976a09ea0ec,ZIC-20260813-0004,f686d4d0-3678-467e-9535-3d5f1309c328,Cashier 1,10.0,0.0,0.0,10.0,10.0,0.0,cash,2,2026-08-13T01:10:25.584089+00:00,a5c179ea-f038-4e50-a9a7-bee6c4b2a8db,cash
7cd7b093-ec0b-4ce0-a2a5-ee99219ccf8d,ZIC-20260813-0005,f686d4d0-3678-467e-9535-3d5f1309c328,Cashier 1,90.0,0.0,0.0,90.0,90.0,0.0,cash,2,2026-08-13T02:23:20.515156+00:00,a5c179ea-f038-4e50-a9a7-bee6c4b2a8db,cash
b37d8b9a-05d3-49e5-89aa-9e9b116bdde5,ZIC-20260813-0006,f686d4d0-3678-467e-9535-3d5f1309c328,Cashier 1,420.0,0.0,0.0,420.0,1000.0,580.0,cash,22,2026-08-13T02:30:02.878468+00:00,a5c179ea-f038-4e50-a9a7-bee6c4b2a8db,cash
84eb2c7e-3429-4ca1-8d96-2264c05558fb,ZIC-20260813-0007,f686d4d0-3678-467e-9535-3d5f1309c328,Cashier 1,30.0,0.0,0.0,30.0,30.0,0.0,cash,1,2026-08-13T02:30:19.149952+00:00,a5c179ea-f038-4e50-a9a7-bee6c4b2a8db,cash
5a0d9fe8-a59c-4c59-8270-32ab133ca067,ZIC-20260813-0008,f686d4d0-3678-467e-9535-3d5f1309c328,Cashier 1,110.0,0.0,0.0,110.0,110.0,0.0,cash,3,2026-08-13T02:38:36.096435+00:00,a5c179ea-f038-4e50-a9a7-bee6c4b2a8db,cash
8cab781e-b1b5-4a41-8a3b-773f04807a23,ZIC-20260813-0009,f686d4d0-3678-467e-9535-3d5f1309c328,Cashier 1,120.0,0.0,0.0,120.0,120.0,0.0,cash,4,2026-08-13T02:44:40.58218+00:00,a5c179ea-f038-4e50-a9a7-bee6c4b2a8db,cash
fb580a7c-812c-4269-a8d6-03099f6cca5d,ZIC-20260813-0010,f686d4d0-3678-467e-9535-3d5f1309c328,Cashier 1,20.0,0.0,0.0,20.0,20.0,0.0,cash,1,2026-08-13T03:00:36.457666+00:00,a5c179ea-f038-4e50-a9a7-bee6c4b2a8db,cash
2f47fb3d-513d-44fa-8bab-95f1d25210b5,ZIC-20260813-0011,f686d4d0-3678-467e-9535-3d5f1309c328,Cashier 1,30.0,0.0,0.0,30.0,30.0,0.0,cash,1,2026-08-13T03:10:09.013629+00:00,a5c179ea-f038-4e50-a9a7-bee6c4b2a8db,cash
bd5b409f-e701-4b37-ab02-7d56e6fccf62,ZIC-20260813-0012,f686d4d0-3678-467e-9535-3d5f1309c328,Cashier 1,300.0,0.0,0.0,300.0,300.0,0.0,cash,20,2026-08-13T03:23:40.401788+00:00,a5c179ea-f038-4e50-a9a7-bee6c4b2a8db,cash
e14859a7-b22c-448b-9443-8ea8cc16e098,ZIC-20260813-0013,f686d4d0-3678-467e-9535-3d5f1309c328,Cashier 1,20.0,0.0,0.0,20.0,20.0,0.0,cash,2,2026-08-13T03:41:43.954644+00:00,a5c179ea-f038-4e50-a9a7-bee6c4b2a8db,cash
14d67020-b458-4165-a5fc-ba588bfd78c1,ZIC-20260813-0014,62c5814c-09e6-4583-874d-c3660ce3283f,Asad,30.0,0.0,0.0,30.0,30.0,0.0,cash,2,2026-08-13T04:13:24.957489+00:00,91b69460-82ac-42ae-a9a8-d754a61ce42e,cash
97598149-05e4-4877-b099-15ab8086006d,ZIC-20260813-0015,62c5814c-09e6-4583-874d-c3660ce3283f,Asad,35.0,0.0,0.0,35.0,35.0,0.0,cash,3,2026-08-13T04:45:32.061569+00:00,91b69460-82ac-42ae-a9a8-d754a61ce42e,cash
9f124076-c43b-4a53-b335-4862ddee24fa,ZIC-20260813-0016,62c5814c-09e6-4583-874d-c3660ce3283f,Asad,200.0,0.0,0.0,200.0,200.0,0.0,cash,2,2026-08-13T05:01:23.338552+00:00,91b69460-82ac-42ae-a9a8-d754a61ce42e,cash
89fe1421-6188-4eeb-a5c1-de137b471b44,ZIC-20260813-0017,62c5814c-09e6-4583-874d-c3660ce3283f,Asad,245.0,0.0,0.0,245.0,245.0,0.0,cash,5,2026-08-13T05:02:01.350787+00:00,91b69460-82ac-42ae-a9a8-d754a61ce42e,cash
2f4ce268-afd5-40ff-9451-a7a1eda30d60,ZIC-20260813-0018,62c5814c-09e6-4583-874d-c3660ce3283f,Asad,90.0,0.0,0.0,90.0,90.0,0.0,cash,1,2026-08-13T05:03:45.147995+00:00,91b69460-82ac-42ae-a9a8-d754a61ce42e,cash
b2ceb3d4-001d-4b9d-aad9-fe7539dfe8a3,ZIC-20260813-0019,62c5814c-09e6-4583-874d-c3660ce3283f,Asad,140.0,0.0,0.0,140.0,140.0,0.0,cash,1,2026-08-13T05:07:32.544684+00:00,91b69460-82ac-42ae-a9a8-d754a61ce42e,cash
f43910af-984e-40e6-b3b2-fa822ecf4240,ZIC-20260813-0020,62c5814c-09e6-4583-874d-c3660ce3283f,Asad,160.0,0.0,0.0,160.0,160.0,0.0,cash,2,2026-08-13T05:08:25.217991+00:00,91b69460-82ac-42ae-a9a8-d754a61ce42e,cash
3c85f0f1-1eea-41ca-afae-34b4a3abfc80,ZIC-20260813-0021,62c5814c-09e6-4583-874d-c3660ce3283f,Asad,250.0,0.0,0.0,250.0,250.0,0.0,cash,5,2026-08-13T05:13:22.260529+00:00,91b69460-82ac-42ae-a9a8-d754a61ce42e,cash
a746ec1b-3870-4d8e-a32f-dba77ac2365e,ZIC-20260813-0022,62c5814c-09e6-4583-874d-c3660ce3283f,Asad,100.0,0.0,0.0,100.0,100.0,0.0,cash,1,2026-08-13T05:16:29.164893+00:00,91b69460-82ac-42ae-a9a8-d754a61ce42e,cash
6cf44a74-3b56-46d9-ba0b-21c9f1152c60,ZIC-20260813-0023,62c5814c-09e6-4583-874d-c3660ce3283f,Asad,20.0,0.0,0.0,20.0,20.0,0.0,cash,1,2026-08-13T05:26:36.246222+00:00,91b69460-82ac-42ae-a9a8-d754a61ce42e,cash
171db100-42da-4377-95cb-54b6e32f520d,ZIC-20260813-0024,62c5814c-09e6-4583-874d-c3660ce3283f,Asad,250.0,0.0,0.0,250.0,250.0,0.0,cash,3,2026-08-13T05:33:35.5209+00:00,91b69460-82ac-42ae-a9a8-d754a61ce42e,cash
880c8734-f1eb-4f2a-84b9-316bb71bfcdc,ZIC-20260813-0025,62c5814c-09e6-4583-874d-c3660ce3283f,Asad,1240.0,0.0,40.0,1200.0,1200.0,0.0,cash,9,2026-08-13T05:48:07.721673+00:00,91b69460-82ac-42ae-a9a8-d754a61ce42e,cash
1edacf9a-4eb1-4c91-b2f8-12b860c5309f,ZIC-20260813-0026,62c5814c-09e6-4583-874d-c3660ce3283f,Asad,50.0,0.0,0.0,50.0,50.0,0.0,cash,1,2026-08-13T05:57:53.683904+00:00,91b69460-82ac-42ae-a9a8-d754a61ce42e,cash
e9d2694b-219e-4db3-be61-4a16e4fe2fc2,ZIC-20260813-0027,62c5814c-09e6-4583-874d-c3660ce3283f,Asad,410.0,0.0,0.0,410.0,410.0,0.0,cash,4,2026-08-13T05:59:42.82332+00:00,91b69460-82ac-42ae-a9a8-d754a61ce42e,cash
abefc7ef-d8fe-42cf-8a70-f57efe77025f,ZIC-20260813-0028,62c5814c-09e6-4583-874d-c3660ce3283f,Asad,30.0,0.0,0.0,30.0,30.0,0.0,cash,1,2026-08-13T06:11:07.674721+00:00,91b69460-82ac-42ae-a9a8-d754a61ce42e,cash
c15f08bb-6203-48d5-a8c2-068ac77c5871,ZIC-20260813-0029,62c5814c-09e6-4583-874d-c3660ce3283f,Asad,120.0,0.0,0.0,120.0,120.0,0.0,cash,9,2026-08-13T06:22:11.628799+00:00,91b69460-82ac-42ae-a9a8-d754a61ce42e,cash
00991abd-7166-4fb5-a6d9-3118f6edec15,ZIC-20260813-0030,62c5814c-09e6-4583-874d-c3660ce3283f,Asad,50.0,0.0,0.0,50.0,50.0,0.0,cash,3,2026-08-13T06:30:51.860132+00:00,91b69460-82ac-42ae-a9a8-d754a61ce42e,cash
366941ff-f6b9-489b-bd47-c5013c9fde38,ZIC-20260813-0031,62c5814c-09e6-4583-874d-c3660ce3283f,Asad,15.0,0.0,0.0,15.0,15.0,0.0,cash,1,2026-08-13T06:33:05.176609+00:00,91b69460-82ac-42ae-a9a8-d754a61ce42e,cash
964504e6-720c-4155-8c8c-e27624977a99,ZIC-20260813-0032,62c5814c-09e6-4583-874d-c3660ce3283f,Asad,60.0,0.0,0.0,60.0,60.0,0.0,cash,1,2026-08-13T06:52:18.541006+00:00,91b69460-82ac-42ae-a9a8-d754a61ce42e,cash
37d39b29-4531-4bf4-8aec-44a21311fe2e,ZIC-20260813-0033,62c5814c-09e6-4583-874d-c3660ce3283f,Asad,30.0,0.0,0.0,30.0,30.0,0.0,cash,1,2026-08-13T07:05:50.688069+00:00,91b69460-82ac-42ae-a9a8-d754a61ce42e,cash
59bd5606-5021-453b-bf3a-8d0f84c9c987,ZIC-20260813-0034,62c5814c-09e6-4583-874d-c3660ce3283f,Asad,20.0,0.0,0.0,20.0,20.0,0.0,cash,2,2026-08-13T07:28:35.96757+00:00,91b69460-82ac-42ae-a9a8-d754a61ce42e,cash
20da2c9b-08a7-4f2c-8148-421be72d0708,ZIC-20260813-0035,62c5814c-09e6-4583-874d-c3660ce3283f,Asad,260.0,0.0,0.0,260.0,260.0,0.0,cash,2,2026-08-13T07:39:54.543073+00:00,91b69460-82ac-42ae-a9a8-d754a61ce42e,cash
a40559ce-93d4-4f10-97c9-c799ab2beb3b,ZIC-20260813-0036,62c5814c-09e6-4583-874d-c3660ce3283f,Asad,100.0,0.0,0.0,100.0,100.0,0.0,cash,1,2026-08-13T07:46:54.912938+00:00,91b69460-82ac-42ae-a9a8-d754a61ce42e,cash
10537196-04a6-4caa-854e-e33866889302,ZIC-20260813-0037,62c5814c-09e6-4583-874d-c3660ce3283f,Asad,45.0,0.0,0.0,45.0,45.0,0.0,cash,3,2026-08-13T07:47:53.272891+00:00,91b69460-82ac-42ae-a9a8-d754a61ce42e,cash
73f92751-79a9-4897-87d4-f532b4a395a5,ZIC-20260813-0038,62c5814c-09e6-4583-874d-c3660ce3283f,Asad,780.0,0.0,0.0,780.0,780.0,0.0,cash,11,2026-08-13T08:02:47.049341+00:00,91b69460-82ac-42ae-a9a8-d754a61ce42e,cash
ef114aae-869e-4844-80e1-47cd430e9e83,ZIC-20260813-0039,62c5814c-09e6-4583-874d-c3660ce3283f,Asad,130.0,0.0,10.0,120.0,120.0,0.0,cash,1,2026-08-13T08:06:08.093799+00:00,91b69460-82ac-42ae-a9a8-d754a61ce42e,cash
7d553c98-150f-4c32-a533-ecc4b951fb04,ZIC-20260813-0040,62c5814c-09e6-4583-874d-c3660ce3283f,Asad,100.0,0.0,0.0,100.0,100.0,0.0,cash,2,2026-08-13T08:14:20.333671+00:00,91b69460-82ac-42ae-a9a8-d754a61ce42e,cash
129d86a4-bcbc-44c1-b33a-712370402a28,ZIC-20260813-0041,62c5814c-09e6-4583-874d-c3660ce3283f,Asad,180.0,0.0,0.0,180.0,180.0,0.0,cash,1,2026-08-13T08:14:32.686144+00:00,91b69460-82ac-42ae-a9a8-d754a61ce42e,cash
66043db7-10c8-485e-abcd-1fcc6005fefd,ZIC-20260813-0042,62c5814c-09e6-4583-874d-c3660ce3283f,Asad,40.0,0.0,0.0,40.0,40.0,0.0,cash,4,2026-08-13T08:16:58.524907+00:00,91b69460-82ac-42ae-a9a8-d754a61ce42e,cash
952d2209-caa1-44b2-9afa-24d80907f308,ZIC-20260813-0043,62c5814c-09e6-4583-874d-c3660ce3283f,Asad,130.0,0.0,0.0,130.0,130.0,0.0,cash,10,2026-08-13T08:23:48.331311+00:00,91b69460-82ac-42ae-a9a8-d754a61ce42e,cash
0f1f9401-b7d2-4032-be5e-4e751084263f,ZIC-20260813-0044,62c5814c-09e6-4583-874d-c3660ce3283f,Asad,30.0,0.0,0.0,30.0,30.0,0.0,cash,2,2026-08-13T08:30:54.991549+00:00,91b69460-82ac-42ae-a9a8-d754a61ce42e,cash
4c06dd3e-77bd-4365-a536-2cc02024debc,ZIC-20260813-0045,62c5814c-09e6-4583-874d-c3660ce3283f,Asad,550.0,0.0,0.0,550.0,550.0,0.0,cash,5,2026-08-13T08:37:15.439453+00:00,91b69460-82ac-42ae-a9a8-d754a61ce42e,cash
87734de1-08a6-45d4-9728-625d1320c1c2,ZIC-20260813-0046,62c5814c-09e6-4583-874d-c3660ce3283f,Asad,650.0,0.0,50.0,600.0,600.0,0.0,cash,1,2026-08-13T08:38:16.546829+00:00,91b69460-82ac-42ae-a9a8-d754a61ce42e,cash
ec6e1ad3-54d1-4fb6-9b0e-319271b640ec,ZIC-20260813-0047,62c5814c-09e6-4583-874d-c3660ce3283f,Asad,20.0,0.0,0.0,20.0,20.0,0.0,cash,2,2026-08-13T08:54:58.505951+00:00,91b69460-82ac-42ae-a9a8-d754a61ce42e,cash
1837e671-6841-4fb7-aa8c-ff48fde65713,ZIC-20260813-0048,62c5814c-09e6-4583-874d-c3660ce3283f,Asad,20.0,0.0,0.0,20.0,20.0,0.0,cash,3,2026-08-13T08:57:42.409173+00:00,91b69460-82ac-42ae-a9a8-d754a61ce42e,cash
5c0cce38-1b37-4616-afaf-e00661437ffb,ZIC-20260813-0049,62c5814c-09e6-4583-874d-c3660ce3283f,Asad,640.0,0.0,32.0,608.0,608.0,0.0,card,12,2026-08-13T09:02:48.872142+00:00,91b69460-82ac-42ae-a9a8-d754a61ce42e,card
7d4e2c4a-a034-4fae-ad9c-1d9f8c8e7ee0,ZIC-20260813-0050,62c5814c-09e6-4583-874d-c3660ce3283f,Asad,160.0,0.0,0.0,160.0,160.0,0.0,cash,2,2026-08-13T09:04:03.172714+00:00,91b69460-82ac-42ae-a9a8-d754a61ce42e,cash
c8b928c9-9fdb-4510-8e90-d653931d8bf3,ZIC-20260813-0051,62c5814c-09e6-4583-874d-c3660ce3283f,Asad,20.0,0.0,0.0,20.0,20.0,0.0,cash,2,2026-08-13T09:06:51.32591+00:00,91b69460-82ac-42ae-a9a8-d754a61ce42e,cash
2f474e2a-e73b-42c8-aeea-6a4e087a7e97,ZIC-20260813-0052,62c5814c-09e6-4583-874d-c3660ce3283f,Asad,210.0,0.0,0.0,210.0,210.0,0.0,cash,7,2026-08-13T09:08:02.909438+00:00,91b69460-82ac-42ae-a9a8-d754a61ce42e,cash
b9e62d70-79b1-4580-b28e-18afb695b130,ZIC-20260813-0053,62c5814c-09e6-4583-874d-c3660ce3283f,Asad,20.0,0.0,0.0,20.0,20.0,0.0,cash,2,2026-08-13T09:23:34.272829+00:00,91b69460-82ac-42ae-a9a8-d754a61ce42e,cash
5f4d5d5a-aba7-4491-b182-b0d80636e1fc,ZIC-20260813-0054,62c5814c-09e6-4583-874d-c3660ce3283f,Asad,30.0,0.0,0.0,30.0,30.0,0.0,cash,1,2026-08-13T09:31:24.176837+00:00,91b69460-82ac-42ae-a9a8-d754a61ce42e,cash
79bfcb5b-8c19-44d5-bd98-d53cd9e267d5,ZIC-20260813-0055,62c5814c-09e6-4583-874d-c3660ce3283f,Asad,160.0,0.0,0.0,160.0,160.0,0.0,cash,1,2026-08-13T09:37:27.186866+00:00,91b69460-82ac-42ae-a9a8-d754a61ce42e,cash
47a65f2d-1ef2-40b0-a9ed-384ca36e970f,ZIC-20260813-0056,62c5814c-09e6-4583-874d-c3660ce3283f,Asad,180.0,0.0,0.0,180.0,180.0,0.0,cash,1,2026-08-13T10:03:31.700093+00:00,91b69460-82ac-42ae-a9a8-d754a61ce42e,cash
f9da82ff-88ce-4d2d-8f61-7f89b069b26d,ZIC-20260813-0057,62c5814c-09e6-4583-874d-c3660ce3283f,Asad,20.0,0.0,0.0,20.0,20.0,0.0,cash,4,2026-08-13T10:05:47.239921+00:00,91b69460-82ac-42ae-a9a8-d754a61ce42e,cash
9618f748-c5a2-45d7-95be-6f0003b7bc27,ZIC-20260813-0058,62c5814c-09e6-4583-874d-c3660ce3283f,Asad,685.0,0.0,0.0,685.0,685.0,0.0,cash,5,2026-08-13T10:24:26.8984+00:00,91b69460-82ac-42ae-a9a8-d754a61ce42e,cash
c14f8d44-19ab-4cd4-a04f-d7bb47f2220c,ZIC-20260813-0059,62c5814c-09e6-4583-874d-c3660ce3283f,Asad,30.0,0.0,0.0,30.0,30.0,0.0,cash,1,2026-08-13T10:25:57.379738+00:00,91b69460-82ac-42ae-a9a8-d754a61ce42e,cash
f01b8368-117c-428f-8d85-87faa45e90be,ZIC-20260813-0060,62c5814c-09e6-4583-874d-c3660ce3283f,Asad,210.0,0.0,0.0,210.0,210.0,0.0,cash,1,2026-08-13T10:26:09.202993+00:00,91b69460-82ac-42ae-a9a8-d754a61ce42e,cash
475dcba9-e872-4ecd-bbec-773ad87af005,ZIC-20260813-0061,62c5814c-09e6-4583-874d-c3660ce3283f,Asad,200.0,0.0,0.0,200.0,200.0,0.0,cash,1,2026-08-13T10:26:45.490193+00:00,91b69460-82ac-42ae-a9a8-d754a61ce42e,cash
53353e80-0455-4a3b-8788-318bf9e31bc3,ZIC-20260813-0062,62c5814c-09e6-4583-874d-c3660ce3283f,Asad,180.0,0.0,30.0,150.0,150.0,0.0,cash,1,2026-08-13T10:30:22.253468+00:00,91b69460-82ac-42ae-a9a8-d754a61ce42e,cash
654b913d-9078-453f-a82b-da12d85e7255,ZIC-20260813-0063,62c5814c-09e6-4583-874d-c3660ce3283f,Asad,200.0,0.0,0.0,200.0,200.0,0.0,cash,9,2026-08-13T10:32:27.945932+00:00,91b69460-82ac-42ae-a9a8-d754a61ce42e,cash
561de933-2dc3-4161-a89b-344da034892c,ZIC-20260813-0064,62c5814c-09e6-4583-874d-c3660ce3283f,Asad,100.0,0.0,0.0,100.0,100.0,0.0,cash,3,2026-08-13T10:39:09.876105+00:00,91b69460-82ac-42ae-a9a8-d754a61ce42e,cash
f3d3daa8-c3c3-4468-b3dc-d327dcadd1e6,ZIC-20260813-0065,62c5814c-09e6-4583-874d-c3660ce3283f,Asad,20.0,0.0,0.0,20.0,20.0,0.0,cash,4,2026-08-13T10:44:46.672518+00:00,91b69460-82ac-42ae-a9a8-d754a61ce42e,cash
78d8d980-7099-481e-8e20-eecf597fa435,ZIC-20260813-0066,62c5814c-09e6-4583-874d-c3660ce3283f,Asad,250.0,0.0,0.0,250.0,250.0,0.0,cash,6,2026-08-13T10:54:25.922772+00:00,91b69460-82ac-42ae-a9a8-d754a61ce42e,cash
78b001ed-ba37-4ab2-905b-37e342df9575,ZIC-20260813-0067,62c5814c-09e6-4583-874d-c3660ce3283f,Asad,20.0,0.0,0.0,20.0,20.0,0.0,cash,4,2026-08-13T11:00:11.13448+00:00,91b69460-82ac-42ae-a9a8-d754a61ce42e,cash
a4c5c539-90d3-4cbf-bcdf-f809c46784f8,ZIC-20260813-0068,62c5814c-09e6-4583-874d-c3660ce3283f,Asad,40.0,0.0,0.0,40.0,40.0,0.0,cash,2,2026-08-13T11:08:03.128216+00:00,91b69460-82ac-42ae-a9a8-d754a61ce42e,cash
78c58469-4b26-43dd-9b26-4cfa9948fe62,ZIC-20260813-0069,62c5814c-09e6-4583-874d-c3660ce3283f,Asad,10.0,0.0,0.0,10.0,10.0,0.0,cash,2,2026-08-13T11:09:41.538382+00:00,91b69460-82ac-42ae-a9a8-d754a61ce42e,cash
443834e5-9d3a-4622-8525-64722cd08a15,ZIC-20260813-0070,62c5814c-09e6-4583-874d-c3660ce3283f,Asad,185.0,0.0,0.0,185.0,185.0,0.0,cash,2,2026-08-13T11:10:44.569961+00:00,91b69460-82ac-42ae-a9a8-d754a61ce42e,cash
3ef158dd-e116-4409-8101-00956b411ead,ZIC-20260813-0071,62c5814c-09e6-4583-874d-c3660ce3283f,Asad,500.0,0.0,0.0,500.0,500.0,0.0,cash,13,2026-08-13T11:14:01.432663+00:00,91b69460-82ac-42ae-a9a8-d754a61ce42e,cash
7a45ff54-7262-4613-abeb-8b9ff0afd980,ZIC-20260813-0072,62c5814c-09e6-4583-874d-c3660ce3283f,Asad,280.0,0.0,30.0,250.0,250.0,0.0,cash,1,2026-08-13T11:16:21.17695+00:00,91b69460-82ac-42ae-a9a8-d754a61ce42e,cash
7942ee8e-3c8b-4627-af4d-a6a6e665ebad,ZIC-20260813-0073,62c5814c-09e6-4583-874d-c3660ce3283f,Asad,470.0,0.0,0.0,470.0,470.0,0.0,cash,9,2026-08-13T11:18:19.875227+00:00,91b69460-82ac-42ae-a9a8-d754a61ce42e,cash
883726c5-c7aa-4c25-97fb-59f5c50e4d13,ZIC-20260813-0074,62c5814c-09e6-4583-874d-c3660ce3283f,Asad,340.0,0.0,0.0,340.0,340.0,0.0,cash,9,2026-08-13T11:22:52.733891+00:00,91b69460-82ac-42ae-a9a8-d754a61ce42e,cash
a1717c76-18b1-4643-a04b-d4474d6b03d3,ZIC-20260813-0075,62c5814c-09e6-4583-874d-c3660ce3283f,Asad,50.0,0.0,0.0,50.0,50.0,0.0,cash,1,2026-08-13T11:25:09.516572+00:00,91b69460-82ac-42ae-a9a8-d754a61ce42e,cash
51b7e5d0-76c2-410c-abb7-f432794dc2d5,ZIC-20260813-0076,62c5814c-09e6-4583-874d-c3660ce3283f,Asad,130.0,0.0,0.0,130.0,130.0,0.0,cash,8,2026-08-13T11:26:39.103922+00:00,91b69460-82ac-42ae-a9a8-d754a61ce42e,cash
7f3404c7-474b-4a5a-a290-4c75c1e65aec,ZIC-20260813-0077,62c5814c-09e6-4583-874d-c3660ce3283f,Asad,60.0,0.0,0.0,60.0,60.0,0.0,cash,1,2026-08-13T11:30:43.043109+00:00,91b69460-82ac-42ae-a9a8-d754a61ce42e,cash
ab9bc06a-c679-444d-bba8-6708d93a94b7,ZIC-20260813-0078,62c5814c-09e6-4583-874d-c3660ce3283f,Asad,60.0,0.0,0.0,60.0,60.0,0.0,cash,2,2026-08-13T11:33:13.920914+00:00,91b69460-82ac-42ae-a9a8-d754a61ce42e,cash
3872bef7-031d-40e5-b395-33a6e37aace2,ZIC-20260813-0079,62c5814c-09e6-4583-874d-c3660ce3283f,Asad,50.0,0.0,0.0,50.0,50.0,0.0,cash,5,2026-08-13T11:34:51.351537+00:00,91b69460-82ac-42ae-a9a8-d754a61ce42e,cash
08cfd061-1989-49ff-a5c5-4305569daeff,ZIC-20260813-0080,62c5814c-09e6-4583-874d-c3660ce3283f,Asad,95.0,0.0,0.0,95.0,95.0,0.0,cash,7,2026-08-13T11:55:46.498933+00:00,91b69460-82ac-42ae-a9a8-d754a61ce42e,cash
94850827-d086-4bcc-8799-dd12c221b8ef,ZIC-20260813-0081,62c5814c-09e6-4583-874d-c3660ce3283f,Asad,170.0,0.0,0.0,170.0,170.0,0.0,cash,2,2026-08-13T11:56:40.369479+00:00,91b69460-82ac-42ae-a9a8-d754a61ce42e,cash
d36b9bb3-e493-4353-a140-0b942a28bf9c,ZIC-20260813-0082,62c5814c-09e6-4583-874d-c3660ce3283f,Asad,20.0,0.0,0.0,20.0,20.0,0.0,cash,2,2026-08-13T11:59:40.889757+00:00,91b69460-82ac-42ae-a9a8-d754a61ce42e,cash
20ce9778-760b-4606-8184-acf8fa84602b,ZIC-20260813-0083,62c5814c-09e6-4583-874d-c3660ce3283f,Asad,100.0,0.0,0.0,100.0,100.0,0.0,cash,1,2026-08-13T12:05:40.529587+00:00,91b69460-82ac-42ae-a9a8-d754a61ce42e,cash
31a76967-81fc-4f3b-9cd1-4b76d459eea3,ZIC-20260813-0084,62c5814c-09e6-4583-874d-c3660ce3283f,Asad,10.0,0.0,0.0,10.0,10.0,0.0,cash,1,2026-08-13T12:12:18.776545+00:00,91b69460-82ac-42ae-a9a8-d754a61ce42e,cash
bd355d7a-05af-4b84-a384-3367e6dc0995,ZIC-20260813-0085,62c5814c-09e6-4583-874d-c3660ce3283f,Asad,50.0,0.0,0.0,50.0,50.0,0.0,cash,4,2026-08-13T12:18:24.298978+00:00,91b69460-82ac-42ae-a9a8-d754a61ce42e,cash
c9657d98-d19d-412e-8e99-d26fbd96a2fa,ZIC-20260813-0086,62c5814c-09e6-4583-874d-c3660ce3283f,Asad,40.0,0.0,0.0,40.0,40.0,0.0,cash,2,2026-08-13T12:27:16.783579+00:00,91b69460-82ac-42ae-a9a8-d754a61ce42e,cash
a3851038-6f10-4d91-a315-40e9ee5f9249,ZIC-20260813-0087,62c5814c-09e6-4583-874d-c3660ce3283f,Asad,340.0,0.0,0.0,340.0,340.0,0.0,cash,5,2026-08-13T12:29:41.857679+00:00,91b69460-82ac-42ae-a9a8-d754a61ce42e,cash
90d36239-96bf-42e5-8241-17e0bca7baf5,ZIC-20260813-0088,62c5814c-09e6-4583-874d-c3660ce3283f,Asad,20.0,0.0,0.0,20.0,20.0,0.0,cash,1,2026-08-13T12:30:36.891905+00:00,91b69460-82ac-42ae-a9a8-d754a61ce42e,cash
08847da0-ab41-4fe6-a87e-81f1c12451d9,ZIC-20260813-0089,62c5814c-09e6-4583-874d-c3660ce3283f,Asad,200.0,0.0,0.0,200.0,200.0,0.0,cash,2,2026-08-13T12:36:29.867776+00:00,91b69460-82ac-42ae-a9a8-d754a61ce42e,cash
9bf0e7b4-dcfd-4130-8141-e28e82b2b561,ZIC-20260813-0090,62c5814c-09e6-4583-874d-c3660ce3283f,Asad,200.0,0.0,50.0,150.0,150.0,0.0,cash,1,2026-08-13T12:40:33.829365+00:00,91b69460-82ac-42ae-a9a8-d754a61ce42e,cash
f8638f08-7e30-4b0a-9b25-b5ac8b883d17,ZIC-20260813-0091,62c5814c-09e6-4583-874d-c3660ce3283f,Asad,180.0,0.0,0.0,180.0,180.0,0.0,cash,3,2026-08-13T12:41:55.908803+00:00,91b69460-82ac-42ae-a9a8-d754a61ce42e,cash
ae0b8d47-f1a6-479e-84ff-fb135275be54,ZIC-20260813-0092,62c5814c-09e6-4583-874d-c3660ce3283f,Asad,30.0,0.0,0.0,30.0,30.0,0.0,cash,1,2026-08-13T12:44:54.76753+00:00,91b69460-82ac-42ae-a9a8-d754a61ce42e,cash
441f01f9-b929-4119-85df-89983571fb1e,ZIC-20260813-0093,62c5814c-09e6-4583-874d-c3660ce3283f,Asad,60.0,0.0,0.0,60.0,60.0,0.0,cash,1,2026-08-13T12:47:29.776306+00:00,91b69460-82ac-42ae-a9a8-d754a61ce42e,cash
74710047-41d4-4697-ad9c-3a4e474ee9f1,ZIC-20260813-0094,62c5814c-09e6-4583-874d-c3660ce3283f,Asad,250.0,0.0,0.0,250.0,250.0,0.0,cash,3,2026-08-13T12:57:25.899027+00:00,91b69460-82ac-42ae-a9a8-d754a61ce42e,cash
c33b78ec-e0b2-4f11-9654-a18dd8afbb4f,ZIC-20260813-0095,62c5814c-09e6-4583-874d-c3660ce3283f,Asad,30.0,0.0,0.0,30.0,30.0,0.0,cash,1,2026-08-13T12:59:22.163213+00:00,91b69460-82ac-42ae-a9a8-d754a61ce42e,cash
df38c4fb-4aa8-41cf-b6ca-1425fb0dc0ba,ZIC-20260813-0096,62c5814c-09e6-4583-874d-c3660ce3283f,Asad,100.0,0.0,0.0,100.0,100.0,0.0,cash,2,2026-08-13T13:01:55.999934+00:00,91b69460-82ac-42ae-a9a8-d754a61ce42e,cash
ee569a9f-93f8-4d96-b631-c926aaf37330,ZIC-20260813-0097,62c5814c-09e6-4583-874d-c3660ce3283f,Asad,320.0,0.0,0.0,320.0,320.0,0.0,card,3,2026-08-13T13:03:29.208943+00:00,91b69460-82ac-42ae-a9a8-d754a61ce42e,card
76c2b292-d885-4603-ac98-090882a85127,ZIC-20260813-0098,62c5814c-09e6-4583-874d-c3660ce3283f,Asad,35.0,0.0,0.0,35.0,35.0,0.0,cash,1,2026-08-13T13:03:44.338749+00:00,91b69460-82ac-42ae-a9a8-d754a61ce42e,cash
b3585b97-f325-4cd0-b77a-30ccdb5d60d6,ZIC-20260813-0099,62c5814c-09e6-4583-874d-c3660ce3283f,Asad,100.0,0.0,0.0,100.0,100.0,0.0,cash,2,2026-08-13T13:15:38.54521+00:00,91b69460-82ac-42ae-a9a8-d754a61ce42e,cash
1f7200c2-3120-4169-b832-339535bc3639,ZIC-20260813-0100,62c5814c-09e6-4583-874d-c3660ce3283f,Asad,100.0,0.0,0.0,100.0,100.0,0.0,cash,5,2026-08-13T13:18:47.239344+00:00,91b69460-82ac-42ae-a9a8-d754a61ce42e,cash
b23e01bf-fc1d-4a42-aab8-933f935d14df,ZIC-20260813-0101,62c5814c-09e6-4583-874d-c3660ce3283f,Asad,50.0,0.0,0.0,50.0,50.0,0.0,cash,8,2026-08-13T13:23:08.330816+00:00,91b69460-82ac-42ae-a9a8-d754a61ce42e,cash
4300d72c-a7db-4d31-8f20-3ae4160cae8b,ZIC-20260813-0102,62c5814c-09e6-4583-874d-c3660ce3283f,Asad,150.0,0.0,0.0,150.0,150.0,0.0,cash,12,2026-08-13T13:36:21.864624+00:00,91b69460-82ac-42ae-a9a8-d754a61ce42e,cash
3eb0b34c-c749-4240-9616-070305e6cd2f,ZIC-20260813-0103,62c5814c-09e6-4583-874d-c3660ce3283f,Asad,260.0,0.0,0.0,260.0,260.0,0.0,cash,4,2026-08-13T13:39:55.425502+00:00,91b69460-82ac-42ae-a9a8-d754a61ce42e,cash
6c8f355a-0ed4-43a5-aa5c-643d73f829bd,ZIC-20260813-0104,62c5814c-09e6-4583-874d-c3660ce3283f,Asad,100.0,0.0,0.0,100.0,100.0,0.0,cash,2,2026-08-13T13:40:30.037483+00:00,91b69460-82ac-42ae-a9a8-d754a61ce42e,cash
29c87234-c8a1-4410-a25d-382a9ba11e73,ZIC-20260813-0105,62c5814c-09e6-4583-874d-c3660ce3283f,Asad,50.0,0.0,0.0,50.0,50.0,0.0,cash,1,2026-08-13T13:43:20.712694+00:00,91b69460-82ac-42ae-a9a8-d754a61ce42e,cash
59aabe93-f55b-4d3c-930e-994a7bd0c6f3,ZIC-20260813-0106,62c5814c-09e6-4583-874d-c3660ce3283f,Asad,90.0,0.0,0.0,90.0,90.0,0.0,cash,3,2026-08-13T13:43:59.46017+00:00,91b69460-82ac-42ae-a9a8-d754a61ce42e,cash
88b050b9-e43c-4825-b7c9-d7e195fd4b85,ZIC-20260813-0107,62c5814c-09e6-4583-874d-c3660ce3283f,Asad,45.0,0.0,0.0,45.0,45.0,0.0,cash,3,2026-08-13T13:50:12.622701+00:00,91b69460-82ac-42ae-a9a8-d754a61ce42e,cash
c4e125ff-0db3-4a22-84ff-90cbd6a97af9,ZIC-20260813-0108,62c5814c-09e6-4583-874d-c3660ce3283f,Asad,240.0,0.0,0.0,240.0,240.0,0.0,cash,2,2026-08-13T13:57:48.827867+00:00,91b69460-82ac-42ae-a9a8-d754a61ce42e,cash
f7e0f1f4-0e8a-4a09-b1ad-97e696059656,ZIC-20260813-0109,62c5814c-09e6-4583-874d-c3660ce3283f,Asad,300.0,0.0,0.0,300.0,300.0,0.0,cash,1,2026-08-13T14:04:32.479791+00:00,91b69460-82ac-42ae-a9a8-d754a61ce42e,cash
d5bf99b3-b719-4d2e-8fc5-543594b3d1c9,ZIC-20260813-0110,62c5814c-09e6-4583-874d-c3660ce3283f,Asad,100.0,0.0,0.0,100.0,100.0,0.0,cash,10,2026-08-13T14:06:38.905912+00:00,91b69460-82ac-42ae-a9a8-d754a61ce42e,cash
49350933-199d-41f2-983d-d0c4f633b639,ZIC-20260813-0111,62c5814c-09e6-4583-874d-c3660ce3283f,Asad,7530.0,0.0,2330.0,5200.0,5200.0,0.0,cash,12,2026-08-13T14:20:08.569515+00:00,91b69460-82ac-42ae-a9a8-d754a61ce42e,cash
5dfcdc26-7292-4bb1-86fb-b83149fee103,ZIC-20260813-0112,62c5814c-09e6-4583-874d-c3660ce3283f,Asad,150.0,0.0,60.0,90.0,90.0,0.0,cash,1,2026-08-13T14:22:15.250821+00:00,91b69460-82ac-42ae-a9a8-d754a61ce42e,cash
752c171a-b445-4549-8e15-7a4876b99568,ZIC-20260813-0113,62c5814c-09e6-4583-874d-c3660ce3283f,Asad,10.0,0.0,0.0,10.0,10.0,0.0,cash,1,2026-08-13T14:25:54.324286+00:00,91b69460-82ac-42ae-a9a8-d754a61ce42e,cash
9173e628-7f69-47a8-b28f-1e8d98e429f6,ZIC-20260813-0114,62c5814c-09e6-4583-874d-c3660ce3283f,Asad,160.0,0.0,0.0,160.0,160.0,0.0,cash,4,2026-08-13T14:27:53.932166+00:00,91b69460-82ac-42ae-a9a8-d754a61ce42e,cash
822c70f8-55da-40f6-8031-4dc629bfa744,ZIC-20260813-0115,62c5814c-09e6-4583-874d-c3660ce3283f,Asad,950.0,0.0,495.0,455.0,455.0,0.0,cash,10,2026-08-13T14:37:33.510746+00:00,91b69460-82ac-42ae-a9a8-d754a61ce42e,cash
0d58ea73-e3ac-4ede-92bc-7694bbf820ab,ZIC-20260813-0116,62c5814c-09e6-4583-874d-c3660ce3283f,Asad,130.0,0.0,0.0,130.0,130.0,0.0,cash,10,2026-08-13T14:40:21.883077+00:00,91b69460-82ac-42ae-a9a8-d754a61ce42e,cash
b64155a8-2747-4fef-8a24-96d6a1b5a81d,ZIC-20260813-0117,62c5814c-09e6-4583-874d-c3660ce3283f,Asad,220.0,0.0,0.0,220.0,220.0,0.0,cash,2,2026-08-13T14:51:18.757633+00:00,91b69460-82ac-42ae-a9a8-d754a61ce42e,cash
267fc59e-f7a8-40dd-8a85-4248ad50d35e,ZIC-20260813-0118,62c5814c-09e6-4583-874d-c3660ce3283f,Asad,130.0,0.0,0.0,130.0,130.0,0.0,cash,2,2026-08-13T14:52:45.538055+00:00,91b69460-82ac-42ae-a9a8-d754a61ce42e,cash
c1e4a4a1-e750-425d-ab3f-98eca9a21725,ZIC-20260813-0119,62c5814c-09e6-4583-874d-c3660ce3283f,Asad,520.0,0.0,50.0,470.0,470.0,0.0,cash,6,2026-08-13T15:11:18.737461+00:00,91b69460-82ac-42ae-a9a8-d754a61ce42e,cash
025f7f86-bc68-43ba-8e46-5bb65f82c521,ZIC-20260813-0120,62c5814c-09e6-4583-874d-c3660ce3283f,Asad,510.0,0.0,0.0,510.0,510.0,0.0,cash,22,2026-08-13T15:19:04.994318+00:00,91b69460-82ac-42ae-a9a8-d754a61ce42e,cash
66910f41-171a-4c0d-848e-2ac5d59886cf,ZIC-20260813-0121,62c5814c-09e6-4583-874d-c3660ce3283f,Asad,45.0,0.0,0.0,45.0,45.0,0.0,cash,3,2026-08-13T15:22:24.76721+00:00,91b69460-82ac-42ae-a9a8-d754a61ce42e,cash
7052c7d6-1b8f-43e6-a022-3b02cade5f5a,ZIC-20260813-0122,62c5814c-09e6-4583-874d-c3660ce3283f,Asad,10.0,0.0,0.0,10.0,10.0,0.0,cash,1,2026-08-13T15:24:10.047971+00:00,91b69460-82ac-42ae-a9a8-d754a61ce42e,cash
78670160-4253-41fd-ad11-0ec5f72ac182,ZIC-20260813-0123,62c5814c-09e6-4583-874d-c3660ce3283f,Asad,130.0,0.0,0.0,130.0,130.0,0.0,cash,1,2026-08-13T15:29:35.007903+00:00,91b69460-82ac-42ae-a9a8-d754a61ce42e,cash
e293ac59-7b50-4b78-b800-3f75e61e61e7,ZIC-20260813-0124,62c5814c-09e6-4583-874d-c3660ce3283f,Asad,70.0,0.0,0.0,70.0,70.0,0.0,cash,2,2026-08-13T15:31:22.542545+00:00,91b69460-82ac-42ae-a9a8-d754a61ce42e,cash
3e605240-883b-456f-a072-442136b03dd5,ZIC-20260813-0125,62c5814c-09e6-4583-874d-c3660ce3283f,Asad,50.0,0.0,0.0,50.0,50.0,0.0,cash,3,2026-08-13T15:41:45.923988+00:00,91b69460-82ac-42ae-a9a8-d754a61ce42e,cash
afe958fa-ce52-4a6b-ad88-3b09117c77b6,ZIC-20260813-0126,f686d4d0-3678-467e-9535-3d5f1309c328,Cashier 1,100.0,0.0,0.0,100.0,100.0,0.0,cash,7,2026-08-13T15:44:36.31546+00:00,c247ff51-d065-475f-8fb1-d1ac666bcef7,cash
177dce40-55ab-49de-bd6a-b403df2edb6d,ZIC-20260813-0127,f686d4d0-3678-467e-9535-3d5f1309c328,Cashier 1,200.0,0.0,0.0,200.0,200.0,0.0,cash,2,2026-08-13T15:46:53.814389+00:00,c247ff51-d065-475f-8fb1-d1ac666bcef7,cash
ce401b72-4177-402d-9f17-009b7bd3d89c,ZIC-20260813-0128,f686d4d0-3678-467e-9535-3d5f1309c328,Cashier 1,240.0,0.0,0.0,240.0,240.0,0.0,cash,2,2026-08-13T15:47:35.806214+00:00,c247ff51-d065-475f-8fb1-d1ac666bcef7,cash
1b23f611-d9e5-43a4-b80e-04b87ee49c0f,ZIC-20260813-0129,f686d4d0-3678-467e-9535-3d5f1309c328,Cashier 1,300.0,0.0,0.0,300.0,300.0,0.0,cash,11,2026-08-13T15:54:49.437977+00:00,c247ff51-d065-475f-8fb1-d1ac666bcef7,cash
dedd208f-aebc-4fc3-ab95-6431fd9391a1,ZIC-20260813-0130,f686d4d0-3678-467e-9535-3d5f1309c328,Cashier 1,120.0,0.0,0.0,120.0,120.0,0.0,cash,2,2026-08-13T15:58:58.207112+00:00,c247ff51-d065-475f-8fb1-d1ac666bcef7,cash
e7a012fb-c20f-486d-a106-a36967b8b766,ZIC-20260813-0131,f686d4d0-3678-467e-9535-3d5f1309c328,Cashier 1,100.0,0.0,0.0,100.0,100.0,0.0,cash,1,2026-08-13T16:12:06.610143+00:00,c247ff51-d065-475f-8fb1-d1ac666bcef7,cash
592af77a-5e6a-42c4-88b4-671c530ff171,ZIC-20260813-0132,f686d4d0-3678-467e-9535-3d5f1309c328,Cashier 1,200.0,0.0,0.0,200.0,200.0,0.0,cash,4,2026-08-13T16:33:59.97729+00:00,c247ff51-d065-475f-8fb1-d1ac666bcef7,cash
725798a3-11bd-4796-9578-77d322243c33,ZIC-20260813-0133,f686d4d0-3678-467e-9535-3d5f1309c328,Cashier 1,20.0,0.0,0.0,20.0,20.0,0.0,cash,1,2026-08-13T16:43:26.935525+00:00,c247ff51-d065-475f-8fb1-d1ac666bcef7,cash
d007f35c-6328-4684-ac71-6fda5866abd8,ZIC-20260813-0134,f686d4d0-3678-467e-9535-3d5f1309c328,Cashier 1,380.0,0.0,0.0,380.0,380.0,0.0,cash,12,2026-08-13T16:48:02.665097+00:00,c247ff51-d065-475f-8fb1-d1ac666bcef7,cash
64bcc2de-dd54-4afe-858e-9244fa4c38e4,ZIC-20260813-0135,f686d4d0-3678-467e-9535-3d5f1309c328,Cashier 1,300.0,0.0,0.0,300.0,300.0,0.0,cash,4,2026-08-13T16:48:49.448063+00:00,c247ff51-d065-475f-8fb1-d1ac666bcef7,cash
7176b501-5692-4ec3-9aee-8b5c6bd77462,ZIC-20260813-0136,f686d4d0-3678-467e-9535-3d5f1309c328,Cashier 1,50.0,0.0,0.0,50.0,50.0,0.0,cash,4,2026-08-13T16:49:57.084804+00:00,c247ff51-d065-475f-8fb1-d1ac666bcef7,cash
ff034d6f-cc87-44b4-bb76-a80bee298b3d,ZIC-20260813-0137,f686d4d0-3678-467e-9535-3d5f1309c328,Cashier 1,100.0,0.0,0.0,100.0,100.0,0.0,cash,2,2026-08-13T16:57:37.849553+00:00,c247ff51-d065-475f-8fb1-d1ac666bcef7,cash
83791f0c-59d1-42ed-a944-daefd5e3a1e2,ZIC-20260813-0138,f686d4d0-3678-467e-9535-3d5f1309c328,Cashier 1,10.0,0.0,0.0,10.0,10.0,0.0,cash,1,2026-08-13T16:57:46.850436+00:00,c247ff51-d065-475f-8fb1-d1ac666bcef7,cash
cd2faf24-bcad-469c-85ba-8e7567b11cc4,ZIC-20260813-0139,f686d4d0-3678-467e-9535-3d5f1309c328,Cashier 1,170.0,0.0,0.0,170.0,170.0,0.0,cash,1,2026-08-13T17:01:06.319816+00:00,c247ff51-d065-475f-8fb1-d1ac666bcef7,cash
0a8587a2-f1c3-4663-92f9-c495b418c640,ZIC-20260813-0140,f686d4d0-3678-467e-9535-3d5f1309c328,Cashier 1,100.0,0.0,0.0,100.0,100.0,0.0,cash,2,2026-08-13T17:02:07.430483+00:00,c247ff51-d065-475f-8fb1-d1ac666bcef7,cash
236791c1-c0e2-4485-91a2-c052e32a4496,ZIC-20260813-0141,f686d4d0-3678-467e-9535-3d5f1309c328,Cashier 1,100.0,0.0,0.0,100.0,100.0,0.0,cash,2,2026-08-13T17:02:20.446318+00:00,c247ff51-d065-475f-8fb1-d1ac666bcef7,cash
73502ddc-8bc1-460a-8a0d-8582c75870e8,ZIC-20260813-0142,f686d4d0-3678-467e-9535-3d5f1309c328,Cashier 1,180.0,0.0,0.0,180.0,180.0,0.0,cash,1,2026-08-13T17:04:00.10921+00:00,c247ff51-d065-475f-8fb1-d1ac666bcef7,cash
4e325d4b-2c37-454b-8cfc-d400229ed01d,ZIC-20260813-0143,f686d4d0-3678-467e-9535-3d5f1309c328,Cashier 1,350.0,0.0,0.0,350.0,350.0,0.0,cash,21,2026-08-13T17:11:05.549088+00:00,c247ff51-d065-475f-8fb1-d1ac666bcef7,cash
c8ab37c4-8274-4c90-a715-c224bbef64b0,ZIC-20260813-0144,f686d4d0-3678-467e-9535-3d5f1309c328,Cashier 1,210.0,0.0,0.0,210.0,210.0,0.0,cash,1,2026-08-13T17:27:05.465291+00:00,c247ff51-d065-475f-8fb1-d1ac666bcef7,cash
e48fc456-0079-4bc5-b88e-ec03bf2118ac,ZIC-20260813-0145,f686d4d0-3678-467e-9535-3d5f1309c328,Cashier 1,270.0,0.0,0.0,270.0,270.0,0.0,cash,12,2026-08-13T17:31:45.668687+00:00,c247ff51-d065-475f-8fb1-d1ac666bcef7,cash
d9b084e5-7af9-4049-86c5-95e1902249a8,ZIC-20260813-0146,f686d4d0-3678-467e-9535-3d5f1309c328,Cashier 1,200.0,0.0,0.0,200.0,200.0,0.0,cash,4,2026-08-13T17:32:49.65021+00:00,c247ff51-d065-475f-8fb1-d1ac666bcef7,cash
1ef42dd6-b93b-49bc-8142-c3a34ca019d6,ZIC-20260813-0147,f686d4d0-3678-467e-9535-3d5f1309c328,Cashier 1,100.0,0.0,0.0,100.0,100.0,0.0,cash,6,2026-08-13T17:37:07.003454+00:00,c247ff51-d065-475f-8fb1-d1ac666bcef7,cash
83a57072-134c-4734-a23a-3ba26549ec20,ZIC-20260813-0148,f686d4d0-3678-467e-9535-3d5f1309c328,Cashier 1,250.0,0.0,0.0,250.0,250.0,0.0,cash,1,2026-08-13T17:40:26.887816+00:00,c247ff51-d065-475f-8fb1-d1ac666bcef7,cash
0fb8fd78-1a16-4dbd-b365-1aefe6fd8c65,ZIC-20260813-0149,f686d4d0-3678-467e-9535-3d5f1309c328,Cashier 1,70.0,0.0,0.0,70.0,70.0,0.0,cash,2,2026-08-13T17:44:39.753541+00:00,c247ff51-d065-475f-8fb1-d1ac666bcef7,cash
926a89f3-dcda-4cfa-a94b-53658ed7ad62,ZIC-20260813-0150,f686d4d0-3678-467e-9535-3d5f1309c328,Cashier 1,150.0,0.0,0.0,150.0,150.0,0.0,cash,3,2026-08-13T17:50:24.6926+00:00,c247ff51-d065-475f-8fb1-d1ac666bcef7,cash
3af62891-9e0f-408a-99dc-c37678c63417,ZIC-20260813-0151,f686d4d0-3678-467e-9535-3d5f1309c328,Cashier 1,330.0,0.0,0.0,330.0,330.0,0.0,cash,4,2026-08-13T17:56:15.290242+00:00,c247ff51-d065-475f-8fb1-d1ac666bcef7,cash
8277a941-05e0-4061-a245-772fdf1fbefa,ZIC-20260813-0152,f686d4d0-3678-467e-9535-3d5f1309c328,Cashier 1,300.0,0.0,0.0,300.0,300.0,0.0,cash,1,2026-08-13T18:00:16.450722+00:00,c247ff51-d065-475f-8fb1-d1ac666bcef7,cash
991d4199-22bd-4127-bc7c-bbcf14083caa,ZIC-20260813-0153,f686d4d0-3678-467e-9535-3d5f1309c328,Cashier 1,90.0,0.0,0.0,90.0,90.0,0.0,cash,6,2026-08-13T18:00:31.601277+00:00,c247ff51-d065-475f-8fb1-d1ac666bcef7,cash
fded0835-592c-40e4-9072-0b700bee2c87,ZIC-20260813-0154,f686d4d0-3678-467e-9535-3d5f1309c328,Cashier 1,30.0,0.0,0.0,30.0,30.0,0.0,cash,1,2026-08-13T18:10:08.190081+00:00,c247ff51-d065-475f-8fb1-d1ac666bcef7,cash
9d4b20be-beef-47ab-bd3d-f0c397a8884f,ZIC-20260813-0155,f686d4d0-3678-467e-9535-3d5f1309c328,Cashier 1,50.0,0.0,0.0,50.0,50.0,0.0,cash,4,2026-08-13T18:25:52.956655+00:00,c247ff51-d065-475f-8fb1-d1ac666bcef7,cash
d0fc7b0d-0d5a-412c-b8e0-a2da0e5e98e9,ZIC-20260813-0156,f686d4d0-3678-467e-9535-3d5f1309c328,Cashier 1,250.0,0.0,0.0,250.0,250.0,0.0,cash,20,2026-08-13T18:27:17.299988+00:00,c247ff51-d065-475f-8fb1-d1ac666bcef7,cash
a84b2320-ebca-4b67-810f-d7e01b279eee,ZIC-20260813-0157,f686d4d0-3678-467e-9535-3d5f1309c328,Cashier 1,180.0,0.0,0.0,180.0,180.0,0.0,cash,3,2026-08-13T18:32:03.101967+00:00,c247ff51-d065-475f-8fb1-d1ac666bcef7,cash
da534876-c558-4b80-9531-d31bec4861d0,ZIC-20260813-0158,f686d4d0-3678-467e-9535-3d5f1309c328,Cashier 1,100.0,0.0,0.0,100.0,100.0,0.0,cash,1,2026-08-13T18:41:29.553585+00:00,c247ff51-d065-475f-8fb1-d1ac666bcef7,cash
6437732b-4e37-43ed-af27-f8e59e142bdd,ZIC-20260813-0159,f686d4d0-3678-467e-9535-3d5f1309c328,Cashier 1,120.0,0.0,0.0,120.0,120.0,0.0,cash,1,2026-08-13T18:43:34.203616+00:00,c247ff51-d065-475f-8fb1-d1ac666bcef7,cash
3b10fb38-9404-4e65-9b7d-68a7d03bd209,ZIC-20260813-0160,f686d4d0-3678-467e-9535-3d5f1309c328,Cashier 1,120.0,0.0,0.0,120.0,500.0,380.0,cash,2,2026-08-13T18:46:42.307341+00:00,c247ff51-d065-475f-8fb1-d1ac666bcef7,cash
c90151a4-e058-4ff7-8d91-10913a0ca3a7,ZIC-20260813-0161,f686d4d0-3678-467e-9535-3d5f1309c328,Cashier 1,40.0,0.0,0.0,40.0,40.0,0.0,cash,6,2026-08-13T18:49:24.307793+00:00,c247ff51-d065-475f-8fb1-d1ac666bcef7,cash
82ac60e5-c047-40f2-b266-1efca823a398,ZIC-20260813-0162,f686d4d0-3678-467e-9535-3d5f1309c328,Cashier 1,680.0,0.0,0.0,680.0,680.0,0.0,cash,3,2026-08-13T19:12:09.594839+00:00,c247ff51-d065-475f-8fb1-d1ac666bcef7,cash
ed4d39db-4a10-4c7a-b154-35a2c3c7837f,ZIC-20260813-0163,f686d4d0-3678-467e-9535-3d5f1309c328,Cashier 1,450.0,0.0,0.0,450.0,450.0,0.0,cash,1,2026-08-13T19:16:08.647485+00:00,c247ff51-d065-475f-8fb1-d1ac666bcef7,cash
7e4a6328-eba4-4197-9dac-47484efdae6d,ZIC-20260813-0164,f686d4d0-3678-467e-9535-3d5f1309c328,Cashier 1,20.0,0.0,0.0,20.0,20.0,0.0,cash,2,2026-08-13T19:21:59.845558+00:00,c247ff51-d065-475f-8fb1-d1ac666bcef7,cash
7fa77e98-cfd2-4ee1-8c29-331785d48f37,ZIC-20260813-0165,f686d4d0-3678-467e-9535-3d5f1309c328,Cashier 1,50.0,0.0,0.0,50.0,50.0,0.0,cash,4,2026-08-13T19:22:59.839055+00:00,c247ff51-d065-475f-8fb1-d1ac666bcef7,cash
bfb7eecc-04e3-4a3e-8055-45bc8533dad0,ZIC-20260813-0166,f686d4d0-3678-467e-9535-3d5f1309c328,Cashier 1,230.0,0.0,0.0,230.0,230.0,0.0,cash,21,2026-08-13T19:33:37.066682+00:00,c247ff51-d065-475f-8fb1-d1ac666bcef7,cash
c2be1c3d-da35-4702-b949-6c948b73ee9d,ZIC-20260813-0167,f686d4d0-3678-467e-9535-3d5f1309c328,Cashier 1,100.0,0.0,0.0,100.0,100.0,0.0,cash,1,2026-08-13T19:33:58.804335+00:00,c247ff51-d065-475f-8fb1-d1ac666bcef7,cash
3ae3b5d3-14b0-40c1-91bd-a48ea1e67df1,ZIC-20260813-0168,f686d4d0-3678-467e-9535-3d5f1309c328,Cashier 1,100.0,0.0,0.0,100.0,100.0,0.0,cash,6,2026-08-13T19:56:21.218297+00:00,c247ff51-d065-475f-8fb1-d1ac666bcef7,cash
bb029a1d-a9d7-487d-a0e6-3a707e409f02,ZIC-20260813-0169,f686d4d0-3678-467e-9535-3d5f1309c328,Cashier 1,210.0,0.0,0.0,210.0,210.0,0.0,cash,2,2026-08-13T19:59:33.394578+00:00,c247ff51-d065-475f-8fb1-d1ac666bcef7,cash
dea30931-ed16-4669-a847-d86ddb01d090,ZIC-20260813-0170,f686d4d0-3678-467e-9535-3d5f1309c328,Cashier 1,350.0,0.0,0.0,350.0,350.0,0.0,easypasa,5,2026-08-13T20:10:17.365995+00:00,c247ff51-d065-475f-8fb1-d1ac666bcef7,cash
164cd96f-b210-4cb8-805f-fb31186b43c7,ZIC-20260813-0171,f686d4d0-3678-467e-9535-3d5f1309c328,Cashier 1,330.0,0.0,0.0,330.0,330.0,0.0,cash,2,2026-08-13T20:17:31.073123+00:00,c247ff51-d065-475f-8fb1-d1ac666bcef7,cash
bf87429d-3b57-49f4-8daf-44fdf5e1a47b,ZIC-20260813-0172,f686d4d0-3678-467e-9535-3d5f1309c328,Cashier 1,140.0,0.0,0.0,140.0,140.0,0.0,cash,1,2026-08-13T20:23:51.256711+00:00,c247ff51-d065-475f-8fb1-d1ac666bcef7,cash
7d224cce-f529-4bf5-887f-419376e78933,ZIC-20260813-0173,f686d4d0-3678-467e-9535-3d5f1309c328,Cashier 1,80.0,0.0,0.0,80.0,80.0,0.0,cash,1,2026-08-13T20:29:12.109202+00:00,c247ff51-d065-475f-8fb1-d1ac666bcef7,cash
3960b194-474f-40d0-b35d-5179286969c0,ZIC-20260813-0174,f686d4d0-3678-467e-9535-3d5f1309c328,Cashier 1,270.0,0.0,0.0,270.0,270.0,0.0,cash,3,2026-08-13T20:31:31.420397+00:00,c247ff51-d065-475f-8fb1-d1ac666bcef7,cash
01688029-9309-449a-9b0e-31c088083a98,ZIC-20260813-0175,f686d4d0-3678-467e-9535-3d5f1309c328,Cashier 1,110.0,0.0,0.0,110.0,110.0,0.0,cash,10,2026-08-13T20:34:45.669457+00:00,c247ff51-d065-475f-8fb1-d1ac666bcef7,cash
bfac7fd7-3fe3-4420-8f46-fc41a42e4c32,ZIC-20260813-0176,f686d4d0-3678-467e-9535-3d5f1309c328,Cashier 1,50.0,0.0,0.0,50.0,50.0,0.0,cash,3,2026-08-13T20:35:30.814352+00:00,c247ff51-d065-475f-8fb1-d1ac666bcef7,cash
751f5155-5392-473a-a90b-cd17799444aa,ZIC-20260813-0177,f686d4d0-3678-467e-9535-3d5f1309c328,Cashier 1,180.0,0.0,0.0,180.0,180.0,0.0,cash,6,2026-08-13T20:41:40.677569+00:00,c247ff51-d065-475f-8fb1-d1ac666bcef7,cash
3c9bacfa-de05-4b33-9177-5c79871e6e38,ZIC-20260813-0178,f686d4d0-3678-467e-9535-3d5f1309c328,Cashier 1,250.0,0.0,0.0,250.0,250.0,0.0,cash,20,2026-08-13T20:52:51.139686+00:00,c247ff51-d065-475f-8fb1-d1ac666bcef7,cash
200b05fd-d105-437f-a521-33c8adbc17e5,ZIC-20260813-0179,f686d4d0-3678-467e-9535-3d5f1309c328,Cashier 1,210.0,0.0,0.0,210.0,210.0,0.0,cash,5,2026-08-13T21:06:52.347361+00:00,c247ff51-d065-475f-8fb1-d1ac666bcef7,cash
1073ec9b-76e4-4a3a-b101-f2693f988093,ZIC-20260813-0180,f686d4d0-3678-467e-9535-3d5f1309c328,Cashier 1,100.0,0.0,0.0,100.0,100.0,0.0,cash,5,2026-08-13T21:07:32.369818+00:00,c247ff51-d065-475f-8fb1-d1ac666bcef7,cash
a541911a-03c4-4867-8a4b-76a125438e54,ZIC-20260813-0181,f686d4d0-3678-467e-9535-3d5f1309c328,Cashier 1,790.0,0.0,0.0,790.0,790.0,0.0,cash,7,2026-08-13T21:15:35.350924+00:00,c247ff51-d065-475f-8fb1-d1ac666bcef7,cash
49fc89e7-c80a-44ca-a17e-5c3daf0501f0,ZIC-20260813-0182,f686d4d0-3678-467e-9535-3d5f1309c328,Cashier 1,500.0,0.0,0.0,500.0,500.0,0.0,easypasa,4,2026-08-13T21:17:06.78517+00:00,c247ff51-d065-475f-8fb1-d1ac666bcef7,cash
764f4a18-bee2-4e85-aa7f-721a378f0102,ZIC-20260813-0183,f686d4d0-3678-467e-9535-3d5f1309c328,Cashier 1,730.0,0.0,0.0,730.0,730.0,0.0,cash,12,2026-08-13T21:25:59.227182+00:00,c247ff51-d065-475f-8fb1-d1ac666bcef7,cash
6cb0d99b-61ca-4694-a3a9-5bc03da4082b,ZIC-20260813-0184,f686d4d0-3678-467e-9535-3d5f1309c328,Cashier 1,100.0,0.0,0.0,100.0,100.0,0.0,cash,5,2026-08-13T21:34:19.797663+00:00,c247ff51-d065-475f-8fb1-d1ac666bcef7,cash
458c2688-c505-40b8-a951-a769bff60381,ZIC-20260813-0185,f686d4d0-3678-467e-9535-3d5f1309c328,Cashier 1,350.0,0.0,0.0,350.0,350.0,0.0,cash,10,2026-08-13T22:24:19.897978+00:00,c247ff51-d065-475f-8fb1-d1ac666bcef7,cash
98ff3e0a-f458-4931-9bdb-3d1cec954077,ZIC-20260813-0186,f686d4d0-3678-467e-9535-3d5f1309c328,Cashier 1,50.0,0.0,0.0,50.0,50.0,0.0,cash,5,2026-08-13T22:43:33.732843+00:00,c247ff51-d065-475f-8fb1-d1ac666bcef7,cash
a17dff1c-f78e-4d93-8610-6cdbbf82fc0d,ZIC-20260814-0001,f686d4d0-3678-467e-9535-3d5f1309c328,Cashier 1,30.0,0.0,0.0,30.0,30.0,0.0,cash,1,2026-08-14T00:15:49.631716+00:00,c247ff51-d065-475f-8fb1-d1ac666bcef7,cash
2dac0906-b743-4c1e-94ae-24de2e211257,ZIC-20260814-0002,f686d4d0-3678-467e-9535-3d5f1309c328,Cashier 1,555.0,0.0,0.0,555.0,555.0,0.0,cash,27,2026-08-14T00:33:57.91339+00:00,c247ff51-d065-475f-8fb1-d1ac666bcef7,cash
4fe91cfe-efcb-4401-bce2-2031df6169db,ZIC-20260814-0003,f686d4d0-3678-467e-9535-3d5f1309c328,Cashier 1,5.0,0.0,0.0,5.0,5.0,0.0,cash,1,2026-08-14T00:35:46.890527+00:00,c247ff51-d065-475f-8fb1-d1ac666bcef7,cash
9407f598-8363-4979-9377-1c78ec7c60f2,ZIC-20260814-0004,f686d4d0-3678-467e-9535-3d5f1309c328,Cashier 1,50.0,0.0,0.0,50.0,50.0,0.0,cash,3,2026-08-14T00:49:15.939017+00:00,c247ff51-d065-475f-8fb1-d1ac666bcef7,cash
89e243f1-3ae1-4904-819b-18be049fc742,ZIC-20260814-0005,f686d4d0-3678-467e-9535-3d5f1309c328,Cashier 1,110.0,0.0,0.0,110.0,110.0,0.0,cash,2,2026-08-14T02:14:45.936362+00:00,c247ff51-d065-475f-8fb1-d1ac666bcef7,cash
1d5c1ce8-bf7d-4e7b-9c0a-b91c4044fcb8,ZIC-20260814-0006,f686d4d0-3678-467e-9535-3d5f1309c328,Cashier 1,50.0,0.0,0.0,50.0,50.0,0.0,cash,1,2026-08-14T02:15:08.242152+00:00,c247ff51-d065-475f-8fb1-d1ac666bcef7,cash
e2c35e8a-52fa-45f4-bbd8-bbfc5eb28c2d,ZIC-20260814-0007,f686d4d0-3678-467e-9535-3d5f1309c328,Cashier 1,40.0,0.0,0.0,40.0,40.0,0.0,cash,2,2026-08-14T02:46:58.854868+00:00,c247ff51-d065-475f-8fb1-d1ac666bcef7,cash
23399e28-7a95-4b42-9618-d57b02892cf7,ZIC-20260814-0008,f686d4d0-3678-467e-9535-3d5f1309c328,Cashier 1,220.0,0.0,0.0,220.0,220.0,0.0,cash,2,2026-08-14T02:52:41.467147+00:00,c247ff51-d065-475f-8fb1-d1ac666bcef7,cash
1293b7b3-1acf-410a-9cd6-7f348231532c,ZIC-20260814-0009,f686d4d0-3678-467e-9535-3d5f1309c328,Cashier 1,60.0,0.0,0.0,60.0,60.0,0.0,cash,1,2026-08-14T03:12:34.783841+00:00,c247ff51-d065-475f-8fb1-d1ac666bcef7,cash
19fbdadb-8bfc-492b-8287-50ce1c28cc81,ZIC-20260814-0010,f686d4d0-3678-467e-9535-3d5f1309c328,Cashier 1,50.0,0.0,0.0,50.0,50.0,0.0,cash,3,2026-08-14T03:27:35.996813+00:00,c247ff51-d065-475f-8fb1-d1ac666bcef7,cash
0625c3ca-8896-475b-a692-9c188b7a28cc,ZIC-20260814-0011,f686d4d0-3678-467e-9535-3d5f1309c328,Cashier 1,135.0,0.0,0.0,135.0,135.0,0.0,cash,6,2026-08-14T03:51:40.843786+00:00,c247ff51-d065-475f-8fb1-d1ac666bcef7,cash
8fe3aed2-f8a3-473d-a3a9-7707669520dc,ZIC-20260814-0012,f686d4d0-3678-467e-9535-3d5f1309c328,Cashier 1,30.0,0.0,0.0,30.0,30.0,0.0,cash,3,2026-08-14T03:57:57.449941+00:00,c247ff51-d065-475f-8fb1-d1ac666bcef7,cash
bb68cfc2-295e-46fa-9be5-41754807412f,ZIC-20260814-0013,f686d4d0-3678-467e-9535-3d5f1309c328,Cashier 1,100.0,0.0,0.0,100.0,100.0,0.0,cash,5,2026-08-14T04:08:38.326317+00:00,c247ff51-d065-475f-8fb1-d1ac666bcef7,cash
f74865e6-2180-43e9-9d96-44f718d016c6,ZIC-20260814-0014,f686d4d0-3678-467e-9535-3d5f1309c328,Cashier 1,50.0,0.0,0.0,50.0,50.0,0.0,cash,1,2026-08-14T04:11:06.466786+00:00,c247ff51-d065-475f-8fb1-d1ac666bcef7,cash
a1634dea-1074-4a4b-a954-b467af29c862,ZIC-20260814-0015,62c5814c-09e6-4583-874d-c3660ce3283f,Asad,30.0,0.0,0.0,30.0,30.0,0.0,cash,2,2026-08-14T04:26:57.710801+00:00,edd13119-ddd3-41d5-a5f4-66de06387da2,cash
3b7f82ed-703a-4053-915e-55db2becf28d,ZIC-20260814-0016,62c5814c-09e6-4583-874d-c3660ce3283f,Asad,390.0,0.0,0.0,390.0,390.0,0.0,cash,9,2026-08-14T04:36:14.587694+00:00,edd13119-ddd3-41d5-a5f4-66de06387da2,cash
5891a34c-cf0f-4a87-aa73-976cf5f8b716,ZIC-20260814-0017,62c5814c-09e6-4583-874d-c3660ce3283f,Asad,100.0,0.0,0.0,100.0,100.0,0.0,cash,2,2026-08-14T04:38:26.462217+00:00,edd13119-ddd3-41d5-a5f4-66de06387da2,cash
1d1da5e7-e595-445b-bd13-44568788050d,ZIC-20260814-0018,62c5814c-09e6-4583-874d-c3660ce3283f,Asad,490.0,0.0,0.0,490.0,490.0,0.0,cash,4,2026-08-14T04:40:03.952862+00:00,edd13119-ddd3-41d5-a5f4-66de06387da2,cash
3e507dce-2003-4177-b798-9dacb9ed8ed2,ZIC-20260814-0019,62c5814c-09e6-4583-874d-c3660ce3283f,Asad,50.0,0.0,0.0,50.0,50.0,0.0,cash,4,2026-08-14T04:47:52.269008+00:00,edd13119-ddd3-41d5-a5f4-66de06387da2,cash
3acac583-4b8d-422d-8897-0501f03e83e1,ZIC-20260814-0020,62c5814c-09e6-4583-874d-c3660ce3283f,Asad,180.0,0.0,0.0,180.0,180.0,0.0,cash,11,2026-08-14T04:48:51.291588+00:00,edd13119-ddd3-41d5-a5f4-66de06387da2,cash
46037b7e-3606-4873-84a0-de66b8a57036,ZIC-20260814-0021,62c5814c-09e6-4583-874d-c3660ce3283f,Asad,90.0,0.0,0.0,90.0,90.0,0.0,cash,2,2026-08-14T05:18:47.092613+00:00,edd13119-ddd3-41d5-a5f4-66de06387da2,cash
69856e94-cf50-45d7-a29d-9ebe3f62a42d,ZIC-20260814-0022,62c5814c-09e6-4583-874d-c3660ce3283f,Asad,70.0,0.0,0.0,70.0,70.0,0.0,cash,1,2026-08-14T05:29:27.875071+00:00,edd13119-ddd3-41d5-a5f4-66de06387da2,cash
c81a9a33-6682-4b8f-be94-56e238734346,ZIC-20260814-0023,62c5814c-09e6-4583-874d-c3660ce3283f,Asad,50.0,0.0,0.0,50.0,50.0,0.0,cash,4,2026-08-14T05:33:50.853814+00:00,edd13119-ddd3-41d5-a5f4-66de06387da2,cash
54458278-ab7c-44bc-a66a-71db2893d6ea,ZIC-20260814-0024,62c5814c-09e6-4583-874d-c3660ce3283f,Asad,200.0,0.0,0.0,200.0,200.0,0.0,cash,1,2026-08-14T05:34:40.125545+00:00,edd13119-ddd3-41d5-a5f4-66de06387da2,cash
25271b01-d6fb-4c70-a2a3-d48335e32fce,ZIC-20260814-0025,62c5814c-09e6-4583-874d-c3660ce3283f,Asad,180.0,0.0,0.0,180.0,180.0,0.0,cash,11,2026-08-14T05:37:22.091718+00:00,edd13119-ddd3-41d5-a5f4-66de06387da2,cash
b96edf73-e91c-41be-b87c-ab30a1479c9e,ZIC-20260814-0026,62c5814c-09e6-4583-874d-c3660ce3283f,Asad,10.0,0.0,0.0,10.0,10.0,0.0,cash,2,2026-08-14T05:43:32.106586+00:00,edd13119-ddd3-41d5-a5f4-66de06387da2,cash
a2578fd9-63f7-4b79-920e-3e322fba51a8,ZIC-20260814-0027,62c5814c-09e6-4583-874d-c3660ce3283f,Asad,500.0,0.0,0.0,500.0,500.0,0.0,cash,10,2026-08-14T06:02:09.112583+00:00,edd13119-ddd3-41d5-a5f4-66de06387da2,cash
dbd2fd77-a949-401f-bda7-9f9c628a178d,ZIC-20260814-0028,62c5814c-09e6-4583-874d-c3660ce3283f,Asad,90.0,0.0,0.0,90.0,90.0,0.0,cash,3,2026-08-14T06:06:09.976423+00:00,edd13119-ddd3-41d5-a5f4-66de06387da2,cash
014d155f-5a64-47f5-9d64-931141c2e4f3,ZIC-20260814-0029,62c5814c-09e6-4583-874d-c3660ce3283f,Asad,70.0,0.0,20.0,50.0,50.0,0.0,cash,1,2026-08-14T06:06:43.668282+00:00,edd13119-ddd3-41d5-a5f4-66de06387da2,cash
7d12eb6a-aecc-4d03-97d1-5d4893d9f917,ZIC-20260814-0030,62c5814c-09e6-4583-874d-c3660ce3283f,Asad,30.0,0.0,0.0,30.0,30.0,0.0,cash,4,2026-08-14T06:26:30.267661+00:00,edd13119-ddd3-41d5-a5f4-66de06387da2,cash
0d473c5b-721e-4ed1-897b-6faa729e0757,ZIC-20260814-0031,62c5814c-09e6-4583-874d-c3660ce3283f,Asad,45.0,0.0,0.0,45.0,45.0,0.0,cash,3,2026-08-14T06:27:21.2341+00:00,edd13119-ddd3-41d5-a5f4-66de06387da2,cash
b42dbd78-1ea5-493d-941b-bd66f15e66f7,ZIC-20260814-0032,62c5814c-09e6-4583-874d-c3660ce3283f,Asad,90.0,0.0,0.0,90.0,90.0,0.0,cash,1,2026-08-14T06:29:01.201768+00:00,edd13119-ddd3-41d5-a5f4-66de06387da2,cash
38885839-6415-4719-8ebd-09d6db687388,ZIC-20260814-0033,62c5814c-09e6-4583-874d-c3660ce3283f,Asad,230.0,0.0,0.0,230.0,230.0,0.0,cash,17,2026-08-14T06:34:41.787604+00:00,edd13119-ddd3-41d5-a5f4-66de06387da2,cash
514e14a2-c515-4e7c-b62e-79d4db0a6571,ZIC-20260814-0034,62c5814c-09e6-4583-874d-c3660ce3283f,Asad,860.0,0.0,0.0,860.0,860.0,0.0,easypasa,29,2026-08-14T06:38:42.1315+00:00,edd13119-ddd3-41d5-a5f4-66de06387da2,cash
f3c28f6e-5e60-43be-acdc-8f69902681f8,ZIC-20260814-0035,62c5814c-09e6-4583-874d-c3660ce3283f,Asad,100.0,0.0,0.0,100.0,100.0,0.0,cash,6,2026-08-14T06:39:17.172797+00:00,edd13119-ddd3-41d5-a5f4-66de06387da2,cash
da9f05a3-f7e2-4b1d-bba4-ec6a1dd74d4e,ZIC-20260814-0036,62c5814c-09e6-4583-874d-c3660ce3283f,Asad,50.0,0.0,0.0,50.0,50.0,0.0,cash,4,2026-08-14T06:41:18.487899+00:00,edd13119-ddd3-41d5-a5f4-66de06387da2,cash
e377f37a-2ed5-4a7f-9de1-4671c8b823f7,ZIC-20260814-0037,62c5814c-09e6-4583-874d-c3660ce3283f,Asad,160.0,0.0,0.0,160.0,160.0,0.0,cash,5,2026-08-14T06:46:58.06163+00:00,edd13119-ddd3-41d5-a5f4-66de06387da2,cash
4de6b921-ecbd-4811-b4ec-0698e8cec3ef,ZIC-20260814-0038,62c5814c-09e6-4583-874d-c3660ce3283f,Asad,150.0,0.0,0.0,150.0,150.0,0.0,cash,1,2026-08-14T06:55:40.345176+00:00,edd13119-ddd3-41d5-a5f4-66de06387da2,cash
13885353-b160-42a3-9049-2cd1d909b49a,ZIC-20260814-0039,62c5814c-09e6-4583-874d-c3660ce3283f,Asad,240.0,0.0,0.0,240.0,240.0,0.0,cash,2,2026-08-14T06:57:38.564216+00:00,edd13119-ddd3-41d5-a5f4-66de06387da2,cash
bee573bd-3215-445c-b78e-646b870f00d5,ZIC-20260814-0040,62c5814c-09e6-4583-874d-c3660ce3283f,Asad,720.0,0.0,0.0,720.0,720.0,0.0,cash,8,2026-08-14T07:01:46.110113+00:00,edd13119-ddd3-41d5-a5f4-66de06387da2,cash
3593b4b1-27a6-440b-bc65-96d280b72f38,ZIC-20260814-0041,62c5814c-09e6-4583-874d-c3660ce3283f,Asad,20.0,0.0,0.0,20.0,20.0,0.0,cash,4,2026-08-14T07:01:58.614678+00:00,edd13119-ddd3-41d5-a5f4-66de06387da2,cash
4a728b4d-d613-41cb-a64a-302327e1629a,ZIC-20260814-0042,62c5814c-09e6-4583-874d-c3660ce3283f,Asad,100.0,0.0,20.0,80.0,80.0,0.0,cash,1,2026-08-14T07:05:28.662519+00:00,edd13119-ddd3-41d5-a5f4-66de06387da2,cash
3f43e7a1-32ac-4b54-bb2f-4641ffc851a4,ZIC-20260814-0043,62c5814c-09e6-4583-874d-c3660ce3283f,Asad,170.0,0.0,0.0,170.0,170.0,0.0,cash,16,2026-08-14T07:06:57.635918+00:00,edd13119-ddd3-41d5-a5f4-66de06387da2,cash
ad3e4229-c7e2-437b-9773-c77e9cf0a6de,ZIC-20260814-0044,62c5814c-09e6-4583-874d-c3660ce3283f,Asad,140.0,0.0,0.0,140.0,140.0,0.0,cash,1,2026-08-14T07:09:01.871313+00:00,edd13119-ddd3-41d5-a5f4-66de06387da2,cash
294f9c78-31f1-4be6-be76-aaff27601aaa,ZIC-20260814-0045,62c5814c-09e6-4583-874d-c3660ce3283f,Asad,360.0,0.0,0.0,360.0,360.0,0.0,cash,2,2026-08-14T07:09:29.040098+00:00,edd13119-ddd3-41d5-a5f4-66de06387da2,cash
48dd06c5-f823-4c4e-b768-9ca0dd1f9d9c,ZIC-20260814-0046,62c5814c-09e6-4583-874d-c3660ce3283f,Asad,300.0,0.0,0.0,300.0,300.0,0.0,cash,2,2026-08-14T07:15:51.572647+00:00,edd13119-ddd3-41d5-a5f4-66de06387da2,cash
f1c1a268-c4e0-4043-8889-a0e094c212a1,ZIC-20260814-0047,62c5814c-09e6-4583-874d-c3660ce3283f,Asad,180.0,0.0,0.0,180.0,180.0,0.0,cash,11,2026-08-14T07:33:04.665237+00:00,edd13119-ddd3-41d5-a5f4-66de06387da2,cash
bba90438-e729-40cc-8451-2d99cf5bf5ad,ZIC-20260814-0048,62c5814c-09e6-4583-874d-c3660ce3283f,Asad,120.0,0.0,0.0,120.0,120.0,0.0,cash,2,2026-08-14T09:15:27.659987+00:00,edd13119-ddd3-41d5-a5f4-66de06387da2,cash
a14d13f7-42d1-4caf-a53b-bb9822d6c0ae,ZIC-20260814-0049,62c5814c-09e6-4583-874d-c3660ce3283f,Asad,100.0,0.0,0.0,100.0,100.0,0.0,cash,2,2026-08-14T09:18:17.833213+00:00,edd13119-ddd3-41d5-a5f4-66de06387da2,cash
628b206a-7702-42ef-add5-1b75a418cfba,ZIC-20260814-0050,62c5814c-09e6-4583-874d-c3660ce3283f,Asad,30.0,0.0,0.0,30.0,30.0,0.0,cash,1,2026-08-14T09:19:56.912057+00:00,edd13119-ddd3-41d5-a5f4-66de06387da2,cash
090f81ec-a451-4b0d-864b-b55cf67a2134,ZIC-20260814-0051,62c5814c-09e6-4583-874d-c3660ce3283f,Asad,60.0,0.0,0.0,60.0,60.0,0.0,cash,1,2026-08-14T09:23:50.907109+00:00,edd13119-ddd3-41d5-a5f4-66de06387da2,cash
f3a3ce03-5af6-41b6-a69e-118cef968970,ZIC-20260814-0052,62c5814c-09e6-4583-874d-c3660ce3283f,Asad,250.0,0.0,0.0,250.0,250.0,0.0,cash,4,2026-08-14T09:28:22.903953+00:00,edd13119-ddd3-41d5-a5f4-66de06387da2,cash
b1af41b6-3be0-4655-85a5-70543b7663e7,ZIC-20260814-0053,62c5814c-09e6-4583-874d-c3660ce3283f,Asad,600.0,0.0,90.0,510.0,510.0,0.0,cash,2,2026-08-14T09:28:47.378058+00:00,edd13119-ddd3-41d5-a5f4-66de06387da2,cash
fce71400-8f53-4123-992b-fb37125a0699,ZIC-20260814-0054,62c5814c-09e6-4583-874d-c3660ce3283f,Asad,440.0,0.0,10.0,430.0,430.0,0.0,cash,21,2026-08-14T09:30:45.442577+00:00,edd13119-ddd3-41d5-a5f4-66de06387da2,cash
e90d564e-a8c5-49e9-bf13-0c5dde79f41e,ZIC-20260814-0055,62c5814c-09e6-4583-874d-c3660ce3283f,Asad,800.0,0.0,0.0,800.0,800.0,0.0,cash,8,2026-08-14T09:45:34.561418+00:00,edd13119-ddd3-41d5-a5f4-66de06387da2,cash
087aec2b-b9da-405f-8363-19bba120f6bc,ZIC-20260814-0056,62c5814c-09e6-4583-874d-c3660ce3283f,Asad,210.0,0.0,0.0,210.0,210.0,0.0,cash,6,2026-08-14T09:51:21.487538+00:00,edd13119-ddd3-41d5-a5f4-66de06387da2,cash
87b4c6a3-62ef-4843-b556-9ef10bdacd43,ZIC-20260814-0057,62c5814c-09e6-4583-874d-c3660ce3283f,Asad,110.0,0.0,0.0,110.0,110.0,0.0,cash,3,2026-08-14T09:52:22.577766+00:00,edd13119-ddd3-41d5-a5f4-66de06387da2,cash
687fd783-9699-4c5e-9d5d-26856d0166ea,ZIC-20260814-0058,62c5814c-09e6-4583-874d-c3660ce3283f,Asad,205.0,0.0,5.0,200.0,200.0,0.0,cash,4,2026-08-14T09:53:55.514626+00:00,edd13119-ddd3-41d5-a5f4-66de06387da2,cash
fa363c0f-6f42-410b-93a2-17d4d12d53da,ZIC-20260814-0059,62c5814c-09e6-4583-874d-c3660ce3283f,Asad,220.0,0.0,0.0,220.0,220.0,0.0,cash,3,2026-08-14T09:59:21.065784+00:00,edd13119-ddd3-41d5-a5f4-66de06387da2,cash
743d8aa1-f5ab-4e9d-8fe6-7f0a2532433b,ZIC-20260814-0060,62c5814c-09e6-4583-874d-c3660ce3283f,Asad,120.0,0.0,0.0,120.0,120.0,0.0,cash,8,2026-08-14T10:00:20.949353+00:00,edd13119-ddd3-41d5-a5f4-66de06387da2,cash
d83d115d-66cc-4f5b-a41f-cb3aec0b4a8f,ZIC-20260814-0061,62c5814c-09e6-4583-874d-c3660ce3283f,Asad,60.0,0.0,0.0,60.0,60.0,0.0,cash,3,2026-08-14T10:04:32.039238+00:00,edd13119-ddd3-41d5-a5f4-66de06387da2,cash
2aa0e107-0e71-47ce-90c4-632b5f34e23b,ZIC-20260814-0062,62c5814c-09e6-4583-874d-c3660ce3283f,Asad,140.0,0.0,0.0,140.0,140.0,0.0,cash,10,2026-08-14T10:07:39.273826+00:00,edd13119-ddd3-41d5-a5f4-66de06387da2,cash
02854967-2446-406d-a62d-85f164b8c7bd,ZIC-20260814-0063,62c5814c-09e6-4583-874d-c3660ce3283f,Asad,80.0,0.0,0.0,80.0,80.0,0.0,cash,4,2026-08-14T10:10:01.241683+00:00,edd13119-ddd3-41d5-a5f4-66de06387da2,cash
8be91f35-ae8f-4f56-87f8-c20c1aab82ab,ZIC-20260814-0064,62c5814c-09e6-4583-874d-c3660ce3283f,Asad,60.0,0.0,0.0,60.0,60.0,0.0,cash,1,2026-08-14T10:14:04.746028+00:00,edd13119-ddd3-41d5-a5f4-66de06387da2,cash
023c5783-5e3f-484a-ae3d-5a2c2e024b84,ZIC-20260814-0065,62c5814c-09e6-4583-874d-c3660ce3283f,Asad,60.0,0.0,0.0,60.0,60.0,0.0,cash,1,2026-08-14T10:16:05.312252+00:00,edd13119-ddd3-41d5-a5f4-66de06387da2,cash
311823fc-8ef6-4c3a-9dbd-9fa9b58f2800,ZIC-20260814-0066,62c5814c-09e6-4583-874d-c3660ce3283f,Asad,180.0,0.0,0.0,180.0,180.0,0.0,cash,4,2026-08-14T10:29:19.284345+00:00,edd13119-ddd3-41d5-a5f4-66de06387da2,cash
54386fdf-9242-4ff0-9a1d-4d70efed2f52,ZIC-20260814-0067,62c5814c-09e6-4583-874d-c3660ce3283f,Asad,40.0,0.0,0.0,40.0,40.0,0.0,cash,2,2026-08-14T10:35:52.718325+00:00,edd13119-ddd3-41d5-a5f4-66de06387da2,cash
1e4ca5b5-e549-47e6-a47c-f2357ffed3f8,ZIC-20260814-0068,62c5814c-09e6-4583-874d-c3660ce3283f,Asad,320.0,0.0,0.0,320.0,320.0,0.0,cash,2,2026-08-14T10:42:30.018068+00:00,edd13119-ddd3-41d5-a5f4-66de06387da2,cash
4737f52f-ef80-403b-a4cf-373e0c1f8a8e,ZIC-20260814-0069,62c5814c-09e6-4583-874d-c3660ce3283f,Asad,50.0,0.0,0.0,50.0,50.0,0.0,cash,4,2026-08-14T10:45:06.111542+00:00,edd13119-ddd3-41d5-a5f4-66de06387da2,cash
e7d8bd68-358b-4fcd-84ac-395e60f699a2,ZIC-20260814-0070,62c5814c-09e6-4583-874d-c3660ce3283f,Asad,60.0,0.0,0.0,60.0,60.0,0.0,cash,1,2026-08-14T10:45:45.759655+00:00,edd13119-ddd3-41d5-a5f4-66de06387da2,cash
c42f09c6-843f-48b0-80e3-202d8bc75086,ZIC-20260814-0071,62c5814c-09e6-4583-874d-c3660ce3283f,Asad,90.0,0.0,0.0,90.0,90.0,0.0,cash,1,2026-08-14T10:47:29.309515+00:00,edd13119-ddd3-41d5-a5f4-66de06387da2,cash
697a387d-6a07-4024-ae3a-5d939e639d73,ZIC-20260814-0072,62c5814c-09e6-4583-874d-c3660ce3283f,Asad,390.0,0.0,0.0,390.0,390.0,0.0,cash,5,2026-08-14T10:49:11.112744+00:00,edd13119-ddd3-41d5-a5f4-66de06387da2,cash
52bd7529-3513-473d-99da-86b6dd369557,ZIC-20260814-0073,62c5814c-09e6-4583-874d-c3660ce3283f,Asad,100.0,0.0,0.0,100.0,100.0,0.0,easypasa,1,2026-08-14T10:51:17.513752+00:00,edd13119-ddd3-41d5-a5f4-66de06387da2,cash
768adc8f-75f0-4056-afc4-abedfc61512b,ZIC-20260814-0074,62c5814c-09e6-4583-874d-c3660ce3283f,Asad,1040.0,0.0,0.0,1040.0,1040.0,0.0,cash,22,2026-08-14T10:53:33.17964+00:00,edd13119-ddd3-41d5-a5f4-66de06387da2,cash
93a35321-7dbb-4a34-aff4-0f5d7de05256,ZIC-20260814-0075,62c5814c-09e6-4583-874d-c3660ce3283f,Asad,20.0,0.0,0.0,20.0,20.0,0.0,cash,4,2026-08-14T10:54:30.149531+00:00,edd13119-ddd3-41d5-a5f4-66de06387da2,cash
c3e55945-e6b8-4ee5-a8e5-3c25e6aef6f6,ZIC-20260814-0076,62c5814c-09e6-4583-874d-c3660ce3283f,Asad,220.0,0.0,70.0,150.0,150.0,0.0,cash,3,2026-08-14T10:56:28.407522+00:00,edd13119-ddd3-41d5-a5f4-66de06387da2,cash
abd3a8d9-5f58-41d3-ac30-dfc066d65222,ZIC-20260814-0077,62c5814c-09e6-4583-874d-c3660ce3283f,Asad,60.0,0.0,0.0,60.0,60.0,0.0,cash,1,2026-08-14T11:01:41.007872+00:00,edd13119-ddd3-41d5-a5f4-66de06387da2,cash
c669b3c9-6f05-4439-8677-944a5dc2cd21,ZIC-20260814-0078,62c5814c-09e6-4583-874d-c3660ce3283f,Asad,20.0,0.0,0.0,20.0,20.0,0.0,cash,4,2026-08-14T11:04:53.225934+00:00,edd13119-ddd3-41d5-a5f4-66de06387da2,cash
e4d18922-77ce-4ddb-9206-d671ae3914b3,ZIC-20260814-0079,62c5814c-09e6-4583-874d-c3660ce3283f,Asad,195.0,0.0,0.0,195.0,195.0,0.0,cash,6,2026-08-14T11:21:56.177098+00:00,edd13119-ddd3-41d5-a5f4-66de06387da2,cash
b6a507ee-b7cd-4cef-af50-6737ed969f8d,ZIC-20260814-0080,62c5814c-09e6-4583-874d-c3660ce3283f,Asad,90.0,0.0,0.0,90.0,90.0,0.0,cash,1,2026-08-14T11:22:20.235982+00:00,edd13119-ddd3-41d5-a5f4-66de06387da2,cash
b049718e-7920-4ac9-8f30-b27c92da3d45,ZIC-20260814-0081,62c5814c-09e6-4583-874d-c3660ce3283f,Asad,330.0,0.0,0.0,330.0,330.0,0.0,cash,4,2026-08-14T11:27:46.270301+00:00,edd13119-ddd3-41d5-a5f4-66de06387da2,cash
aa920013-aa18-4a75-8700-359c362b3f6b,ZIC-20260814-0082,62c5814c-09e6-4583-874d-c3660ce3283f,Asad,90.0,0.0,0.0,90.0,90.0,0.0,cash,1,2026-08-14T11:29:51.884167+00:00,edd13119-ddd3-41d5-a5f4-66de06387da2,cash
145b5fdd-daca-4396-a6d0-a8854d2747ae,ZIC-20260814-0083,62c5814c-09e6-4583-874d-c3660ce3283f,Asad,100.0,0.0,0.0,100.0,100.0,0.0,cash,5,2026-08-14T11:32:31.995718+00:00,edd13119-ddd3-41d5-a5f4-66de06387da2,cash
b69d0230-c5ff-4b19-b581-dd52e9ef9d8b,ZIC-20260814-0084,62c5814c-09e6-4583-874d-c3660ce3283f,Asad,30.0,0.0,0.0,30.0,30.0,0.0,cash,2,2026-08-14T11:33:53.986742+00:00,edd13119-ddd3-41d5-a5f4-66de06387da2,cash
6144f391-f2e5-4c93-8f56-442bd1a46f3c,ZIC-20260814-0085,62c5814c-09e6-4583-874d-c3660ce3283f,Asad,80.0,0.0,0.0,80.0,80.0,0.0,cash,1,2026-08-14T11:38:52.061513+00:00,edd13119-ddd3-41d5-a5f4-66de06387da2,cash
a5d1ab74-964e-42d7-a8a1-2d9452481bc7,ZIC-20260814-0086,62c5814c-09e6-4583-874d-c3660ce3283f,Asad,300.0,0.0,0.0,300.0,300.0,0.0,cash,4,2026-08-14T11:44:01.835583+00:00,edd13119-ddd3-41d5-a5f4-66de06387da2,cash
644d7b21-fd6a-4983-b5c6-82ccaed6ffbc,ZIC-20260814-0087,62c5814c-09e6-4583-874d-c3660ce3283f,Asad,30.0,0.0,0.0,30.0,30.0,0.0,cash,1,2026-08-14T11:50:43.888064+00:00,edd13119-ddd3-41d5-a5f4-66de06387da2,cash
bfdeec39-1696-4bad-9c42-acbdf73725ef,ZIC-20260814-0088,62c5814c-09e6-4583-874d-c3660ce3283f,Asad,150.0,0.0,0.0,150.0,150.0,0.0,cash,1,2026-08-14T12:04:41.872562+00:00,edd13119-ddd3-41d5-a5f4-66de06387da2,cash
d2891e54-b815-4f23-940a-0dd4016801b5,ZIC-20260814-0089,62c5814c-09e6-4583-874d-c3660ce3283f,Asad,250.0,0.0,0.0,250.0,250.0,0.0,cash,20,2026-08-14T12:14:06.132064+00:00,edd13119-ddd3-41d5-a5f4-66de06387da2,cash
7fba8591-99f3-429f-b159-438f0e371d8a,ZIC-20260814-0090,62c5814c-09e6-4583-874d-c3660ce3283f,Asad,940.0,0.0,0.0,940.0,940.0,0.0,cash,64,2026-08-14T12:26:07.431388+00:00,edd13119-ddd3-41d5-a5f4-66de06387da2,cash
6f886d70-7213-4fef-9a71-3356cbaa9908,ZIC-20260814-0091,62c5814c-09e6-4583-874d-c3660ce3283f,Asad,50.0,0.0,0.0,50.0,50.0,0.0,cash,1,2026-08-14T12:43:13.25711+00:00,edd13119-ddd3-41d5-a5f4-66de06387da2,cash
17b42270-402d-477d-bfa9-86857e870b8d,ZIC-20260814-0092,62c5814c-09e6-4583-874d-c3660ce3283f,Asad,50.0,0.0,0.0,50.0,50.0,0.0,cash,1,2026-08-14T12:53:31.442623+00:00,edd13119-ddd3-41d5-a5f4-66de06387da2,cash
a7052b00-1e82-4bec-944d-b3ade8033686,ZIC-20260814-0093,62c5814c-09e6-4583-874d-c3660ce3283f,Asad,100.0,0.0,15.0,85.0,85.0,0.0,cash,2,2026-08-14T12:54:42.090269+00:00,edd13119-ddd3-41d5-a5f4-66de06387da2,cash
05bb384b-0a83-46c8-8dcc-349c5bcf93a6,ZIC-20260814-0094,62c5814c-09e6-4583-874d-c3660ce3283f,Asad,245.0,0.0,0.0,245.0,245.0,0.0,cash,6,2026-08-14T13:09:32.166801+00:00,edd13119-ddd3-41d5-a5f4-66de06387da2,cash
f34331dd-35a0-46c6-a4b9-574ef2b97512,ZIC-20260814-0095,62c5814c-09e6-4583-874d-c3660ce3283f,Asad,1090.0,0.0,0.0,1090.0,1090.0,0.0,cash,14,2026-08-14T13:14:33.028886+00:00,edd13119-ddd3-41d5-a5f4-66de06387da2,cash
b52b7d0a-94ad-406b-b80c-57c51c79e2b5,ZIC-20260814-0096,62c5814c-09e6-4583-874d-c3660ce3283f,Asad,80.0,0.0,0.0,80.0,80.0,0.0,cash,1,2026-08-14T13:17:35.413403+00:00,edd13119-ddd3-41d5-a5f4-66de06387da2,cash
9f768a6f-9ac2-4fc8-81da-0ab88b9beeaf,ZIC-20260814-0097,62c5814c-09e6-4583-874d-c3660ce3283f,Asad,60.0,0.0,0.0,60.0,60.0,0.0,cash,1,2026-08-14T13:22:09.086632+00:00,edd13119-ddd3-41d5-a5f4-66de06387da2,cash
d18b42c0-1392-4fde-99aa-8b7f04a45a0b,ZIC-20260814-0098,62c5814c-09e6-4583-874d-c3660ce3283f,Asad,200.0,0.0,0.0,200.0,200.0,0.0,cash,8,2026-08-14T13:28:53.65121+00:00,edd13119-ddd3-41d5-a5f4-66de06387da2,cash
66f0acf0-ee95-46c0-bdef-7c193d9cc06f,ZIC-20260814-0099,62c5814c-09e6-4583-874d-c3660ce3283f,Asad,360.0,0.0,0.0,360.0,360.0,0.0,cash,4,2026-08-14T13:29:38.79618+00:00,edd13119-ddd3-41d5-a5f4-66de06387da2,cash
88cebdf0-98fe-492f-9304-1f333387f28d,ZIC-20260814-0100,62c5814c-09e6-4583-874d-c3660ce3283f,Asad,50.0,0.0,0.0,50.0,50.0,0.0,cash,1,2026-08-14T13:29:49.623405+00:00,edd13119-ddd3-41d5-a5f4-66de06387da2,cash
fcd76bac-2bd0-4709-836c-bbd0a49e7ce9,ZIC-20260814-0101,62c5814c-09e6-4583-874d-c3660ce3283f,Asad,250.0,0.0,0.0,250.0,250.0,0.0,cash,20,2026-08-14T13:30:17.388138+00:00,edd13119-ddd3-41d5-a5f4-66de06387da2,cash
774f82d5-a509-41f2-b027-05f670dbc410,ZIC-20260814-0102,62c5814c-09e6-4583-874d-c3660ce3283f,Asad,50.0,0.0,0.0,50.0,50.0,0.0,cash,4,2026-08-14T13:37:09.470116+00:00,edd13119-ddd3-41d5-a5f4-66de06387da2,cash
d2f31eae-957e-4876-a704-7028124d2bb8,ZIC-20260814-0103,62c5814c-09e6-4583-874d-c3660ce3283f,Asad,150.0,0.0,0.0,150.0,150.0,0.0,cash,14,2026-08-14T13:42:48.824292+00:00,edd13119-ddd3-41d5-a5f4-66de06387da2,cash
7a68adc6-eb91-42b1-9b8e-877a2eb3e81e,ZIC-20260814-0104,62c5814c-09e6-4583-874d-c3660ce3283f,Asad,410.0,0.0,0.0,410.0,410.0,0.0,cash,8,2026-08-14T13:54:07.72143+00:00,edd13119-ddd3-41d5-a5f4-66de06387da2,cash
12f8836e-fd88-4633-bc95-5b2819fdabe4,ZIC-20260814-0105,62c5814c-09e6-4583-874d-c3660ce3283f,Asad,130.0,0.0,0.0,130.0,130.0,0.0,cash,4,2026-08-14T13:56:15.118003+00:00,edd13119-ddd3-41d5-a5f4-66de06387da2,cash
b49c7149-f57a-41a8-b5d3-40544bb6676a,ZIC-20260814-0106,62c5814c-09e6-4583-874d-c3660ce3283f,Asad,100.0,0.0,0.0,100.0,100.0,0.0,cash,1,2026-08-14T14:08:33.425836+00:00,edd13119-ddd3-41d5-a5f4-66de06387da2,cash
1ec56969-67f5-4e3d-85b1-8ceeb81a80a7,ZIC-20260814-0107,62c5814c-09e6-4583-874d-c3660ce3283f,Asad,770.0,0.0,170.0,600.0,600.0,0.0,cash,27,2026-08-14T14:18:11.864325+00:00,edd13119-ddd3-41d5-a5f4-66de06387da2,cash
a9808c40-ef18-4064-80b8-db23f3bb8d76,ZIC-20260814-0108,62c5814c-09e6-4583-874d-c3660ce3283f,Asad,200.0,0.0,0.0,200.0,200.0,0.0,cash,2,2026-08-14T14:20:55.302275+00:00,edd13119-ddd3-41d5-a5f4-66de06387da2,cash
9a62c524-1d7f-4085-b4cf-586f4b96658e,ZIC-20260814-0109,62c5814c-09e6-4583-874d-c3660ce3283f,Asad,50.0,0.0,0.0,50.0,50.0,0.0,cash,1,2026-08-14T14:34:40.566175+00:00,edd13119-ddd3-41d5-a5f4-66de06387da2,cash
37eb86f7-948f-4971-a112-9a9e401b5303,ZIC-20260814-0110,62c5814c-09e6-4583-874d-c3660ce3283f,Asad,300.0,0.0,0.0,300.0,300.0,0.0,cash,9,2026-08-14T14:35:21.211665+00:00,edd13119-ddd3-41d5-a5f4-66de06387da2,cash
09f47d70-1381-479a-816b-df821c41e686,ZIC-20260814-0111,62c5814c-09e6-4583-874d-c3660ce3283f,Asad,100.0,0.0,0.0,100.0,100.0,0.0,cash,1,2026-08-14T14:43:15.442665+00:00,edd13119-ddd3-41d5-a5f4-66de06387da2,cash
7eacb38f-f6f6-48fc-a195-d822e564baab,ZIC-20260814-0112,62c5814c-09e6-4583-874d-c3660ce3283f,Asad,200.0,0.0,0.0,200.0,200.0,0.0,easypasa,2,2026-08-14T15:05:08.826879+00:00,edd13119-ddd3-41d5-a5f4-66de06387da2,cash
5cf7ab1a-039f-4d09-b4ce-52e748eccf16,ZIC-20260814-0113,62c5814c-09e6-4583-874d-c3660ce3283f,Asad,50.0,0.0,0.0,50.0,50.0,0.0,cash,3,2026-08-14T15:08:17.408894+00:00,edd13119-ddd3-41d5-a5f4-66de06387da2,cash
0e52f55a-7051-4b0a-877e-7b40df5445f8,ZIC-20260814-0114,62c5814c-09e6-4583-874d-c3660ce3283f,Asad,50.0,0.0,0.0,50.0,50.0,0.0,cash,4,2026-08-14T15:16:13.580291+00:00,edd13119-ddd3-41d5-a5f4-66de06387da2,cash
1596dc80-b41e-41a9-9758-369fc3fc1991,ZIC-20260814-0115,62c5814c-09e6-4583-874d-c3660ce3283f,Asad,100.0,0.0,0.0,100.0,100.0,0.0,cash,1,2026-08-14T15:27:21.845309+00:00,edd13119-ddd3-41d5-a5f4-66de06387da2,cash
47d4f960-5031-4cc3-b538-b76eebb58619,ZIC-20260814-0116,62c5814c-09e6-4583-874d-c3660ce3283f,Asad,100.0,0.0,0.0,100.0,100.0,0.0,cash,1,2026-08-14T15:27:34.311342+00:00,edd13119-ddd3-41d5-a5f4-66de06387da2,cash
998034e7-8b64-48d0-9e85-2ca58167ab8c,ZIC-20260814-0117,62c5814c-09e6-4583-874d-c3660ce3283f,Asad,50.0,0.0,0.0,50.0,50.0,0.0,cash,1,2026-08-14T15:38:01.945909+00:00,edd13119-ddd3-41d5-a5f4-66de06387da2,cash
25f1e7a4-0d0b-486d-bcb4-f4f782741fd2,ZIC-20260814-0118,62c5814c-09e6-4583-874d-c3660ce3283f,Asad,10.0,0.0,0.0,10.0,10.0,0.0,cash,2,2026-08-14T15:38:24.781291+00:00,edd13119-ddd3-41d5-a5f4-66de06387da2,cash
f260cd62-54d6-4826-9f83-8c944cbfb69a,ZIC-20260814-0119,62c5814c-09e6-4583-874d-c3660ce3283f,Asad,300.0,0.0,0.0,300.0,300.0,0.0,cash,20,2026-08-14T15:41:58.811298+00:00,edd13119-ddd3-41d5-a5f4-66de06387da2,cash
155a05c9-33df-4e38-8769-ff3f5afb8240,ZIC-20260814-0120,f686d4d0-3678-467e-9535-3d5f1309c328,Cashier 1,1000.0,0.0,100.0,900.0,900.0,0.0,cash,43,2026-08-14T15:55:11.411138+00:00,ab5186e0-6cd1-4028-867d-a976233a1458,cash
900faac5-eee6-4ef6-802a-697f6ca4b1e6,ZIC-20260814-0121,f686d4d0-3678-467e-9535-3d5f1309c328,Cashier 1,150.0,0.0,80.0,70.0,70.0,0.0,cash,1,2026-08-14T15:57:15.958626+00:00,ab5186e0-6cd1-4028-867d-a976233a1458,cash
41015b47-a040-46b2-bac7-ceef6d4c3fc4,ZIC-20260814-0122,f686d4d0-3678-467e-9535-3d5f1309c328,Cashier 1,60.0,0.0,0.0,60.0,60.0,0.0,cash,1,2026-08-14T15:59:01.149334+00:00,ab5186e0-6cd1-4028-867d-a976233a1458,cash
13724611-bcfb-42a9-bfbd-c141ce0ce250,ZIC-20260814-0123,f686d4d0-3678-467e-9535-3d5f1309c328,Cashier 1,150.0,0.0,0.0,150.0,150.0,0.0,cash,3,2026-08-14T16:01:06.12661+00:00,ab5186e0-6cd1-4028-867d-a976233a1458,cash
8bd61125-dd64-4425-890c-8e3c7a9c7773,ZIC-20260814-0124,f686d4d0-3678-467e-9535-3d5f1309c328,Cashier 1,90.0,0.0,0.0,90.0,90.0,0.0,cash,1,2026-08-14T16:01:59.41668+00:00,ab5186e0-6cd1-4028-867d-a976233a1458,cash
c802c05e-9c7b-422c-9600-82967a66b54d,ZIC-20260814-0125,f686d4d0-3678-467e-9535-3d5f1309c328,Cashier 1,140.0,0.0,0.0,140.0,140.0,0.0,cash,1,2026-08-14T16:28:20.44893+00:00,ab5186e0-6cd1-4028-867d-a976233a1458,cash
7bf78b6a-794a-40d4-be87-09fe0f45d28c,ZIC-20260814-0126,f686d4d0-3678-467e-9535-3d5f1309c328,Cashier 1,30.0,0.0,0.0,30.0,30.0,0.0,cash,1,2026-08-14T16:32:54.403142+00:00,ab5186e0-6cd1-4028-867d-a976233a1458,cash
590f19d4-e43b-41c3-a5ba-cc6c020196f3,ZIC-20260814-0127,f686d4d0-3678-467e-9535-3d5f1309c328,Cashier 1,290.0,0.0,0.0,290.0,290.0,0.0,cash,22,2026-08-14T16:40:39.602856+00:00,ab5186e0-6cd1-4028-867d-a976233a1458,cash
331db09b-b30b-47c4-9007-976ce4d61868,ZIC-20260814-0128,f686d4d0-3678-467e-9535-3d5f1309c328,Cashier 1,100.0,0.0,0.0,100.0,100.0,0.0,cash,4,2026-08-14T16:48:53.535638+00:00,ab5186e0-6cd1-4028-867d-a976233a1458,cash
9f701021-75f9-4646-b31e-82f23778201f,ZIC-20260814-0129,f686d4d0-3678-467e-9535-3d5f1309c328,Cashier 1,150.0,0.0,0.0,150.0,150.0,0.0,cash,7,2026-08-14T16:52:07.557158+00:00,ab5186e0-6cd1-4028-867d-a976233a1458,cash
bcb81fb2-9391-41ec-8046-efa9a253420b,ZIC-20260814-0130,f686d4d0-3678-467e-9535-3d5f1309c328,Cashier 1,140.0,0.0,0.0,140.0,140.0,0.0,cash,4,2026-08-14T16:56:36.787192+00:00,ab5186e0-6cd1-4028-867d-a976233a1458,cash
bee6c2fe-5905-4ed5-a5d7-c8c32adaaa2a,ZIC-20260814-0131,f686d4d0-3678-467e-9535-3d5f1309c328,Cashier 1,50.0,0.0,0.0,50.0,50.0,0.0,cash,4,2026-08-14T16:58:18.76184+00:00,ab5186e0-6cd1-4028-867d-a976233a1458,cash
b81b981c-6f54-40e4-af67-023faea4c9ad,ZIC-20260814-0132,f686d4d0-3678-467e-9535-3d5f1309c328,Cashier 1,50.0,0.0,0.0,50.0,50.0,0.0,cash,4,2026-08-14T16:58:49.82156+00:00,ab5186e0-6cd1-4028-867d-a976233a1458,cash
ad102b97-882e-4758-adf5-18933c58e770,ZIC-20260814-0133,f686d4d0-3678-467e-9535-3d5f1309c328,Cashier 1,850.0,0.0,0.0,850.0,850.0,0.0,card,12,2026-08-14T17:14:22.341821+00:00,ab5186e0-6cd1-4028-867d-a976233a1458,card
db3b6eeb-b35e-455b-af14-10ab26371194,ZIC-20260814-0134,f686d4d0-3678-467e-9535-3d5f1309c328,Cashier 1,130.0,0.0,0.0,130.0,130.0,0.0,cash,2,2026-08-14T17:14:51.095298+00:00,ab5186e0-6cd1-4028-867d-a976233a1458,cash
28432d27-0280-4afe-8521-1c1849953907,ZIC-20260814-0135,f686d4d0-3678-467e-9535-3d5f1309c328,Cashier 1,200.0,0.0,0.0,200.0,200.0,0.0,cash,20,2026-08-14T17:15:19.587855+00:00,ab5186e0-6cd1-4028-867d-a976233a1458,cash
9578a9ec-d46d-4c08-8258-bb1b839c0c13,ZIC-20260814-0136,f686d4d0-3678-467e-9535-3d5f1309c328,Cashier 1,250.0,0.0,0.0,250.0,250.0,0.0,cash,20,2026-08-14T17:20:31.526452+00:00,ab5186e0-6cd1-4028-867d-a976233a1458,cash
f1508728-53ac-4bc3-8d2a-d4c0f7360c97,ZIC-20260814-0137,f686d4d0-3678-467e-9535-3d5f1309c328,Cashier 1,10.0,0.0,0.0,10.0,10.0,0.0,cash,1,2026-08-14T17:21:41.154275+00:00,ab5186e0-6cd1-4028-867d-a976233a1458,cash
cc26e0bf-cb7b-41fe-954d-67beb80c1100,ZIC-20260814-0138,f686d4d0-3678-467e-9535-3d5f1309c328,Cashier 1,20.0,0.0,0.0,20.0,20.0,0.0,cash,3,2026-08-14T17:22:09.710956+00:00,ab5186e0-6cd1-4028-867d-a976233a1458,cash
4ae77826-0516-4777-b010-d4e8913d8a3f,ZIC-20260814-0139,f686d4d0-3678-467e-9535-3d5f1309c328,Cashier 1,280.0,0.0,0.0,280.0,280.0,0.0,cash,3,2026-08-14T17:43:39.146681+00:00,ab5186e0-6cd1-4028-867d-a976233a1458,cash
d67369e6-8a05-455e-861d-e1e7ecc9f0c9,ZIC-20260814-0140,f686d4d0-3678-467e-9535-3d5f1309c328,Cashier 1,20.0,0.0,0.0,20.0,20.0,0.0,cash,4,2026-08-14T17:45:19.242026+00:00,ab5186e0-6cd1-4028-867d-a976233a1458,cash
62d75c2b-d1aa-4bd9-ba00-32571197ef0b,ZIC-20260814-0141,f686d4d0-3678-467e-9535-3d5f1309c328,Cashier 1,50.0,0.0,0.0,50.0,50.0,0.0,cash,6,2026-08-14T17:48:49.119506+00:00,ab5186e0-6cd1-4028-867d-a976233a1458,cash
fe101952-90dc-417c-9ada-5d63505eacbb,ZIC-20260814-0142,f686d4d0-3678-467e-9535-3d5f1309c328,Cashier 1,70.0,0.0,0.0,70.0,70.0,0.0,cash,4,2026-08-14T17:53:45.993405+00:00,ab5186e0-6cd1-4028-867d-a976233a1458,cash
4977d9af-7e37-49a2-94d7-1bad32e4534c,ZIC-20260814-0143,f686d4d0-3678-467e-9535-3d5f1309c328,Cashier 1,850.0,0.0,0.0,850.0,850.0,0.0,cash,11,2026-08-14T18:00:33.878689+00:00,ab5186e0-6cd1-4028-867d-a976233a1458,cash
cc162da8-dbf3-4997-9e99-7d0d5ab14daa,ZIC-20260814-0144,f686d4d0-3678-467e-9535-3d5f1309c328,Cashier 1,150.0,0.0,0.0,150.0,150.0,0.0,cash,5,2026-08-14T18:01:09.452582+00:00,ab5186e0-6cd1-4028-867d-a976233a1458,cash
61d457ab-9c57-4750-a651-a6c11f79c9f1,ZIC-20260814-0145,f686d4d0-3678-467e-9535-3d5f1309c328,Cashier 1,170.0,0.0,0.0,170.0,170.0,0.0,cash,1,2026-08-14T18:04:07.660506+00:00,ab5186e0-6cd1-4028-867d-a976233a1458,cash
8e81b9ea-0bcc-4c34-ac5f-f16e0118a5c8,ZIC-20260814-0146,f686d4d0-3678-467e-9535-3d5f1309c328,Cashier 1,150.0,0.0,0.0,150.0,150.0,0.0,card,2,2026-08-14T18:09:52.446441+00:00,ab5186e0-6cd1-4028-867d-a976233a1458,card
49f76fa7-06b1-4930-87d5-652e2eeeecd0,ZIC-20260814-0147,f686d4d0-3678-467e-9535-3d5f1309c328,Cashier 1,260.0,0.0,0.0,260.0,260.0,0.0,cash,4,2026-08-14T18:21:01.096167+00:00,ab5186e0-6cd1-4028-867d-a976233a1458,cash
61975a6e-8eb9-48c7-a75e-bed8a7cd90b2,ZIC-20260814-0148,f686d4d0-3678-467e-9535-3d5f1309c328,Cashier 1,50.0,0.0,0.0,50.0,50.0,0.0,cash,4,2026-08-14T19:01:33.183558+00:00,ab5186e0-6cd1-4028-867d-a976233a1458,cash
2a97a887-d4fb-4167-80d8-7283426f80b9,ZIC-20260814-0149,f686d4d0-3678-467e-9535-3d5f1309c328,Cashier 1,250.0,0.0,0.0,250.0,250.0,0.0,cash,2,2026-08-14T19:34:58.606012+00:00,ab5186e0-6cd1-4028-867d-a976233a1458,cash
369dfa7a-20f6-4cf8-85a1-7e74254d865d,ZIC-20260814-0150,f686d4d0-3678-467e-9535-3d5f1309c328,Cashier 1,230.0,0.0,0.0,230.0,230.0,0.0,cash,3,2026-08-14T19:55:52.786029+00:00,ab5186e0-6cd1-4028-867d-a976233a1458,cash
97666d32-e510-4627-96b3-cdbe5187f042,ZIC-20260814-0151,f686d4d0-3678-467e-9535-3d5f1309c328,Cashier 1,550.0,0.0,0.0,550.0,550.0,0.0,cash,47,2026-08-14T20:08:12.586975+00:00,ab5186e0-6cd1-4028-867d-a976233a1458,cash
1133124c-d3a6-4339-aa06-d29a42778146,ZIC-20260814-0152,f686d4d0-3678-467e-9535-3d5f1309c328,Cashier 1,30.0,0.0,0.0,30.0,30.0,0.0,cash,1,2026-08-14T20:34:44.403304+00:00,ab5186e0-6cd1-4028-867d-a976233a1458,cash
e34d0fa1-a910-4755-aff7-186582f999d0,ZIC-20260814-0153,f686d4d0-3678-467e-9535-3d5f1309c328,Cashier 1,70.0,0.0,0.0,70.0,70.0,0.0,cash,7,2026-08-14T20:49:07.739756+00:00,ab5186e0-6cd1-4028-867d-a976233a1458,cash
655051ae-2add-4ac7-ad09-432c8c9d3e7d,ZIC-20260814-0154,f686d4d0-3678-467e-9535-3d5f1309c328,Cashier 1,20.0,0.0,0.0,20.0,20.0,0.0,cash,1,2026-08-14T21:02:24.867212+00:00,ab5186e0-6cd1-4028-867d-a976233a1458,cash
48ca4842-1212-4eaa-a4e0-d41f4de0598d,ZIC-20260814-0155,f686d4d0-3678-467e-9535-3d5f1309c328,Cashier 1,60.0,0.0,0.0,60.0,60.0,0.0,cash,2,2026-08-14T21:11:40.261179+00:00,ab5186e0-6cd1-4028-867d-a976233a1458,cash
2d7d1cc1-e5b8-457c-8261-07b7aa545172,ZIC-20260814-0156,f686d4d0-3678-467e-9535-3d5f1309c328,Cashier 1,50.0,0.0,0.0,50.0,50.0,0.0,cash,2,2026-08-14T22:01:17.314338+00:00,ab5186e0-6cd1-4028-867d-a976233a1458,cash
d2b57120-2053-49fa-af27-f218f64b9915,ZIC-20260814-0157,f686d4d0-3678-467e-9535-3d5f1309c328,Cashier 1,140.0,0.0,0.0,140.0,140.0,0.0,easypasa,1,2026-08-14T23:47:13.709297+00:00,ab5186e0-6cd1-4028-867d-a976233a1458,cash
baae88a6-8688-4d23-a7c7-4657d4000629,ZIC-20260815-0001,f686d4d0-3678-467e-9535-3d5f1309c328,Cashier 1,30.0,0.0,0.0,30.0,30.0,0.0,cash,3,2026-08-15T00:07:59.783927+00:00,ab5186e0-6cd1-4028-867d-a976233a1458,cash
8cbbad7c-c933-4055-bace-7867b1318cd3,ZIC-20260815-0002,f686d4d0-3678-467e-9535-3d5f1309c328,Cashier 1,630.0,0.0,0.0,630.0,630.0,0.0,cash,61,2026-08-15T00:17:28.990427+00:00,ab5186e0-6cd1-4028-867d-a976233a1458,cash
4b1285a7-32a7-4443-9c15-478e23a0a11c,ZIC-20260815-0003,f686d4d0-3678-467e-9535-3d5f1309c328,Cashier 1,30.0,0.0,0.0,30.0,30.0,0.0,cash,1,2026-08-15T01:01:44.12199+00:00,ab5186e0-6cd1-4028-867d-a976233a1458,cash
0c0c171a-8f1d-4c3c-9c1b-c24bf70ce8f0,ZIC-20260815-0004,f686d4d0-3678-467e-9535-3d5f1309c328,Cashier 1,200.0,0.0,0.0,200.0,200.0,0.0,cash,4,2026-08-15T01:16:03.020672+00:00,ab5186e0-6cd1-4028-867d-a976233a1458,cash
3f5e84c9-510a-4970-acd7-edc483b8b823,ZIC-20260815-0005,f686d4d0-3678-467e-9535-3d5f1309c328,Cashier 1,100.0,0.0,0.0,100.0,100.0,0.0,cash,1,2026-08-15T01:16:26.537031+00:00,ab5186e0-6cd1-4028-867d-a976233a1458,cash
03f0f11e-71f1-42e6-b9a2-917d0d94d6f9,ZIC-20260815-0006,f686d4d0-3678-467e-9535-3d5f1309c328,Cashier 1,60.0,0.0,0.0,60.0,60.0,0.0,cash,2,2026-08-15T02:12:27.390713+00:00,ab5186e0-6cd1-4028-867d-a976233a1458,cash
ad0b9831-7cc1-4a4d-aa5d-fc33b38f6ee8,ZIC-20260815-0007,f686d4d0-3678-467e-9535-3d5f1309c328,Cashier 1,245.0,0.0,0.0,245.0,245.0,0.0,cash,7,2026-08-15T02:23:20.673518+00:00,ab5186e0-6cd1-4028-867d-a976233a1458,cash
b63bb614-2bf7-40d8-b185-2cc4576b7fa5,ZIC-20260815-0008,f686d4d0-3678-467e-9535-3d5f1309c328,Cashier 1,30.0,0.0,0.0,30.0,30.0,0.0,cash,3,2026-08-15T02:30:25.063498+00:00,ab5186e0-6cd1-4028-867d-a976233a1458,cash
df192f31-6baa-4536-a19e-0180b41ba704,ZIC-20260815-0009,f686d4d0-3678-467e-9535-3d5f1309c328,Cashier 1,50.0,0.0,0.0,50.0,50.0,0.0,cash,4,2026-08-15T03:23:17.435655+00:00,ab5186e0-6cd1-4028-867d-a976233a1458,cash
e5271d95-47d3-4f6b-afff-f2257c2433c9,ZIC-20260815-0010,f686d4d0-3678-467e-9535-3d5f1309c328,Cashier 1,30.0,0.0,0.0,30.0,30.0,0.0,cash,1,2026-08-15T03:30:01.437753+00:00,ab5186e0-6cd1-4028-867d-a976233a1458,cash
bab13711-5f9b-4223-bd4a-9480aa246794,ZIC-20260815-0011,f686d4d0-3678-467e-9535-3d5f1309c328,Cashier 1,30.0,0.0,0.0,30.0,30.0,0.0,cash,1,2026-08-15T03:30:28.666108+00:00,ab5186e0-6cd1-4028-867d-a976233a1458,cash
4f2c5525-5e01-483f-87de-1d928e6b90cd,ZIC-20260815-0012,f686d4d0-3678-467e-9535-3d5f1309c328,Cashier 1,10.0,0.0,0.0,10.0,10.0,0.0,cash,2,2026-08-15T04:06:26.999643+00:00,ab5186e0-6cd1-4028-867d-a976233a1458,cash
a28ecd82-a076-4bbc-9eac-d79b00fdbd38,ZIC-20260815-0013,f686d4d0-3678-467e-9535-3d5f1309c328,Cashier 1,200.0,0.0,0.0,200.0,200.0,0.0,cash,1,2026-08-15T04:14:10.192684+00:00,ab5186e0-6cd1-4028-867d-a976233a1458,cash
d5b3375e-abd9-4aae-ad46-f235c1d94094,ZIC-20260815-0014,f686d4d0-3678-467e-9535-3d5f1309c328,Cashier 1,80.0,0.0,0.0,80.0,80.0,0.0,cash,1,2026-08-15T04:40:24.095968+00:00,ab5186e0-6cd1-4028-867d-a976233a1458,cash
2ea880a9-09dd-4d8e-8e77-2cb4d04f1a5f,ZIC-20260815-0015,62c5814c-09e6-4583-874d-c3660ce3283f,Asad,122.5,0.0,0.0,122.5,122.5,0.0,cash,2,2026-08-15T04:45:28.921952+00:00,d8338414-dbc5-45a9-846c-d66cdc047e92,cash
5bdbf028-4b9c-4c32-a825-b974422b1a2f,ZIC-20260815-0016,62c5814c-09e6-4583-874d-c3660ce3283f,Asad,40.0,0.0,0.0,40.0,40.0,0.0,cash,8,2026-08-15T04:52:24.054864+00:00,d8338414-dbc5-45a9-846c-d66cdc047e92,cash
98b1debd-5beb-4b3c-af49-81e35c156a48,ZIC-20260815-0017,62c5814c-09e6-4583-874d-c3660ce3283f,Asad,300.0,0.0,0.0,300.0,300.0,0.0,cash,1,2026-08-15T04:56:08.356063+00:00,d8338414-dbc5-45a9-846c-d66cdc047e92,cash
230e66a0-3336-4c24-8af2-8c54e0b390c6,ZIC-20260815-0018,62c5814c-09e6-4583-874d-c3660ce3283f,Asad,60.0,0.0,0.0,60.0,60.0,0.0,cash,2,2026-08-15T05:14:33.44836+00:00,d8338414-dbc5-45a9-846c-d66cdc047e92,cash
02d4af65-9202-491b-9ada-1cefe67b9d46,ZIC-20260815-0019,62c5814c-09e6-4583-874d-c3660ce3283f,Asad,210.0,0.0,0.0,210.0,210.0,0.0,cash,1,2026-08-15T05:15:09.188435+00:00,d8338414-dbc5-45a9-846c-d66cdc047e92,cash
219c6174-524c-42ac-9707-97e2e48a7466,ZIC-20260815-0020,62c5814c-09e6-4583-874d-c3660ce3283f,Asad,225.0,0.0,0.0,225.0,225.0,0.0,cash,1,2026-08-15T05:44:28.291589+00:00,d8338414-dbc5-45a9-846c-d66cdc047e92,cash
26fe6755-a695-4148-9f2c-2b56b17e6fca,ZIC-20260815-0021,62c5814c-09e6-4583-874d-c3660ce3283f,Asad,170.0,0.0,0.0,170.0,170.0,0.0,cash,2,2026-08-15T05:45:01.536107+00:00,d8338414-dbc5-45a9-846c-d66cdc047e92,cash
96d409f4-8dc8-4561-ab26-4d2d7a3d4295,ZIC-20260815-0022,62c5814c-09e6-4583-874d-c3660ce3283f,Asad,45.0,0.0,0.0,45.0,45.0,0.0,cash,3,2026-08-15T05:49:39.747145+00:00,d8338414-dbc5-45a9-846c-d66cdc047e92,cash
5eb1656e-daa8-4cf8-a8f4-287868f74e4f,ZIC-20260815-0023,62c5814c-09e6-4583-874d-c3660ce3283f,Asad,50.0,0.0,0.0,50.0,50.0,0.0,cash,1,2026-08-15T05:49:56.198155+00:00,d8338414-dbc5-45a9-846c-d66cdc047e92,cash
05d6c023-3c9e-44c5-8ccb-01cc37a886a2,ZIC-20260815-0024,62c5814c-09e6-4583-874d-c3660ce3283f,Asad,150.0,0.0,0.0,150.0,150.0,0.0,cash,14,2026-08-15T05:51:15.582494+00:00,d8338414-dbc5-45a9-846c-d66cdc047e92,cash
1aed2d91-92df-475d-acb8-f236b5765996,ZIC-20260815-0025,62c5814c-09e6-4583-874d-c3660ce3283f,Asad,50.0,0.0,0.0,50.0,50.0,0.0,cash,1,2026-08-15T06:01:53.989387+00:00,d8338414-dbc5-45a9-846c-d66cdc047e92,cash
105b0076-71cb-4701-bbe8-4a3480ce7dae,ZIC-20260815-0026,62c5814c-09e6-4583-874d-c3660ce3283f,Asad,265.0,0.0,5.0,260.0,260.0,0.0,cash,7,2026-08-15T06:02:57.223481+00:00,d8338414-dbc5-45a9-846c-d66cdc047e92,cash
393ab1ee-1daf-401f-b7f3-9d513a7e532c,ZIC-20260815-0027,62c5814c-09e6-4583-874d-c3660ce3283f,Asad,20.0,0.0,0.0,20.0,20.0,0.0,cash,2,2026-08-15T06:20:49.861284+00:00,d8338414-dbc5-45a9-846c-d66cdc047e92,cash
eb015460-d2af-46e9-9b91-bc59902e7175,ZIC-20260815-0028,62c5814c-09e6-4583-874d-c3660ce3283f,Asad,20.0,0.0,0.0,20.0,20.0,0.0,cash,2,2026-08-15T06:32:22.299288+00:00,d8338414-dbc5-45a9-846c-d66cdc047e92,cash
09608272-17b3-4a70-a9f6-1d290b1e849f,ZIC-20260815-0029,62c5814c-09e6-4583-874d-c3660ce3283f,Asad,200.0,0.0,0.0,200.0,200.0,0.0,cash,20,2026-08-15T06:40:17.809913+00:00,d8338414-dbc5-45a9-846c-d66cdc047e92,cash
0ccc2181-83f2-4184-bb13-d6b8d6d650ea,ZIC-20260815-0030,62c5814c-09e6-4583-874d-c3660ce3283f,Asad,40.0,0.0,0.0,40.0,40.0,0.0,cash,2,2026-08-15T06:52:42.486637+00:00,d8338414-dbc5-45a9-846c-d66cdc047e92,cash
46117476-2dcf-4de0-9188-49c76b75f24d,ZIC-20260815-0031,62c5814c-09e6-4583-874d-c3660ce3283f,Asad,50.0,0.0,0.0,50.0,50.0,0.0,cash,4,2026-08-15T06:53:17.385068+00:00,d8338414-dbc5-45a9-846c-d66cdc047e92,cash
1ca4e6a8-01bd-47fb-b40b-e4c9ff33a91f,ZIC-20260815-0032,62c5814c-09e6-4583-874d-c3660ce3283f,Asad,20.0,0.0,0.0,20.0,20.0,0.0,cash,2,2026-08-15T06:53:28.052692+00:00,d8338414-dbc5-45a9-846c-d66cdc047e92,cash
c723be6a-66bd-4b3c-b020-018101dca018,ZIC-20260815-0033,62c5814c-09e6-4583-874d-c3660ce3283f,Asad,45.0,0.0,0.0,45.0,45.0,0.0,cash,3,2026-08-15T06:55:17.645589+00:00,d8338414-dbc5-45a9-846c-d66cdc047e92,cash
10767568-c668-4a4c-b687-5371825f1e37,ZIC-20260815-0034,62c5814c-09e6-4583-874d-c3660ce3283f,Asad,200.0,0.0,0.0,200.0,200.0,0.0,cash,1,2026-08-15T07:18:51.419438+00:00,d8338414-dbc5-45a9-846c-d66cdc047e92,cash
ad418b9c-306e-4d5e-beb8-1a77742d0eaa,ZIC-20260815-0035,62c5814c-09e6-4583-874d-c3660ce3283f,Asad,230.0,0.0,0.0,230.0,230.0,0.0,cash,7,2026-08-15T07:31:37.823399+00:00,d8338414-dbc5-45a9-846c-d66cdc047e92,cash
71d2d769-f7b5-42b7-8cd8-9a9517733423,ZIC-20260815-0036,62c5814c-09e6-4583-874d-c3660ce3283f,Asad,150.0,0.0,0.0,150.0,150.0,0.0,cash,1,2026-08-15T07:35:17.823389+00:00,d8338414-dbc5-45a9-846c-d66cdc047e92,cash
161d80c2-a9bd-41d1-ba9b-6fc00e24b498,ZIC-20260815-0037,62c5814c-09e6-4583-874d-c3660ce3283f,Asad,50.0,0.0,0.0,50.0,50.0,0.0,cash,1,2026-08-15T07:36:53.296365+00:00,d8338414-dbc5-45a9-846c-d66cdc047e92,cash
48f24861-5c70-498d-bccb-f3e999d9cef7,ZIC-20260815-0038,62c5814c-09e6-4583-874d-c3660ce3283f,Asad,60.0,0.0,0.0,60.0,60.0,0.0,cash,4,2026-08-15T07:57:39.492424+00:00,d8338414-dbc5-45a9-846c-d66cdc047e92,cash
5333116e-4d5c-4abd-9bb0-3136667cbd84,ZIC-20260815-0039,62c5814c-09e6-4583-874d-c3660ce3283f,Asad,90.0,0.0,0.0,90.0,90.0,0.0,cash,1,2026-08-15T08:11:47.800304+00:00,d8338414-dbc5-45a9-846c-d66cdc047e92,cash
1e06138d-2daf-41af-8eb4-a5d70e2055c7,ZIC-20260815-0040,62c5814c-09e6-4583-874d-c3660ce3283f,Asad,30.0,0.0,0.0,30.0,30.0,0.0,cash,2,2026-08-15T08:51:53.435741+00:00,d8338414-dbc5-45a9-846c-d66cdc047e92,cash
f502279a-e876-4d16-86be-6a8b73b9b583,ZIC-20260815-0041,62c5814c-09e6-4583-874d-c3660ce3283f,Asad,90.0,0.0,0.0,90.0,90.0,0.0,cash,1,2026-08-15T08:52:12.453389+00:00,d8338414-dbc5-45a9-846c-d66cdc047e92,cash
8c1b51ba-8967-4124-8910-aa1d4c000077,ZIC-20260815-0042,62c5814c-09e6-4583-874d-c3660ce3283f,Asad,50.0,0.0,0.0,50.0,50.0,0.0,cash,5,2026-08-15T08:52:58.288438+00:00,d8338414-dbc5-45a9-846c-d66cdc047e92,cash
19be3db8-232e-4148-92de-d5ee7cbb3d7f,ZIC-20260815-0043,62c5814c-09e6-4583-874d-c3660ce3283f,Asad,100.0,0.0,0.0,100.0,100.0,0.0,cash,1,2026-08-15T09:09:48.536745+00:00,d8338414-dbc5-45a9-846c-d66cdc047e92,cash
28e0d6b1-e7e6-49be-aca6-4a4841394e18,ZIC-20260815-0044,62c5814c-09e6-4583-874d-c3660ce3283f,Asad,200.0,0.0,0.0,200.0,200.0,0.0,cash,7,2026-08-15T09:16:20.867274+00:00,d8338414-dbc5-45a9-846c-d66cdc047e92,cash
ff25afff-ca83-40bc-9e94-5dc50c181092,ZIC-20260815-0045,62c5814c-09e6-4583-874d-c3660ce3283f,Asad,100.0,0.0,0.0,100.0,100.0,0.0,cash,2,2026-08-15T09:16:56.56374+00:00,d8338414-dbc5-45a9-846c-d66cdc047e92,cash
fa75065e-7425-4d1a-b66a-c5e6cf3052eb,ZIC-20260815-0046,62c5814c-09e6-4583-874d-c3660ce3283f,Asad,65.0,0.0,0.0,65.0,65.0,0.0,cash,3,2026-08-15T09:18:10.82297+00:00,d8338414-dbc5-45a9-846c-d66cdc047e92,cash
1066b4e1-581e-4ea8-8f3a-281e47e43563,ZIC-20260815-0047,62c5814c-09e6-4583-874d-c3660ce3283f,Asad,830.0,0.0,16.6,813.4,813.4,0.0,card,7,2026-08-15T09:23:27.779806+00:00,d8338414-dbc5-45a9-846c-d66cdc047e92,card
608847ca-96d3-44a0-b556-f22867711b53,ZIC-20260815-0048,62c5814c-09e6-4583-874d-c3660ce3283f,Asad,120.0,0.0,0.0,120.0,120.0,0.0,cash,2,2026-08-15T09:24:41.51774+00:00,d8338414-dbc5-45a9-846c-d66cdc047e92,cash
364a15ff-4d52-4273-9547-3795b598aa94,ZIC-20260815-0049,62c5814c-09e6-4583-874d-c3660ce3283f,Asad,1140.0,0.0,0.0,1140.0,1140.0,0.0,cash,23,2026-08-15T09:30:26.631416+00:00,d8338414-dbc5-45a9-846c-d66cdc047e92,cash
9b0102be-3fb8-46ce-8746-8d255ed6505a,ZIC-20260815-0050,62c5814c-09e6-4583-874d-c3660ce3283f,Asad,280.0,0.0,0.0,280.0,280.0,0.0,cash,4,2026-08-15T09:31:21.634904+00:00,d8338414-dbc5-45a9-846c-d66cdc047e92,cash
d6398581-c7b3-4f3d-8490-a7e70de7a554,ZIC-20260815-0051,62c5814c-09e6-4583-874d-c3660ce3283f,Asad,440.0,0.0,0.0,440.0,440.0,0.0,cash,21,2026-08-15T09:32:09.37331+00:00,d8338414-dbc5-45a9-846c-d66cdc047e92,cash
d72e4d2a-c312-4d04-b2ed-6b5bfd4d9de4,ZIC-20260815-0052,62c5814c-09e6-4583-874d-c3660ce3283f,Asad,40.0,0.0,0.0,40.0,40.0,0.0,cash,8,2026-08-15T09:32:26.347731+00:00,d8338414-dbc5-45a9-846c-d66cdc047e92,cash
da6f816c-1c5a-4396-826c-3dc623fcb362,ZIC-20260815-0053,62c5814c-09e6-4583-874d-c3660ce3283f,Asad,40.0,0.0,0.0,40.0,40.0,0.0,cash,8,2026-08-15T09:32:39.461546+00:00,d8338414-dbc5-45a9-846c-d66cdc047e92,cash
f2977dcc-dd9a-48f4-ad9f-9b4796b7119f,ZIC-20260815-0054,62c5814c-09e6-4583-874d-c3660ce3283f,Asad,365.0,0.0,0.0,365.0,365.0,0.0,cash,9,2026-08-15T09:37:33.726079+00:00,d8338414-dbc5-45a9-846c-d66cdc047e92,cash
febf0f0f-1c36-4b74-8348-d03b6a302838,ZIC-20260815-0055,62c5814c-09e6-4583-874d-c3660ce3283f,Asad,80.0,0.0,0.0,80.0,80.0,0.0,cash,3,2026-08-15T09:39:07.971413+00:00,d8338414-dbc5-45a9-846c-d66cdc047e92,cash
6c3aa06c-8e6c-4d40-ac3b-0ed25250ec22,ZIC-20260815-0056,62c5814c-09e6-4583-874d-c3660ce3283f,Asad,90.0,0.0,0.0,90.0,90.0,0.0,cash,1,2026-08-15T09:47:43.47531+00:00,d8338414-dbc5-45a9-846c-d66cdc047e92,cash
506eff1e-eac9-4f03-9bc6-64f78ea7788e,ZIC-20260815-0057,62c5814c-09e6-4583-874d-c3660ce3283f,Asad,200.0,0.0,0.0,200.0,200.0,0.0,cash,2,2026-08-15T09:47:53.63802+00:00,d8338414-dbc5-45a9-846c-d66cdc047e92,cash
52421b30-c4f2-470d-9821-5dca7c6f785f,ZIC-20260815-0058,62c5814c-09e6-4583-874d-c3660ce3283f,Asad,120.0,0.0,0.0,120.0,120.0,0.0,cash,2,2026-08-15T09:54:36.694181+00:00,d8338414-dbc5-45a9-846c-d66cdc047e92,cash
d48f5db4-3bc9-4004-933c-b912142cea5e,ZIC-20260815-0059,62c5814c-09e6-4583-874d-c3660ce3283f,Asad,370.0,0.0,0.0,370.0,370.0,0.0,cash,5,2026-08-15T09:59:12.982307+00:00,d8338414-dbc5-45a9-846c-d66cdc047e92,cash
e4e27a47-84bb-49e3-9bff-a245dc246679,ZIC-20260815-0060,62c5814c-09e6-4583-874d-c3660ce3283f,Asad,10.0,0.0,0.0,10.0,10.0,0.0,cash,1,2026-08-15T10:00:02.919702+00:00,d8338414-dbc5-45a9-846c-d66cdc047e92,cash
3925faa9-1b9f-4866-8f99-bf1626022960,ZIC-20260815-0061,62c5814c-09e6-4583-874d-c3660ce3283f,Asad,50.0,0.0,0.0,50.0,50.0,0.0,cash,1,2026-08-15T10:28:40.447493+00:00,d8338414-dbc5-45a9-846c-d66cdc047e92,cash
1b6388b0-87df-41a9-a60e-9119a1b44ff8,ZIC-20260815-0062,62c5814c-09e6-4583-874d-c3660ce3283f,Asad,210.0,0.0,0.0,210.0,210.0,0.0,cash,1,2026-08-15T10:30:42.731507+00:00,d8338414-dbc5-45a9-846c-d66cdc047e92,cash
4626527b-5bbd-44f4-844e-942be64e46e1,ZIC-20260815-0063,62c5814c-09e6-4583-874d-c3660ce3283f,Asad,360.0,0.0,0.0,360.0,360.0,0.0,cash,4,2026-08-15T10:36:31.549964+00:00,d8338414-dbc5-45a9-846c-d66cdc047e92,cash
9c8175f2-96f9-43c7-b8aa-763c65aa85a1,ZIC-20260815-0064,62c5814c-09e6-4583-874d-c3660ce3283f,Asad,430.0,0.0,0.0,430.0,430.0,0.0,cash,6,2026-08-15T10:43:40.021133+00:00,d8338414-dbc5-45a9-846c-d66cdc047e92,cash
7b402523-cc14-4321-b5f0-689d3bb14a3b,ZIC-20260815-0065,62c5814c-09e6-4583-874d-c3660ce3283f,Asad,170.0,0.0,0.0,170.0,170.0,0.0,cash,3,2026-08-15T11:06:16.746382+00:00,d8338414-dbc5-45a9-846c-d66cdc047e92,cash
1c1e40c0-6175-4fc4-b89f-1d03d51dd7ea,ZIC-20260815-0066,62c5814c-09e6-4583-874d-c3660ce3283f,Asad,30.0,0.0,0.0,30.0,30.0,0.0,cash,1,2026-08-15T11:16:21.134126+00:00,d8338414-dbc5-45a9-846c-d66cdc047e92,cash
410a973e-19d5-4db4-8c3e-aaaac24df046,ZIC-20260815-0067,62c5814c-09e6-4583-874d-c3660ce3283f,Asad,50.0,0.0,0.0,50.0,50.0,0.0,cash,4,2026-08-15T11:16:53.229528+00:00,d8338414-dbc5-45a9-846c-d66cdc047e92,cash
d714e021-f051-406d-9a5f-a8c3076530d8,ZIC-20260815-0068,62c5814c-09e6-4583-874d-c3660ce3283f,Asad,120.0,0.0,0.0,120.0,120.0,0.0,cash,2,2026-08-15T11:20:49.496154+00:00,d8338414-dbc5-45a9-846c-d66cdc047e92,cash
570e9ebe-4ddc-48fc-bab7-2e62300ff9c6,ZIC-20260815-0069,62c5814c-09e6-4583-874d-c3660ce3283f,Asad,225.0,0.0,0.0,225.0,225.0,0.0,cash,1,2026-08-15T11:33:49.792162+00:00,d8338414-dbc5-45a9-846c-d66cdc047e92,cash
278070b8-e378-41c3-ad25-5deabb1d5dba,ZIC-20260815-0070,62c5814c-09e6-4583-874d-c3660ce3283f,Asad,190.0,0.0,0.0,190.0,190.0,0.0,cash,3,2026-08-15T11:37:30.408282+00:00,d8338414-dbc5-45a9-846c-d66cdc047e92,cash
f44b8a81-1c92-4146-9429-10e2607a79ae,ZIC-20260815-0071,62c5814c-09e6-4583-874d-c3660ce3283f,Asad,320.0,0.0,0.0,320.0,320.0,0.0,cash,2,2026-08-15T11:39:03.382587+00:00,d8338414-dbc5-45a9-846c-d66cdc047e92,cash
0ef8673e-0d35-4e74-b6fb-86b99476b2b4,ZIC-20260815-0072,62c5814c-09e6-4583-874d-c3660ce3283f,Asad,40.0,0.0,0.0,40.0,40.0,0.0,cash,4,2026-08-15T11:44:54.655838+00:00,d8338414-dbc5-45a9-846c-d66cdc047e92,cash
6361d2e9-58c0-4ef1-a52a-a005ac56f837,ZIC-20260815-0073,62c5814c-09e6-4583-874d-c3660ce3283f,Asad,170.0,0.0,0.0,170.0,170.0,0.0,cash,2,2026-08-15T11:46:37.166091+00:00,d8338414-dbc5-45a9-846c-d66cdc047e92,cash
c0fb3d01-4d63-4315-94ac-3ae35a0b4e20,ZIC-20260815-0074,62c5814c-09e6-4583-874d-c3660ce3283f,Asad,120.0,0.0,0.0,120.0,120.0,0.0,cash,1,2026-08-15T12:02:28.879263+00:00,d8338414-dbc5-45a9-846c-d66cdc047e92,cash
aab8b430-bd52-4395-b8f9-8f7c108e2268,ZIC-20260815-0075,62c5814c-09e6-4583-874d-c3660ce3283f,Asad,40.0,0.0,0.0,40.0,40.0,0.0,cash,2,2026-08-15T12:06:48.697017+00:00,d8338414-dbc5-45a9-846c-d66cdc047e92,cash
149c98df-a0af-4549-aebe-c61bdc249fed,ZIC-20260815-0076,62c5814c-09e6-4583-874d-c3660ce3283f,Asad,50.0,0.0,0.0,50.0,50.0,0.0,cash,1,2026-08-15T12:09:57.333358+00:00,d8338414-dbc5-45a9-846c-d66cdc047e92,cash
811b434f-863d-44d6-97d2-af547a9f8468,ZIC-20260815-0077,62c5814c-09e6-4583-874d-c3660ce3283f,Asad,290.0,0.0,0.0,290.0,290.0,0.0,cash,4,2026-08-15T12:12:02.831622+00:00,d8338414-dbc5-45a9-846c-d66cdc047e92,cash
66158dee-1ecd-495e-ac38-c3a1d4753979,ZIC-20260815-0078,62c5814c-09e6-4583-874d-c3660ce3283f,Asad,60.0,0.0,0.0,60.0,60.0,0.0,cash,4,2026-08-15T12:13:25.978317+00:00,d8338414-dbc5-45a9-846c-d66cdc047e92,cash
445eb129-caef-4b6a-abbc-fd8c35e8b5b5,ZIC-20260815-0079,62c5814c-09e6-4583-874d-c3660ce3283f,Asad,100.0,0.0,0.0,100.0,100.0,0.0,cash,2,2026-08-15T12:24:17.169328+00:00,d8338414-dbc5-45a9-846c-d66cdc047e92,cash
c6345fd4-c282-491e-807e-89defd8b8471,ZIC-20260815-0080,62c5814c-09e6-4583-874d-c3660ce3283f,Asad,430.0,0.0,0.0,430.0,430.0,0.0,cash,7,2026-08-15T12:25:37.074938+00:00,d8338414-dbc5-45a9-846c-d66cdc047e92,cash
c24c30c7-a741-4d00-af53-51c58aaf474a,ZIC-20260815-0081,62c5814c-09e6-4583-874d-c3660ce3283f,Asad,30.0,0.0,0.0,30.0,30.0,0.0,cash,2,2026-08-15T12:28:49.0995+00:00,d8338414-dbc5-45a9-846c-d66cdc047e92,cash
47245588-ada7-4931-8683-5113b435b970,ZIC-20260815-0082,62c5814c-09e6-4583-874d-c3660ce3283f,Asad,100.0,0.0,40.0,60.0,60.0,0.0,cash,1,2026-08-15T12:29:15.644167+00:00,d8338414-dbc5-45a9-846c-d66cdc047e92,cash
2289763a-bbc0-43e1-a966-d6a4414bae38,ZIC-20260815-0083,62c5814c-09e6-4583-874d-c3660ce3283f,Asad,10.0,0.0,0.0,10.0,10.0,0.0,cash,1,2026-08-15T12:36:07.346943+00:00,d8338414-dbc5-45a9-846c-d66cdc047e92,cash
b4b0e078-eb73-4222-8e7d-e0f5b6ebeee7,ZIC-20260815-0084,62c5814c-09e6-4583-874d-c3660ce3283f,Asad,55.0,0.0,5.0,50.0,50.0,0.0,cash,4,2026-08-15T12:40:14.373653+00:00,d8338414-dbc5-45a9-846c-d66cdc047e92,cash
1272e012-7c06-47d5-ba91-5880f5a83c6d,ZIC-20260815-0085,62c5814c-09e6-4583-874d-c3660ce3283f,Asad,30.0,0.0,0.0,30.0,30.0,0.0,cash,2,2026-08-15T12:46:56.020675+00:00,d8338414-dbc5-45a9-846c-d66cdc047e92,cash
4d8ac729-9191-4bec-9233-1415c10d3c64,ZIC-20260815-0086,62c5814c-09e6-4583-874d-c3660ce3283f,Asad,95.0,0.0,0.0,95.0,95.0,0.0,cash,4,2026-08-15T12:47:36.169719+00:00,d8338414-dbc5-45a9-846c-d66cdc047e92,cash
59cc73f1-1424-418d-9f1b-cac9a4e8c0a5,ZIC-20260815-0087,62c5814c-09e6-4583-874d-c3660ce3283f,Asad,80.0,0.0,0.0,80.0,80.0,0.0,cash,2,2026-08-15T12:48:01.386658+00:00,d8338414-dbc5-45a9-846c-d66cdc047e92,cash
46d7e3ae-ac30-418e-a053-1d036c3cbd14,ZIC-20260815-0088,62c5814c-09e6-4583-874d-c3660ce3283f,Asad,240.0,0.0,0.0,240.0,240.0,0.0,cash,4,2026-08-15T12:49:31.155106+00:00,d8338414-dbc5-45a9-846c-d66cdc047e92,cash
1e80c297-5d5d-4ff8-9fe1-ca144fe04fec,ZIC-20260815-0089,62c5814c-09e6-4583-874d-c3660ce3283f,Asad,20.0,0.0,0.0,20.0,20.0,0.0,cash,4,2026-08-15T12:50:41.684275+00:00,d8338414-dbc5-45a9-846c-d66cdc047e92,cash
f3c434a6-ffd3-4e90-b8b3-34df372e7749,ZIC-20260815-0090,62c5814c-09e6-4583-874d-c3660ce3283f,Asad,130.0,0.0,0.0,130.0,130.0,0.0,cash,3,2026-08-15T12:51:40.972762+00:00,d8338414-dbc5-45a9-846c-d66cdc047e92,cash
c1ec7276-2b8e-4353-9e63-06e645cc00c1,ZIC-20260815-0091,62c5814c-09e6-4583-874d-c3660ce3283f,Asad,110.0,0.0,0.0,110.0,110.0,0.0,cash,1,2026-08-15T12:53:18.186019+00:00,d8338414-dbc5-45a9-846c-d66cdc047e92,cash
aa33fd63-fd3d-40ba-b46a-6e5ec5b30c15,ZIC-20260815-0092,62c5814c-09e6-4583-874d-c3660ce3283f,Asad,160.0,0.0,0.0,160.0,160.0,0.0,cash,6,2026-08-15T12:57:47.141476+00:00,d8338414-dbc5-45a9-846c-d66cdc047e92,cash
7097ea91-7aad-4f69-888b-3467d394cfa1,ZIC-20260815-0093,62c5814c-09e6-4583-874d-c3660ce3283f,Asad,100.0,0.0,0.0,100.0,100.0,0.0,cash,2,2026-08-15T12:59:11.751605+00:00,d8338414-dbc5-45a9-846c-d66cdc047e92,cash
5a200919-d2e2-478e-91a5-0ed2017c89c2,ZIC-20260815-0094,62c5814c-09e6-4583-874d-c3660ce3283f,Asad,100.0,0.0,0.0,100.0,100.0,0.0,cash,3,2026-08-15T13:00:42.31017+00:00,d8338414-dbc5-45a9-846c-d66cdc047e92,cash
a494f7b3-9c43-4f0a-a2d6-7c38e6aaa3c8,ZIC-20260815-0095,62c5814c-09e6-4583-874d-c3660ce3283f,Asad,90.0,0.0,0.0,90.0,90.0,0.0,cash,2,2026-08-15T13:02:53.89316+00:00,d8338414-dbc5-45a9-846c-d66cdc047e92,cash
91ca2a9a-d939-4c6a-a2b6-70bef42b8180,ZIC-20260815-0096,62c5814c-09e6-4583-874d-c3660ce3283f,Asad,135.0,0.0,0.0,135.0,135.0,0.0,cash,8,2026-08-15T13:03:20.485753+00:00,d8338414-dbc5-45a9-846c-d66cdc047e92,cash
9d4854a1-a7d3-4a4f-be3d-32a118ae2f03,ZIC-20260815-0097,62c5814c-09e6-4583-874d-c3660ce3283f,Asad,30.0,0.0,0.0,30.0,30.0,0.0,cash,2,2026-08-15T13:07:42.734544+00:00,d8338414-dbc5-45a9-846c-d66cdc047e92,cash
5eb243a5-5d27-44bb-ad0a-4f385d95c3a1,ZIC-20260815-0098,62c5814c-09e6-4583-874d-c3660ce3283f,Asad,250.0,0.0,0.0,250.0,250.0,0.0,cash,5,2026-08-15T13:09:43.14352+00:00,d8338414-dbc5-45a9-846c-d66cdc047e92,cash
628a139f-3020-457b-9e7a-09cca844627e,ZIC-20260815-0099,62c5814c-09e6-4583-874d-c3660ce3283f,Asad,50.0,0.0,0.0,50.0,50.0,0.0,cash,4,2026-08-15T13:44:21.691147+00:00,d8338414-dbc5-45a9-846c-d66cdc047e92,cash
80e61596-3566-45a6-8c2d-db856b02b2aa,ZIC-20260815-0100,62c5814c-09e6-4583-874d-c3660ce3283f,Asad,20.0,0.0,0.0,20.0,20.0,0.0,cash,2,2026-08-15T13:44:50.735632+00:00,d8338414-dbc5-45a9-846c-d66cdc047e92,cash
50c03eed-1791-4a6f-8a61-2ad8558fbed8,ZIC-20260815-0101,62c5814c-09e6-4583-874d-c3660ce3283f,Asad,50.0,0.0,0.0,50.0,50.0,0.0,cash,1,2026-08-15T13:47:01.148534+00:00,d8338414-dbc5-45a9-846c-d66cdc047e92,cash
0199480c-eb67-4b16-be14-d96e2977df2b,ZIC-20260815-0102,62c5814c-09e6-4583-874d-c3660ce3283f,Asad,10.0,0.0,0.0,10.0,10.0,0.0,cash,1,2026-08-15T13:49:55.372104+00:00,d8338414-dbc5-45a9-846c-d66cdc047e92,cash
d4306bef-97bd-46d9-a743-d0c33e8ed04d,ZIC-20260815-0103,62c5814c-09e6-4583-874d-c3660ce3283f,Asad,90.0,0.0,20.0,70.0,70.0,0.0,cash,1,2026-08-15T13:55:45.83439+00:00,d8338414-dbc5-45a9-846c-d66cdc047e92,cash
fc9c6ecf-205d-4d4f-abf2-24976e9662d4,ZIC-20260815-0104,62c5814c-09e6-4583-874d-c3660ce3283f,Asad,200.0,0.0,0.0,200.0,200.0,0.0,cash,1,2026-08-15T13:56:21.671402+00:00,d8338414-dbc5-45a9-846c-d66cdc047e92,cash
b196dbfd-fdbc-419c-840c-da9d63b9a240,ZIC-20260815-0105,62c5814c-09e6-4583-874d-c3660ce3283f,Asad,220.0,0.0,0.0,220.0,220.0,0.0,cash,5,2026-08-15T13:58:38.634743+00:00,d8338414-dbc5-45a9-846c-d66cdc047e92,cash
438708da-c640-47f0-8348-7de0c59f40c5,ZIC-20260815-0106,62c5814c-09e6-4583-874d-c3660ce3283f,Asad,180.0,0.0,40.0,140.0,140.0,0.0,cash,2,2026-08-15T13:59:24.103726+00:00,d8338414-dbc5-45a9-846c-d66cdc047e92,cash
a3ecbfe2-fb14-485b-be89-985a51081751,ZIC-20260815-0107,62c5814c-09e6-4583-874d-c3660ce3283f,Asad,15.0,0.0,0.0,15.0,15.0,0.0,cash,1,2026-08-15T14:10:02.405434+00:00,d8338414-dbc5-45a9-846c-d66cdc047e92,cash
f1d04f8c-2c00-41af-bafd-14ec0fcb22ad,ZIC-20260815-0108,62c5814c-09e6-4583-874d-c3660ce3283f,Asad,40.0,0.0,0.0,40.0,40.0,0.0,cash,1,2026-08-15T14:10:35.559348+00:00,d8338414-dbc5-45a9-846c-d66cdc047e92,cash
05676262-33e6-4a58-a813-31d254dc2ee6,ZIC-20260815-0109,62c5814c-09e6-4583-874d-c3660ce3283f,Asad,30.0,0.0,0.0,30.0,30.0,0.0,cash,1,2026-08-15T14:13:57.492109+00:00,d8338414-dbc5-45a9-846c-d66cdc047e92,cash
9255c8ed-b543-455e-bf5c-237eb14cd5ee,ZIC-20260815-0110,62c5814c-09e6-4583-874d-c3660ce3283f,Asad,30.0,0.0,0.0,30.0,30.0,0.0,cash,1,2026-08-15T14:57:11.133305+00:00,d8338414-dbc5-45a9-846c-d66cdc047e92,cash
e4756338-a598-473a-b4c7-4632f760292d,ZIC-20260815-0111,62c5814c-09e6-4583-874d-c3660ce3283f,Asad,210.0,0.0,0.0,210.0,210.0,0.0,cash,1,2026-08-15T15:18:29.148805+00:00,d8338414-dbc5-45a9-846c-d66cdc047e92,cash
fc2ac5a5-af96-4ee4-af96-227a010c22ec,ZIC-20260815-0112,62c5814c-09e6-4583-874d-c3660ce3283f,Asad,50.0,0.0,0.0,50.0,50.0,0.0,cash,1,2026-08-15T15:29:11.500268+00:00,d8338414-dbc5-45a9-846c-d66cdc047e92,cash
bbe73011-3313-4c9e-bdac-d2cb65d0b64f,ZIC-20260815-0113,62c5814c-09e6-4583-874d-c3660ce3283f,Asad,750.0,0.0,0.0,750.0,750.0,0.0,cash,40,2026-08-15T15:32:24.774236+00:00,d8338414-dbc5-45a9-846c-d66cdc047e92,cash
351906e4-a77c-415f-99e8-e242c94c10b2,ZIC-20260815-0114,62c5814c-09e6-4583-874d-c3660ce3283f,Asad,45.0,0.0,0.0,45.0,45.0,0.0,cash,3,2026-08-15T15:33:02.375895+00:00,d8338414-dbc5-45a9-846c-d66cdc047e92,cash
7806c22f-fca9-4608-9497-bf49bcf3fcce,ZIC-20260815-0115,62c5814c-09e6-4583-874d-c3660ce3283f,Asad,200.0,0.0,0.0,200.0,200.0,0.0,cash,2,2026-08-15T15:33:32.037672+00:00,d8338414-dbc5-45a9-846c-d66cdc047e92,cash
eac4ac89-230c-49c6-bbf1-611b13390240,ZIC-20260815-0116,62c5814c-09e6-4583-874d-c3660ce3283f,Asad,600.0,0.0,0.0,600.0,600.0,0.0,cash,20,2026-08-15T15:34:27.51215+00:00,d8338414-dbc5-45a9-846c-d66cdc047e92,cash
243f6c2d-3455-4802-ae46-4305de82b70f,ZIC-20260815-0117,62c5814c-09e6-4583-874d-c3660ce3283f,Asad,140.0,0.0,0.0,140.0,140.0,0.0,cash,12,2026-08-15T15:36:23.307099+00:00,d8338414-dbc5-45a9-846c-d66cdc047e92,cash
8ade7382-e167-4780-ab24-5250e231e6e6,ZIC-20260815-0118,62c5814c-09e6-4583-874d-c3660ce3283f,Asad,160.0,0.0,0.0,160.0,160.0,0.0,cash,6,2026-08-15T15:39:22.845374+00:00,d8338414-dbc5-45a9-846c-d66cdc047e92,cash
cc71c5aa-677b-4a5a-8c9f-00f9f3a34fe1,ZIC-20260815-0119,62c5814c-09e6-4583-874d-c3660ce3283f,Asad,50.0,0.0,0.0,50.0,50.0,0.0,cash,1,2026-08-15T15:41:22.749121+00:00,d8338414-dbc5-45a9-846c-d66cdc047e92,cash
2ae9db13-80f2-4f4f-b879-1bec54ce0892,ZIC-20260815-0120,62c5814c-09e6-4583-874d-c3660ce3283f,Asad,280.0,0.0,0.0,280.0,280.0,0.0,cash,2,2026-08-15T15:47:29.74892+00:00,d8338414-dbc5-45a9-846c-d66cdc047e92,cash
2117fbb7-cd2d-440b-8811-b5eb1045dda7,ZIC-20260815-0121,62c5814c-09e6-4583-874d-c3660ce3283f,Asad,375.0,0.0,0.0,375.0,375.0,0.0,card,7,2026-08-15T15:54:56.094669+00:00,d8338414-dbc5-45a9-846c-d66cdc047e92,card
e83de39c-aaef-40c9-8be7-eb7f5d42a611,ZIC-20260815-0122,62c5814c-09e6-4583-874d-c3660ce3283f,Asad,220.0,0.0,0.0,220.0,220.0,0.0,cash,2,2026-08-15T15:59:16.051631+00:00,d8338414-dbc5-45a9-846c-d66cdc047e92,cash
5a860885-29c6-4fbb-9eee-228d28d8c0a1,ZIC-20260815-0123,62c5814c-09e6-4583-874d-c3660ce3283f,Asad,50.0,0.0,0.0,50.0,50.0,0.0,cash,1,2026-08-15T16:00:55.181613+00:00,d8338414-dbc5-45a9-846c-d66cdc047e92,cash
713a9ee1-7cd4-458f-9578-3daf96e3982c,ZIC-20260815-0124,62c5814c-09e6-4583-874d-c3660ce3283f,Asad,180.0,0.0,0.0,180.0,180.0,0.0,cash,1,2026-08-15T16:03:12.659424+00:00,d8338414-dbc5-45a9-846c-d66cdc047e92,cash
eaa06f44-79f1-4f43-8c88-a88d7f1a50f5,ZIC-20260815-0125,62c5814c-09e6-4583-874d-c3660ce3283f,Asad,100.0,0.0,0.0,100.0,100.0,0.0,cash,1,2026-08-15T16:07:35.875186+00:00,d8338414-dbc5-45a9-846c-d66cdc047e92,cash
50ff1f9a-57de-4e94-a20a-aeda962ecdfc,ZIC-20260815-0126,62c5814c-09e6-4583-874d-c3660ce3283f,Asad,50.0,0.0,0.0,50.0,50.0,0.0,cash,1,2026-08-15T16:11:09.517617+00:00,d8338414-dbc5-45a9-846c-d66cdc047e92,cash
fc15dfab-fd6f-4732-bae0-63c28ca98d41,ZIC-20260815-0127,f686d4d0-3678-467e-9535-3d5f1309c328,Cashier 1,70.0,0.0,0.0,70.0,70.0,0.0,cash,2,2026-08-15T16:19:30.376919+00:00,e9646a71-d506-4acd-8c76-eaa61da8bfa9,cash
bb664f66-29b2-4bb4-b799-fa5a19d1f835,ZIC-20260815-0128,f686d4d0-3678-467e-9535-3d5f1309c328,Cashier 1,30.0,0.0,0.0,30.0,30.0,0.0,cash,2,2026-08-15T16:20:27.920115+00:00,e9646a71-d506-4acd-8c76-eaa61da8bfa9,cash
a972012d-5d94-4c01-ade2-6595a8b70e6f,ZIC-20260815-0129,f686d4d0-3678-467e-9535-3d5f1309c328,Cashier 1,15.0,0.0,0.0,15.0,15.0,0.0,cash,1,2026-08-15T16:35:28.020364+00:00,e9646a71-d506-4acd-8c76-eaa61da8bfa9,cash
3eca0e44-9d97-413a-9540-52e6a849b57d,ZIC-20260815-0130,f686d4d0-3678-467e-9535-3d5f1309c328,Cashier 1,120.0,0.0,0.0,120.0,120.0,0.0,cash,3,2026-08-15T16:37:28.041335+00:00,e9646a71-d506-4acd-8c76-eaa61da8bfa9,cash
857e328a-d83a-4d6a-b0a1-15a130c3ab2a,ZIC-20260815-0131,f686d4d0-3678-467e-9535-3d5f1309c328,Cashier 1,10.0,0.0,0.0,10.0,10.0,0.0,cash,1,2026-08-15T16:38:33.349423+00:00,e9646a71-d506-4acd-8c76-eaa61da8bfa9,cash
da8c543f-31cf-4227-b522-97e4d4d8f28d,ZIC-20260815-0132,f686d4d0-3678-467e-9535-3d5f1309c328,Cashier 1,90.0,0.0,0.0,90.0,90.0,0.0,cash,1,2026-08-15T16:50:25.985913+00:00,e9646a71-d506-4acd-8c76-eaa61da8bfa9,cash
40b7b172-528d-4632-a257-3ee6f74e97a2,ZIC-20260815-0133,f686d4d0-3678-467e-9535-3d5f1309c328,Cashier 1,300.0,0.0,0.0,300.0,300.0,0.0,cash,15,2026-08-15T16:52:17.837302+00:00,e9646a71-d506-4acd-8c76-eaa61da8bfa9,cash
9a9de61a-bcce-41da-a6df-7dde80289889,ZIC-20260815-0134,f686d4d0-3678-467e-9535-3d5f1309c328,Cashier 1,40.0,0.0,0.0,40.0,40.0,0.0,cash,1,2026-08-15T16:55:07.528841+00:00,e9646a71-d506-4acd-8c76-eaa61da8bfa9,cash
2ec55f1c-df0b-47b7-8ff3-b393929fdc0b,ZIC-20260815-0135,f686d4d0-3678-467e-9535-3d5f1309c328,Cashier 1,30.0,0.0,0.0,30.0,30.0,0.0,cash,2,2026-08-15T16:59:48.459259+00:00,e9646a71-d506-4acd-8c76-eaa61da8bfa9,cash
25db3a81-fef2-4c04-b3c0-43840aa1b138,ZIC-20260815-0136,f686d4d0-3678-467e-9535-3d5f1309c328,Cashier 1,300.0,0.0,0.0,300.0,300.0,0.0,cash,5,2026-08-15T17:11:44.246602+00:00,e9646a71-d506-4acd-8c76-eaa61da8bfa9,cash
cc55e5f2-9eef-46f4-9028-606ceb49ccf2,ZIC-20260815-0137,f686d4d0-3678-467e-9535-3d5f1309c328,Cashier 1,15.0,0.0,0.0,15.0,15.0,0.0,cash,1,2026-08-15T17:12:11.477479+00:00,e9646a71-d506-4acd-8c76-eaa61da8bfa9,cash
82c634e4-c016-4dc1-a055-5e6c2f02ee53,ZIC-20260815-0138,f686d4d0-3678-467e-9535-3d5f1309c328,Cashier 1,120.0,0.0,0.0,120.0,120.0,0.0,cash,3,2026-08-15T17:18:37.881011+00:00,e9646a71-d506-4acd-8c76-eaa61da8bfa9,cash
059aee17-7cce-4b4f-847b-0216fd231311,ZIC-20260815-0139,f686d4d0-3678-467e-9535-3d5f1309c328,Cashier 1,40.0,0.0,0.0,40.0,40.0,0.0,cash,3,2026-08-15T17:22:36.002273+00:00,e9646a71-d506-4acd-8c76-eaa61da8bfa9,cash
38075905-3a9d-485d-bef8-4c43758dc81e,ZIC-20260815-0140,f686d4d0-3678-467e-9535-3d5f1309c328,Cashier 1,70.0,0.0,0.0,70.0,70.0,0.0,cash,1,2026-08-15T17:34:44.991473+00:00,e9646a71-d506-4acd-8c76-eaa61da8bfa9,cash
2cba2cfa-aa9e-4f72-b245-16f71aa079a5,ZIC-20260815-0141,f686d4d0-3678-467e-9535-3d5f1309c328,Cashier 1,30.0,0.0,0.0,30.0,30.0,0.0,cash,1,2026-08-15T17:47:54.415016+00:00,e9646a71-d506-4acd-8c76-eaa61da8bfa9,cash
16203b2c-ce12-4578-bab0-d11b9092e048,ZIC-20260815-0142,f686d4d0-3678-467e-9535-3d5f1309c328,Cashier 1,100.0,0.0,0.0,100.0,100.0,0.0,cash,2,2026-08-15T17:52:04.758366+00:00,e9646a71-d506-4acd-8c76-eaa61da8bfa9,cash
a692251a-6a5f-4cdc-bd53-3db12f2e718c,ZIC-20260815-0143,f686d4d0-3678-467e-9535-3d5f1309c328,Cashier 1,220.0,0.0,0.0,220.0,220.0,0.0,cash,2,2026-08-15T17:53:24.660546+00:00,e9646a71-d506-4acd-8c76-eaa61da8bfa9,cash
9d5faefd-00e3-400f-b176-21d184375aa8,ZIC-20260815-0144,f686d4d0-3678-467e-9535-3d5f1309c328,Cashier 1,100.0,0.0,0.0,100.0,100.0,0.0,cash,4,2026-08-15T17:58:05.995467+00:00,e9646a71-d506-4acd-8c76-eaa61da8bfa9,cash
62e9a294-d1cd-4bb2-86ea-5164d603a46c,ZIC-20260815-0145,f686d4d0-3678-467e-9535-3d5f1309c328,Cashier 1,510.0,0.0,10.0,500.0,500.0,0.0,cash,7,2026-08-15T18:07:39.982862+00:00,e9646a71-d506-4acd-8c76-eaa61da8bfa9,cash
294fd32c-8b92-4e22-986a-c0cb0f4bf1ba,ZIC-20260815-0146,f686d4d0-3678-467e-9535-3d5f1309c328,Cashier 1,300.0,0.0,0.0,300.0,300.0,0.0,cash,1,2026-08-15T18:09:21.584772+00:00,e9646a71-d506-4acd-8c76-eaa61da8bfa9,cash
5e58b0f9-2654-4fa3-b3a9-6a88826047eb,ZIC-20260815-0147,f686d4d0-3678-467e-9535-3d5f1309c328,Cashier 1,280.0,0.0,0.0,280.0,280.0,0.0,cash,21,2026-08-15T18:09:43.760077+00:00,e9646a71-d506-4acd-8c76-eaa61da8bfa9,cash
b331ea3b-afde-4664-8cce-9ade8712fc61,ZIC-20260815-0148,f686d4d0-3678-467e-9535-3d5f1309c328,Cashier 1,150.0,0.0,0.0,150.0,150.0,0.0,cash,1,2026-08-15T18:15:04.800625+00:00,e9646a71-d506-4acd-8c76-eaa61da8bfa9,cash
1039356b-1b60-4657-99d7-4cde540a5bbd,ZIC-20260815-0149,f686d4d0-3678-467e-9535-3d5f1309c328,Cashier 1,100.0,0.0,0.0,100.0,100.0,0.0,cash,1,2026-08-15T18:20:13.925421+00:00,e9646a71-d506-4acd-8c76-eaa61da8bfa9,cash
9f01cdaa-31ab-4753-9a6c-c5af197b5c93,ZIC-20260815-0150,f686d4d0-3678-467e-9535-3d5f1309c328,Cashier 1,60.0,0.0,10.0,50.0,50.0,0.0,cash,1,2026-08-15T18:23:28.168385+00:00,e9646a71-d506-4acd-8c76-eaa61da8bfa9,cash
666310c2-d5c5-4697-b8da-73cd8c871b52,ZIC-20260815-0151,f686d4d0-3678-467e-9535-3d5f1309c328,Cashier 1,30.0,0.0,0.0,30.0,30.0,0.0,cash,2,2026-08-15T18:24:44.222112+00:00,e9646a71-d506-4acd-8c76-eaa61da8bfa9,cash
ab38db81-d51a-4286-8bf5-467d671e1c24,ZIC-20260815-0152,f686d4d0-3678-467e-9535-3d5f1309c328,Cashier 1,50.0,0.0,0.0,50.0,50.0,0.0,cash,1,2026-08-15T18:34:50.270449+00:00,e9646a71-d506-4acd-8c76-eaa61da8bfa9,cash
aeb0e3b3-f7e4-4d2a-aff8-11e7e26a6f66,ZIC-20260815-0153,f686d4d0-3678-467e-9535-3d5f1309c328,Cashier 1,180.0,0.0,0.0,180.0,180.0,0.0,cash,1,2026-08-15T18:36:02.255055+00:00,e9646a71-d506-4acd-8c76-eaa61da8bfa9,cash
e1193f88-7c6c-4519-855a-e342c69bbe15,ZIC-20260815-0154,f686d4d0-3678-467e-9535-3d5f1309c328,Cashier 1,50.0,0.0,0.0,50.0,50.0,0.0,cash,3,2026-08-15T18:43:10.761486+00:00,e9646a71-d506-4acd-8c76-eaa61da8bfa9,cash
9809f0b4-e639-423f-bb75-49436946e625,ZIC-20260815-0155,f686d4d0-3678-467e-9535-3d5f1309c328,Cashier 1,50.0,0.0,0.0,50.0,50.0,0.0,cash,1,2026-08-15T19:00:30.284238+00:00,e9646a71-d506-4acd-8c76-eaa61da8bfa9,cash
1f62f2f1-6ce0-4de9-ae75-141dae46bcae,ZIC-20260815-0156,f686d4d0-3678-467e-9535-3d5f1309c328,Cashier 1,280.0,0.0,0.0,280.0,280.0,0.0,cash,5,2026-08-15T19:09:40.925323+00:00,e9646a71-d506-4acd-8c76-eaa61da8bfa9,cash
f689ba10-05fa-4a35-a1d0-363bcaecf1fc,ZIC-20260815-0157,f686d4d0-3678-467e-9535-3d5f1309c328,Cashier 1,20.0,0.0,0.0,20.0,20.0,0.0,cash,1,2026-08-15T19:32:03.031382+00:00,e9646a71-d506-4acd-8c76-eaa61da8bfa9,cash
ddc635c0-2c1d-4930-868e-5b71024ec3fe,ZIC-20260815-0158,f686d4d0-3678-467e-9535-3d5f1309c328,Cashier 1,200.0,0.0,0.0,200.0,200.0,0.0,cash,1,2026-08-15T19:39:31.242914+00:00,e9646a71-d506-4acd-8c76-eaa61da8bfa9,cash
564d0811-84a7-4d96-8f3e-b1c641dca15a,ZIC-20260815-0159,f686d4d0-3678-467e-9535-3d5f1309c328,Cashier 1,30.0,0.0,0.0,30.0,30.0,0.0,cash,1,2026-08-15T20:42:39.905625+00:00,e9646a71-d506-4acd-8c76-eaa61da8bfa9,cash
de2e2e70-2ad8-473e-8320-36db761b7e5d,ZIC-20260815-0160,f686d4d0-3678-467e-9535-3d5f1309c328,Cashier 1,380.0,0.0,0.0,380.0,380.0,0.0,cash,5,2026-08-15T21:12:38.090975+00:00,e9646a71-d506-4acd-8c76-eaa61da8bfa9,cash
7f569038-d1b8-4901-a92d-1ce598e65be3,ZIC-20260815-0161,f686d4d0-3678-467e-9535-3d5f1309c328,Cashier 1,420.0,0.0,0.0,420.0,420.0,0.0,cash,22,2026-08-15T21:30:54.755281+00:00,e9646a71-d506-4acd-8c76-eaa61da8bfa9,cash
0b095389-522b-431c-8eb2-a42acb82895a,ZIC-20260815-0162,f686d4d0-3678-467e-9535-3d5f1309c328,Cashier 1,1490.0,0.0,190.0,1300.0,1300.0,0.0,cash,17,2026-08-15T22:22:51.080772+00:00,e9646a71-d506-4acd-8c76-eaa61da8bfa9,cash
150f4424-6533-4bdb-9eab-be98c8ce1c59,ZIC-20260815-0163,f686d4d0-3678-467e-9535-3d5f1309c328,Cashier 1,500.0,0.0,0.0,500.0,500.0,0.0,cash,2,2026-08-15T22:53:01.700851+00:00,e9646a71-d506-4acd-8c76-eaa61da8bfa9,cash
1236d5c1-64e7-4f60-8b25-81ad3a8c2aa8,ZIC-20260815-0164,f686d4d0-3678-467e-9535-3d5f1309c328,Cashier 1,250.0,0.0,0.0,250.0,250.0,0.0,cash,20,2026-08-15T23:28:57.313064+00:00,e9646a71-d506-4acd-8c76-eaa61da8bfa9,cash
a640276a-d2cd-4632-92b1-8baf9f1e323b,ZIC-20260816-0001,f686d4d0-3678-467e-9535-3d5f1309c328,Cashier 1,120.0,0.0,0.0,120.0,120.0,0.0,cash,11,2026-08-16T00:04:42.688723+00:00,e9646a71-d506-4acd-8c76-eaa61da8bfa9,cash
0cd48a98-0764-4813-afd2-88626592f5d9,ZIC-20260816-0002,f686d4d0-3678-467e-9535-3d5f1309c328,Cashier 1,20.0,0.0,0.0,20.0,20.0,0.0,cash,1,2026-08-16T01:17:39.669521+00:00,e9646a71-d506-4acd-8c76-eaa61da8bfa9,cash
afe4beb7-e7c0-44a9-b61f-38e242ca6978,ZIC-20260816-0003,f686d4d0-3678-467e-9535-3d5f1309c328,Cashier 1,10.0,0.0,0.0,10.0,10.0,0.0,cash,2,2026-08-16T01:31:16.81717+00:00,e9646a71-d506-4acd-8c76-eaa61da8bfa9,cash
4be5f0e5-aa5f-4a42-8039-2e5550e830a5,ZIC-20260816-0004,f686d4d0-3678-467e-9535-3d5f1309c328,Cashier 1,20.0,0.0,0.0,20.0,20.0,0.0,cash,2,2026-08-16T01:55:44.520778+00:00,e9646a71-d506-4acd-8c76-eaa61da8bfa9,cash
9789220e-71a5-4eb7-9e71-6008275fae63,ZIC-20260816-0005,f686d4d0-3678-467e-9535-3d5f1309c328,Cashier 1,70.0,0.0,0.0,70.0,70.0,0.0,cash,1,2026-08-16T01:59:35.882108+00:00,e9646a71-d506-4acd-8c76-eaa61da8bfa9,cash
58b76ef3-0f90-4196-99a6-042e283a07eb,ZIC-20260816-0006,f686d4d0-3678-467e-9535-3d5f1309c328,Cashier 1,70.0,0.0,0.0,70.0,70.0,0.0,cash,5,2026-08-16T02:54:19.124595+00:00,e9646a71-d506-4acd-8c76-eaa61da8bfa9,cash
665835fb-2cf1-464d-b8bc-8562f28760f4,ZIC-20260816-0007,f686d4d0-3678-467e-9535-3d5f1309c328,Cashier 1,60.0,0.0,0.0,60.0,60.0,0.0,cash,2,2026-08-16T03:57:48.293129+00:00,e9646a71-d506-4acd-8c76-eaa61da8bfa9,cash
bd97ca91-088d-42e0-9b05-876d41ece57a,ZIC-20260816-0008,f686d4d0-3678-467e-9535-3d5f1309c328,Cashier 1,20.0,0.0,0.0,20.0,20.0,0.0,cash,2,2026-08-16T04:02:54.988829+00:00,e9646a71-d506-4acd-8c76-eaa61da8bfa9,cash
bbb24e31-4404-4cc4-be7f-40d738b042a1,ZIC-20260816-0009,f686d4d0-3678-467e-9535-3d5f1309c328,Cashier 1,80.0,0.0,0.0,80.0,80.0,0.0,cash,1,2026-08-16T04:03:17.578237+00:00,e9646a71-d506-4acd-8c76-eaa61da8bfa9,cash
54442ffc-9b6c-4a7d-814b-03e998eddf25,ZIC-20260816-0010,f686d4d0-3678-467e-9535-3d5f1309c328,Cashier 1,30.0,0.0,0.0,30.0,30.0,0.0,cash,2,2026-08-16T04:04:42.411594+00:00,e9646a71-d506-4acd-8c76-eaa61da8bfa9,cash
1de47920-102f-4675-9316-43ab0b48b020,ZIC-20260816-0011,f686d4d0-3678-467e-9535-3d5f1309c328,Cashier 1,20.0,0.0,0.0,20.0,20.0,0.0,cash,2,2026-08-16T04:09:42.926823+00:00,e9646a71-d506-4acd-8c76-eaa61da8bfa9,cash
95db6f66-f4cc-4c78-a045-57c427a6d165,ZIC-20260816-0012,62c5814c-09e6-4583-874d-c3660ce3283f,Asad,100.0,0.0,0.0,100.0,100.0,0.0,cash,1,2026-08-16T04:27:50.374774+00:00,003cdfa9-2e53-4bd2-b966-e58c98e8e50e,cash
ea0f6484-36e2-48be-b6b6-bacce6c4eb7c,ZIC-20260816-0013,62c5814c-09e6-4583-874d-c3660ce3283f,Asad,180.0,0.0,0.0,180.0,180.0,0.0,cash,5,2026-08-16T04:28:53.425186+00:00,003cdfa9-2e53-4bd2-b966-e58c98e8e50e,cash
1a33f185-2340-48f6-bd7f-dee54eea7255,ZIC-20260816-0014,62c5814c-09e6-4583-874d-c3660ce3283f,Asad,320.0,0.0,0.0,320.0,320.0,0.0,cash,21,2026-08-16T04:44:00.528374+00:00,003cdfa9-2e53-4bd2-b966-e58c98e8e50e,cash
9b35b7c1-0f9d-4d70-ad00-75e912d2ebb5,ZIC-20260816-0015,62c5814c-09e6-4583-874d-c3660ce3283f,Asad,90.0,0.0,0.0,90.0,90.0,0.0,cash,6,2026-08-16T04:44:50.255834+00:00,003cdfa9-2e53-4bd2-b966-e58c98e8e50e,cash
73e29a0c-7740-4bce-a503-6014ae85b30d,ZIC-20260816-0016,62c5814c-09e6-4583-874d-c3660ce3283f,Asad,40.0,0.0,0.0,40.0,40.0,0.0,cash,4,2026-08-16T04:45:37.892682+00:00,003cdfa9-2e53-4bd2-b966-e58c98e8e50e,cash
42db6284-92d9-4a16-8c15-8d50ab9e60ed,ZIC-20260816-0017,62c5814c-09e6-4583-874d-c3660ce3283f,Asad,290.0,0.0,0.0,290.0,290.0,0.0,cash,14,2026-08-16T04:47:05.815567+00:00,003cdfa9-2e53-4bd2-b966-e58c98e8e50e,cash
a6bfd90a-bf5b-4fcb-94cc-e1a566c75e8e,ZIC-20260816-0018,62c5814c-09e6-4583-874d-c3660ce3283f,Asad,170.0,0.0,0.0,170.0,170.0,0.0,cash,6,2026-08-16T04:54:33.706906+00:00,003cdfa9-2e53-4bd2-b966-e58c98e8e50e,cash
6f459920-9a5f-40cd-9406-cf7bdacc8a8a,ZIC-20260816-0019,62c5814c-09e6-4583-874d-c3660ce3283f,Asad,30.0,0.0,0.0,30.0,30.0,0.0,cash,3,2026-08-16T04:59:43.728994+00:00,003cdfa9-2e53-4bd2-b966-e58c98e8e50e,cash
2a016e6c-2715-4cec-a960-f3b67dcc1d44,ZIC-20260816-0020,62c5814c-09e6-4583-874d-c3660ce3283f,Asad,970.0,0.0,0.0,970.0,970.0,0.0,cash,13,2026-08-16T05:05:23.471872+00:00,003cdfa9-2e53-4bd2-b966-e58c98e8e50e,cash
1d22dee3-e3a1-40d7-a660-126a7f019aac,ZIC-20260816-0021,62c5814c-09e6-4583-874d-c3660ce3283f,Asad,90.0,0.0,0.0,90.0,90.0,0.0,cash,1,2026-08-16T05:16:10.363504+00:00,003cdfa9-2e53-4bd2-b966-e58c98e8e50e,cash
40fc006a-3b6b-40d0-a3a5-4882013d7dcc,ZIC-20260816-0022,62c5814c-09e6-4583-874d-c3660ce3283f,Asad,100.0,0.0,0.0,100.0,100.0,0.0,cash,3,2026-08-16T05:37:33.753901+00:00,003cdfa9-2e53-4bd2-b966-e58c98e8e50e,cash
b8a867e7-eec4-4614-ac81-a29c2d6b1aac,ZIC-20260816-0023,62c5814c-09e6-4583-874d-c3660ce3283f,Asad,30.0,0.0,0.0,30.0,30.0,0.0,cash,2,2026-08-16T05:42:20.152108+00:00,003cdfa9-2e53-4bd2-b966-e58c98e8e50e,cash
0711672e-a3b8-4e35-bf03-b57432022d04,ZIC-20260816-0024,62c5814c-09e6-4583-874d-c3660ce3283f,Asad,330.0,0.0,0.0,330.0,330.0,0.0,cash,8,2026-08-16T05:47:04.345175+00:00,003cdfa9-2e53-4bd2-b966-e58c98e8e50e,cash
12f2ad74-fe9a-49a0-b787-efdb44d2b1ba,ZIC-20260816-0025,62c5814c-09e6-4583-874d-c3660ce3283f,Asad,330.0,0.0,0.0,330.0,330.0,0.0,cash,11,2026-08-16T05:48:19.689861+00:00,003cdfa9-2e53-4bd2-b966-e58c98e8e50e,cash
93eac9c6-8dcd-48cd-b348-479bec225437,ZIC-20260816-0026,62c5814c-09e6-4583-874d-c3660ce3283f,Asad,140.0,0.0,0.0,140.0,140.0,0.0,cash,10,2026-08-16T05:49:43.583156+00:00,003cdfa9-2e53-4bd2-b966-e58c98e8e50e,cash
8ac89816-a03e-447b-afe7-5c84162444ab,ZIC-20260816-0027,62c5814c-09e6-4583-874d-c3660ce3283f,Asad,80.0,0.0,0.0,80.0,80.0,0.0,cash,1,2026-08-16T05:53:46.225919+00:00,003cdfa9-2e53-4bd2-b966-e58c98e8e50e,cash
9b4bf771-2447-4018-b6fc-c9c27e054206,ZIC-20260816-0028,62c5814c-09e6-4583-874d-c3660ce3283f,Asad,65.0,0.0,0.0,65.0,65.0,0.0,cash,4,2026-08-16T05:57:51.853521+00:00,003cdfa9-2e53-4bd2-b966-e58c98e8e50e,cash
db86ec44-a466-4a60-bbb5-734763dd9123,ZIC-20260816-0029,62c5814c-09e6-4583-874d-c3660ce3283f,Asad,110.0,0.0,0.0,110.0,110.0,0.0,cash,2,2026-08-16T06:02:43.999793+00:00,003cdfa9-2e53-4bd2-b966-e58c98e8e50e,cash
ab614be3-dcb4-47a0-8510-e2aa8e59277f,ZIC-20260816-0030,62c5814c-09e6-4583-874d-c3660ce3283f,Asad,10.0,0.0,0.0,10.0,10.0,0.0,cash,2,2026-08-16T06:07:24.562061+00:00,003cdfa9-2e53-4bd2-b966-e58c98e8e50e,cash
842f2975-4dfd-450d-91d9-62ac751c4a54,ZIC-20260816-0031,62c5814c-09e6-4583-874d-c3660ce3283f,Asad,200.0,0.0,0.0,200.0,200.0,0.0,cash,1,2026-08-16T06:17:44.863235+00:00,003cdfa9-2e53-4bd2-b966-e58c98e8e50e,cash
7ec2bc92-c0ff-4ee6-9fc8-1ab16b060d3d,ZIC-20260816-0032,62c5814c-09e6-4583-874d-c3660ce3283f,Asad,140.0,0.0,0.0,140.0,140.0,0.0,cash,1,2026-08-16T06:20:46.290971+00:00,003cdfa9-2e53-4bd2-b966-e58c98e8e50e,cash
91dcd046-0f36-4089-9c37-c28b3506ca78,ZIC-20260816-0033,62c5814c-09e6-4583-874d-c3660ce3283f,Asad,20.0,0.0,0.0,20.0,20.0,0.0,cash,2,2026-08-16T06:21:09.810094+00:00,003cdfa9-2e53-4bd2-b966-e58c98e8e50e,cash
82ad9414-6b4f-4c31-9514-d297c1e92630,ZIC-20260816-0034,62c5814c-09e6-4583-874d-c3660ce3283f,Asad,50.0,0.0,0.0,50.0,50.0,0.0,cash,5,2026-08-16T06:21:40.238108+00:00,003cdfa9-2e53-4bd2-b966-e58c98e8e50e,cash
02620fea-e08e-454f-bd76-0c2467b80dde,ZIC-20260816-0035,62c5814c-09e6-4583-874d-c3660ce3283f,Asad,500.0,0.0,0.0,500.0,500.0,0.0,cash,22,2026-08-16T06:37:17.312493+00:00,003cdfa9-2e53-4bd2-b966-e58c98e8e50e,cash
48a1d234-9437-4676-8f73-2d39c53f7ded,ZIC-20260816-0036,62c5814c-09e6-4583-874d-c3660ce3283f,Asad,220.0,0.0,20.0,200.0,200.0,0.0,cash,2,2026-08-16T06:38:10.603665+00:00,003cdfa9-2e53-4bd2-b966-e58c98e8e50e,cash
461b23d6-62ce-46e6-b12e-da910247afa4,ZIC-20260816-0037,62c5814c-09e6-4583-874d-c3660ce3283f,Asad,90.0,0.0,0.0,90.0,90.0,0.0,cash,6,2026-08-16T06:41:42.423215+00:00,003cdfa9-2e53-4bd2-b966-e58c98e8e50e,cash
7649e976-f5bd-4f76-9371-9b43e8fd4526,ZIC-20260816-0038,62c5814c-09e6-4583-874d-c3660ce3283f,Asad,10.0,0.0,0.0,10.0,10.0,0.0,cash,2,2026-08-16T06:42:04.487072+00:00,003cdfa9-2e53-4bd2-b966-e58c98e8e50e,cash
133dcd88-db60-4515-9973-4da790ece981,ZIC-20260816-0039,62c5814c-09e6-4583-874d-c3660ce3283f,Asad,60.0,0.0,0.0,60.0,60.0,0.0,cash,1,2026-08-16T06:59:02.80668+00:00,003cdfa9-2e53-4bd2-b966-e58c98e8e50e,cash
b1987852-d922-489c-bb59-81e2692d345c,ZIC-20260816-0040,62c5814c-09e6-4583-874d-c3660ce3283f,Asad,160.0,0.0,0.0,160.0,160.0,0.0,cash,1,2026-08-16T06:59:36.168294+00:00,003cdfa9-2e53-4bd2-b966-e58c98e8e50e,cash
df7f13a8-2332-4392-9309-e53e642e2426,ZIC-20260816-0041,62c5814c-09e6-4583-874d-c3660ce3283f,Asad,10.0,0.0,0.0,10.0,10.0,0.0,cash,2,2026-08-16T06:59:59.078771+00:00,003cdfa9-2e53-4bd2-b966-e58c98e8e50e,cash
07bbfdbd-1c3d-469f-8870-1174aa0513c9,ZIC-20260816-0042,62c5814c-09e6-4583-874d-c3660ce3283f,Asad,30.0,0.0,0.0,30.0,30.0,0.0,cash,3,2026-08-16T07:24:28.372122+00:00,003cdfa9-2e53-4bd2-b966-e58c98e8e50e,cash
79e595ac-171a-4329-96a5-d4c707e8ea67,ZIC-20260816-0043,62c5814c-09e6-4583-874d-c3660ce3283f,Asad,775.0,0.0,0.0,775.0,775.0,0.0,cash,14,2026-08-16T07:27:34.01345+00:00,003cdfa9-2e53-4bd2-b966-e58c98e8e50e,cash
75701d49-1278-4a33-87ad-3027ed4130bc,ZIC-20260816-0044,62c5814c-09e6-4583-874d-c3660ce3283f,Asad,150.0,0.0,50.0,100.0,100.0,0.0,cash,1,2026-08-16T07:29:05.733462+00:00,003cdfa9-2e53-4bd2-b966-e58c98e8e50e,cash
5ea1c7e1-4305-48e3-a0b0-999bfc63af23,ZIC-20260816-0045,62c5814c-09e6-4583-874d-c3660ce3283f,Asad,60.0,0.0,0.0,60.0,60.0,0.0,cash,6,2026-08-16T07:51:13.251139+00:00,003cdfa9-2e53-4bd2-b966-e58c98e8e50e,cash
cb29c4c7-5bc1-443e-bd1f-0a80dbd1a834,ZIC-20260816-0046,62c5814c-09e6-4583-874d-c3660ce3283f,Asad,210.0,0.0,10.0,200.0,200.0,0.0,cash,1,2026-08-16T07:51:25.252413+00:00,003cdfa9-2e53-4bd2-b966-e58c98e8e50e,cash
175863b4-5553-4fdb-9a3b-3e5a28ae05e1,ZIC-20260816-0047,62c5814c-09e6-4583-874d-c3660ce3283f,Asad,50.0,0.0,0.0,50.0,50.0,0.0,cash,5,2026-08-16T07:55:52.210067+00:00,003cdfa9-2e53-4bd2-b966-e58c98e8e50e,cash
e39c954b-22dc-4f07-af7e-f1e07671ebc3,ZIC-20260816-0048,62c5814c-09e6-4583-874d-c3660ce3283f,Asad,280.0,0.0,0.0,280.0,280.0,0.0,cash,6,2026-08-16T08:02:55.153657+00:00,003cdfa9-2e53-4bd2-b966-e58c98e8e50e,cash
c96a8811-afa8-4779-908f-8688f401a504,ZIC-20260816-0049,62c5814c-09e6-4583-874d-c3660ce3283f,Asad,120.0,0.0,0.0,120.0,120.0,0.0,cash,1,2026-08-16T08:18:21.913049+00:00,003cdfa9-2e53-4bd2-b966-e58c98e8e50e,cash
b7bfc43c-c3f9-4b8e-8db2-4ce5fdbe823e,ZIC-20260816-0050,62c5814c-09e6-4583-874d-c3660ce3283f,Asad,45.0,0.0,0.0,45.0,45.0,0.0,cash,3,2026-08-16T08:20:11.40398+00:00,003cdfa9-2e53-4bd2-b966-e58c98e8e50e,cash
8ae59d24-8fa8-415d-989b-e99a455b2b25,ZIC-20260816-0051,62c5814c-09e6-4583-874d-c3660ce3283f,Asad,250.0,0.0,0.0,250.0,250.0,0.0,cash,7,2026-08-16T08:22:55.245156+00:00,003cdfa9-2e53-4bd2-b966-e58c98e8e50e,cash
c7ae205c-45d2-441a-9be7-ae992ca23f5d,ZIC-20260816-0052,62c5814c-09e6-4583-874d-c3660ce3283f,Asad,120.0,0.0,20.0,100.0,100.0,0.0,cash,3,2026-08-16T08:24:11.062496+00:00,003cdfa9-2e53-4bd2-b966-e58c98e8e50e,cash
4b85ad56-03e2-41a8-8135-825fb84ca6dc,ZIC-20260816-0053,62c5814c-09e6-4583-874d-c3660ce3283f,Asad,780.0,0.0,180.0,600.0,600.0,0.0,cash,7,2026-08-16T08:28:15.818508+00:00,003cdfa9-2e53-4bd2-b966-e58c98e8e50e,cash
159ccc47-0e10-4899-adb0-90b0f55306b5,ZIC-20260816-0054,62c5814c-09e6-4583-874d-c3660ce3283f,Asad,230.0,0.0,0.0,230.0,230.0,0.0,cash,5,2026-08-16T08:28:47.708137+00:00,003cdfa9-2e53-4bd2-b966-e58c98e8e50e,cash
012e038b-d366-4893-ad65-6bc3186cd8ad,ZIC-20260816-0055,62c5814c-09e6-4583-874d-c3660ce3283f,Asad,50.0,0.0,0.0,50.0,50.0,0.0,cash,1,2026-08-16T08:41:59.173769+00:00,003cdfa9-2e53-4bd2-b966-e58c98e8e50e,cash
784f51de-86cc-4afa-a529-62632e005d03,ZIC-20260816-0056,62c5814c-09e6-4583-874d-c3660ce3283f,Asad,530.0,0.0,0.0,530.0,530.0,0.0,cash,22,2026-08-16T08:51:19.293645+00:00,003cdfa9-2e53-4bd2-b966-e58c98e8e50e,cash
f93e095d-7cce-45ac-8069-84babc491aa9,ZIC-20260816-0057,62c5814c-09e6-4583-874d-c3660ce3283f,Asad,60.0,0.0,0.0,60.0,60.0,0.0,cash,4,2026-08-16T08:52:05.946157+00:00,003cdfa9-2e53-4bd2-b966-e58c98e8e50e,cash
a2a42c42-3e0a-4554-8965-561663d94d04,ZIC-20260816-0058,62c5814c-09e6-4583-874d-c3660ce3283f,Asad,160.0,0.0,0.0,160.0,160.0,0.0,cash,2,2026-08-16T08:53:59.549968+00:00,003cdfa9-2e53-4bd2-b966-e58c98e8e50e,cash
4c8a697a-cb05-4605-8030-cc1515076bb6,ZIC-20260816-0059,62c5814c-09e6-4583-874d-c3660ce3283f,Asad,15.0,0.0,0.0,15.0,15.0,0.0,cash,1,2026-08-16T08:57:08.09141+00:00,003cdfa9-2e53-4bd2-b966-e58c98e8e50e,cash
971fe9bd-837b-4f2b-aed8-d18a1cdf6ad2,ZIC-20260816-0060,62c5814c-09e6-4583-874d-c3660ce3283f,Asad,40.0,0.0,0.0,40.0,40.0,0.0,cash,4,2026-08-16T08:58:36.903812+00:00,003cdfa9-2e53-4bd2-b966-e58c98e8e50e,cash
738d952e-ab6b-490e-81dc-c5784af2b809,ZIC-20260816-0061,62c5814c-09e6-4583-874d-c3660ce3283f,Asad,430.0,0.0,0.0,430.0,430.0,0.0,cash,7,2026-08-16T09:00:12.996824+00:00,003cdfa9-2e53-4bd2-b966-e58c98e8e50e,cash
59aa034d-4d39-4880-8fd9-3e18f3773c2a,ZIC-20260816-0062,62c5814c-09e6-4583-874d-c3660ce3283f,Asad,300.0,0.0,0.0,300.0,300.0,0.0,cash,4,2026-08-16T09:15:39.882319+00:00,003cdfa9-2e53-4bd2-b966-e58c98e8e50e,cash
563ba004-905a-4761-8576-cb10ff04a795,ZIC-20260816-0063,62c5814c-09e6-4583-874d-c3660ce3283f,Asad,40.0,0.0,0.0,40.0,40.0,0.0,cash,2,2026-08-16T09:15:59.594269+00:00,003cdfa9-2e53-4bd2-b966-e58c98e8e50e,cash
699cb870-4a81-4b88-b72d-836a8051c97a,ZIC-20260816-0064,62c5814c-09e6-4583-874d-c3660ce3283f,Asad,15.0,0.0,0.0,15.0,15.0,0.0,cash,1,2026-08-16T09:20:18.889565+00:00,003cdfa9-2e53-4bd2-b966-e58c98e8e50e,cash
61e741cc-8da7-4e3b-bf36-72a62493f719,ZIC-20260816-0065,62c5814c-09e6-4583-874d-c3660ce3283f,Asad,20.0,0.0,0.0,20.0,20.0,0.0,cash,1,2026-08-16T09:20:32.088478+00:00,003cdfa9-2e53-4bd2-b966-e58c98e8e50e,cash
2bd9adb3-fa3c-4a09-ba25-b4339f16ce12,ZIC-20260816-0066,62c5814c-09e6-4583-874d-c3660ce3283f,Asad,1410.0,0.0,10.0,1400.0,1400.0,0.0,cash,22,2026-08-16T09:22:43.273239+00:00,003cdfa9-2e53-4bd2-b966-e58c98e8e50e,cash
0287cfd7-d356-4fa1-97e1-277cdcf3c09a,ZIC-20260816-0067,62c5814c-09e6-4583-874d-c3660ce3283f,Asad,40.0,0.0,0.0,40.0,40.0,0.0,cash,1,2026-08-16T09:23:47.318309+00:00,003cdfa9-2e53-4bd2-b966-e58c98e8e50e,cash
3d7a1aed-e525-4eba-a277-c87428094c75,ZIC-20260816-0068,62c5814c-09e6-4583-874d-c3660ce3283f,Asad,960.0,0.0,10.0,950.0,950.0,0.0,cash,2,2026-08-16T09:26:51.437068+00:00,003cdfa9-2e53-4bd2-b966-e58c98e8e50e,cash
f7cf84a9-cf4d-43b0-8b72-7466c89ef66f,ZIC-20260816-0069,62c5814c-09e6-4583-874d-c3660ce3283f,Asad,350.0,0.0,0.0,350.0,350.0,0.0,cash,2,2026-08-16T09:39:09.848445+00:00,003cdfa9-2e53-4bd2-b966-e58c98e8e50e,cash
5c983e92-8f73-443b-9761-2f04b6cbc164,ZIC-20260816-0070,62c5814c-09e6-4583-874d-c3660ce3283f,Asad,680.0,0.0,0.0,680.0,680.0,0.0,cash,24,2026-08-16T09:49:17.350823+00:00,003cdfa9-2e53-4bd2-b966-e58c98e8e50e,cash
7c89702e-b620-40fd-8b01-6cffeae7b049,ZIC-20260816-0071,62c5814c-09e6-4583-874d-c3660ce3283f,Asad,100.0,0.0,0.0,100.0,100.0,0.0,cash,1,2026-08-16T09:53:13.476973+00:00,003cdfa9-2e53-4bd2-b966-e58c98e8e50e,cash
de85ed7d-fa4c-4237-a2d5-3217640c8195,ZIC-20260816-0072,62c5814c-09e6-4583-874d-c3660ce3283f,Asad,30.0,0.0,0.0,30.0,30.0,0.0,cash,2,2026-08-16T09:54:08.165656+00:00,003cdfa9-2e53-4bd2-b966-e58c98e8e50e,cash
9c394af3-054d-48be-8fc4-e22a5ce725bf,ZIC-20260816-0073,62c5814c-09e6-4583-874d-c3660ce3283f,Asad,40.0,0.0,0.0,40.0,40.0,0.0,cash,1,2026-08-16T09:54:23.91419+00:00,003cdfa9-2e53-4bd2-b966-e58c98e8e50e,cash
7fff9161-ab70-4f07-a770-62460b0fc532,ZIC-20260816-0074,62c5814c-09e6-4583-874d-c3660ce3283f,Asad,140.0,0.0,34.0,106.0,106.0,0.0,cash,1,2026-08-16T10:01:08.783634+00:00,003cdfa9-2e53-4bd2-b966-e58c98e8e50e,cash
b80d32c1-a54c-4595-9ce7-82432721b2bd,ZIC-20260816-0075,62c5814c-09e6-4583-874d-c3660ce3283f,Asad,60.0,0.0,0.0,60.0,60.0,0.0,cash,4,2026-08-16T10:10:36.562228+00:00,003cdfa9-2e53-4bd2-b966-e58c98e8e50e,cash
2d2de3a0-c2e5-4244-a2bf-f7399015de54,ZIC-20260816-0076,62c5814c-09e6-4583-874d-c3660ce3283f,Asad,360.0,0.0,0.0,360.0,360.0,0.0,cash,8,2026-08-16T10:17:23.728518+00:00,003cdfa9-2e53-4bd2-b966-e58c98e8e50e,cash
5a829954-7d54-4805-94d5-8ef43bb03868,ZIC-20260816-0077,62c5814c-09e6-4583-874d-c3660ce3283f,Asad,50.0,0.0,0.0,50.0,50.0,0.0,cash,5,2026-08-16T10:17:49.608305+00:00,003cdfa9-2e53-4bd2-b966-e58c98e8e50e,cash
41e8a603-273f-421d-bdbd-366ec6931560,ZIC-20260816-0078,62c5814c-09e6-4583-874d-c3660ce3283f,Asad,30.0,0.0,0.0,30.0,30.0,0.0,cash,2,2026-08-16T10:22:30.641907+00:00,003cdfa9-2e53-4bd2-b966-e58c98e8e50e,cash
ce4c9a4c-02e7-4239-a645-bc150310887a,ZIC-20260816-0079,62c5814c-09e6-4583-874d-c3660ce3283f,Asad,275.0,0.0,0.0,275.0,275.0,0.0,cash,5,2026-08-16T10:33:12.958849+00:00,003cdfa9-2e53-4bd2-b966-e58c98e8e50e,cash
789dea48-ab4d-4766-81ab-5f6d91795952,ZIC-20260816-0080,62c5814c-09e6-4583-874d-c3660ce3283f,Asad,70.0,0.0,10.0,60.0,60.0,0.0,cash,3,2026-08-16T10:44:35.869009+00:00,003cdfa9-2e53-4bd2-b966-e58c98e8e50e,cash
5faae959-67a4-408b-975c-9c1cedb816da,ZIC-20260816-0081,62c5814c-09e6-4583-874d-c3660ce3283f,Asad,210.0,0.0,0.0,210.0,210.0,0.0,cash,1,2026-08-16T10:54:25.869585+00:00,003cdfa9-2e53-4bd2-b966-e58c98e8e50e,cash
cbef29b3-342d-453b-a5a8-4c7f7fe11d09,ZIC-20260816-0082,62c5814c-09e6-4583-874d-c3660ce3283f,Asad,60.0,0.0,0.0,60.0,60.0,0.0,cash,1,2026-08-16T10:56:13.462889+00:00,003cdfa9-2e53-4bd2-b966-e58c98e8e50e,cash
220bb89b-9a53-4cd0-bb89-c9ea3193ad3d,ZIC-20260816-0083,62c5814c-09e6-4583-874d-c3660ce3283f,Asad,30.0,0.0,0.0,30.0,30.0,0.0,cash,1,2026-08-16T10:56:26.326407+00:00,003cdfa9-2e53-4bd2-b966-e58c98e8e50e,cash
c276c19e-1e88-4ec0-ad29-52598558bd78,ZIC-20260816-0084,62c5814c-09e6-4583-874d-c3660ce3283f,Asad,50.0,0.0,0.0,50.0,50.0,0.0,cash,5,2026-08-16T11:07:02.670826+00:00,003cdfa9-2e53-4bd2-b966-e58c98e8e50e,cash
9f68604a-be40-44b3-98b1-4aa54599c57d,ZIC-20260816-0085,62c5814c-09e6-4583-874d-c3660ce3283f,Asad,50.0,0.0,0.0,50.0,50.0,0.0,cash,3,2026-08-16T11:15:07.957958+00:00,003cdfa9-2e53-4bd2-b966-e58c98e8e50e,cash
efa6e769-189f-4669-86cb-d38e45e16d35,ZIC-20260816-0086,62c5814c-09e6-4583-874d-c3660ce3283f,Asad,220.0,0.0,0.0,220.0,220.0,0.0,cash,6,2026-08-16T11:18:02.134463+00:00,003cdfa9-2e53-4bd2-b966-e58c98e8e50e,cash
6d75b132-a858-47f0-82a5-fdcc052a3e4e,ZIC-20260816-0087,62c5814c-09e6-4583-874d-c3660ce3283f,Asad,45.0,0.0,0.0,45.0,45.0,0.0,cash,3,2026-08-16T11:19:17.322994+00:00,003cdfa9-2e53-4bd2-b966-e58c98e8e50e,cash
2e15b913-38d3-4f32-a50f-7ba2c589aa3d,ZIC-20260816-0088,62c5814c-09e6-4583-874d-c3660ce3283f,Asad,10.0,0.0,0.0,10.0,10.0,0.0,cash,1,2026-08-16T11:41:40.543964+00:00,003cdfa9-2e53-4bd2-b966-e58c98e8e50e,cash
d515f823-df42-4f0b-b098-de74c6b5cc73,ZIC-20260816-0089,62c5814c-09e6-4583-874d-c3660ce3283f,Asad,30.0,0.0,0.0,30.0,30.0,0.0,cash,2,2026-08-16T11:43:11.271689+00:00,003cdfa9-2e53-4bd2-b966-e58c98e8e50e,cash
c7f5bcf8-2a4e-43d6-8fb9-9a4ac691198f,ZIC-20260816-0090,62c5814c-09e6-4583-874d-c3660ce3283f,Asad,210.0,0.0,0.0,210.0,210.0,0.0,cash,1,2026-08-16T11:51:33.047552+00:00,003cdfa9-2e53-4bd2-b966-e58c98e8e50e,cash
2092594b-aa64-448d-b755-905067ea0bd5,ZIC-20260816-0091,62c5814c-09e6-4583-874d-c3660ce3283f,Asad,100.0,0.0,0.0,100.0,100.0,0.0,cash,2,2026-08-16T11:57:07.645576+00:00,003cdfa9-2e53-4bd2-b966-e58c98e8e50e,cash
c22a8d10-34a5-4414-a054-1da770225d63,ZIC-20260816-0092,62c5814c-09e6-4583-874d-c3660ce3283f,Asad,530.0,0.0,0.0,530.0,530.0,0.0,cash,9,2026-08-16T11:59:41.820468+00:00,003cdfa9-2e53-4bd2-b966-e58c98e8e50e,cash
5c24af59-80b4-4016-93bd-91c56e51d2a7,ZIC-20260816-0093,62c5814c-09e6-4583-874d-c3660ce3283f,Asad,305.0,0.0,0.0,305.0,305.0,0.0,cash,6,2026-08-16T12:04:56.404903+00:00,003cdfa9-2e53-4bd2-b966-e58c98e8e50e,cash
e4ee2a21-1476-4e19-b5e1-339ff0ec9b7f,ZIC-20260816-0094,62c5814c-09e6-4583-874d-c3660ce3283f,Asad,345.0,0.0,0.0,345.0,345.0,0.0,cash,5,2026-08-16T12:05:54.500816+00:00,003cdfa9-2e53-4bd2-b966-e58c98e8e50e,cash
579d0505-f4f7-4dd1-b24e-2510568bed64,ZIC-20260816-0095,62c5814c-09e6-4583-874d-c3660ce3283f,Asad,90.0,0.0,0.0,90.0,90.0,0.0,cash,6,2026-08-16T12:07:24.940652+00:00,003cdfa9-2e53-4bd2-b966-e58c98e8e50e,cash
91a67344-4d17-4cb5-9a8a-e4a2d16342d2,ZIC-20260816-0096,62c5814c-09e6-4583-874d-c3660ce3283f,Asad,100.0,0.0,0.0,100.0,100.0,0.0,easypasa,1,2026-08-16T12:15:20.038276+00:00,003cdfa9-2e53-4bd2-b966-e58c98e8e50e,cash
e9af915f-bd74-4897-967f-a2ab16b5a319,ZIC-20260816-0097,62c5814c-09e6-4583-874d-c3660ce3283f,Asad,40.0,0.0,0.0,40.0,40.0,0.0,cash,2,2026-08-16T12:16:29.408743+00:00,003cdfa9-2e53-4bd2-b966-e58c98e8e50e,cash
d0b81c5f-14b0-4bb1-b16c-a119efc90daf,ZIC-20260816-0098,62c5814c-09e6-4583-874d-c3660ce3283f,Asad,300.0,0.0,0.0,300.0,300.0,0.0,cash,20,2026-08-16T12:20:03.931801+00:00,003cdfa9-2e53-4bd2-b966-e58c98e8e50e,cash
2c57cc80-3b7c-4285-80b7-60341e9d92d2,ZIC-20260816-0099,62c5814c-09e6-4583-874d-c3660ce3283f,Asad,30.0,0.0,0.0,30.0,30.0,0.0,cash,1,2026-08-16T12:23:04.89488+00:00,003cdfa9-2e53-4bd2-b966-e58c98e8e50e,cash
adc2a16d-162c-4417-8af1-99c8cb215443,ZIC-20260816-0100,62c5814c-09e6-4583-874d-c3660ce3283f,Asad,280.0,0.0,0.0,280.0,280.0,0.0,cash,2,2026-08-16T12:29:04.844283+00:00,003cdfa9-2e53-4bd2-b966-e58c98e8e50e,cash
a937a1e6-f175-47f5-ba58-415fce9568ca,ZIC-20260816-0101,62c5814c-09e6-4583-874d-c3660ce3283f,Asad,330.0,0.0,0.0,330.0,330.0,0.0,cash,6,2026-08-16T12:32:16.945787+00:00,003cdfa9-2e53-4bd2-b966-e58c98e8e50e,cash
8ceda8f2-71e9-49b7-99b0-902cb7819eba,ZIC-20260816-0102,62c5814c-09e6-4583-874d-c3660ce3283f,Asad,180.0,0.0,0.0,180.0,180.0,0.0,cash,2,2026-08-16T12:42:38.126396+00:00,003cdfa9-2e53-4bd2-b966-e58c98e8e50e,cash
698f8981-7d42-4102-940a-6258846470fb,ZIC-20260816-0103,62c5814c-09e6-4583-874d-c3660ce3283f,Asad,10.0,0.0,0.0,10.0,10.0,0.0,cash,2,2026-08-16T13:00:09.007443+00:00,003cdfa9-2e53-4bd2-b966-e58c98e8e50e,cash
a009d67d-7dc4-4749-bcb2-747243813b15,ZIC-20260816-0104,62c5814c-09e6-4583-874d-c3660ce3283f,Asad,20.0,0.0,0.0,20.0,20.0,0.0,cash,2,2026-08-16T13:04:36.851195+00:00,003cdfa9-2e53-4bd2-b966-e58c98e8e50e,cash
88a13f37-2ba3-4100-ac08-f51f68fc573d,ZIC-20260816-0105,62c5814c-09e6-4583-874d-c3660ce3283f,Asad,100.0,0.0,0.0,100.0,100.0,0.0,cash,7,2026-08-16T13:16:20.293997+00:00,003cdfa9-2e53-4bd2-b966-e58c98e8e50e,cash
38469c40-24d4-4fd5-a7c9-3b0a767e883e,ZIC-20260816-0106,62c5814c-09e6-4583-874d-c3660ce3283f,Asad,10.0,0.0,0.0,10.0,10.0,0.0,cash,2,2026-08-16T13:24:28.406595+00:00,003cdfa9-2e53-4bd2-b966-e58c98e8e50e,cash
ab4bcfba-991d-405c-a697-3fd35a38255c,ZIC-20260816-0107,62c5814c-09e6-4583-874d-c3660ce3283f,Asad,400.0,0.0,0.0,400.0,400.0,0.0,cash,5,2026-08-16T13:39:02.518977+00:00,003cdfa9-2e53-4bd2-b966-e58c98e8e50e,cash
12832115-0878-4b18-b654-3058283eec2c,ZIC-20260816-0108,62c5814c-09e6-4583-874d-c3660ce3283f,Asad,30.0,0.0,0.0,30.0,30.0,0.0,cash,1,2026-08-16T13:39:23.976159+00:00,003cdfa9-2e53-4bd2-b966-e58c98e8e50e,cash
21b2ffa3-a122-4af7-903d-6951a2a83dd1,ZIC-20260816-0109,62c5814c-09e6-4583-874d-c3660ce3283f,Asad,100.0,0.0,0.0,100.0,100.0,0.0,cash,2,2026-08-16T13:41:42.419841+00:00,003cdfa9-2e53-4bd2-b966-e58c98e8e50e,cash
5bf24acd-3a12-4d8a-9df8-29584a8edef1,ZIC-20260816-0110,62c5814c-09e6-4583-874d-c3660ce3283f,Asad,20.0,0.0,0.0,20.0,20.0,0.0,cash,4,2026-08-16T13:47:22.131185+00:00,003cdfa9-2e53-4bd2-b966-e58c98e8e50e,cash
58245285-5a22-4d33-a00b-955587429470,ZIC-20260816-0111,62c5814c-09e6-4583-874d-c3660ce3283f,Asad,65.0,0.0,0.0,65.0,65.0,0.0,cash,5,2026-08-16T13:48:05.875753+00:00,003cdfa9-2e53-4bd2-b966-e58c98e8e50e,cash
369056f0-65b1-4496-9301-47e62c98082c,ZIC-20260816-0112,62c5814c-09e6-4583-874d-c3660ce3283f,Asad,30.0,0.0,0.0,30.0,30.0,0.0,cash,2,2026-08-16T13:49:04.189741+00:00,003cdfa9-2e53-4bd2-b966-e58c98e8e50e,cash
0ab31c47-4525-46ed-98c7-9402005e1397,ZIC-20260816-0113,62c5814c-09e6-4583-874d-c3660ce3283f,Asad,450.0,0.0,0.0,450.0,450.0,0.0,cash,21,2026-08-16T13:56:12.863234+00:00,003cdfa9-2e53-4bd2-b966-e58c98e8e50e,cash
0211c6c5-8a97-4925-9f60-ba2823f30c2b,ZIC-20260816-0114,62c5814c-09e6-4583-874d-c3660ce3283f,Asad,50.0,0.0,0.0,50.0,50.0,0.0,cash,4,2026-08-16T13:59:32.316254+00:00,003cdfa9-2e53-4bd2-b966-e58c98e8e50e,cash
445bcbd3-a38e-4379-8701-a72f0f492edf,ZIC-20260816-0115,62c5814c-09e6-4583-874d-c3660ce3283f,Asad,10.0,0.0,0.0,10.0,10.0,0.0,cash,1,2026-08-16T14:18:29.569372+00:00,003cdfa9-2e53-4bd2-b966-e58c98e8e50e,cash
eb5a7b8f-39e8-4c7c-a045-54c9994b9c7e,ZIC-20260816-0116,f686d4d0-3678-467e-9535-3d5f1309c328,Cashier 1,680.0,0.0,0.0,680.0,680.0,0.0,cash,22,2026-08-16T14:36:22.373846+00:00,b062c998-bc7f-49b5-8665-1c7fd4724790,cash
1708e57d-8405-4d76-87d6-c232ebf5aac8,ZIC-20260816-0117,f686d4d0-3678-467e-9535-3d5f1309c328,Cashier 1,150.0,0.0,0.0,150.0,150.0,0.0,cash,3,2026-08-16T14:37:28.388+00:00,b062c998-bc7f-49b5-8665-1c7fd4724790,cash
469dc34d-6a41-42ea-9cf0-1676340d5cb0,ZIC-20260816-0118,f686d4d0-3678-467e-9535-3d5f1309c328,Cashier 1,200.0,0.0,0.0,200.0,200.0,0.0,cash,2,2026-08-16T14:48:17.42918+00:00,b062c998-bc7f-49b5-8665-1c7fd4724790,cash
7ff3ff4d-974c-4ce2-9d27-2659cb736e6f,ZIC-20260816-0119,f686d4d0-3678-467e-9535-3d5f1309c328,Cashier 1,20.0,0.0,0.0,20.0,20.0,0.0,cash,2,2026-08-16T14:55:39.8623+00:00,b062c998-bc7f-49b5-8665-1c7fd4724790,cash
1bc19286-56f6-4b44-a81e-9e55123db2c7,ZIC-20260816-0120,f686d4d0-3678-467e-9535-3d5f1309c328,Cashier 1,280.0,0.0,0.0,280.0,280.0,0.0,cash,3,2026-08-16T15:07:04.711293+00:00,b062c998-bc7f-49b5-8665-1c7fd4724790,cash
3758549a-93c7-4d01-a5fc-36026a151733,ZIC-20260816-0121,f686d4d0-3678-467e-9535-3d5f1309c328,Cashier 1,90.0,0.0,0.0,90.0,90.0,0.0,cash,3,2026-08-16T15:09:24.539461+00:00,b062c998-bc7f-49b5-8665-1c7fd4724790,cash
cfdccff2-e7e8-46a7-9e41-d6a276829143,ZIC-20260816-0122,f686d4d0-3678-467e-9535-3d5f1309c328,Cashier 1,50.0,0.0,0.0,50.0,50.0,0.0,cash,1,2026-08-16T15:19:30.608636+00:00,b062c998-bc7f-49b5-8665-1c7fd4724790,cash
6d756cd7-00f7-4231-aa76-fe4133b97986,ZIC-20260816-0123,f686d4d0-3678-467e-9535-3d5f1309c328,Cashier 1,210.0,0.0,0.0,210.0,210.0,0.0,cash,1,2026-08-16T15:31:45.342164+00:00,b062c998-bc7f-49b5-8665-1c7fd4724790,cash
7781af3b-bffc-4e92-a629-6d0c5bdc9a49,ZIC-20260816-0124,f686d4d0-3678-467e-9535-3d5f1309c328,Cashier 1,250.0,0.0,0.0,250.0,250.0,0.0,cash,7,2026-08-16T15:34:34.75029+00:00,b062c998-bc7f-49b5-8665-1c7fd4724790,cash
592c8ab7-ba5f-4661-ba0d-b08216e28e81,ZIC-20260816-0125,f686d4d0-3678-467e-9535-3d5f1309c328,Cashier 1,250.0,0.0,0.0,250.0,250.0,0.0,cash,21,2026-08-16T15:41:25.083328+00:00,b062c998-bc7f-49b5-8665-1c7fd4724790,cash
ff0629dc-dd6f-48af-bae9-1abdbb3e562d,ZIC-20260816-0126,f686d4d0-3678-467e-9535-3d5f1309c328,Cashier 1,230.0,0.0,0.0,230.0,230.0,0.0,cash,2,2026-08-16T15:49:18.99865+00:00,b062c998-bc7f-49b5-8665-1c7fd4724790,cash
3d104267-e000-475a-9f4b-3f790608c1e3,ZIC-20260816-0127,f686d4d0-3678-467e-9535-3d5f1309c328,Cashier 1,170.0,0.0,0.0,170.0,170.0,0.0,cash,3,2026-08-16T16:03:52.925927+00:00,b062c998-bc7f-49b5-8665-1c7fd4724790,cash
fbd19f49-bb0b-48aa-8f3a-b741d145d726,ZIC-20260816-0128,f686d4d0-3678-467e-9535-3d5f1309c328,Cashier 1,30.0,0.0,0.0,30.0,30.0,0.0,cash,1,2026-08-16T16:04:13.892449+00:00,b062c998-bc7f-49b5-8665-1c7fd4724790,cash
87fd4867-1c69-4187-813e-fb5ab904f5df,ZIC-20260816-0129,f686d4d0-3678-467e-9535-3d5f1309c328,Cashier 1,320.0,0.0,0.0,320.0,320.0,0.0,cash,5,2026-08-16T16:16:19.593314+00:00,b062c998-bc7f-49b5-8665-1c7fd4724790,cash
abbbbceb-8f18-47f4-8f23-b6d3a2355e40,ZIC-20260816-0130,f686d4d0-3678-467e-9535-3d5f1309c328,Cashier 1,1740.0,0.0,240.0,1500.0,1500.0,0.0,cash,32,2026-08-16T16:23:48.740998+00:00,b062c998-bc7f-49b5-8665-1c7fd4724790,cash
7257b33e-1de7-41aa-b3d0-717b379b3197,ZIC-20260816-0131,f686d4d0-3678-467e-9535-3d5f1309c328,Cashier 1,20.0,0.0,0.0,20.0,20.0,0.0,cash,2,2026-08-16T16:25:31.050714+00:00,b062c998-bc7f-49b5-8665-1c7fd4724790,cash
c6610169-ebd5-41dc-af9b-d96de9ca6769,ZIC-20260816-0132,f686d4d0-3678-467e-9535-3d5f1309c328,Cashier 1,155.0,0.0,0.0,155.0,155.0,0.0,card,7,2026-08-16T16:30:32.374613+00:00,b062c998-bc7f-49b5-8665-1c7fd4724790,card
b4a0ee00-27d1-4479-b59e-e3b8bd5c0a03,ZIC-20260816-0133,f686d4d0-3678-467e-9535-3d5f1309c328,Cashier 1,40.0,0.0,0.0,40.0,40.0,0.0,cash,4,2026-08-16T16:32:40.25177+00:00,b062c998-bc7f-49b5-8665-1c7fd4724790,cash
f7442326-dbb1-4211-bbd1-83321395efab,ZIC-20260816-0134,f686d4d0-3678-467e-9535-3d5f1309c328,Cashier 1,280.0,0.0,0.0,280.0,280.0,0.0,cash,12,2026-08-16T16:34:37.377843+00:00,b062c998-bc7f-49b5-8665-1c7fd4724790,cash
5bd643be-5276-4853-bfc2-013a461dd029,ZIC-20260816-0135,f686d4d0-3678-467e-9535-3d5f1309c328,Cashier 1,4000.0,0.0,3300.0,700.0,700.0,0.0,cash,2,2026-08-16T16:37:30.13762+00:00,b062c998-bc7f-49b5-8665-1c7fd4724790,cash
2f5d1b77-59d8-45fd-8a16-e4443a32843b,ZIC-20260816-0136,f686d4d0-3678-467e-9535-3d5f1309c328,Cashier 1,240.0,0.0,0.0,240.0,240.0,0.0,cash,4,2026-08-16T16:39:30.320871+00:00,b062c998-bc7f-49b5-8665-1c7fd4724790,cash
ba3b5dc6-6049-47e8-bc23-9451fb4e9b11,ZIC-20260816-0137,f686d4d0-3678-467e-9535-3d5f1309c328,Cashier 1,20.0,0.0,0.0,20.0,20.0,0.0,cash,2,2026-08-16T16:41:13.196878+00:00,b062c998-bc7f-49b5-8665-1c7fd4724790,cash
a828f5bc-103e-45b4-875a-d4b7a8f27555,ZIC-20260816-0138,f686d4d0-3678-467e-9535-3d5f1309c328,Cashier 1,100.0,0.0,0.0,100.0,100.0,0.0,cash,8,2026-08-16T16:43:22.941216+00:00,b062c998-bc7f-49b5-8665-1c7fd4724790,cash
a47b3d6d-a35f-46b0-941a-3ba0dc747d47,ZIC-20260816-0139,f686d4d0-3678-467e-9535-3d5f1309c328,Cashier 1,250.0,0.0,0.0,250.0,250.0,0.0,cash,7,2026-08-16T16:55:54.283225+00:00,b062c998-bc7f-49b5-8665-1c7fd4724790,cash
917adfe1-0a02-43ac-868c-544484d99444,ZIC-20260816-0140,f686d4d0-3678-467e-9535-3d5f1309c328,Cashier 1,90.0,0.0,0.0,90.0,90.0,0.0,cash,2,2026-08-16T17:27:34.829386+00:00,b062c998-bc7f-49b5-8665-1c7fd4724790,cash
931782f4-0173-447b-bdc6-7b0a13bfad38,ZIC-20260816-0141,f686d4d0-3678-467e-9535-3d5f1309c328,Cashier 1,30.0,0.0,0.0,30.0,30.0,0.0,cash,1,2026-08-16T17:28:08.385059+00:00,b062c998-bc7f-49b5-8665-1c7fd4724790,cash
4c63737a-8d3d-427a-98f5-5908482e039c,ZIC-20260816-0142,f686d4d0-3678-467e-9535-3d5f1309c328,Cashier 1,110.0,0.0,0.0,110.0,110.0,0.0,cash,1,2026-08-16T17:29:51.86764+00:00,b062c998-bc7f-49b5-8665-1c7fd4724790,cash
95b88ba2-0893-486f-8df1-f45a1f6979ab,ZIC-20260816-0143,f686d4d0-3678-467e-9535-3d5f1309c328,Cashier 1,80.0,0.0,0.0,80.0,80.0,0.0,cash,2,2026-08-16T17:47:03.493321+00:00,b062c998-bc7f-49b5-8665-1c7fd4724790,cash
5f3ac7cd-1853-4a4f-9576-bf40fac484ab,ZIC-20260816-0144,f686d4d0-3678-467e-9535-3d5f1309c328,Cashier 1,200.0,0.0,0.0,200.0,200.0,0.0,cash,4,2026-08-16T17:49:13.608152+00:00,b062c998-bc7f-49b5-8665-1c7fd4724790,cash
93aa60ec-e0e7-495c-b7e5-d8996d4fedda,ZIC-20260816-0145,f686d4d0-3678-467e-9535-3d5f1309c328,Cashier 1,200.0,0.0,0.0,200.0,200.0,0.0,cash,3,2026-08-16T17:51:41.141116+00:00,b062c998-bc7f-49b5-8665-1c7fd4724790,cash
3e0ab30d-502b-4978-8881-9992ded866cc,ZIC-20260816-0146,f686d4d0-3678-467e-9535-3d5f1309c328,Cashier 1,40.0,0.0,0.0,40.0,40.0,0.0,cash,3,2026-08-16T17:53:36.510148+00:00,b062c998-bc7f-49b5-8665-1c7fd4724790,cash
e950607f-06d4-43b9-8630-f313d51fd9b5,ZIC-20260816-0147,f686d4d0-3678-467e-9535-3d5f1309c328,Cashier 1,90.0,0.0,0.0,90.0,90.0,0.0,cash,1,2026-08-16T17:57:34.520166+00:00,b062c998-bc7f-49b5-8665-1c7fd4724790,cash
bd11066e-96b2-4f79-983d-c4f38969ded0,ZIC-20260816-0148,f686d4d0-3678-467e-9535-3d5f1309c328,Cashier 1,960.0,0.0,0.0,960.0,960.0,0.0,cash,36,2026-08-16T18:17:18.55018+00:00,b062c998-bc7f-49b5-8665-1c7fd4724790,cash
ceaaff54-a832-4476-bfa6-12bbc3850728,ZIC-20260816-0149,f686d4d0-3678-467e-9535-3d5f1309c328,Cashier 1,200.0,0.0,0.0,200.0,200.0,0.0,cash,8,2026-08-16T18:28:49.250558+00:00,b062c998-bc7f-49b5-8665-1c7fd4724790,cash
290ca57b-6d2d-4a61-b6ce-43eb08a210d3,ZIC-20260816-0150,f686d4d0-3678-467e-9535-3d5f1309c328,Cashier 1,100.0,0.0,0.0,100.0,100.0,0.0,cash,2,2026-08-16T18:29:12.166509+00:00,b062c998-bc7f-49b5-8665-1c7fd4724790,cash
49a50406-5d13-4ace-9033-364724f8871e,ZIC-20260816-0151,f686d4d0-3678-467e-9535-3d5f1309c328,Cashier 1,40.0,0.0,0.0,40.0,40.0,0.0,cash,1,2026-08-16T18:37:40.198056+00:00,b062c998-bc7f-49b5-8665-1c7fd4724790,cash
bdd44dd1-6b1e-4ea9-945d-b18ae9b850b1,ZIC-20260816-0152,f686d4d0-3678-467e-9535-3d5f1309c328,Cashier 1,220.0,0.0,0.0,220.0,220.0,0.0,cash,3,2026-08-16T18:42:39.226782+00:00,b062c998-bc7f-49b5-8665-1c7fd4724790,cash
a1b602dc-71c8-4e17-83d3-815a9cc6762c,ZIC-20260816-0153,f686d4d0-3678-467e-9535-3d5f1309c328,Cashier 1,50.0,0.0,0.0,50.0,50.0,0.0,cash,1,2026-08-16T19:51:05.553685+00:00,b062c998-bc7f-49b5-8665-1c7fd4724790,cash
170e02a9-dc30-470f-8ff0-e8dbcef29d2b,ZIC-20260816-0154,f686d4d0-3678-467e-9535-3d5f1309c328,Cashier 1,100.0,0.0,0.0,100.0,100.0,0.0,cash,1,2026-08-16T20:01:21.626486+00:00,b062c998-bc7f-49b5-8665-1c7fd4724790,cash
37e2d9a5-6c46-40e0-8718-b67319b2d658,ZIC-20260816-0155,f686d4d0-3678-467e-9535-3d5f1309c328,Cashier 1,50.0,0.0,0.0,50.0,50.0,0.0,cash,3,2026-08-16T20:01:39.068211+00:00,b062c998-bc7f-49b5-8665-1c7fd4724790,cash
b6b81106-d3dc-4680-958d-44dcfa293693,ZIC-20260816-0156,f686d4d0-3678-467e-9535-3d5f1309c328,Cashier 1,50.0,0.0,0.0,50.0,50.0,0.0,cash,4,2026-08-16T20:05:25.335196+00:00,b062c998-bc7f-49b5-8665-1c7fd4724790,cash
adbffd43-6e0f-47b5-961c-e3a65fa9adfb,ZIC-20260816-0157,f686d4d0-3678-467e-9535-3d5f1309c328,Cashier 1,120.0,0.0,0.0,120.0,120.0,0.0,cash,8,2026-08-16T20:15:06.576008+00:00,b062c998-bc7f-49b5-8665-1c7fd4724790,cash
5ae57daa-1e1c-4bf7-ae40-0466faf775c8,ZIC-20260816-0158,f686d4d0-3678-467e-9535-3d5f1309c328,Cashier 1,550.0,0.0,0.0,550.0,550.0,0.0,cash,1,2026-08-16T20:29:56.240829+00:00,b062c998-bc7f-49b5-8665-1c7fd4724790,cash
b529bdfe-2d1c-4c30-baf5-60a388117eb8,ZIC-20260816-0159,f686d4d0-3678-467e-9535-3d5f1309c328,Cashier 1,120.0,0.0,0.0,120.0,120.0,0.0,cash,9,2026-08-16T20:39:08.746143+00:00,b062c998-bc7f-49b5-8665-1c7fd4724790,cash
d070d977-d3e5-4bcf-9e66-1763911b29e1,ZIC-20260816-0160,f686d4d0-3678-467e-9535-3d5f1309c328,Cashier 1,260.0,0.0,0.0,260.0,260.0,0.0,cash,6,2026-08-16T20:43:16.959399+00:00,b062c998-bc7f-49b5-8665-1c7fd4724790,cash
c2354a8e-66aa-4d2d-a885-fbdda6399be5,ZIC-20260816-0161,f686d4d0-3678-467e-9535-3d5f1309c328,Cashier 1,240.0,0.0,0.0,240.0,240.0,0.0,cash,4,2026-08-16T20:44:55.855249+00:00,b062c998-bc7f-49b5-8665-1c7fd4724790,cash
b68a4b80-2e32-4457-8bfb-4e22f29b35c7,ZIC-20260816-0162,f686d4d0-3678-467e-9535-3d5f1309c328,Cashier 1,60.0,0.0,0.0,60.0,60.0,0.0,cash,1,2026-08-16T20:46:48.674427+00:00,b062c998-bc7f-49b5-8665-1c7fd4724790,cash
4eec057e-cfe6-4f0c-979a-892d3c72e9c4,ZIC-20260816-0163,f686d4d0-3678-467e-9535-3d5f1309c328,Cashier 1,380.0,0.0,0.0,380.0,380.0,0.0,cash,1,2026-08-16T20:47:50.084621+00:00,b062c998-bc7f-49b5-8665-1c7fd4724790,cash
666447c7-fae8-4da1-8174-c28871208890,ZIC-20260816-0164,f686d4d0-3678-467e-9535-3d5f1309c328,Cashier 1,440.0,0.0,0.0,440.0,440.0,0.0,cash,12,2026-08-16T20:56:20.637455+00:00,b062c998-bc7f-49b5-8665-1c7fd4724790,cash
4d9067de-7ec5-4320-ab5f-e9858c636b61,ZIC-20260816-0165,f686d4d0-3678-467e-9535-3d5f1309c328,Cashier 1,90.0,0.0,0.0,90.0,90.0,0.0,easypasa,6,2026-08-16T21:15:06.786564+00:00,b062c998-bc7f-49b5-8665-1c7fd4724790,cash
0372dd4a-4cb1-47b2-a107-db1a72a5609d,ZIC-20260816-0166,f686d4d0-3678-467e-9535-3d5f1309c328,Cashier 1,150.0,0.0,0.0,150.0,150.0,0.0,cash,12,2026-08-16T22:07:02.5735+00:00,b062c998-bc7f-49b5-8665-1c7fd4724790,cash
5c594d25-fe20-467c-afda-c497faf12c6c,ZIC-20260816-0167,f686d4d0-3678-467e-9535-3d5f1309c328,Cashier 1,20.0,0.0,0.0,20.0,20.0,0.0,cash,2,2026-08-16T22:14:28.486447+00:00,b062c998-bc7f-49b5-8665-1c7fd4724790,cash
3e59fc9b-561f-4614-8616-b51c0748bd36,ZIC-20260816-0168,f686d4d0-3678-467e-9535-3d5f1309c328,Cashier 1,80.0,0.0,0.0,80.0,80.0,0.0,easypasa,5,2026-08-16T22:44:01.699821+00:00,b062c998-bc7f-49b5-8665-1c7fd4724790,cash
6410068b-f5ac-432f-962f-e562c6f4b6a9,ZIC-20260816-0169,f686d4d0-3678-467e-9535-3d5f1309c328,Cashier 1,30.0,0.0,0.0,30.0,30.0,0.0,cash,2,2026-08-16T23:28:13.488432+00:00,b062c998-bc7f-49b5-8665-1c7fd4724790,cash
3519c978-b00e-4c3f-a82b-a64193c622cb,ZIC-20260817-0001,f686d4d0-3678-467e-9535-3d5f1309c328,Cashier 1,50.0,0.0,0.0,50.0,50.0,0.0,cash,1,2026-08-17T00:42:38.06779+00:00,b062c998-bc7f-49b5-8665-1c7fd4724790,cash
63640400-8498-41a3-863e-1d27ba4d0f5b,ZIC-20260817-0002,f686d4d0-3678-467e-9535-3d5f1309c328,Cashier 1,50.0,0.0,0.0,50.0,50.0,0.0,cash,1,2026-08-17T00:54:20.004356+00:00,b062c998-bc7f-49b5-8665-1c7fd4724790,cash
b1b9cdd9-9775-4e05-b089-40fe1f71ef57,ZIC-20260817-0003,f686d4d0-3678-467e-9535-3d5f1309c328,Cashier 1,200.0,0.0,0.0,200.0,200.0,0.0,cash,1,2026-08-17T01:20:32.452116+00:00,b062c998-bc7f-49b5-8665-1c7fd4724790,cash
db1af1c5-74e3-406c-a910-4314544ff9ca,ZIC-20260817-0004,f686d4d0-3678-467e-9535-3d5f1309c328,Cashier 1,80.0,0.0,0.0,80.0,80.0,0.0,cash,5,2026-08-17T01:56:52.845717+00:00,b062c998-bc7f-49b5-8665-1c7fd4724790,cash
70c9cfcf-6c31-4f20-9928-18713c3798c5,ZIC-20260817-0005,f686d4d0-3678-467e-9535-3d5f1309c328,Cashier 1,100.0,0.0,0.0,100.0,100.0,0.0,cash,1,2026-08-17T02:26:31.607485+00:00,b062c998-bc7f-49b5-8665-1c7fd4724790,cash
657f184c-e4c9-4de2-a74f-994730bb181c,ZIC-20260817-0006,f686d4d0-3678-467e-9535-3d5f1309c328,Cashier 1,240.0,0.0,0.0,240.0,240.0,0.0,cash,4,2026-08-17T02:33:38.165999+00:00,b062c998-bc7f-49b5-8665-1c7fd4724790,cash
95e95586-46a4-4461-b6db-a70593913f26,ZIC-20260817-0007,f686d4d0-3678-467e-9535-3d5f1309c328,Cashier 1,100.0,0.0,0.0,100.0,100.0,0.0,cash,3,2026-08-17T02:51:39.172539+00:00,b062c998-bc7f-49b5-8665-1c7fd4724790,cash
32e9bcca-443e-463c-ab84-2fa2da809e06,ZIC-20260817-0008,62c5814c-09e6-4583-874d-c3660ce3283f,Asad,50.0,0.0,0.0,50.0,50.0,0.0,cash,1,2026-08-17T03:25:25.781192+00:00,3479e096-5738-47ac-93ff-548bae6864ac,cash
e842b33a-d857-4eb1-a7c5-1e6d6f5d2e11,ZIC-20260817-0009,62c5814c-09e6-4583-874d-c3660ce3283f,Asad,170.0,0.0,0.0,170.0,170.0,0.0,cash,5,2026-08-17T03:29:00.877396+00:00,3479e096-5738-47ac-93ff-548bae6864ac,cash
5182f09d-e091-4b41-ac24-62e30f24b35d,ZIC-20260817-0010,62c5814c-09e6-4583-874d-c3660ce3283f,Asad,50.0,0.0,0.0,50.0,50.0,0.0,cash,1,2026-08-17T03:46:40.653485+00:00,3479e096-5738-47ac-93ff-548bae6864ac,cash
719eb233-3392-4d39-b0ab-c57a1f3a9a71,ZIC-20260817-0011,62c5814c-09e6-4583-874d-c3660ce3283f,Asad,60.0,0.0,0.0,60.0,60.0,0.0,cash,4,2026-08-17T04:00:03.34137+00:00,3479e096-5738-47ac-93ff-548bae6864ac,cash
57d5a9f5-35c6-463e-bbb3-0f97394c9ac5,ZIC-20260817-0012,62c5814c-09e6-4583-874d-c3660ce3283f,Asad,20.0,0.0,0.0,20.0,20.0,0.0,cash,1,2026-08-17T04:40:43.995168+00:00,3479e096-5738-47ac-93ff-548bae6864ac,cash
a861d878-3104-4117-b456-f2b4fbd95edd,ZIC-20260817-0013,62c5814c-09e6-4583-874d-c3660ce3283f,Asad,20.0,0.0,0.0,20.0,20.0,0.0,cash,2,2026-08-17T04:40:58.407408+00:00,3479e096-5738-47ac-93ff-548bae6864ac,cash
b3dc8212-781b-4b2f-9248-55f80d7c4543,ZIC-20260817-0014,62c5814c-09e6-4583-874d-c3660ce3283f,Asad,230.0,0.0,0.0,230.0,230.0,0.0,cash,2,2026-08-17T05:11:58.153689+00:00,3479e096-5738-47ac-93ff-548bae6864ac,cash
596a19be-43ee-429f-9815-26ca41ee769a,ZIC-20260817-0015,62c5814c-09e6-4583-874d-c3660ce3283f,Asad,30.0,0.0,0.0,30.0,30.0,0.0,cash,2,2026-08-17T05:13:08.37496+00:00,3479e096-5738-47ac-93ff-548bae6864ac,cash
237ceee3-3d85-4d86-922d-45e6430f1d63,ZIC-20260817-0016,62c5814c-09e6-4583-874d-c3660ce3283f,Asad,45.0,0.0,0.0,45.0,45.0,0.0,cash,3,2026-08-17T05:23:00.132229+00:00,3479e096-5738-47ac-93ff-548bae6864ac,cash
fb598278-ce0a-4553-aaaa-2845ac675965,ZIC-20260817-0017,62c5814c-09e6-4583-874d-c3660ce3283f,Asad,105.0,0.0,5.0,100.0,100.0,0.0,cash,7,2026-08-17T05:23:40.069267+00:00,3479e096-5738-47ac-93ff-548bae6864ac,cash
f2abdd92-4e84-4bd4-8951-bccd25f951f7,ZIC-20260817-0018,62c5814c-09e6-4583-874d-c3660ce3283f,Asad,40.0,0.0,0.0,40.0,40.0,0.0,cash,3,2026-08-17T05:24:51.337342+00:00,3479e096-5738-47ac-93ff-548bae6864ac,cash
f6cd2a7b-6608-44d1-a27a-b9c65a7c64c5,ZIC-20260817-0019,62c5814c-09e6-4583-874d-c3660ce3283f,Asad,30.0,0.0,0.0,30.0,30.0,0.0,cash,5,2026-08-17T05:26:11.840301+00:00,3479e096-5738-47ac-93ff-548bae6864ac,cash
d732a7b9-ccbd-4b8e-a6e8-9b971a73d89b,ZIC-20260817-0020,62c5814c-09e6-4583-874d-c3660ce3283f,Asad,140.0,0.0,0.0,140.0,140.0,0.0,cash,10,2026-08-17T05:27:41.360524+00:00,3479e096-5738-47ac-93ff-548bae6864ac,cash
2d89e51b-813e-4f15-a0c8-1fc23f0e6a7c,ZIC-20260817-0021,62c5814c-09e6-4583-874d-c3660ce3283f,Asad,45.0,0.0,0.0,45.0,45.0,0.0,cash,3,2026-08-17T05:31:45.054537+00:00,3479e096-5738-47ac-93ff-548bae6864ac,cash
a6e08475-2338-4935-b121-c75c4733393e,ZIC-20260817-0022,62c5814c-09e6-4583-874d-c3660ce3283f,Asad,230.0,0.0,0.0,230.0,230.0,0.0,cash,3,2026-08-17T05:35:06.621721+00:00,3479e096-5738-47ac-93ff-548bae6864ac,cash
64019bec-c4e2-4d53-9f0c-661c19c28004,ZIC-20260817-0023,62c5814c-09e6-4583-874d-c3660ce3283f,Asad,150.0,0.0,0.0,150.0,150.0,0.0,cash,4,2026-08-17T05:45:22.115117+00:00,3479e096-5738-47ac-93ff-548bae6864ac,cash
d0ee7b80-a4e5-4267-90d6-c98beb0e2f2a,ZIC-20260817-0024,62c5814c-09e6-4583-874d-c3660ce3283f,Asad,360.0,0.0,0.0,360.0,360.0,0.0,cash,2,2026-08-17T05:56:02.583847+00:00,3479e096-5738-47ac-93ff-548bae6864ac,cash
2e7a83f8-6279-42b9-af03-89a81768dc51,ZIC-20260817-0025,62c5814c-09e6-4583-874d-c3660ce3283f,Asad,200.0,0.0,0.0,200.0,200.0,0.0,cash,3,2026-08-17T05:57:12.92022+00:00,3479e096-5738-47ac-93ff-548bae6864ac,cash
74ebb904-9d91-424b-bb81-9ae8f8163a07,ZIC-20260817-0026,62c5814c-09e6-4583-874d-c3660ce3283f,Asad,75.0,0.0,0.0,75.0,75.0,0.0,cash,2,2026-08-17T06:01:24.124225+00:00,3479e096-5738-47ac-93ff-548bae6864ac,cash
b8bd4984-fe24-4eb7-8cad-11b0c9246168,ZIC-20260817-0027,62c5814c-09e6-4583-874d-c3660ce3283f,Asad,20.0,0.0,0.0,20.0,20.0,0.0,cash,3,2026-08-17T06:04:26.566392+00:00,3479e096-5738-47ac-93ff-548bae6864ac,cash
11007f23-5200-4ea2-ba24-b31f9e985d33,ZIC-20260817-0028,62c5814c-09e6-4583-874d-c3660ce3283f,Asad,30.0,0.0,0.0,30.0,30.0,0.0,cash,2,2026-08-17T06:06:18.380261+00:00,3479e096-5738-47ac-93ff-548bae6864ac,cash
2c36947d-e979-4c52-93f4-a8c2b97187ac,ZIC-20260817-0029,62c5814c-09e6-4583-874d-c3660ce3283f,Asad,20.0,0.0,0.0,20.0,20.0,0.0,cash,2,2026-08-17T06:10:36.999548+00:00,3479e096-5738-47ac-93ff-548bae6864ac,cash
bdd4b77e-461c-4c5c-9e41-9a7f5fbc2c77,ZIC-20260817-0030,62c5814c-09e6-4583-874d-c3660ce3283f,Asad,710.0,0.0,10.0,700.0,700.0,0.0,cash,21,2026-08-17T06:15:20.552778+00:00,3479e096-5738-47ac-93ff-548bae6864ac,cash
cf3f9c1e-d058-4951-99ec-7abc319daea9,ZIC-20260817-0031,62c5814c-09e6-4583-874d-c3660ce3283f,Asad,40.0,0.0,0.0,40.0,40.0,0.0,cash,1,2026-08-17T06:41:18.602891+00:00,3479e096-5738-47ac-93ff-548bae6864ac,cash
7673048d-618e-4d57-ab80-c7829fa581dc,ZIC-20260817-0032,62c5814c-09e6-4583-874d-c3660ce3283f,Asad,80.0,0.0,0.0,80.0,80.0,0.0,cash,7,2026-08-17T06:57:20.543826+00:00,3479e096-5738-47ac-93ff-548bae6864ac,cash
68daeb91-872e-48c7-9ae9-ffab0dd1398d,ZIC-20260817-0033,62c5814c-09e6-4583-874d-c3660ce3283f,Asad,360.0,0.0,0.0,360.0,360.0,0.0,cash,3,2026-08-17T07:30:09.542993+00:00,3479e096-5738-47ac-93ff-548bae6864ac,cash
7bb129e6-3173-4806-bd60-bacd759d38f4,ZIC-20260817-0034,62c5814c-09e6-4583-874d-c3660ce3283f,Asad,810.0,0.0,0.0,810.0,810.0,0.0,cash,3,2026-08-17T07:31:39.607735+00:00,3479e096-5738-47ac-93ff-548bae6864ac,cash
9a62fdb1-2762-4893-ae56-9f3e4391ba1c,ZIC-20260817-0035,62c5814c-09e6-4583-874d-c3660ce3283f,Asad,360.0,0.0,0.0,360.0,360.0,0.0,cash,4,2026-08-17T07:46:54.829907+00:00,3479e096-5738-47ac-93ff-548bae6864ac,cash
1f6e348f-772a-433b-9439-5b86dc2e130e,ZIC-20260817-0036,62c5814c-09e6-4583-874d-c3660ce3283f,Asad,260.0,0.0,0.0,260.0,260.0,0.0,cash,8,2026-08-17T07:55:56.045168+00:00,3479e096-5738-47ac-93ff-548bae6864ac,cash
8067099c-351e-4075-9588-96180c921189,ZIC-20260817-0037,62c5814c-09e6-4583-874d-c3660ce3283f,Asad,20.0,0.0,0.0,20.0,20.0,0.0,cash,2,2026-08-17T07:56:59.369014+00:00,3479e096-5738-47ac-93ff-548bae6864ac,cash
eebf01b3-4746-49b1-94b9-254d8b6a8191,ZIC-20260817-0038,62c5814c-09e6-4583-874d-c3660ce3283f,Asad,10.0,0.0,0.0,10.0,10.0,0.0,cash,1,2026-08-17T07:57:35.541263+00:00,3479e096-5738-47ac-93ff-548bae6864ac,cash
4516257e-91cd-4499-a227-25f29c85f4e6,ZIC-20260817-0039,62c5814c-09e6-4583-874d-c3660ce3283f,Asad,400.0,0.0,0.0,400.0,400.0,0.0,cash,4,2026-08-17T08:03:48.876658+00:00,3479e096-5738-47ac-93ff-548bae6864ac,cash
c15ed826-cd49-443f-a033-8d8e7db78192,ZIC-20260817-0040,62c5814c-09e6-4583-874d-c3660ce3283f,Asad,120.0,0.0,0.0,120.0,120.0,0.0,cash,1,2026-08-17T08:15:31.184059+00:00,3479e096-5738-47ac-93ff-548bae6864ac,cash
b7953a04-558c-4a1d-b786-ff766a71084f,ZIC-20260817-0041,62c5814c-09e6-4583-874d-c3660ce3283f,Asad,100.0,0.0,0.0,100.0,100.0,0.0,cash,5,2026-08-17T08:17:00.079054+00:00,3479e096-5738-47ac-93ff-548bae6864ac,cash
59b70662-5dee-41dd-89e7-5a8e855bc618,ZIC-20260817-0042,62c5814c-09e6-4583-874d-c3660ce3283f,Asad,50.0,0.0,0.0,50.0,50.0,0.0,cash,3,2026-08-17T08:22:05.121192+00:00,3479e096-5738-47ac-93ff-548bae6864ac,cash
3024d16e-a365-4fe4-ba63-58ecc386f85d,ZIC-20260817-0043,62c5814c-09e6-4583-874d-c3660ce3283f,Asad,15.0,0.0,0.0,15.0,15.0,0.0,cash,1,2026-08-17T08:23:20.962324+00:00,3479e096-5738-47ac-93ff-548bae6864ac,cash
d24724d3-d478-4906-bc29-de6073336a73,ZIC-20260817-0044,62c5814c-09e6-4583-874d-c3660ce3283f,Asad,50.0,0.0,0.0,50.0,50.0,0.0,cash,3,2026-08-17T08:23:57.458269+00:00,3479e096-5738-47ac-93ff-548bae6864ac,cash
59beca20-a60e-4d8f-97e7-706266e074c6,ZIC-20260817-0045,62c5814c-09e6-4583-874d-c3660ce3283f,Asad,30.0,0.0,0.0,30.0,30.0,0.0,cash,2,2026-08-17T08:30:07.227097+00:00,3479e096-5738-47ac-93ff-548bae6864ac,cash
6a27b05b-88ad-4643-8305-9cc73fd1cb53,ZIC-20260817-0046,62c5814c-09e6-4583-874d-c3660ce3283f,Asad,90.0,0.0,0.0,90.0,90.0,0.0,cash,2,2026-08-17T08:58:34.314465+00:00,3479e096-5738-47ac-93ff-548bae6864ac,cash
af08bbd0-862f-4fdb-9b62-ea9871d362d5,ZIC-20260817-0047,62c5814c-09e6-4583-874d-c3660ce3283f,Asad,250.0,0.0,0.0,250.0,250.0,0.0,cash,20,2026-08-17T09:12:18.849937+00:00,3479e096-5738-47ac-93ff-548bae6864ac,cash
a6f5a9df-01ee-4b29-83f1-11c260aa4402,ZIC-20260817-0048,62c5814c-09e6-4583-874d-c3660ce3283f,Asad,170.0,0.0,0.0,170.0,170.0,0.0,cash,3,2026-08-17T09:14:05.820813+00:00,3479e096-5738-47ac-93ff-548bae6864ac,cash
8655bfb3-f3e4-4545-91b5-6d6cfb4096ef,ZIC-20260817-0049,62c5814c-09e6-4583-874d-c3660ce3283f,Asad,90.0,0.0,0.0,90.0,90.0,0.0,cash,6,2026-08-17T09:14:39.914122+00:00,3479e096-5738-47ac-93ff-548bae6864ac,cash
577ac80f-d510-457d-a9fe-d92e572d346a,ZIC-20260817-0050,62c5814c-09e6-4583-874d-c3660ce3283f,Asad,160.0,0.0,0.0,160.0,160.0,0.0,cash,4,2026-08-17T09:21:27.649196+00:00,3479e096-5738-47ac-93ff-548bae6864ac,cash
6cc09964-593a-4db4-93bb-5d3c645a8fe3,ZIC-20260817-0051,62c5814c-09e6-4583-874d-c3660ce3283f,Asad,240.0,0.0,0.0,240.0,240.0,0.0,cash,3,2026-08-17T09:22:53.303305+00:00,3479e096-5738-47ac-93ff-548bae6864ac,cash
2e8f8a92-cc44-4e8e-8b79-79c695501893,ZIC-20260817-0052,62c5814c-09e6-4583-874d-c3660ce3283f,Asad,110.0,0.0,0.0,110.0,110.0,0.0,cash,2,2026-08-17T09:23:33.277102+00:00,3479e096-5738-47ac-93ff-548bae6864ac,cash
a63a7c9d-4450-414b-91e6-08a46c41fec5,ZIC-20260817-0053,62c5814c-09e6-4583-874d-c3660ce3283f,Asad,210.0,0.0,0.0,210.0,210.0,0.0,cash,13,2026-08-17T09:34:41.573338+00:00,3479e096-5738-47ac-93ff-548bae6864ac,cash
5d473f52-b1f2-41b9-b109-ef5c7e849f09,ZIC-20260817-0054,62c5814c-09e6-4583-874d-c3660ce3283f,Asad,250.0,0.0,0.0,250.0,250.0,0.0,cash,20,2026-08-17T09:35:20.388892+00:00,3479e096-5738-47ac-93ff-548bae6864ac,cash
c4b6361b-e5b2-4119-98e3-ed99c04d6076,ZIC-20260817-0055,62c5814c-09e6-4583-874d-c3660ce3283f,Asad,135.0,0.0,0.0,135.0,135.0,0.0,cash,9,2026-08-17T09:42:05.142225+00:00,3479e096-5738-47ac-93ff-548bae6864ac,cash
bade896b-6b7c-4bb0-a7ae-7d7b2886692f,ZIC-20260817-0056,62c5814c-09e6-4583-874d-c3660ce3283f,Asad,100.0,0.0,0.0,100.0,100.0,0.0,cash,10,2026-08-17T09:44:45.364365+00:00,3479e096-5738-47ac-93ff-548bae6864ac,cash
6e1888fe-7cd0-4fc9-8bcf-d70ca7e48b12,ZIC-20260817-0057,62c5814c-09e6-4583-874d-c3660ce3283f,Asad,50.0,0.0,0.0,50.0,50.0,0.0,cash,5,2026-08-17T09:45:13.581843+00:00,3479e096-5738-47ac-93ff-548bae6864ac,cash
7cbe4906-b994-49ef-9ceb-a5f3998569d5,ZIC-20260817-0058,62c5814c-09e6-4583-874d-c3660ce3283f,Asad,250.0,0.0,0.0,250.0,250.0,0.0,cash,2,2026-08-17T10:10:30.739086+00:00,3479e096-5738-47ac-93ff-548bae6864ac,cash
2cac8456-3d4a-4097-b9a6-341de47f073f,ZIC-20260817-0059,62c5814c-09e6-4583-874d-c3660ce3283f,Asad,10.0,0.0,0.0,10.0,10.0,0.0,cash,1,2026-08-17T10:14:39.603559+00:00,3479e096-5738-47ac-93ff-548bae6864ac,cash
1deec71f-4345-4791-bf75-abf88faa4130,ZIC-20260817-0060,62c5814c-09e6-4583-874d-c3660ce3283f,Asad,160.0,0.0,0.0,160.0,160.0,0.0,cash,3,2026-08-17T10:23:11.756369+00:00,3479e096-5738-47ac-93ff-548bae6864ac,cash
bc2502bc-f87f-42c9-b26d-b4944396ab99,ZIC-20260817-0061,62c5814c-09e6-4583-874d-c3660ce3283f,Asad,260.0,0.0,0.0,260.0,260.0,0.0,cash,4,2026-08-17T10:28:27.310167+00:00,3479e096-5738-47ac-93ff-548bae6864ac,cash
19966cc2-a162-4053-a808-ee9edfd3ede8,ZIC-20260817-0062,62c5814c-09e6-4583-874d-c3660ce3283f,Asad,10.0,0.0,0.0,10.0,10.0,0.0,cash,2,2026-08-17T10:29:20.428982+00:00,3479e096-5738-47ac-93ff-548bae6864ac,cash
560fed7d-2cd6-4e52-95ac-b45784ba0d9a,ZIC-20260817-0063,62c5814c-09e6-4583-874d-c3660ce3283f,Asad,200.0,0.0,0.0,200.0,200.0,0.0,cash,5,2026-08-17T10:43:10.101725+00:00,3479e096-5738-47ac-93ff-548bae6864ac,cash
b8cf3947-7461-4b4f-9b1d-b2ec4b6c0588,ZIC-20260817-0064,62c5814c-09e6-4583-874d-c3660ce3283f,Asad,220.0,0.0,0.0,220.0,220.0,0.0,cash,3,2026-08-17T10:43:37.877389+00:00,3479e096-5738-47ac-93ff-548bae6864ac,cash
1cffc7c4-9fe8-4f86-98aa-6f201d2aa678,ZIC-20260817-0065,62c5814c-09e6-4583-874d-c3660ce3283f,Asad,210.0,0.0,10.0,200.0,200.0,0.0,cash,1,2026-08-17T10:59:45.680611+00:00,3479e096-5738-47ac-93ff-548bae6864ac,cash
a6723ea7-8c02-4ad0-8979-834370e7fb4a,ZIC-20260817-0066,62c5814c-09e6-4583-874d-c3660ce3283f,Asad,170.0,0.0,0.0,170.0,170.0,0.0,cash,2,2026-08-17T11:09:15.716256+00:00,3479e096-5738-47ac-93ff-548bae6864ac,cash
417c5c2c-5e0f-459b-ab5a-69061a930256,ZIC-20260817-0067,62c5814c-09e6-4583-874d-c3660ce3283f,Asad,600.0,0.0,0.0,600.0,600.0,0.0,cash,20,2026-08-17T11:43:31.086232+00:00,3479e096-5738-47ac-93ff-548bae6864ac,cash
75c55bdb-975a-4e1c-a7c3-f6897918c475,ZIC-20260817-0068,62c5814c-09e6-4583-874d-c3660ce3283f,Asad,70.0,0.0,0.0,70.0,70.0,0.0,cash,2,2026-08-17T11:54:50.575835+00:00,3479e096-5738-47ac-93ff-548bae6864ac,cash
28175c93-c9e7-4b95-b11c-75c16d8a67ad,ZIC-20260817-0069,62c5814c-09e6-4583-874d-c3660ce3283f,Asad,20.0,0.0,0.0,20.0,20.0,0.0,cash,4,2026-08-17T11:56:33.921674+00:00,3479e096-5738-47ac-93ff-548bae6864ac,cash
25aaacc3-e737-4b1d-a2ed-fa841f339a14,ZIC-20260817-0070,62c5814c-09e6-4583-874d-c3660ce3283f,Asad,30.0,0.0,0.0,30.0,30.0,0.0,cash,1,2026-08-17T12:00:07.920199+00:00,3479e096-5738-47ac-93ff-548bae6864ac,cash
9cf06be4-68d9-41e1-97e6-f92651e8cb61,ZIC-20260817-0071,62c5814c-09e6-4583-874d-c3660ce3283f,Asad,30.0,0.0,0.0,30.0,30.0,0.0,cash,1,2026-08-17T12:14:03.331527+00:00,3479e096-5738-47ac-93ff-548bae6864ac,cash
b3185d6b-a30d-4644-af34-704db7172c0e,ZIC-20260817-0072,62c5814c-09e6-4583-874d-c3660ce3283f,Asad,220.0,0.0,0.0,220.0,220.0,0.0,cash,3,2026-08-17T12:16:51.053695+00:00,3479e096-5738-47ac-93ff-548bae6864ac,cash
2bde9042-b134-4f6f-88a6-318fb2782107,ZIC-20260817-0073,62c5814c-09e6-4583-874d-c3660ce3283f,Asad,10.0,0.0,0.0,10.0,10.0,0.0,cash,1,2026-08-17T12:24:17.106174+00:00,3479e096-5738-47ac-93ff-548bae6864ac,cash
7bb56002-912a-4ea5-9a35-23c76284326b,ZIC-20260817-0074,62c5814c-09e6-4583-874d-c3660ce3283f,Asad,30.0,0.0,0.0,30.0,30.0,0.0,cash,1,2026-08-17T12:26:57.386731+00:00,3479e096-5738-47ac-93ff-548bae6864ac,cash
27a99d16-df34-4a0d-8a4e-1ee557aa8980,ZIC-20260817-0075,62c5814c-09e6-4583-874d-c3660ce3283f,Asad,275.0,0.0,0.0,275.0,275.0,0.0,cash,16,2026-08-17T12:29:38.818771+00:00,3479e096-5738-47ac-93ff-548bae6864ac,cash
c3f095e2-e022-4e2d-9482-547a692dc847,ZIC-20260817-0076,62c5814c-09e6-4583-874d-c3660ce3283f,Asad,100.0,0.0,0.0,100.0,100.0,0.0,cash,1,2026-08-17T12:30:36.888694+00:00,3479e096-5738-47ac-93ff-548bae6864ac,cash
f0613b16-f1be-4ec1-9dc6-f13eb7ede38e,ZIC-20260817-0077,62c5814c-09e6-4583-874d-c3660ce3283f,Asad,170.0,0.0,0.0,170.0,170.0,0.0,cash,12,2026-08-17T12:33:44.625077+00:00,3479e096-5738-47ac-93ff-548bae6864ac,cash
ee3f80ee-b4bb-4b24-9451-087959113629,ZIC-20260817-0078,62c5814c-09e6-4583-874d-c3660ce3283f,Asad,10.0,0.0,0.0,10.0,10.0,0.0,cash,1,2026-08-17T12:43:08.884588+00:00,3479e096-5738-47ac-93ff-548bae6864ac,cash
91449171-ebac-4fab-a5d7-c0bd67ed9869,ZIC-20260817-0079,62c5814c-09e6-4583-874d-c3660ce3283f,Asad,410.0,0.0,0.0,410.0,410.0,0.0,cash,26,2026-08-17T12:57:11.461001+00:00,3479e096-5738-47ac-93ff-548bae6864ac,cash
f879037e-ccbe-4c44-af56-c74f7e165243,ZIC-20260817-0080,62c5814c-09e6-4583-874d-c3660ce3283f,Asad,50.0,0.0,0.0,50.0,50.0,0.0,cash,7,2026-08-17T13:00:18.506453+00:00,3479e096-5738-47ac-93ff-548bae6864ac,cash
685ff6f9-5220-4ff6-914e-ccdf16d5b9d4,ZIC-20260817-0081,62c5814c-09e6-4583-874d-c3660ce3283f,Asad,60.0,0.0,4.0,56.0,56.0,0.0,cash,1,2026-08-17T13:00:58.302442+00:00,3479e096-5738-47ac-93ff-548bae6864ac,cash
dfced720-ee3f-421d-9bb0-d57d853f76e3,ZIC-20260817-0082,62c5814c-09e6-4583-874d-c3660ce3283f,Asad,250.0,0.0,0.0,250.0,250.0,0.0,cash,6,2026-08-17T13:03:39.679849+00:00,3479e096-5738-47ac-93ff-548bae6864ac,cash
c2752053-235c-44c7-9a5b-633ff3ca4d80,ZIC-20260817-0083,62c5814c-09e6-4583-874d-c3660ce3283f,Asad,120.0,0.0,0.0,120.0,120.0,0.0,cash,3,2026-08-17T13:07:43.933728+00:00,3479e096-5738-47ac-93ff-548bae6864ac,cash
3381c0cb-de77-43c2-a92b-bb830e41cb91,ZIC-20260817-0084,62c5814c-09e6-4583-874d-c3660ce3283f,Asad,200.0,0.0,0.0,200.0,200.0,0.0,cash,1,2026-08-17T13:18:21.353347+00:00,3479e096-5738-47ac-93ff-548bae6864ac,cash
8fd30d0e-0d5d-4894-92be-45791370e307,ZIC-20260817-0085,62c5814c-09e6-4583-874d-c3660ce3283f,Asad,95.0,0.0,0.0,95.0,95.0,0.0,cash,8,2026-08-17T13:24:01.912424+00:00,3479e096-5738-47ac-93ff-548bae6864ac,cash
98d11ee4-203d-46e2-95a9-cebf05104753,ZIC-20260817-0086,62c5814c-09e6-4583-874d-c3660ce3283f,Asad,250.0,0.0,0.0,250.0,250.0,0.0,cash,3,2026-08-17T13:25:05.781286+00:00,3479e096-5738-47ac-93ff-548bae6864ac,cash
a833cdd2-81dd-4354-9958-37b3280ff38c,ZIC-20260817-0087,62c5814c-09e6-4583-874d-c3660ce3283f,Asad,45.0,0.0,0.0,45.0,45.0,0.0,cash,5,2026-08-17T13:25:34.466334+00:00,3479e096-5738-47ac-93ff-548bae6864ac,cash
22133ab8-3caf-4a82-b311-cf8916d977d3,ZIC-20260817-0088,62c5814c-09e6-4583-874d-c3660ce3283f,Asad,130.0,0.0,0.0,130.0,130.0,0.0,cash,2,2026-08-17T13:30:46.449561+00:00,3479e096-5738-47ac-93ff-548bae6864ac,cash
45332d90-8a2e-43f1-8a71-532b3e65b0d1,ZIC-20260817-0089,62c5814c-09e6-4583-874d-c3660ce3283f,Asad,40.0,0.0,0.0,40.0,40.0,0.0,cash,1,2026-08-17T13:41:51.534171+00:00,3479e096-5738-47ac-93ff-548bae6864ac,cash
4cb88960-e201-4370-bb05-0580e6f12e47,ZIC-20260817-0090,62c5814c-09e6-4583-874d-c3660ce3283f,Asad,40.0,0.0,0.0,40.0,40.0,0.0,cash,5,2026-08-17T13:43:42.908596+00:00,3479e096-5738-47ac-93ff-548bae6864ac,cash
48852d9d-b1aa-42aa-a2a5-b0d8bb197286,ZIC-20260817-0091,62c5814c-09e6-4583-874d-c3660ce3283f,Asad,200.0,0.0,0.0,200.0,200.0,0.0,cash,5,2026-08-17T13:45:26.251072+00:00,3479e096-5738-47ac-93ff-548bae6864ac,cash
51368076-c21f-4425-afb3-b88f5fcaab8f,ZIC-20260817-0092,62c5814c-09e6-4583-874d-c3660ce3283f,Asad,100.0,0.0,0.0,100.0,100.0,0.0,cash,10,2026-08-17T13:53:37.106314+00:00,3479e096-5738-47ac-93ff-548bae6864ac,cash
6040fcaf-2924-4585-81e5-0f903394a878,ZIC-20260817-0093,62c5814c-09e6-4583-874d-c3660ce3283f,Asad,20.0,0.0,0.0,20.0,20.0,0.0,cash,1,2026-08-17T14:09:10.220271+00:00,3479e096-5738-47ac-93ff-548bae6864ac,cash
5e150220-af96-418e-ac38-a4845bc0bfa4,ZIC-20260817-0094,62c5814c-09e6-4583-874d-c3660ce3283f,Asad,50.0,0.0,0.0,50.0,50.0,0.0,cash,4,2026-08-17T14:12:40.593652+00:00,3479e096-5738-47ac-93ff-548bae6864ac,cash
705bc883-3767-4db3-ad3c-d51395015a4f,ZIC-20260817-0095,62c5814c-09e6-4583-874d-c3660ce3283f,Asad,50.0,0.0,0.0,50.0,50.0,0.0,cash,4,2026-08-17T14:19:42.660139+00:00,3479e096-5738-47ac-93ff-548bae6864ac,cash
992cec58-eb48-44b3-860d-a0529a9da406,ZIC-20260817-0096,62c5814c-09e6-4583-874d-c3660ce3283f,Asad,180.0,0.0,0.0,180.0,180.0,0.0,cash,8,2026-08-17T14:23:08.488867+00:00,3479e096-5738-47ac-93ff-548bae6864ac,cash
54a8b42a-3637-46c7-b2d1-926bd3d1178d,ZIC-20260817-0097,62c5814c-09e6-4583-874d-c3660ce3283f,Asad,80.0,0.0,0.0,80.0,80.0,0.0,cash,2,2026-08-17T14:23:54.024991+00:00,3479e096-5738-47ac-93ff-548bae6864ac,cash
b96af3c9-a314-4989-bda7-cfb42dd217dc,ZIC-20260817-0098,62c5814c-09e6-4583-874d-c3660ce3283f,Asad,50.0,0.0,0.0,50.0,50.0,0.0,cash,3,2026-08-17T14:27:00.518727+00:00,3479e096-5738-47ac-93ff-548bae6864ac,cash
91e08972-3f6b-44e1-ae43-f2493a04b5c1,ZIC-20260817-0099,62c5814c-09e6-4583-874d-c3660ce3283f,Asad,50.0,0.0,0.0,50.0,50.0,0.0,cash,4,2026-08-17T14:33:23.606435+00:00,3479e096-5738-47ac-93ff-548bae6864ac,cash
f79465d7-4e70-476e-b547-c3acea7dde32,ZIC-20260817-0100,62c5814c-09e6-4583-874d-c3660ce3283f,Asad,160.0,0.0,0.0,160.0,160.0,0.0,cash,2,2026-08-17T14:35:23.995751+00:00,3479e096-5738-47ac-93ff-548bae6864ac,cash
8342bb4d-c9a7-46a7-805b-226898ba5f28,ZIC-20260817-0101,62c5814c-09e6-4583-874d-c3660ce3283f,Asad,200.0,0.0,0.0,200.0,200.0,0.0,cash,8,2026-08-17T14:43:38.002649+00:00,3479e096-5738-47ac-93ff-548bae6864ac,cash
6430611f-675c-45cd-a76b-27f0e0ef4fcb,ZIC-20260817-0102,62c5814c-09e6-4583-874d-c3660ce3283f,Asad,60.0,0.0,0.0,60.0,60.0,0.0,cash,2,2026-08-17T14:58:03.453146+00:00,3479e096-5738-47ac-93ff-548bae6864ac,cash
dec6fa53-e277-428d-aaf8-e4504e56f3ec,ZIC-20260817-0103,62c5814c-09e6-4583-874d-c3660ce3283f,Asad,60.0,0.0,0.0,60.0,60.0,0.0,cash,1,2026-08-17T14:59:43.549798+00:00,3479e096-5738-47ac-93ff-548bae6864ac,cash
46450900-5eb8-414e-9ce4-b94022ff8b90,ZIC-20260817-0104,62c5814c-09e6-4583-874d-c3660ce3283f,Asad,50.0,0.0,0.0,50.0,50.0,0.0,cash,1,2026-08-17T14:59:55.086067+00:00,3479e096-5738-47ac-93ff-548bae6864ac,cash
5ec4e423-d05d-4060-ac58-87ed5f6fb9b4,ZIC-20260817-0105,62c5814c-09e6-4583-874d-c3660ce3283f,Asad,500.0,0.0,0.0,500.0,500.0,0.0,cash,20,2026-08-17T15:05:26.761128+00:00,3479e096-5738-47ac-93ff-548bae6864ac,cash
c34d9d50-3571-48fd-8244-b643b4c09dc5,ZIC-20260817-0106,62c5814c-09e6-4583-874d-c3660ce3283f,Asad,50.0,0.0,0.0,50.0,50.0,0.0,cash,1,2026-08-17T15:13:12.892489+00:00,3479e096-5738-47ac-93ff-548bae6864ac,cash
33d3cd91-6810-4036-8169-2fb18bb9d0ec,ZIC-20260817-0107,62c5814c-09e6-4583-874d-c3660ce3283f,Asad,150.0,0.0,0.0,150.0,150.0,0.0,cash,3,2026-08-17T15:16:02.937798+00:00,3479e096-5738-47ac-93ff-548bae6864ac,cash
2324e4ba-67f5-40e1-a709-01f317868a28,ZIC-20260817-0108,62c5814c-09e6-4583-874d-c3660ce3283f,Asad,250.0,0.0,0.0,250.0,250.0,0.0,cash,20,2026-08-17T15:17:05.920426+00:00,3479e096-5738-47ac-93ff-548bae6864ac,cash
cca165a2-f490-4202-93f3-e7f3ec08da1a,ZIC-20260817-0109,62c5814c-09e6-4583-874d-c3660ce3283f,Asad,650.0,0.0,0.0,650.0,650.0,0.0,cash,5,2026-08-17T15:28:54.475919+00:00,3479e096-5738-47ac-93ff-548bae6864ac,cash
c7855647-a04d-475e-9cfa-9c0a8de4c9df,ZIC-20260817-0110,f686d4d0-3678-467e-9535-3d5f1309c328,Cashier 1,30.0,0.0,0.0,30.0,30.0,0.0,cash,2,2026-08-17T15:38:41.236799+00:00,499ee146-ac2b-4222-8efb-d4935fcc146e,cash
bcec1e8e-e8bb-4338-8b11-ad64e049f0fd,ZIC-20260817-0111,f686d4d0-3678-467e-9535-3d5f1309c328,Cashier 1,100.0,0.0,0.0,100.0,100.0,0.0,cash,10,2026-08-17T15:43:24.902297+00:00,499ee146-ac2b-4222-8efb-d4935fcc146e,cash
4b619e97-a5ab-48ec-a479-476cc69a8399,ZIC-20260817-0112,f686d4d0-3678-467e-9535-3d5f1309c328,Cashier 1,300.0,0.0,0.0,300.0,300.0,0.0,cash,1,2026-08-17T15:45:30.84048+00:00,499ee146-ac2b-4222-8efb-d4935fcc146e,cash
d15bb9e3-ed11-4784-86e1-c832d982078e,ZIC-20260817-0113,f686d4d0-3678-467e-9535-3d5f1309c328,Cashier 1,230.0,0.0,0.0,230.0,230.0,0.0,cash,5,2026-08-17T15:55:33.58501+00:00,499ee146-ac2b-4222-8efb-d4935fcc146e,cash
0ce3b933-7696-4999-94de-c44d2154c6ec,ZIC-20260817-0114,f686d4d0-3678-467e-9535-3d5f1309c328,Cashier 1,200.0,0.0,0.0,200.0,200.0,0.0,cash,4,2026-08-17T15:58:20.015729+00:00,499ee146-ac2b-4222-8efb-d4935fcc146e,cash
4004ae01-f9d9-47de-a06f-07f17c6cb2c6,ZIC-20260817-0115,f686d4d0-3678-467e-9535-3d5f1309c328,Cashier 1,600.0,0.0,0.0,600.0,600.0,0.0,cash,20,2026-08-17T15:59:20.809514+00:00,499ee146-ac2b-4222-8efb-d4935fcc146e,cash
832857b6-550a-406f-82c8-2d7f57a8951e,ZIC-20260817-0116,f686d4d0-3678-467e-9535-3d5f1309c328,Cashier 1,300.0,0.0,0.0,300.0,300.0,0.0,cash,12,2026-08-17T16:10:48.867643+00:00,499ee146-ac2b-4222-8efb-d4935fcc146e,cash
ecb91171-523d-4e3a-aeaf-162a39723e43,ZIC-20260817-0117,f686d4d0-3678-467e-9535-3d5f1309c328,Cashier 1,325.0,0.0,5.0,320.0,320.0,0.0,cash,7,2026-08-17T16:14:55.599542+00:00,499ee146-ac2b-4222-8efb-d4935fcc146e,cash
549eb7cd-a945-4b92-9b63-cebe1700f71a,ZIC-20260817-0118,f686d4d0-3678-467e-9535-3d5f1309c328,Cashier 1,20.0,0.0,0.0,20.0,20.0,0.0,cash,2,2026-08-17T16:15:26.272571+00:00,499ee146-ac2b-4222-8efb-d4935fcc146e,cash
d7bcfd42-9f05-4f2d-84ac-38e9b8209132,ZIC-20260817-0119,f686d4d0-3678-467e-9535-3d5f1309c328,Cashier 1,210.0,0.0,0.0,210.0,210.0,0.0,cash,1,2026-08-17T16:32:29.562337+00:00,499ee146-ac2b-4222-8efb-d4935fcc146e,cash
7717a8a9-ae41-44f1-b145-337522f7589c,ZIC-20260817-0120,f686d4d0-3678-467e-9535-3d5f1309c328,Cashier 1,980.0,0.0,249.0,731.0,731.0,0.0,cash,31,2026-08-17T16:37:39.382365+00:00,499ee146-ac2b-4222-8efb-d4935fcc146e,cash
8cd5e4de-d5e5-4847-bea5-bca6aa16dff4,ZIC-20260817-0121,f686d4d0-3678-467e-9535-3d5f1309c328,Cashier 1,380.0,0.0,30.0,350.0,350.0,0.0,cash,16,2026-08-17T16:39:36.599033+00:00,499ee146-ac2b-4222-8efb-d4935fcc146e,cash
af11961e-96d5-47d0-90bf-977d47b629f9,ZIC-20260817-0122,f686d4d0-3678-467e-9535-3d5f1309c328,Cashier 1,60.0,0.0,0.0,60.0,60.0,0.0,cash,4,2026-08-17T16:45:20.307794+00:00,499ee146-ac2b-4222-8efb-d4935fcc146e,cash
bc9d07be-7423-49a5-93fd-4517c774d72b,ZIC-20260817-0123,f686d4d0-3678-467e-9535-3d5f1309c328,Cashier 1,150.0,0.0,0.0,150.0,150.0,0.0,cash,3,2026-08-17T16:52:30.621602+00:00,499ee146-ac2b-4222-8efb-d4935fcc146e,cash
521071f2-84bc-4a63-a710-13990df18a80,ZIC-20260817-0124,f686d4d0-3678-467e-9535-3d5f1309c328,Cashier 1,120.0,0.0,0.0,120.0,120.0,0.0,cash,2,2026-08-17T17:15:27.685843+00:00,499ee146-ac2b-4222-8efb-d4935fcc146e,cash
e972c751-c47a-405c-9ad5-81ab8d00cca8,ZIC-20260817-0125,f686d4d0-3678-467e-9535-3d5f1309c328,Cashier 1,40.0,0.0,0.0,40.0,40.0,0.0,cash,2,2026-08-17T17:54:05.570721+00:00,499ee146-ac2b-4222-8efb-d4935fcc146e,cash
640b86d9-bd1d-4b7a-81e1-7b1c05eb7df0,ZIC-20260817-0126,f686d4d0-3678-467e-9535-3d5f1309c328,Cashier 1,520.0,0.0,0.0,520.0,520.0,0.0,cash,8,2026-08-17T17:59:19.422236+00:00,499ee146-ac2b-4222-8efb-d4935fcc146e,cash
af749b2f-42a5-430c-ba17-2505700e1d30,ZIC-20260817-0127,f686d4d0-3678-467e-9535-3d5f1309c328,Cashier 1,110.0,0.0,0.0,110.0,110.0,0.0,cash,1,2026-08-17T18:11:10.92469+00:00,499ee146-ac2b-4222-8efb-d4935fcc146e,cash
299941d5-8d67-4c79-8ea9-e11c0ce78cbc,ZIC-20260817-0128,f686d4d0-3678-467e-9535-3d5f1309c328,Cashier 1,740.0,0.0,0.0,740.0,740.0,0.0,cash,20,2026-08-17T18:34:20.964087+00:00,499ee146-ac2b-4222-8efb-d4935fcc146e,cash
e48a82df-61e0-4b99-931b-6bf0b68f156d,ZIC-20260817-0129,f686d4d0-3678-467e-9535-3d5f1309c328,Cashier 1,40.0,0.0,0.0,40.0,40.0,0.0,cash,4,2026-08-17T18:35:57.208367+00:00,499ee146-ac2b-4222-8efb-d4935fcc146e,cash
8d3f77ff-bd2d-460f-b836-cab23ed4018d,ZIC-20260817-0130,f686d4d0-3678-467e-9535-3d5f1309c328,Cashier 1,540.0,0.0,0.0,540.0,540.0,0.0,easypasa,21,2026-08-17T18:38:58.717772+00:00,499ee146-ac2b-4222-8efb-d4935fcc146e,cash
7499a85f-665a-4c15-be7b-1ea0d5968cc3,ZIC-20260817-0131,f686d4d0-3678-467e-9535-3d5f1309c328,Cashier 1,60.0,0.0,0.0,60.0,60.0,0.0,cash,4,2026-08-17T18:39:36.788222+00:00,499ee146-ac2b-4222-8efb-d4935fcc146e,cash
90131d0d-59f0-4eee-b628-fb75d83befdc,ZIC-20260817-0132,f686d4d0-3678-467e-9535-3d5f1309c328,Cashier 1,100.0,0.0,0.0,100.0,100.0,0.0,cash,1,2026-08-17T18:45:04.696428+00:00,499ee146-ac2b-4222-8efb-d4935fcc146e,cash
5c996f54-8eee-45e3-98c4-fe9ee56273a2,ZIC-20260817-0133,f686d4d0-3678-467e-9535-3d5f1309c328,Cashier 1,420.0,0.0,0.0,420.0,420.0,0.0,cash,9,2026-08-17T19:08:45.850944+00:00,499ee146-ac2b-4222-8efb-d4935fcc146e,cash
ffb6f7bb-cc37-4cf6-b091-2739276efd48,ZIC-20260817-0134,f686d4d0-3678-467e-9535-3d5f1309c328,Cashier 1,90.0,0.0,0.0,90.0,90.0,0.0,cash,1,2026-08-17T19:10:04.836231+00:00,499ee146-ac2b-4222-8efb-d4935fcc146e,cash
ef5d6c1a-5b36-4cdc-aa96-f03ffab3aabb,ZIC-20260817-0135,f686d4d0-3678-467e-9535-3d5f1309c328,Cashier 1,350.0,0.0,0.0,350.0,350.0,0.0,cash,21,2026-08-17T19:21:29.106935+00:00,499ee146-ac2b-4222-8efb-d4935fcc146e,cash
3f99b78f-6b99-4662-8afb-8cde1fc56bc3,ZIC-20260817-0136,f686d4d0-3678-467e-9535-3d5f1309c328,Cashier 1,50.0,0.0,0.0,50.0,50.0,0.0,cash,1,2026-08-17T19:40:18.687958+00:00,499ee146-ac2b-4222-8efb-d4935fcc146e,cash
b80872f9-ad55-48f1-9852-ae30d4e3ddbe,ZIC-20260817-0137,f686d4d0-3678-467e-9535-3d5f1309c328,Cashier 1,440.0,0.0,0.0,440.0,440.0,0.0,cash,7,2026-08-17T19:43:27.946081+00:00,499ee146-ac2b-4222-8efb-d4935fcc146e,cash
d0e1da59-93f7-4339-9e0e-0fb45467c9b9,ZIC-20260817-0138,f686d4d0-3678-467e-9535-3d5f1309c328,Cashier 1,400.0,0.0,0.0,400.0,400.0,0.0,cash,2,2026-08-17T19:55:15.249293+00:00,499ee146-ac2b-4222-8efb-d4935fcc146e,cash
3149afbc-c6d5-4572-a927-94f23148d1b8,ZIC-20260817-0139,f686d4d0-3678-467e-9535-3d5f1309c328,Cashier 1,420.0,0.0,0.0,420.0,420.0,0.0,easypasa,7,2026-08-17T20:15:12.633193+00:00,499ee146-ac2b-4222-8efb-d4935fcc146e,cash
0d7ad023-4942-46e1-b010-f6a083888378,ZIC-20260817-0140,f686d4d0-3678-467e-9535-3d5f1309c328,Cashier 1,500.0,0.0,0.0,500.0,500.0,0.0,cash,40,2026-08-17T20:15:42.027342+00:00,499ee146-ac2b-4222-8efb-d4935fcc146e,cash
120a2d40-6f27-4ce0-afdb-ed8a5642e21d,ZIC-20260817-0141,f686d4d0-3678-467e-9535-3d5f1309c328,Cashier 1,200.0,0.0,0.0,200.0,200.0,0.0,cash,2,2026-08-17T20:23:50.862176+00:00,499ee146-ac2b-4222-8efb-d4935fcc146e,cash
65c81ad6-3d98-4481-b2ae-969dccc78347,ZIC-20260817-0142,f686d4d0-3678-467e-9535-3d5f1309c328,Cashier 1,50.0,0.0,0.0,50.0,50.0,0.0,cash,5,2026-08-17T20:53:00.393355+00:00,499ee146-ac2b-4222-8efb-d4935fcc146e,cash
aa760aac-df1c-47a8-b69c-55417c3ca056,ZIC-20260817-0143,f686d4d0-3678-467e-9535-3d5f1309c328,Cashier 1,250.0,0.0,0.0,250.0,250.0,0.0,card,20,2026-08-17T20:55:18.781814+00:00,499ee146-ac2b-4222-8efb-d4935fcc146e,card
875385a8-499f-4514-8cf6-30c7fd0169db,ZIC-20260817-0144,f686d4d0-3678-467e-9535-3d5f1309c328,Cashier 1,280.0,0.0,0.0,280.0,280.0,0.0,card,4,2026-08-17T20:57:12.952068+00:00,499ee146-ac2b-4222-8efb-d4935fcc146e,card
644d82f5-cb61-4440-bb54-c471b4508c59,ZIC-20260817-0145,f686d4d0-3678-467e-9535-3d5f1309c328,Cashier 1,50.0,0.0,0.0,50.0,50.0,0.0,cash,4,2026-08-17T21:20:59.973532+00:00,499ee146-ac2b-4222-8efb-d4935fcc146e,cash
d7577b88-f639-49d0-b39b-8e88a910d16e,ZIC-20260817-0146,f686d4d0-3678-467e-9535-3d5f1309c328,Cashier 1,130.0,0.0,0.0,130.0,130.0,0.0,cash,2,2026-08-17T21:32:02.164987+00:00,499ee146-ac2b-4222-8efb-d4935fcc146e,cash
e53d80a9-5373-4f75-9246-dc6652d50c00,ZIC-20260817-0147,f686d4d0-3678-467e-9535-3d5f1309c328,Cashier 1,140.0,0.0,0.0,140.0,140.0,0.0,cash,10,2026-08-17T21:44:02.364203+00:00,499ee146-ac2b-4222-8efb-d4935fcc146e,cash
fd6f8db9-e53b-4683-a500-75404016f691,ZIC-20260817-0148,f686d4d0-3678-467e-9535-3d5f1309c328,Cashier 1,170.0,0.0,0.0,170.0,170.0,0.0,cash,10,2026-08-17T22:21:52.223851+00:00,499ee146-ac2b-4222-8efb-d4935fcc146e,cash
bbe95c9f-0b6e-43b9-9aaf-51688fc8d094,ZIC-20260817-0149,f686d4d0-3678-467e-9535-3d5f1309c328,Cashier 1,50.0,0.0,0.0,50.0,0.0,0.0,easypasa,1,2026-08-17T23:01:45.34844+00:00,499ee146-ac2b-4222-8efb-d4935fcc146e,easypasa
471e3904-7a86-4820-84a5-898de8099ec6,ZIC-20260818-0001,f686d4d0-3678-467e-9535-3d5f1309c328,Cashier 1,800.0,0.0,0.0,800.0,800.0,0.0,cash,17,2026-08-18T00:58:29.1653+00:00,499ee146-ac2b-4222-8efb-d4935fcc146e,cash
ce6e261c-2c36-4d1e-b76e-77cb72126fe8,ZIC-20260818-0002,f686d4d0-3678-467e-9535-3d5f1309c328,Cashier 1,630.0,0.0,0.0,630.0,0.0,0.0,easypasa,6,2026-08-18T01:12:33.765629+00:00,499ee146-ac2b-4222-8efb-d4935fcc146e,easypasa
6f91ce20-ae31-4d82-812c-99f810e4a491,ZIC-20260818-0003,f686d4d0-3678-467e-9535-3d5f1309c328,Cashier 1,300.0,0.0,0.0,300.0,0.0,0.0,easypasa,2,2026-08-18T01:13:14.865085+00:00,499ee146-ac2b-4222-8efb-d4935fcc146e,easypasa
625a16de-c1a0-4e19-ac62-078cb7c1c1b7,ZIC-20260818-0004,f686d4d0-3678-467e-9535-3d5f1309c328,Cashier 1,30.0,0.0,0.0,30.0,30.0,0.0,cash,1,2026-08-18T02:09:29.295386+00:00,499ee146-ac2b-4222-8efb-d4935fcc146e,cash
1e8e5c70-7e91-48b8-a5de-eedc341a2962,ZIC-20260818-0005,f686d4d0-3678-467e-9535-3d5f1309c328,Cashier 1,30.0,0.0,0.0,30.0,30.0,0.0,cash,1,2026-08-18T02:16:15.109059+00:00,499ee146-ac2b-4222-8efb-d4935fcc146e,cash
cb610d60-7d91-4725-b1db-c59aa68f4746,ZIC-20260818-0006,f686d4d0-3678-467e-9535-3d5f1309c328,Cashier 1,120.0,0.0,0.0,120.0,120.0,0.0,cash,2,2026-08-18T02:50:41.155532+00:00,499ee146-ac2b-4222-8efb-d4935fcc146e,cash
095b5d0c-46c9-4ded-af05-aa7a534861f1,ZIC-20260818-0007,f686d4d0-3678-467e-9535-3d5f1309c328,Cashier 1,80.0,0.0,0.0,80.0,80.0,0.0,cash,1,2026-08-18T02:51:35.915217+00:00,499ee146-ac2b-4222-8efb-d4935fcc146e,cash
b708851a-a87e-4d27-962d-273a61c376fc,ZIC-20260818-0008,f686d4d0-3678-467e-9535-3d5f1309c328,Cashier 1,30.0,0.0,0.0,30.0,30.0,0.0,cash,1,2026-08-18T02:53:51.745495+00:00,499ee146-ac2b-4222-8efb-d4935fcc146e,cash
ef3cb671-1308-44f8-aaed-c9240095a4b6,ZIC-20260818-0009,f686d4d0-3678-467e-9535-3d5f1309c328,Cashier 1,100.0,0.0,0.0,100.0,100.0,0.0,cash,1,2026-08-18T02:55:54.142351+00:00,499ee146-ac2b-4222-8efb-d4935fcc146e,cash
e4433b39-02ee-440a-83f2-285646e7c510,ZIC-20260818-0010,f686d4d0-3678-467e-9535-3d5f1309c328,Cashier 1,300.0,0.0,0.0,300.0,300.0,0.0,cash,20,2026-08-18T03:04:51.513884+00:00,499ee146-ac2b-4222-8efb-d4935fcc146e,cash
13443a7d-6854-4d11-9ebd-b5ab8171ea92,ZIC-20260818-0011,f686d4d0-3678-467e-9535-3d5f1309c328,Cashier 1,40.0,0.0,0.0,40.0,40.0,0.0,cash,3,2026-08-18T03:44:38.643952+00:00,499ee146-ac2b-4222-8efb-d4935fcc146e,cash
b882a90c-24c8-4105-a19d-224bd7f4ff49,ZIC-20260818-0012,f686d4d0-3678-467e-9535-3d5f1309c328,Cashier 1,70.0,0.0,0.0,70.0,70.0,0.0,cash,6,2026-08-18T03:51:03.21696+00:00,499ee146-ac2b-4222-8efb-d4935fcc146e,cash
f740ee61-b103-4c00-bbcb-89de15cf0e42,ZIC-20260818-0013,f686d4d0-3678-467e-9535-3d5f1309c328,Cashier 1,300.0,0.0,0.0,300.0,300.0,0.0,cash,20,2026-08-18T03:55:30.560055+00:00,499ee146-ac2b-4222-8efb-d4935fcc146e,cash
ff745de2-58ba-42ca-96a1-70166851f051,ZIC-20260818-0014,f686d4d0-3678-467e-9535-3d5f1309c328,Cashier 1,30.0,0.0,0.0,30.0,30.0,0.0,cash,1,2026-08-18T04:08:14.350532+00:00,499ee146-ac2b-4222-8efb-d4935fcc146e,cash
0152ce5a-f12e-4220-8f40-5627298b6551,ZIC-20260818-0015,f686d4d0-3678-467e-9535-3d5f1309c328,Cashier 1,50.0,0.0,0.0,50.0,50.0,0.0,cash,3,2026-08-18T04:13:31.476595+00:00,499ee146-ac2b-4222-8efb-d4935fcc146e,cash
57ba6c3b-22f3-4691-8e42-a2df5e1ded1b,ZIC-20260818-0016,f686d4d0-3678-467e-9535-3d5f1309c328,Cashier 1,30.0,0.0,0.0,30.0,30.0,0.0,cash,1,2026-08-18T04:24:47.935107+00:00,499ee146-ac2b-4222-8efb-d4935fcc146e,cash
77d372b6-1d42-4248-89a4-faf0b3e64594,ZIC-20260818-0017,62c5814c-09e6-4583-874d-c3660ce3283f,Asad,45.0,0.0,0.0,45.0,45.0,0.0,cash,3,2026-08-18T04:35:20.226346+00:00,36f9bb68-56e8-49f1-a876-47c026bf7919,cash
d13bfccb-c4b0-4d11-870a-64ce01359467,ZIC-20260818-0018,62c5814c-09e6-4583-874d-c3660ce3283f,Asad,100.0,0.0,0.0,100.0,100.0,0.0,cash,10,2026-08-18T04:40:43.017941+00:00,36f9bb68-56e8-49f1-a876-47c026bf7919,cash
41c095a4-92dd-48c6-bc35-b72ac754b9d2,ZIC-20260818-0019,62c5814c-09e6-4583-874d-c3660ce3283f,Asad,20.0,0.0,0.0,20.0,20.0,0.0,cash,2,2026-08-18T04:42:45.020067+00:00,36f9bb68-56e8-49f1-a876-47c026bf7919,cash
3add4068-39cd-427e-81bf-acc3dd818720,ZIC-20260818-0020,62c5814c-09e6-4583-874d-c3660ce3283f,Asad,50.0,0.0,0.0,50.0,50.0,0.0,cash,6,2026-08-18T04:50:35.292757+00:00,36f9bb68-56e8-49f1-a876-47c026bf7919,cash
1f38ee12-454c-417d-ac15-5b4596a747da,ZIC-20260818-0021,62c5814c-09e6-4583-874d-c3660ce3283f,Asad,100.0,0.0,0.0,100.0,100.0,0.0,cash,4,2026-08-18T05:00:05.030134+00:00,36f9bb68-56e8-49f1-a876-47c026bf7919,cash
e8989617-f23f-4645-b5d0-89dc09808aa9,ZIC-20260818-0022,62c5814c-09e6-4583-874d-c3660ce3283f,Asad,45.0,0.0,0.0,45.0,45.0,0.0,cash,3,2026-08-18T05:05:12.867182+00:00,36f9bb68-56e8-49f1-a876-47c026bf7919,cash
8e86f839-d510-4dc8-8fa9-965e085b3a8c,ZIC-20260818-0023,62c5814c-09e6-4583-874d-c3660ce3283f,Asad,20.0,0.0,0.0,20.0,20.0,0.0,cash,4,2026-08-18T05:05:53.556178+00:00,36f9bb68-56e8-49f1-a876-47c026bf7919,cash
da9a7748-07fc-443c-b739-b5d48efcb51d,ZIC-20260818-0024,62c5814c-09e6-4583-874d-c3660ce3283f,Asad,30.0,0.0,0.0,30.0,30.0,0.0,cash,1,2026-08-18T05:18:54.064709+00:00,36f9bb68-56e8-49f1-a876-47c026bf7919,cash
ead85cd4-5bbd-4e8e-980a-cf48dbeb5bce,ZIC-20260818-0025,62c5814c-09e6-4583-874d-c3660ce3283f,Asad,20.0,0.0,0.0,20.0,20.0,0.0,cash,3,2026-08-18T05:29:36.036138+00:00,36f9bb68-56e8-49f1-a876-47c026bf7919,cash
1e0c5a1f-6ccc-4dc4-9b99-fc5bef32cbbd,ZIC-20260818-0026,62c5814c-09e6-4583-874d-c3660ce3283f,Asad,180.0,0.0,0.0,180.0,180.0,0.0,cash,8,2026-08-18T05:33:52.260529+00:00,36f9bb68-56e8-49f1-a876-47c026bf7919,cash
c6fe1c81-5987-443b-83c9-cbb8a4cd2233,ZIC-20260818-0027,62c5814c-09e6-4583-874d-c3660ce3283f,Asad,10.0,0.0,0.0,10.0,10.0,0.0,cash,2,2026-08-18T05:34:26.080893+00:00,36f9bb68-56e8-49f1-a876-47c026bf7919,cash
490fa96b-9174-4e4d-bd08-85710109a5d1,ZIC-20260818-0028,62c5814c-09e6-4583-874d-c3660ce3283f,Asad,50.0,0.0,0.0,50.0,50.0,0.0,cash,5,2026-08-18T05:55:00.225994+00:00,36f9bb68-56e8-49f1-a876-47c026bf7919,cash
9451344c-b16e-4b03-b4c5-265a995cb74f,ZIC-20260818-0029,62c5814c-09e6-4583-874d-c3660ce3283f,Asad,300.0,0.0,0.0,300.0,300.0,0.0,cash,7,2026-08-18T06:01:45.805462+00:00,36f9bb68-56e8-49f1-a876-47c026bf7919,cash
6fd524d9-cd7b-4fd7-a083-1a5ec94327e3,ZIC-20260818-0030,62c5814c-09e6-4583-874d-c3660ce3283f,Asad,250.0,0.0,0.0,250.0,250.0,0.0,cash,1,2026-08-18T06:06:47.643234+00:00,36f9bb68-56e8-49f1-a876-47c026bf7919,cash
4ab5a7e4-90a9-4f2b-b3f5-7e97541a285d,ZIC-20260818-0031,62c5814c-09e6-4583-874d-c3660ce3283f,Asad,50.0,0.0,0.0,50.0,50.0,0.0,cash,4,2026-08-18T06:26:19.773195+00:00,36f9bb68-56e8-49f1-a876-47c026bf7919,cash
734afde7-e28d-4900-87ad-2703286571f3,ZIC-20260818-0032,62c5814c-09e6-4583-874d-c3660ce3283f,Asad,100.0,0.0,0.0,100.0,100.0,0.0,cash,3,2026-08-18T06:40:30.65101+00:00,36f9bb68-56e8-49f1-a876-47c026bf7919,cash
a8946cf3-999f-4ea8-9490-fea5841da244,ZIC-20260818-0033,62c5814c-09e6-4583-874d-c3660ce3283f,Asad,50.0,0.0,0.0,50.0,50.0,0.0,cash,1,2026-08-18T06:42:59.122147+00:00,36f9bb68-56e8-49f1-a876-47c026bf7919,cash
d2f838d5-e48b-4195-9e19-c183cdc8280a,ZIC-20260818-0034,62c5814c-09e6-4583-874d-c3660ce3283f,Asad,62.5,0.0,0.0,62.5,62.5,0.0,cash,2,2026-08-18T06:57:32.185247+00:00,36f9bb68-56e8-49f1-a876-47c026bf7919,cash
6965c609-20e7-42d6-b98b-f29e5a948608,ZIC-20260818-0035,62c5814c-09e6-4583-874d-c3660ce3283f,Asad,100.0,0.0,0.0,100.0,100.0,0.0,cash,2,2026-08-18T07:00:34.008685+00:00,36f9bb68-56e8-49f1-a876-47c026bf7919,cash
3b2307e1-7b82-4854-ad09-2d41bf856917,ZIC-20260818-0036,62c5814c-09e6-4583-874d-c3660ce3283f,Asad,15.0,0.0,0.0,15.0,15.0,0.0,cash,1,2026-08-18T07:58:13.13024+00:00,36f9bb68-56e8-49f1-a876-47c026bf7919,cash
2167134d-e5bc-4972-88fb-4ffae4b7aa7d,ZIC-20260818-0037,62c5814c-09e6-4583-874d-c3660ce3283f,Asad,140.0,0.0,0.0,140.0,140.0,0.0,cash,1,2026-08-18T08:03:35.16688+00:00,36f9bb68-56e8-49f1-a876-47c026bf7919,cash
f64cf432-fc36-4d35-bb25-523e3afb86d6,ZIC-20260818-0038,62c5814c-09e6-4583-874d-c3660ce3283f,Asad,120.0,0.0,0.0,120.0,120.0,0.0,cash,3,2026-08-18T08:24:54.459565+00:00,36f9bb68-56e8-49f1-a876-47c026bf7919,cash
18926bf2-06b7-4401-81b1-3b05cf732e82,ZIC-20260818-0039,62c5814c-09e6-4583-874d-c3660ce3283f,Asad,105.0,0.0,0.0,105.0,105.0,0.0,cash,7,2026-08-18T08:25:12.723758+00:00,36f9bb68-56e8-49f1-a876-47c026bf7919,cash
661a9c47-902e-46e9-ac55-53a38ca2854e,ZIC-20260818-0040,62c5814c-09e6-4583-874d-c3660ce3283f,Asad,20.0,0.0,0.0,20.0,20.0,0.0,cash,2,2026-08-18T08:25:33.71236+00:00,36f9bb68-56e8-49f1-a876-47c026bf7919,cash
a4faad3e-91f2-4e4c-99a7-716253135f87,ZIC-20260818-0041,62c5814c-09e6-4583-874d-c3660ce3283f,Asad,200.0,0.0,0.0,200.0,200.0,0.0,cash,4,2026-08-18T08:32:04.495215+00:00,36f9bb68-56e8-49f1-a876-47c026bf7919,cash
2e3addd7-f52f-4d43-857a-855738e294f3,ZIC-20260818-0042,62c5814c-09e6-4583-874d-c3660ce3283f,Asad,50.0,0.0,0.0,50.0,50.0,0.0,cash,5,2026-08-18T08:58:38.075123+00:00,36f9bb68-56e8-49f1-a876-47c026bf7919,cash
950eea9a-eb14-4115-8754-7a4e7c2f22c6,ZIC-20260818-0043,62c5814c-09e6-4583-874d-c3660ce3283f,Asad,150.0,0.0,0.0,150.0,150.0,0.0,cash,2,2026-08-18T09:05:40.980296+00:00,36f9bb68-56e8-49f1-a876-47c026bf7919,cash
92d68d2e-db7f-4073-96d5-5fb2c76ea7b9,ZIC-20260818-0044,62c5814c-09e6-4583-874d-c3660ce3283f,Asad,1410.0,0.0,0.0,1410.0,1410.0,0.0,cash,14,2026-08-18T09:21:38.686806+00:00,36f9bb68-56e8-49f1-a876-47c026bf7919,cash
ea76227f-5411-421d-983e-ed2558b9a1a2,ZIC-20260818-0045,62c5814c-09e6-4583-874d-c3660ce3283f,Asad,390.0,0.0,0.0,390.0,390.0,0.0,cash,21,2026-08-18T09:27:52.309018+00:00,36f9bb68-56e8-49f1-a876-47c026bf7919,cash
1d23dac4-800b-496a-88c3-383f6c9e536b,ZIC-20260818-0046,62c5814c-09e6-4583-874d-c3660ce3283f,Asad,80.0,0.0,20.0,60.0,60.0,0.0,cash,2,2026-08-18T09:31:11.860876+00:00,36f9bb68-56e8-49f1-a876-47c026bf7919,cash
666ca511-c80c-4a48-9272-737d5d14a991,ZIC-20260818-0047,62c5814c-09e6-4583-874d-c3660ce3283f,Asad,420.0,0.0,0.0,420.0,420.0,0.0,cash,2,2026-08-18T09:33:22.007595+00:00,36f9bb68-56e8-49f1-a876-47c026bf7919,cash
538f3d40-d1b9-4d98-bfc2-472d061ffa7d,ZIC-20260818-0048,62c5814c-09e6-4583-874d-c3660ce3283f,Asad,210.0,0.0,0.0,210.0,210.0,0.0,cash,1,2026-08-18T09:34:00.839108+00:00,36f9bb68-56e8-49f1-a876-47c026bf7919,cash
0e36da51-2eff-4574-98b1-a842059dadb6,ZIC-20260818-0049,62c5814c-09e6-4583-874d-c3660ce3283f,Asad,60.0,0.0,0.0,60.0,60.0,0.0,cash,1,2026-08-18T09:34:14.020088+00:00,36f9bb68-56e8-49f1-a876-47c026bf7919,cash
0f191179-0354-4248-8362-0c63c223dc36,ZIC-20260818-0050,62c5814c-09e6-4583-874d-c3660ce3283f,Asad,500.0,0.0,0.0,500.0,500.0,0.0,cash,13,2026-08-18T09:44:49.715529+00:00,36f9bb68-56e8-49f1-a876-47c026bf7919,cash
9ab506ee-6521-4195-98b6-3adbdca5c4d5,ZIC-20260818-0051,62c5814c-09e6-4583-874d-c3660ce3283f,Asad,50.0,0.0,0.0,50.0,50.0,0.0,cash,2,2026-08-18T09:45:04.923482+00:00,36f9bb68-56e8-49f1-a876-47c026bf7919,cash
b0228808-cf6e-4305-bbf8-296ddaeba56e,ZIC-20260818-0052,62c5814c-09e6-4583-874d-c3660ce3283f,Asad,40.0,0.0,0.0,40.0,40.0,0.0,cash,2,2026-08-18T09:50:06.361509+00:00,36f9bb68-56e8-49f1-a876-47c026bf7919,cash
4370b781-b6d1-45c0-bd10-f783f8afeb05,ZIC-20260818-0053,62c5814c-09e6-4583-874d-c3660ce3283f,Asad,100.0,0.0,0.0,100.0,100.0,0.0,cash,1,2026-08-18T09:52:35.771562+00:00,36f9bb68-56e8-49f1-a876-47c026bf7919,cash
56e49023-9889-4047-b20a-ef61a12572e5,ZIC-20260818-0054,62c5814c-09e6-4583-874d-c3660ce3283f,Asad,20.0,0.0,0.0,20.0,20.0,0.0,cash,2,2026-08-18T09:56:16.243893+00:00,36f9bb68-56e8-49f1-a876-47c026bf7919,cash
7a653dd2-02cd-443a-94a3-e23eb8731197,ZIC-20260818-0055,62c5814c-09e6-4583-874d-c3660ce3283f,Asad,30.0,0.0,0.0,30.0,30.0,0.0,cash,2,2026-08-18T10:00:10.977221+00:00,36f9bb68-56e8-49f1-a876-47c026bf7919,cash
1df27814-1ec9-481f-8629-262a1277f6ac,ZIC-20260818-0056,62c5814c-09e6-4583-874d-c3660ce3283f,Asad,40.0,0.0,0.0,40.0,40.0,0.0,cash,1,2026-08-18T10:07:54.32981+00:00,36f9bb68-56e8-49f1-a876-47c026bf7919,cash
bdb222ea-d9f3-4529-9137-9b7042330151,ZIC-20260818-0057,62c5814c-09e6-4583-874d-c3660ce3283f,Asad,250.0,0.0,0.0,250.0,250.0,0.0,cash,20,2026-08-18T10:22:09.862705+00:00,36f9bb68-56e8-49f1-a876-47c026bf7919,cash
2a8e0ef2-94c6-43e9-a626-c3547649b2f2,ZIC-20260818-0058,62c5814c-09e6-4583-874d-c3660ce3283f,Asad,390.0,0.0,0.0,390.0,390.0,0.0,cash,3,2026-08-18T10:23:19.021835+00:00,36f9bb68-56e8-49f1-a876-47c026bf7919,cash
f7e4ce64-c454-4bc6-a3a8-ad3c2ff37e70,ZIC-20260818-0059,62c5814c-09e6-4583-874d-c3660ce3283f,Asad,310.0,0.0,0.0,310.0,310.0,0.0,cash,3,2026-08-18T10:45:25.924634+00:00,36f9bb68-56e8-49f1-a876-47c026bf7919,cash
2f0e471f-7759-4820-afd1-943d10bc7524,ZIC-20260818-0060,62c5814c-09e6-4583-874d-c3660ce3283f,Asad,100.0,0.0,0.0,100.0,100.0,0.0,cash,1,2026-08-18T10:45:36.026247+00:00,36f9bb68-56e8-49f1-a876-47c026bf7919,cash
58c79920-f9db-41d6-b105-1465e2e9ec91,ZIC-20260818-0061,62c5814c-09e6-4583-874d-c3660ce3283f,Asad,200.0,0.0,0.0,200.0,200.0,0.0,cash,2,2026-08-18T10:49:58.275685+00:00,36f9bb68-56e8-49f1-a876-47c026bf7919,cash
4e1c5014-1b78-492e-bc6e-933e27ecc3aa,ZIC-20260818-0062,62c5814c-09e6-4583-874d-c3660ce3283f,Asad,700.0,0.0,100.0,600.0,600.0,0.0,cash,1,2026-08-18T10:57:51.148719+00:00,36f9bb68-56e8-49f1-a876-47c026bf7919,cash
f57cc84a-80b7-4660-99f4-3784531bf4a4,ZIC-20260818-0063,62c5814c-09e6-4583-874d-c3660ce3283f,Asad,100.0,0.0,0.0,100.0,100.0,0.0,cash,1,2026-08-18T11:13:26.954006+00:00,36f9bb68-56e8-49f1-a876-47c026bf7919,cash
65b0e85c-054b-49cd-9ff3-57de0ee10df0,ZIC-20260818-0064,62c5814c-09e6-4583-874d-c3660ce3283f,Asad,70.0,0.0,0.0,70.0,70.0,0.0,cash,3,2026-08-18T11:25:51.891583+00:00,36f9bb68-56e8-49f1-a876-47c026bf7919,cash
25d22b8c-910a-49d8-a0ac-c236583e084c,ZIC-20260818-0065,62c5814c-09e6-4583-874d-c3660ce3283f,Asad,10.0,0.0,0.0,10.0,10.0,0.0,cash,2,2026-08-18T11:26:28.173592+00:00,36f9bb68-56e8-49f1-a876-47c026bf7919,cash
5efd4b3b-ed1a-4f54-bf79-cfb42653c577,ZIC-20260818-0066,62c5814c-09e6-4583-874d-c3660ce3283f,Asad,120.0,0.0,0.0,120.0,120.0,0.0,cash,2,2026-08-18T11:30:10.494976+00:00,36f9bb68-56e8-49f1-a876-47c026bf7919,cash
f7b357e1-0544-4b0e-89c3-1e4856294ad9,ZIC-20260818-0067,62c5814c-09e6-4583-874d-c3660ce3283f,Asad,110.0,0.0,0.0,110.0,110.0,0.0,cash,2,2026-08-18T11:31:23.17103+00:00,36f9bb68-56e8-49f1-a876-47c026bf7919,cash
97805144-3eca-4ac5-8946-8c19ae414dc2,ZIC-20260818-0068,62c5814c-09e6-4583-874d-c3660ce3283f,Asad,20.0,0.0,0.0,20.0,20.0,0.0,cash,2,2026-08-18T11:36:52.573251+00:00,36f9bb68-56e8-49f1-a876-47c026bf7919,cash
9b982788-01f4-480e-bee5-de9fc189a1d7,ZIC-20260818-0069,62c5814c-09e6-4583-874d-c3660ce3283f,Asad,20.0,0.0,0.0,20.0,20.0,0.0,cash,4,2026-08-18T11:39:09.734944+00:00,36f9bb68-56e8-49f1-a876-47c026bf7919,cash
a36badc4-6824-4422-ad92-99d035c344d0,ZIC-20260818-0070,62c5814c-09e6-4583-874d-c3660ce3283f,Asad,450.0,0.0,0.0,450.0,450.0,0.0,cash,1,2026-08-18T11:43:19.778443+00:00,36f9bb68-56e8-49f1-a876-47c026bf7919,cash
c8927c64-ee61-4869-9ecc-61ac485c9eae,ZIC-20260818-0071,62c5814c-09e6-4583-874d-c3660ce3283f,Asad,30.0,0.0,0.0,30.0,30.0,0.0,cash,4,2026-08-18T11:53:50.037429+00:00,36f9bb68-56e8-49f1-a876-47c026bf7919,cash
d1c280a1-2c8b-4392-9153-0c0e3d2e5866,ZIC-20260818-0072,62c5814c-09e6-4583-874d-c3660ce3283f,Asad,250.0,0.0,0.0,250.0,250.0,0.0,cash,7,2026-08-18T11:55:02.348237+00:00,36f9bb68-56e8-49f1-a876-47c026bf7919,cash
cf600610-759c-48ab-bd99-8295fea5b127,ZIC-20260818-0073,62c5814c-09e6-4583-874d-c3660ce3283f,Asad,100.0,0.0,0.0,100.0,100.0,0.0,cash,10,2026-08-18T12:02:21.772921+00:00,36f9bb68-56e8-49f1-a876-47c026bf7919,cash
e3f094bc-0c87-4d46-9493-1a68c54ebaa7,ZIC-20260818-0074,62c5814c-09e6-4583-874d-c3660ce3283f,Asad,100.0,0.0,0.0,100.0,100.0,0.0,cash,1,2026-08-18T12:03:30.379787+00:00,36f9bb68-56e8-49f1-a876-47c026bf7919,cash
7d889b5b-b6ff-49b3-abb2-ff16cb6ad890,ZIC-20260818-0075,62c5814c-09e6-4583-874d-c3660ce3283f,Asad,230.0,0.0,0.0,230.0,230.0,0.0,cash,5,2026-08-18T12:07:42.588567+00:00,36f9bb68-56e8-49f1-a876-47c026bf7919,cash
d5cd0c2c-b9bb-4da3-82dd-886866feffe2,ZIC-20260818-0076,62c5814c-09e6-4583-874d-c3660ce3283f,Asad,100.0,0.0,0.0,100.0,100.0,0.0,cash,2,2026-08-18T12:14:49.751136+00:00,36f9bb68-56e8-49f1-a876-47c026bf7919,cash
7f5a6e2b-4058-4e1e-8ad8-87e20736f67f,ZIC-20260818-0077,62c5814c-09e6-4583-874d-c3660ce3283f,Asad,20.0,0.0,0.0,20.0,20.0,0.0,cash,2,2026-08-18T12:26:25.542469+00:00,36f9bb68-56e8-49f1-a876-47c026bf7919,cash
158e130b-3c57-423d-894b-6cdf4ec81661,ZIC-20260818-0078,62c5814c-09e6-4583-874d-c3660ce3283f,Asad,40.0,0.0,0.0,40.0,40.0,0.0,cash,1,2026-08-18T12:27:14.182596+00:00,36f9bb68-56e8-49f1-a876-47c026bf7919,cash
687be771-d1de-43da-976d-cb6c5e33c35a,ZIC-20260818-0079,62c5814c-09e6-4583-874d-c3660ce3283f,Asad,10.0,0.0,0.0,10.0,10.0,0.0,cash,1,2026-08-18T12:32:51.747628+00:00,36f9bb68-56e8-49f1-a876-47c026bf7919,cash
6022c389-1787-4888-88c7-357e29d82b8b,ZIC-20260818-0080,62c5814c-09e6-4583-874d-c3660ce3283f,Asad,75.0,0.0,0.0,75.0,75.0,0.0,cash,2,2026-08-18T12:41:23.556659+00:00,36f9bb68-56e8-49f1-a876-47c026bf7919,cash
fc4ec7da-2ea7-4e4f-98ff-264b3318f235,ZIC-20260818-0081,62c5814c-09e6-4583-874d-c3660ce3283f,Asad,260.0,0.0,0.0,260.0,260.0,0.0,cash,21,2026-08-18T12:42:27.757246+00:00,36f9bb68-56e8-49f1-a876-47c026bf7919,cash
490d2036-d950-45ec-9814-baeae27d703f,ZIC-20260818-0082,62c5814c-09e6-4583-874d-c3660ce3283f,Asad,100.0,0.0,0.0,100.0,100.0,0.0,cash,1,2026-08-18T12:49:52.773228+00:00,36f9bb68-56e8-49f1-a876-47c026bf7919,cash
2b9791bf-45d8-438c-8d4d-3a6cbbb204d4,ZIC-20260818-0083,62c5814c-09e6-4583-874d-c3660ce3283f,Asad,50.0,0.0,0.0,50.0,50.0,0.0,cash,4,2026-08-18T12:51:29.776335+00:00,36f9bb68-56e8-49f1-a876-47c026bf7919,cash
9578264d-530f-4521-9b45-77d2fae0f3b8,ZIC-20260818-0084,62c5814c-09e6-4583-874d-c3660ce3283f,Asad,1650.0,0.0,0.0,1650.0,1650.0,0.0,cash,45,2026-08-18T13:05:07.734992+00:00,36f9bb68-56e8-49f1-a876-47c026bf7919,cash
965b2480-f0db-41e7-872d-bd4ef6cd52d4,ZIC-20260818-0085,62c5814c-09e6-4583-874d-c3660ce3283f,Asad,40.0,0.0,0.0,40.0,40.0,0.0,cash,1,2026-08-18T13:06:49.097289+00:00,36f9bb68-56e8-49f1-a876-47c026bf7919,cash
1e4e2ab3-d982-4904-916e-1fae59b89177,ZIC-20260818-0086,62c5814c-09e6-4583-874d-c3660ce3283f,Asad,120.0,0.0,0.0,120.0,120.0,0.0,cash,1,2026-08-18T13:08:33.921334+00:00,36f9bb68-56e8-49f1-a876-47c026bf7919,cash
b5f66c0f-ecc9-425c-bee0-508bc702b02f,ZIC-20260818-0087,62c5814c-09e6-4583-874d-c3660ce3283f,Asad,160.0,0.0,0.0,160.0,160.0,0.0,cash,4,2026-08-18T13:21:15.673776+00:00,36f9bb68-56e8-49f1-a876-47c026bf7919,cash
432725d1-d56c-41f4-9fb2-ec9d542101ce,ZIC-20260818-0088,62c5814c-09e6-4583-874d-c3660ce3283f,Asad,460.0,0.0,0.0,460.0,460.0,0.0,cash,21,2026-08-18T13:31:59.202249+00:00,36f9bb68-56e8-49f1-a876-47c026bf7919,cash
d70a78c5-9451-4e78-a3a2-bc6f76f070e9,ZIC-20260818-0089,62c5814c-09e6-4583-874d-c3660ce3283f,Asad,75.0,0.0,0.0,75.0,75.0,0.0,cash,2,2026-08-18T13:32:22.040485+00:00,36f9bb68-56e8-49f1-a876-47c026bf7919,cash
5373743b-0515-41f1-b799-7b499f7f4ba2,ZIC-20260818-0090,62c5814c-09e6-4583-874d-c3660ce3283f,Asad,60.0,0.0,0.0,60.0,60.0,0.0,cash,4,2026-08-18T13:38:13.842449+00:00,36f9bb68-56e8-49f1-a876-47c026bf7919,cash
3d9c2c5d-710e-4890-b953-5b83e3f11760,ZIC-20260818-0091,62c5814c-09e6-4583-874d-c3660ce3283f,Asad,50.0,0.0,0.0,50.0,50.0,0.0,cash,5,2026-08-18T13:44:16.832443+00:00,36f9bb68-56e8-49f1-a876-47c026bf7919,cash
fae12afb-b0e6-45f1-828f-4c42aeb4ac7c,ZIC-20260818-0092,62c5814c-09e6-4583-874d-c3660ce3283f,Asad,40.0,0.0,0.0,40.0,40.0,0.0,cash,1,2026-08-18T13:51:58.220627+00:00,36f9bb68-56e8-49f1-a876-47c026bf7919,cash
748119b5-c716-4653-a76a-fcd2fa61ed6b,ZIC-20260818-0093,62c5814c-09e6-4583-874d-c3660ce3283f,Asad,20.0,0.0,0.0,20.0,20.0,0.0,cash,2,2026-08-18T13:56:57.36242+00:00,36f9bb68-56e8-49f1-a876-47c026bf7919,cash
6e2d8366-f743-47d5-bcb8-ecd867d71897,ZIC-20260818-0094,62c5814c-09e6-4583-874d-c3660ce3283f,Asad,50.0,0.0,0.0,50.0,50.0,0.0,cash,5,2026-08-18T13:59:09.96868+00:00,36f9bb68-56e8-49f1-a876-47c026bf7919,cash
f8f80e99-e598-4922-a92a-e3b4ddca786f,ZIC-20260818-0095,62c5814c-09e6-4583-874d-c3660ce3283f,Asad,280.0,0.0,0.0,280.0,280.0,0.0,cash,5,2026-08-18T14:05:43.262213+00:00,36f9bb68-56e8-49f1-a876-47c026bf7919,cash
ed9143e6-9d6b-45f3-b2c8-f17d1b7bfd59,ZIC-20260818-0096,62c5814c-09e6-4583-874d-c3660ce3283f,Asad,10.0,0.0,0.0,10.0,10.0,0.0,cash,1,2026-08-18T14:06:05.508683+00:00,36f9bb68-56e8-49f1-a876-47c026bf7919,cash
dc5670b4-7dc9-4b18-a4ad-f48f930eb54e,ZIC-20260818-0097,62c5814c-09e6-4583-874d-c3660ce3283f,Asad,50.0,0.0,0.0,50.0,50.0,0.0,cash,5,2026-08-18T14:13:08.401456+00:00,36f9bb68-56e8-49f1-a876-47c026bf7919,cash
fa097ac0-cdb3-4781-acdd-b9b73bc208b3,ZIC-20260818-0098,62c5814c-09e6-4583-874d-c3660ce3283f,Asad,140.0,0.0,0.0,140.0,140.0,0.0,cash,1,2026-08-18T14:14:22.689709+00:00,36f9bb68-56e8-49f1-a876-47c026bf7919,cash
ea0ec6e7-5890-4d49-b6d9-947a354acc22,ZIC-20260818-0099,62c5814c-09e6-4583-874d-c3660ce3283f,Asad,100.0,0.0,0.0,100.0,100.0,0.0,cash,2,2026-08-18T14:29:23.330994+00:00,36f9bb68-56e8-49f1-a876-47c026bf7919,cash
864e4316-84a1-466a-a5c3-fb935bd3aeb5,ZIC-20260818-0100,62c5814c-09e6-4583-874d-c3660ce3283f,Asad,270.0,0.0,0.0,270.0,270.0,0.0,cash,6,2026-08-18T14:46:03.779671+00:00,36f9bb68-56e8-49f1-a876-47c026bf7919,cash
f4c474e8-cf45-48b4-924a-bba7605fb7d8,ZIC-20260818-0101,62c5814c-09e6-4583-874d-c3660ce3283f,Asad,150.0,0.0,0.0,150.0,150.0,0.0,cash,2,2026-08-18T14:52:51.055837+00:00,36f9bb68-56e8-49f1-a876-47c026bf7919,cash
bfca6f3b-2b77-42ec-bb66-4d0d69e7c88d,ZIC-20260818-0102,62c5814c-09e6-4583-874d-c3660ce3283f,Asad,30.0,0.0,0.0,30.0,30.0,0.0,cash,1,2026-08-18T14:57:09.025352+00:00,36f9bb68-56e8-49f1-a876-47c026bf7919,cash
b2f6c81a-b53c-46df-a80d-5437e8c8d170,ZIC-20260818-0103,62c5814c-09e6-4583-874d-c3660ce3283f,Asad,70.0,0.0,0.0,70.0,70.0,0.0,cash,14,2026-08-18T14:59:06.035102+00:00,36f9bb68-56e8-49f1-a876-47c026bf7919,cash
7101741f-b4a9-4edd-9b85-21c46924574d,ZIC-20260818-0104,62c5814c-09e6-4583-874d-c3660ce3283f,Asad,60.0,0.0,0.0,60.0,60.0,0.0,cash,1,2026-08-18T15:03:52.440464+00:00,36f9bb68-56e8-49f1-a876-47c026bf7919,cash
d24170e6-5d20-42e5-88af-a862221094c7,ZIC-20260818-0105,62c5814c-09e6-4583-874d-c3660ce3283f,Asad,30.0,0.0,0.0,30.0,30.0,0.0,cash,2,2026-08-18T15:09:29.926795+00:00,36f9bb68-56e8-49f1-a876-47c026bf7919,cash
356e4ba2-a6a6-4e7a-bf48-f5a53643ed14,ZIC-20260818-0106,62c5814c-09e6-4583-874d-c3660ce3283f,Asad,220.0,0.0,0.0,220.0,220.0,0.0,cash,2,2026-08-18T15:11:04.342557+00:00,36f9bb68-56e8-49f1-a876-47c026bf7919,cash
5c0a9e70-4117-48a8-90a6-d6a4774275ab,ZIC-20260818-0107,f686d4d0-3678-467e-9535-3d5f1309c328,Cashier 1,170.0,0.0,0.0,170.0,170.0,0.0,cash,2,2026-08-18T15:54:39.438318+00:00,70fb8503-f917-4827-96bd-d9757a495dd8,cash
04cb28b3-5d2b-4f46-9c79-5e10d90db930,ZIC-20260818-0108,f686d4d0-3678-467e-9535-3d5f1309c328,Cashier 1,40.0,0.0,0.0,40.0,40.0,0.0,cash,3,2026-08-18T15:59:06.134161+00:00,70fb8503-f917-4827-96bd-d9757a495dd8,cash
245a351e-b186-4fe1-a2a0-e28d1c9d62fe,ZIC-20260818-0109,f686d4d0-3678-467e-9535-3d5f1309c328,Cashier 1,50.0,0.0,0.0,50.0,50.0,0.0,cash,2,2026-08-18T16:02:48.475757+00:00,70fb8503-f917-4827-96bd-d9757a495dd8,cash
4841adec-cc13-4cb1-a2a3-9a16608f57b3,ZIC-20260818-0110,f686d4d0-3678-467e-9535-3d5f1309c328,Cashier 1,140.0,0.0,0.0,140.0,140.0,0.0,cash,2,2026-08-18T16:03:59.56055+00:00,70fb8503-f917-4827-96bd-d9757a495dd8,cash
6f58d6e0-33a8-460b-a609-37b0971a85bd,ZIC-20260818-0111,f686d4d0-3678-467e-9535-3d5f1309c328,Cashier 1,80.0,0.0,0.0,80.0,80.0,0.0,cash,2,2026-08-18T16:10:53.576865+00:00,70fb8503-f917-4827-96bd-d9757a495dd8,cash
b6310c14-0b83-4453-809e-d38f145b6689,ZIC-20260818-0112,f686d4d0-3678-467e-9535-3d5f1309c328,Cashier 1,100.0,0.0,0.0,100.0,100.0,0.0,cash,1,2026-08-18T16:12:20.523646+00:00,70fb8503-f917-4827-96bd-d9757a495dd8,cash
a8d98ce7-274a-494a-879e-57ab072b27a4,ZIC-20260818-0113,f686d4d0-3678-467e-9535-3d5f1309c328,Cashier 1,40.0,0.0,0.0,40.0,40.0,0.0,cash,1,2026-08-18T16:12:43.289614+00:00,70fb8503-f917-4827-96bd-d9757a495dd8,cash
1ee0b180-ac07-402a-9b87-47b08ccd3fad,ZIC-20260818-0114,f686d4d0-3678-467e-9535-3d5f1309c328,Cashier 1,100.0,0.0,0.0,100.0,100.0,0.0,cash,1,2026-08-18T16:16:28.466446+00:00,70fb8503-f917-4827-96bd-d9757a495dd8,cash
a294d315-6909-460b-a74b-0342e8acd897,ZIC-20260818-0115,f686d4d0-3678-467e-9535-3d5f1309c328,Cashier 1,110.0,0.0,0.0,110.0,110.0,0.0,cash,8,2026-08-18T16:28:31.518824+00:00,70fb8503-f917-4827-96bd-d9757a495dd8,cash
798eb4c6-a988-40e8-9f17-25bfcea011f1,ZIC-20260818-0116,f686d4d0-3678-467e-9535-3d5f1309c328,Cashier 1,130.0,0.0,10.0,120.0,120.0,0.0,cash,2,2026-08-18T16:36:01.843224+00:00,70fb8503-f917-4827-96bd-d9757a495dd8,cash
69943951-6463-4307-8535-1b016191b186,ZIC-20260818-0117,f686d4d0-3678-467e-9535-3d5f1309c328,Cashier 1,180.0,0.0,0.0,180.0,180.0,0.0,easypasa,11,2026-08-18T16:39:03.529703+00:00,70fb8503-f917-4827-96bd-d9757a495dd8,cash
93070199-a5f4-4b24-bd56-595d17eeb957,ZIC-20260818-0118,f686d4d0-3678-467e-9535-3d5f1309c328,Cashier 1,80.0,0.0,0.0,80.0,80.0,0.0,cash,1,2026-08-18T16:41:32.72075+00:00,70fb8503-f917-4827-96bd-d9757a495dd8,cash
d4be9c29-e260-4a9a-8fc4-fbd732490498,ZIC-20260818-0119,f686d4d0-3678-467e-9535-3d5f1309c328,Cashier 1,40.0,0.0,0.0,40.0,40.0,0.0,cash,1,2026-08-18T16:43:29.99609+00:00,70fb8503-f917-4827-96bd-d9757a495dd8,cash
91051597-5c96-40ce-bc76-a9a16263c4b6,ZIC-20260818-0120,f686d4d0-3678-467e-9535-3d5f1309c328,Cashier 1,100.0,0.0,0.0,100.0,100.0,0.0,cash,3,2026-08-18T16:51:53.34976+00:00,70fb8503-f917-4827-96bd-d9757a495dd8,cash
16dc9b76-baea-47d6-a329-17d341e88b1f,ZIC-20260818-0121,f686d4d0-3678-467e-9535-3d5f1309c328,Cashier 1,220.0,0.0,0.0,220.0,220.0,0.0,cash,9,2026-08-18T16:55:27.365325+00:00,70fb8503-f917-4827-96bd-d9757a495dd8,cash
9e03a473-2f13-4e88-a65a-ec222fcce97f,ZIC-20260818-0122,f686d4d0-3678-467e-9535-3d5f1309c328,Cashier 1,110.0,0.0,0.0,110.0,110.0,0.0,cash,1,2026-08-18T17:07:24.380447+00:00,70fb8503-f917-4827-96bd-d9757a495dd8,cash
99eeb67b-9091-4535-8e55-728269069c83,ZIC-20260818-0123,f686d4d0-3678-467e-9535-3d5f1309c328,Cashier 1,70.0,0.0,0.0,70.0,70.0,0.0,cash,2,2026-08-18T17:10:59.202339+00:00,70fb8503-f917-4827-96bd-d9757a495dd8,cash
994b2e79-a0ca-4605-ac8b-fc72e0eae1de,ZIC-20260818-0124,f686d4d0-3678-467e-9535-3d5f1309c328,Cashier 1,300.0,0.0,0.0,300.0,300.0,0.0,cash,2,2026-08-18T17:18:00.300592+00:00,70fb8503-f917-4827-96bd-d9757a495dd8,cash
7b5a272e-f562-4d4c-b717-36a038c10a69,ZIC-20260818-0125,f686d4d0-3678-467e-9535-3d5f1309c328,Cashier 1,170.0,0.0,0.0,170.0,170.0,0.0,cash,11,2026-08-18T17:20:35.985768+00:00,70fb8503-f917-4827-96bd-d9757a495dd8,cash
3a58a00c-8d22-4217-8439-4cbef5608ccc,ZIC-20260818-0126,f686d4d0-3678-467e-9535-3d5f1309c328,Cashier 1,90.0,0.0,0.0,90.0,90.0,0.0,cash,1,2026-08-18T18:03:16.354119+00:00,70fb8503-f917-4827-96bd-d9757a495dd8,cash
1fe0f7c5-2279-4932-bf28-7e404599fd35,ZIC-20260818-0127,f686d4d0-3678-467e-9535-3d5f1309c328,Cashier 1,100.0,0.0,0.0,100.0,100.0,0.0,cash,5,2026-08-18T18:24:38.848522+00:00,70fb8503-f917-4827-96bd-d9757a495dd8,cash
0156b7ec-9f30-4943-9d63-0493e9906d4b,ZIC-20260818-0128,f686d4d0-3678-467e-9535-3d5f1309c328,Cashier 1,640.0,0.0,0.0,640.0,640.0,0.0,cash,31,2026-08-18T18:39:05.158012+00:00,70fb8503-f917-4827-96bd-d9757a495dd8,cash
c57cbab5-0a74-4074-be74-f96ecc32c579,ZIC-20260818-0129,f686d4d0-3678-467e-9535-3d5f1309c328,Cashier 1,140.0,0.0,0.0,140.0,140.0,0.0,cash,10,2026-08-18T18:47:46.781057+00:00,70fb8503-f917-4827-96bd-d9757a495dd8,cash
3a16a945-968d-4d36-a9eb-c6a41c4b7d00,ZIC-20260818-0130,f686d4d0-3678-467e-9535-3d5f1309c328,Cashier 1,500.0,0.0,0.0,500.0,500.0,0.0,cash,20,2026-08-18T18:48:52.911694+00:00,70fb8503-f917-4827-96bd-d9757a495dd8,cash
84a19902-d663-46b7-bd28-9ad78d20ce7c,ZIC-20260818-0131,f686d4d0-3678-467e-9535-3d5f1309c328,Cashier 1,300.0,0.0,0.0,300.0,300.0,0.0,cash,6,2026-08-18T18:58:46.015646+00:00,70fb8503-f917-4827-96bd-d9757a495dd8,cash
b8b002a6-d4cf-4bc0-9579-1a06f6117803,ZIC-20260818-0132,f686d4d0-3678-467e-9535-3d5f1309c328,Cashier 1,410.0,0.0,0.0,410.0,410.0,0.0,cash,6,2026-08-18T19:09:04.467223+00:00,70fb8503-f917-4827-96bd-d9757a495dd8,cash
af915cc7-fc9d-48d3-a3a0-e70e8fbb775b,ZIC-20260818-0133,f686d4d0-3678-467e-9535-3d5f1309c328,Cashier 1,50.0,0.0,0.0,50.0,50.0,0.0,cash,4,2026-08-18T19:11:36.177955+00:00,70fb8503-f917-4827-96bd-d9757a495dd8,cash
a7123a59-519b-46bb-9270-984dd9acefa4,ZIC-20260818-0134,f686d4d0-3678-467e-9535-3d5f1309c328,Cashier 1,100.0,0.0,0.0,100.0,100.0,0.0,cash,5,2026-08-18T19:29:38.429099+00:00,70fb8503-f917-4827-96bd-d9757a495dd8,cash
b3d2a93e-49c9-43af-883c-46550eabdf53,ZIC-20260818-0135,f686d4d0-3678-467e-9535-3d5f1309c328,Cashier 1,60.0,0.0,0.0,60.0,60.0,0.0,cash,3,2026-08-18T19:37:25.775729+00:00,70fb8503-f917-4827-96bd-d9757a495dd8,cash
c823e5a3-44ac-4dae-a2c6-f17898134e12,ZIC-20260818-0136,f686d4d0-3678-467e-9535-3d5f1309c328,Cashier 1,50.0,0.0,0.0,50.0,50.0,0.0,cash,1,2026-08-18T19:37:48.410372+00:00,70fb8503-f917-4827-96bd-d9757a495dd8,cash
d432f6c5-7a69-4c7c-9aaa-6f99025201f9,ZIC-20260818-0137,f686d4d0-3678-467e-9535-3d5f1309c328,Cashier 1,170.0,0.0,0.0,170.0,170.0,0.0,cash,2,2026-08-18T20:18:34.623537+00:00,70fb8503-f917-4827-96bd-d9757a495dd8,cash
c8bf65ce-45c0-4000-95ed-37bb6bfe13a5,ZIC-20260818-0138,f686d4d0-3678-467e-9535-3d5f1309c328,Cashier 1,340.0,0.0,0.0,340.0,340.0,0.0,card,21,2026-08-18T20:38:16.186032+00:00,70fb8503-f917-4827-96bd-d9757a495dd8,card
714938a2-4025-4557-b78f-70981d574652,ZIC-20260818-0139,f686d4d0-3678-467e-9535-3d5f1309c328,Cashier 1,190.0,0.0,0.0,190.0,190.0,0.0,cash,3,2026-08-18T20:42:36.589298+00:00,70fb8503-f917-4827-96bd-d9757a495dd8,cash
a27ca469-89c9-41e2-a31f-cdecb2896698,ZIC-20260818-0140,f686d4d0-3678-467e-9535-3d5f1309c328,Cashier 1,560.0,0.0,0.0,560.0,560.0,0.0,easypasa,10,2026-08-18T22:27:03.157542+00:00,70fb8503-f917-4827-96bd-d9757a495dd8,cash
8af6929b-0b52-4a5e-8161-acc862931710,ZIC-20260818-0141,f686d4d0-3678-467e-9535-3d5f1309c328,Cashier 1,500.0,0.0,0.0,500.0,500.0,0.0,easypasa,15,2026-08-18T22:30:52.004899+00:00,70fb8503-f917-4827-96bd-d9757a495dd8,cash
41573d50-4b2d-4ceb-beab-ec877aa29354,ZIC-20260818-0142,f686d4d0-3678-467e-9535-3d5f1309c328,Cashier 1,120.0,0.0,0.0,120.0,120.0,0.0,cash,3,2026-08-18T22:42:16.351808+00:00,70fb8503-f917-4827-96bd-d9757a495dd8,cash
570ced56-4c34-40db-88f2-98da57193006,ZIC-20260818-0143,f686d4d0-3678-467e-9535-3d5f1309c328,Cashier 1,270.0,0.0,0.0,270.0,270.0,0.0,cash,2,2026-08-18T23:21:18.678589+00:00,70fb8503-f917-4827-96bd-d9757a495dd8,cash
8e762205-8a66-4b29-bffb-fe7a5da60c70,ZIC-20260818-0144,f686d4d0-3678-467e-9535-3d5f1309c328,Cashier 1,30.0,0.0,0.0,30.0,30.0,0.0,cash,1,2026-08-18T23:38:25.9024+00:00,70fb8503-f917-4827-96bd-d9757a495dd8,cash
e78d87b8-fd1e-4b94-b486-abe8dac4d7fc,ZIC-20260819-0001,f686d4d0-3678-467e-9535-3d5f1309c328,Cashier 1,40.0,0.0,0.0,40.0,40.0,0.0,cash,4,2026-08-19T00:11:49.704497+00:00,70fb8503-f917-4827-96bd-d9757a495dd8,cash
5c96802f-2b61-40ce-87fb-e07c99277a17,ZIC-20260819-0002,f686d4d0-3678-467e-9535-3d5f1309c328,Cashier 1,90.0,0.0,0.0,90.0,90.0,0.0,cash,5,2026-08-19T01:15:50.602924+00:00,70fb8503-f917-4827-96bd-d9757a495dd8,cash
241ecfba-bb06-4c5b-9338-7bd2af87f3d4,ZIC-20260819-0003,f686d4d0-3678-467e-9535-3d5f1309c328,Cashier 1,30.0,0.0,0.0,30.0,30.0,0.0,cash,1,2026-08-19T01:32:37.449935+00:00,70fb8503-f917-4827-96bd-d9757a495dd8,cash
c6884d65-13e9-4717-9576-e37f35def8b5,ZIC-20260819-0004,f686d4d0-3678-467e-9535-3d5f1309c328,Cashier 1,230.0,0.0,0.0,230.0,230.0,0.0,cash,3,2026-08-19T01:49:48.167157+00:00,70fb8503-f917-4827-96bd-d9757a495dd8,cash
6fbf91ae-bd94-44a8-a4ba-4672cfd7911c,ZIC-20260819-0005,f686d4d0-3678-467e-9535-3d5f1309c328,Cashier 1,60.0,0.0,0.0,60.0,60.0,0.0,cash,2,2026-08-19T01:49:58.864598+00:00,70fb8503-f917-4827-96bd-d9757a495dd8,cash
6b6ba24f-d441-4211-a5c3-0abe95bbee9d,ZIC-20260819-0006,f686d4d0-3678-467e-9535-3d5f1309c328,Cashier 1,50.0,0.0,0.0,50.0,50.0,0.0,cash,1,2026-08-19T02:33:09.018533+00:00,70fb8503-f917-4827-96bd-d9757a495dd8,cash
9f6c9c35-589c-4f5c-b7d3-1bbdabe97f06,ZIC-20260819-0007,f686d4d0-3678-467e-9535-3d5f1309c328,Cashier 1,200.0,0.0,0.0,200.0,200.0,0.0,cash,11,2026-08-19T02:52:52.503857+00:00,70fb8503-f917-4827-96bd-d9757a495dd8,cash
23c76f93-7add-4ac9-99a9-c97156b8dff4,ZIC-20260819-0008,62c5814c-09e6-4583-874d-c3660ce3283f,Asad,100.0,0.0,0.0,100.0,100.0,0.0,cash,10,2026-08-19T03:19:56.966343+00:00,3ed912a6-97a2-463a-bb81-11fe8d738d21,cash
949372ce-6b3a-42da-b0e4-6314c5829b89,ZIC-20260819-0009,62c5814c-09e6-4583-874d-c3660ce3283f,Asad,150.0,0.0,0.0,150.0,150.0,0.0,cash,1,2026-08-19T03:48:03.936107+00:00,3ed912a6-97a2-463a-bb81-11fe8d738d21,cash
3a0c7f60-7867-47c5-b0f8-8750a567efd1,ZIC-20260819-0010,62c5814c-09e6-4583-874d-c3660ce3283f,Asad,10.0,0.0,0.0,10.0,10.0,0.0,cash,2,2026-08-19T03:53:09.441853+00:00,3ed912a6-97a2-463a-bb81-11fe8d738d21,cash
bcb884d3-30f2-46a7-b108-3bd3ee678a7b,ZIC-20260819-0011,62c5814c-09e6-4583-874d-c3660ce3283f,Asad,20.0,0.0,0.0,20.0,20.0,0.0,cash,2,2026-08-19T04:04:47.94558+00:00,3ed912a6-97a2-463a-bb81-11fe8d738d21,cash
3b07dfba-030a-4668-b81f-9d0583995d8e,ZIC-20260819-0012,62c5814c-09e6-4583-874d-c3660ce3283f,Asad,40.0,0.0,0.0,40.0,40.0,0.0,cash,2,2026-08-19T04:12:37.779069+00:00,3ed912a6-97a2-463a-bb81-11fe8d738d21,cash
41013a0e-3ce3-4878-9bbb-d2eaafedb80a,ZIC-20260819-0013,62c5814c-09e6-4583-874d-c3660ce3283f,Asad,40.0,0.0,0.0,40.0,40.0,0.0,cash,4,2026-08-19T04:43:03.152129+00:00,3ed912a6-97a2-463a-bb81-11fe8d738d21,cash
d7b78c03-e3be-4a79-aa07-a4b05ea768dd,ZIC-20260819-0014,62c5814c-09e6-4583-874d-c3660ce3283f,Asad,30.0,0.0,0.0,30.0,30.0,0.0,cash,2,2026-08-19T05:01:05.399386+00:00,3ed912a6-97a2-463a-bb81-11fe8d738d21,cash
e9f533c3-0d47-4138-8809-f44608b73fcd,ZIC-20260819-0015,62c5814c-09e6-4583-874d-c3660ce3283f,Asad,30.0,0.0,0.0,30.0,30.0,0.0,cash,3,2026-08-19T05:11:52.732395+00:00,3ed912a6-97a2-463a-bb81-11fe8d738d21,cash
b4a3771a-4182-46ad-bc00-79e4da72c132,ZIC-20260819-0016,62c5814c-09e6-4583-874d-c3660ce3283f,Asad,140.0,0.0,0.0,140.0,140.0,0.0,cash,2,2026-08-19T05:16:53.559411+00:00,3ed912a6-97a2-463a-bb81-11fe8d738d21,cash
ba77ddb9-ccf3-4569-8076-b25e7e92c801,ZIC-20260819-0017,62c5814c-09e6-4583-874d-c3660ce3283f,Asad,30.0,0.0,0.0,30.0,30.0,0.0,cash,2,2026-08-19T05:20:32.619198+00:00,3ed912a6-97a2-463a-bb81-11fe8d738d21,cash
18b325ab-eb4b-492c-b6f6-fa04e26b39c2,ZIC-20260819-0018,62c5814c-09e6-4583-874d-c3660ce3283f,Asad,40.0,0.0,0.0,40.0,40.0,0.0,cash,4,2026-08-19T05:23:35.331446+00:00,3ed912a6-97a2-463a-bb81-11fe8d738d21,cash
56a84fb6-8240-40b5-8364-7aa2b0513e0c,ZIC-20260819-0019,62c5814c-09e6-4583-874d-c3660ce3283f,Asad,10.0,0.0,0.0,10.0,10.0,0.0,cash,1,2026-08-19T05:24:51.57096+00:00,3ed912a6-97a2-463a-bb81-11fe8d738d21,cash
854b530d-dd2a-4f42-9150-d00a449b3695,ZIC-20260819-0020,62c5814c-09e6-4583-874d-c3660ce3283f,Asad,100.0,0.0,0.0,100.0,100.0,0.0,cash,2,2026-08-19T05:30:20.967103+00:00,3ed912a6-97a2-463a-bb81-11fe8d738d21,cash
e829ecdb-c190-4aec-82b1-8204947e80a0,ZIC-20260819-0021,62c5814c-09e6-4583-874d-c3660ce3283f,Asad,225.0,0.0,0.0,225.0,225.0,0.0,cash,1,2026-08-19T05:42:30.342635+00:00,3ed912a6-97a2-463a-bb81-11fe8d738d21,cash
0510104e-8fb2-40ca-b71c-a9a049b46120,ZIC-20260819-0022,62c5814c-09e6-4583-874d-c3660ce3283f,Asad,30.0,0.0,0.0,30.0,30.0,0.0,cash,1,2026-08-19T05:56:39.730839+00:00,3ed912a6-97a2-463a-bb81-11fe8d738d21,cash
b8318ac1-3b6b-4c37-b293-b4f275ced36f,ZIC-20260819-0023,62c5814c-09e6-4583-874d-c3660ce3283f,Asad,200.0,0.0,0.0,200.0,200.0,0.0,easypasa,2,2026-08-19T05:58:12.877383+00:00,3ed912a6-97a2-463a-bb81-11fe8d738d21,cash
07a2e625-598f-4b5e-86e4-71c26cacce5e,ZIC-20260819-0024,62c5814c-09e6-4583-874d-c3660ce3283f,Asad,60.0,0.0,0.0,60.0,60.0,0.0,cash,2,2026-08-19T06:13:41.302935+00:00,3ed912a6-97a2-463a-bb81-11fe8d738d21,cash
a8e3c257-6fce-497f-a27c-68ad505d57f0,ZIC-20260819-0025,62c5814c-09e6-4583-874d-c3660ce3283f,Asad,100.0,0.0,0.0,100.0,100.0,0.0,cash,4,2026-08-19T06:20:54.848088+00:00,3ed912a6-97a2-463a-bb81-11fe8d738d21,cash
d201bce0-4a88-4bca-b158-0af22804032d,ZIC-20260819-0026,62c5814c-09e6-4583-874d-c3660ce3283f,Asad,50.0,0.0,0.0,50.0,50.0,0.0,cash,1,2026-08-19T06:21:32.967533+00:00,3ed912a6-97a2-463a-bb81-11fe8d738d21,cash
56a4dfa8-3efb-4a8d-8125-b4f7ad4c6431,ZIC-20260819-0027,62c5814c-09e6-4583-874d-c3660ce3283f,Asad,230.0,0.0,0.0,230.0,230.0,0.0,cash,2,2026-08-19T06:27:06.335369+00:00,3ed912a6-97a2-463a-bb81-11fe8d738d21,cash
f9199ac6-ee92-4a36-a2d0-77db69cc55e5,ZIC-20260819-0028,62c5814c-09e6-4583-874d-c3660ce3283f,Asad,10.0,0.0,0.0,10.0,10.0,0.0,cash,1,2026-08-19T06:45:58.007432+00:00,3ed912a6-97a2-463a-bb81-11fe8d738d21,cash
57f8ddba-37fd-4e7b-870c-c2791efd0d59,ZIC-20260819-0029,62c5814c-09e6-4583-874d-c3660ce3283f,Asad,140.0,0.0,0.0,140.0,140.0,0.0,cash,2,2026-08-19T07:02:39.941194+00:00,3ed912a6-97a2-463a-bb81-11fe8d738d21,cash
0d7ef075-c8db-48ac-b65a-e71212510d17,ZIC-20260819-0030,62c5814c-09e6-4583-874d-c3660ce3283f,Asad,250.0,0.0,0.0,250.0,250.0,0.0,cash,4,2026-08-19T07:05:29.163494+00:00,3ed912a6-97a2-463a-bb81-11fe8d738d21,cash
f2bff270-9dd1-4bbb-ab41-b7df36023747,ZIC-20260819-0031,62c5814c-09e6-4583-874d-c3660ce3283f,Asad,150.0,0.0,0.0,150.0,150.0,0.0,cash,1,2026-08-19T07:15:20.269712+00:00,3ed912a6-97a2-463a-bb81-11fe8d738d21,cash
8c8260b7-e9b9-43c6-9466-02b94e3945d2,ZIC-20260819-0032,62c5814c-09e6-4583-874d-c3660ce3283f,Asad,170.0,0.0,0.0,170.0,170.0,0.0,cash,3,2026-08-19T07:25:43.299194+00:00,3ed912a6-97a2-463a-bb81-11fe8d738d21,cash
40d54044-aa78-45b4-ac42-6029e3712498,ZIC-20260819-0033,62c5814c-09e6-4583-874d-c3660ce3283f,Asad,530.0,0.0,0.0,530.0,530.0,0.0,cash,7,2026-08-19T07:28:38.669717+00:00,3ed912a6-97a2-463a-bb81-11fe8d738d21,cash
c460e9d6-6f07-4318-ba61-1e6f962a5115,ZIC-20260819-0034,62c5814c-09e6-4583-874d-c3660ce3283f,Asad,1090.0,0.0,90.0,1000.0,1000.0,0.0,cash,6,2026-08-19T07:31:01.60533+00:00,3ed912a6-97a2-463a-bb81-11fe8d738d21,cash
90cae6be-3ee8-47e7-ac53-96152b283252,ZIC-20260819-0035,62c5814c-09e6-4583-874d-c3660ce3283f,Asad,180.0,0.0,0.0,180.0,180.0,0.0,cash,2,2026-08-19T07:32:40.278012+00:00,3ed912a6-97a2-463a-bb81-11fe8d738d21,cash
475f2c38-98e5-4cb4-900b-933a861ccee0,ZIC-20260819-0036,62c5814c-09e6-4583-874d-c3660ce3283f,Asad,210.0,0.0,0.0,210.0,210.0,0.0,cash,1,2026-08-19T07:40:58.112009+00:00,3ed912a6-97a2-463a-bb81-11fe8d738d21,cash
7d224d81-2873-4382-aa59-83ce20d7c304,ZIC-20260819-0037,62c5814c-09e6-4583-874d-c3660ce3283f,Asad,90.0,0.0,0.0,90.0,90.0,0.0,cash,2,2026-08-19T07:44:26.543583+00:00,3ed912a6-97a2-463a-bb81-11fe8d738d21,cash
8785d281-4093-4c0b-bd21-0f91e2fb3f25,ZIC-20260819-0038,62c5814c-09e6-4583-874d-c3660ce3283f,Asad,20.0,0.0,0.0,20.0,20.0,0.0,cash,4,2026-08-19T07:45:30.07674+00:00,3ed912a6-97a2-463a-bb81-11fe8d738d21,cash
d7e6a8ad-b6df-44f1-905d-5359e65ab739,ZIC-20260819-0039,62c5814c-09e6-4583-874d-c3660ce3283f,Asad,30.0,0.0,0.0,30.0,30.0,0.0,cash,2,2026-08-19T07:51:06.653895+00:00,3ed912a6-97a2-463a-bb81-11fe8d738d21,cash
fb138e98-b77f-449a-b596-393722f39bfd,ZIC-20260819-0040,62c5814c-09e6-4583-874d-c3660ce3283f,Asad,30.0,0.0,0.0,30.0,30.0,0.0,cash,2,2026-08-19T07:54:53.029563+00:00,3ed912a6-97a2-463a-bb81-11fe8d738d21,cash
7af18839-3de5-49ed-b7cf-12cf55cb8f22,ZIC-20260819-0041,62c5814c-09e6-4583-874d-c3660ce3283f,Asad,20.0,0.0,0.0,20.0,20.0,0.0,cash,2,2026-08-19T08:03:38.544204+00:00,3ed912a6-97a2-463a-bb81-11fe8d738d21,cash
5e9184d0-290f-46f1-acb5-e82a8d16e902,ZIC-20260819-0042,62c5814c-09e6-4583-874d-c3660ce3283f,Asad,30.0,0.0,0.0,30.0,30.0,0.0,cash,2,2026-08-19T08:09:20.739892+00:00,3ed912a6-97a2-463a-bb81-11fe8d738d21,cash
4a5f69d3-ca0a-4bc6-b1ec-d4facf8688b0,ZIC-20260819-0043,62c5814c-09e6-4583-874d-c3660ce3283f,Asad,20.0,0.0,0.0,20.0,20.0,0.0,cash,2,2026-08-19T08:11:09.751789+00:00,3ed912a6-97a2-463a-bb81-11fe8d738d21,cash
b0b282b8-1816-4549-b123-62b1c632e4cf,ZIC-20260819-0044,62c5814c-09e6-4583-874d-c3660ce3283f,Asad,10.0,0.0,0.0,10.0,10.0,0.0,cash,1,2026-08-19T08:16:42.748246+00:00,3ed912a6-97a2-463a-bb81-11fe8d738d21,cash
15abb660-91d5-410a-b142-7b3b424b17c9,ZIC-20260819-0045,62c5814c-09e6-4583-874d-c3660ce3283f,Asad,45.0,0.0,0.0,45.0,45.0,0.0,cash,3,2026-08-19T08:22:35.021471+00:00,3ed912a6-97a2-463a-bb81-11fe8d738d21,cash
0d0df00f-3325-4e54-bb53-5ed0a0c63d3d,ZIC-20260819-0046,62c5814c-09e6-4583-874d-c3660ce3283f,Asad,50.0,0.0,0.0,50.0,50.0,0.0,cash,1,2026-08-19T08:39:54.897672+00:00,3ed912a6-97a2-463a-bb81-11fe8d738d21,cash
5b5c7b70-998e-4c39-b09e-e60830827a8f,ZIC-20260819-0047,62c5814c-09e6-4583-874d-c3660ce3283f,Asad,30.0,0.0,0.0,30.0,30.0,0.0,cash,2,2026-08-19T08:51:52.536944+00:00,3ed912a6-97a2-463a-bb81-11fe8d738d21,cash
477c5c5d-eb5b-4d7d-9652-5d8037237a79,ZIC-20260819-0048,62c5814c-09e6-4583-874d-c3660ce3283f,Asad,190.0,0.0,0.0,190.0,190.0,0.0,cash,2,2026-08-19T08:55:25.516724+00:00,3ed912a6-97a2-463a-bb81-11fe8d738d21,cash
7936e16e-a965-4451-b46e-e715a140da7b,ZIC-20260819-0049,62c5814c-09e6-4583-874d-c3660ce3283f,Asad,190.0,0.0,0.0,190.0,190.0,0.0,cash,2,2026-08-19T09:04:20.837937+00:00,3ed912a6-97a2-463a-bb81-11fe8d738d21,cash
bbff91c7-e6b9-451d-912f-192608e1886c,ZIC-20260819-0050,62c5814c-09e6-4583-874d-c3660ce3283f,Asad,90.0,0.0,0.0,90.0,90.0,0.0,cash,7,2026-08-19T09:05:28.00487+00:00,3ed912a6-97a2-463a-bb81-11fe8d738d21,cash
6b282dfa-9abb-493d-94ad-0a2e58f145d6,ZIC-20260819-0051,62c5814c-09e6-4583-874d-c3660ce3283f,Asad,1910.0,0.0,0.0,1910.0,1910.0,0.0,cash,25,2026-08-19T09:10:52.767721+00:00,3ed912a6-97a2-463a-bb81-11fe8d738d21,cash
34475588-a558-4380-9633-cc8219ea7fc6,ZIC-20260819-0052,62c5814c-09e6-4583-874d-c3660ce3283f,Asad,50.0,0.0,0.0,50.0,50.0,0.0,cash,4,2026-08-19T09:11:50.248177+00:00,3ed912a6-97a2-463a-bb81-11fe8d738d21,cash
a887d6d2-c6cd-4954-acf1-8fd5917d86ec,ZIC-20260819-0053,62c5814c-09e6-4583-874d-c3660ce3283f,Asad,45.0,0.0,0.0,45.0,45.0,0.0,cash,2,2026-08-19T09:12:54.828124+00:00,3ed912a6-97a2-463a-bb81-11fe8d738d21,cash
42c82569-e5d4-48b4-9c98-fe8a60a1c5a9,ZIC-20260819-0054,62c5814c-09e6-4583-874d-c3660ce3283f,Asad,50.0,0.0,0.0,50.0,50.0,0.0,cash,5,2026-08-19T09:13:31.221069+00:00,3ed912a6-97a2-463a-bb81-11fe8d738d21,cash
7608d270-ed09-4c69-a525-d60f69d33a7b,ZIC-20260819-0055,62c5814c-09e6-4583-874d-c3660ce3283f,Asad,310.0,0.0,0.0,310.0,310.0,0.0,cash,3,2026-08-19T09:19:50.555844+00:00,3ed912a6-97a2-463a-bb81-11fe8d738d21,cash
a3164f36-d765-4b72-8f7b-f0d1d12812fc,ZIC-20260819-0056,62c5814c-09e6-4583-874d-c3660ce3283f,Asad,15.0,0.0,0.0,15.0,15.0,0.0,cash,3,2026-08-19T09:24:34.548838+00:00,3ed912a6-97a2-463a-bb81-11fe8d738d21,cash
0960beb2-6110-4e14-8e4b-c70018df12bd,ZIC-20260819-0057,62c5814c-09e6-4583-874d-c3660ce3283f,Asad,65.0,0.0,0.0,65.0,65.0,0.0,cash,2,2026-08-19T09:37:16.593268+00:00,3ed912a6-97a2-463a-bb81-11fe8d738d21,cash
0378a1d6-1210-4348-a1b6-01d19ad45bb6,ZIC-20260819-0058,62c5814c-09e6-4583-874d-c3660ce3283f,Asad,60.0,0.0,0.0,60.0,60.0,0.0,cash,3,2026-08-19T09:37:34.376912+00:00,3ed912a6-97a2-463a-bb81-11fe8d738d21,cash
63b25e2d-d26a-4285-8b3a-8a51219b0fe8,ZIC-20260819-0059,62c5814c-09e6-4583-874d-c3660ce3283f,Asad,400.0,0.0,0.0,400.0,400.0,0.0,cash,1,2026-08-19T09:53:45.831329+00:00,3ed912a6-97a2-463a-bb81-11fe8d738d21,cash
428dffde-6dd5-440b-82e6-4f38035f03eb,ZIC-20260819-0060,62c5814c-09e6-4583-874d-c3660ce3283f,Asad,120.0,0.0,0.0,120.0,120.0,0.0,cash,2,2026-08-19T10:11:22.848018+00:00,3ed912a6-97a2-463a-bb81-11fe8d738d21,cash
424c04f0-3355-4d9f-ba36-4c989877cb80,ZIC-20260819-0061,62c5814c-09e6-4583-874d-c3660ce3283f,Asad,550.0,0.0,50.0,500.0,500.0,0.0,cash,1,2026-08-19T10:14:22.415962+00:00,3ed912a6-97a2-463a-bb81-11fe8d738d21,cash
51153bc3-77c7-4b0b-ab53-bab99e424ff5,ZIC-20260819-0062,62c5814c-09e6-4583-874d-c3660ce3283f,Asad,50.0,0.0,0.0,50.0,50.0,0.0,cash,1,2026-08-19T10:14:50.239276+00:00,3ed912a6-97a2-463a-bb81-11fe8d738d21,cash
9f5cb307-3978-4ba7-9a42-09c3d491a471,ZIC-20260819-0063,62c5814c-09e6-4583-874d-c3660ce3283f,Asad,80.0,0.0,0.0,80.0,80.0,0.0,cash,1,2026-08-19T10:21:31.343077+00:00,3ed912a6-97a2-463a-bb81-11fe8d738d21,cash
57e31b1f-8687-47cb-92fa-82dbb9873287,ZIC-20260819-0064,62c5814c-09e6-4583-874d-c3660ce3283f,Asad,70.0,0.0,0.0,70.0,70.0,0.0,cash,1,2026-08-19T10:22:05.405413+00:00,3ed912a6-97a2-463a-bb81-11fe8d738d21,cash
e8674f0a-3aea-4455-a8b7-5e8367607765,ZIC-20260819-0065,62c5814c-09e6-4583-874d-c3660ce3283f,Asad,400.0,0.0,0.0,400.0,400.0,0.0,cash,1,2026-08-19T10:27:38.3171+00:00,3ed912a6-97a2-463a-bb81-11fe8d738d21,cash
fa35ce88-37da-42cf-9f51-0f2f43feb246,ZIC-20260819-0066,62c5814c-09e6-4583-874d-c3660ce3283f,Asad,80.0,0.0,0.0,80.0,80.0,0.0,cash,1,2026-08-19T10:28:07.390955+00:00,3ed912a6-97a2-463a-bb81-11fe8d738d21,cash
61be258c-3e24-4e08-b491-60820e7421e3,ZIC-20260819-0067,62c5814c-09e6-4583-874d-c3660ce3283f,Asad,20.0,0.0,0.0,20.0,20.0,0.0,cash,1,2026-08-19T10:31:24.502368+00:00,3ed912a6-97a2-463a-bb81-11fe8d738d21,cash
832e62d2-67b4-49cc-812b-e2ef5f606c95,ZIC-20260819-0068,62c5814c-09e6-4583-874d-c3660ce3283f,Asad,80.0,0.0,0.0,80.0,80.0,0.0,cash,1,2026-08-19T10:34:15.904894+00:00,3ed912a6-97a2-463a-bb81-11fe8d738d21,cash
269e90eb-2125-4cb8-81f5-5c1417bf825a,ZIC-20260819-0069,62c5814c-09e6-4583-874d-c3660ce3283f,Asad,50.0,0.0,0.0,50.0,50.0,0.0,cash,4,2026-08-19T10:48:00.390782+00:00,3ed912a6-97a2-463a-bb81-11fe8d738d21,cash
e085f124-9766-404a-aa1b-2432ad3d1f89,ZIC-20260819-0070,62c5814c-09e6-4583-874d-c3660ce3283f,Asad,30.0,0.0,0.0,30.0,30.0,0.0,cash,2,2026-08-19T10:54:38.79742+00:00,3ed912a6-97a2-463a-bb81-11fe8d738d21,cash
13627bc8-1cc8-46d4-b61a-58c9be2a40ea,ZIC-20260819-0071,62c5814c-09e6-4583-874d-c3660ce3283f,Asad,60.0,0.0,0.0,60.0,60.0,0.0,cash,1,2026-08-19T11:00:27.763828+00:00,3ed912a6-97a2-463a-bb81-11fe8d738d21,cash
7fe4ea7c-453e-4475-8799-2eb1c157f71f,ZIC-20260819-0072,62c5814c-09e6-4583-874d-c3660ce3283f,Asad,30.0,0.0,0.0,30.0,30.0,0.0,cash,1,2026-08-19T11:00:51.700788+00:00,3ed912a6-97a2-463a-bb81-11fe8d738d21,cash
3af8b2c1-869e-422e-9f9d-30dcf5361185,ZIC-20260819-0073,62c5814c-09e6-4583-874d-c3660ce3283f,Asad,50.0,0.0,0.0,50.0,50.0,0.0,cash,1,2026-08-19T11:09:29.266572+00:00,3ed912a6-97a2-463a-bb81-11fe8d738d21,cash
809c1766-feed-4de2-ae93-3125aacc4b72,ZIC-20260819-0074,62c5814c-09e6-4583-874d-c3660ce3283f,Asad,200.0,0.0,0.0,200.0,200.0,0.0,cash,5,2026-08-19T11:13:58.319818+00:00,3ed912a6-97a2-463a-bb81-11fe8d738d21,cash
272d3f48-570b-49bd-8400-40d7d1bcf8c9,ZIC-20260819-0075,62c5814c-09e6-4583-874d-c3660ce3283f,Asad,180.0,0.0,0.0,180.0,180.0,0.0,cash,5,2026-08-19T11:28:14.23786+00:00,3ed912a6-97a2-463a-bb81-11fe8d738d21,cash
5dd739b9-4210-4473-9558-604c093264ed,ZIC-20260819-0076,62c5814c-09e6-4583-874d-c3660ce3283f,Asad,260.0,0.0,0.0,260.0,260.0,0.0,cash,21,2026-08-19T11:29:06.901976+00:00,3ed912a6-97a2-463a-bb81-11fe8d738d21,cash
0aedb5e4-1b23-42f9-beea-d09d88e9425b,ZIC-20260819-0077,62c5814c-09e6-4583-874d-c3660ce3283f,Asad,100.0,0.0,0.0,100.0,100.0,0.0,cash,1,2026-08-19T11:39:16.153563+00:00,3ed912a6-97a2-463a-bb81-11fe8d738d21,cash
38d430da-72be-470e-b75a-1c6ae4f31e89,ZIC-20260819-0078,62c5814c-09e6-4583-874d-c3660ce3283f,Asad,60.0,0.0,0.0,60.0,60.0,0.0,cash,4,2026-08-19T11:47:32.766133+00:00,3ed912a6-97a2-463a-bb81-11fe8d738d21,cash
77639260-1ded-4ccb-b706-4466b86a10b1,ZIC-20260819-0079,62c5814c-09e6-4583-874d-c3660ce3283f,Asad,50.0,0.0,0.0,50.0,50.0,0.0,cash,4,2026-08-19T11:51:20.058822+00:00,3ed912a6-97a2-463a-bb81-11fe8d738d21,cash
696e48f6-3cda-47d2-a999-80d93b963c4e,ZIC-20260819-0080,62c5814c-09e6-4583-874d-c3660ce3283f,Asad,280.0,0.0,0.0,280.0,280.0,0.0,cash,5,2026-08-19T11:53:47.90745+00:00,3ed912a6-97a2-463a-bb81-11fe8d738d21,cash
2d31da43-e8b3-41aa-97c5-4fa6e82c71c0,ZIC-20260819-0081,62c5814c-09e6-4583-874d-c3660ce3283f,Asad,330.0,0.0,0.0,330.0,330.0,0.0,cash,12,2026-08-19T11:59:33.440247+00:00,3ed912a6-97a2-463a-bb81-11fe8d738d21,cash
752edf6a-0f8f-4ea6-a683-75479ffa3616,ZIC-20260819-0082,62c5814c-09e6-4583-874d-c3660ce3283f,Asad,430.0,0.0,0.0,430.0,430.0,0.0,cash,9,2026-08-19T12:01:57.345002+00:00,3ed912a6-97a2-463a-bb81-11fe8d738d21,cash
09c5f9bf-1f5a-42db-ac87-78dd58174f50,ZIC-20260819-0083,62c5814c-09e6-4583-874d-c3660ce3283f,Asad,10.0,0.0,0.0,10.0,10.0,0.0,cash,2,2026-08-19T12:02:57.633102+00:00,3ed912a6-97a2-463a-bb81-11fe8d738d21,cash
61e3495b-6c00-48f9-be75-aebf4f5e465f,ZIC-20260819-0084,62c5814c-09e6-4583-874d-c3660ce3283f,Asad,60.0,0.0,0.0,60.0,60.0,0.0,cash,5,2026-08-19T12:08:36.695049+00:00,3ed912a6-97a2-463a-bb81-11fe8d738d21,cash
23d32370-77d3-4987-84e1-676fff8d173b,ZIC-20260819-0085,62c5814c-09e6-4583-874d-c3660ce3283f,Asad,370.0,0.0,0.0,370.0,370.0,0.0,cash,6,2026-08-19T12:25:16.252581+00:00,3ed912a6-97a2-463a-bb81-11fe8d738d21,cash
cd504e50-d018-4041-a120-5e5c59358c58,ZIC-20260819-0086,62c5814c-09e6-4583-874d-c3660ce3283f,Asad,350.0,0.0,0.0,350.0,350.0,0.0,cash,9,2026-08-19T12:27:09.18902+00:00,3ed912a6-97a2-463a-bb81-11fe8d738d21,cash
7004413d-04e7-4053-a69c-d468a1e4d0f4,ZIC-20260819-0087,62c5814c-09e6-4583-874d-c3660ce3283f,Asad,165.0,0.0,0.0,165.0,165.0,0.0,cash,5,2026-08-19T12:34:39.521119+00:00,3ed912a6-97a2-463a-bb81-11fe8d738d21,cash
02c7ddb0-aca7-4386-9691-6354b440774f,ZIC-20260819-0088,62c5814c-09e6-4583-874d-c3660ce3283f,Asad,170.0,0.0,0.0,170.0,170.0,0.0,cash,1,2026-08-19T12:35:30.712754+00:00,3ed912a6-97a2-463a-bb81-11fe8d738d21,cash
c44802e6-a887-4df2-bb68-afa73519c41b,ZIC-20260819-0089,62c5814c-09e6-4583-874d-c3660ce3283f,Asad,30.0,0.0,0.0,30.0,30.0,0.0,cash,1,2026-08-19T12:36:54.531524+00:00,3ed912a6-97a2-463a-bb81-11fe8d738d21,cash
af32e741-81b3-4426-89ca-18a56e3be2a2,ZIC-20260819-0090,62c5814c-09e6-4583-874d-c3660ce3283f,Asad,120.0,0.0,0.0,120.0,120.0,0.0,cash,4,2026-08-19T12:38:11.407075+00:00,3ed912a6-97a2-463a-bb81-11fe8d738d21,cash
cf80c143-7def-499a-a7ca-898d650c64a5,ZIC-20260819-0091,62c5814c-09e6-4583-874d-c3660ce3283f,Asad,20.0,0.0,0.0,20.0,20.0,0.0,cash,2,2026-08-19T12:39:25.323052+00:00,3ed912a6-97a2-463a-bb81-11fe8d738d21,cash
8f3caf21-7b8d-4d42-8f77-84d39f756428,ZIC-20260819-0092,62c5814c-09e6-4583-874d-c3660ce3283f,Asad,50.0,0.0,0.0,50.0,50.0,0.0,cash,1,2026-08-19T12:48:37.353143+00:00,3ed912a6-97a2-463a-bb81-11fe8d738d21,cash
45829d33-8b12-4011-b2d7-22813d61a06b,ZIC-20260819-0093,62c5814c-09e6-4583-874d-c3660ce3283f,Asad,300.0,0.0,0.0,300.0,300.0,0.0,cash,6,2026-08-19T12:55:01.380201+00:00,3ed912a6-97a2-463a-bb81-11fe8d738d21,cash
34049581-60f5-44fe-9760-7355aac4095e,ZIC-20260819-0094,62c5814c-09e6-4583-874d-c3660ce3283f,Asad,100.0,0.0,0.0,100.0,100.0,0.0,cash,5,2026-08-19T12:56:39.798665+00:00,3ed912a6-97a2-463a-bb81-11fe8d738d21,cash
f0c1a8fa-922f-46e6-83a3-4473d8b101f5,ZIC-20260819-0095,62c5814c-09e6-4583-874d-c3660ce3283f,Asad,100.0,0.0,0.0,100.0,100.0,0.0,cash,1,2026-08-19T12:57:58.540244+00:00,3ed912a6-97a2-463a-bb81-11fe8d738d21,cash
16f99977-1e31-4c0c-b230-07c1773834d5,ZIC-20260819-0096,62c5814c-09e6-4583-874d-c3660ce3283f,Asad,130.0,0.0,0.0,130.0,130.0,0.0,cash,1,2026-08-19T12:58:46.824275+00:00,3ed912a6-97a2-463a-bb81-11fe8d738d21,cash
26e088f3-dd86-4123-a025-41a88dc3413e,ZIC-20260819-0097,62c5814c-09e6-4583-874d-c3660ce3283f,Asad,100.0,0.0,0.0,100.0,100.0,0.0,cash,4,2026-08-19T13:11:28.333129+00:00,3ed912a6-97a2-463a-bb81-11fe8d738d21,cash
3d99d112-2e7f-43f7-aaf2-37e19b82827e,ZIC-20260819-0098,62c5814c-09e6-4583-874d-c3660ce3283f,Asad,290.0,0.0,0.0,290.0,290.0,0.0,cash,6,2026-08-19T13:19:31.804817+00:00,3ed912a6-97a2-463a-bb81-11fe8d738d21,cash
25aa62e6-534d-4e23-bb3e-cace66d8c636,ZIC-20260819-0099,62c5814c-09e6-4583-874d-c3660ce3283f,Asad,40.0,0.0,0.0,40.0,40.0,0.0,cash,1,2026-08-19T13:19:55.127128+00:00,3ed912a6-97a2-463a-bb81-11fe8d738d21,cash
cf45912a-3235-444d-b0af-6635d7272b2e,ZIC-20260819-0100,62c5814c-09e6-4583-874d-c3660ce3283f,Asad,70.0,0.0,0.0,70.0,70.0,0.0,cash,3,2026-08-19T13:25:44.658149+00:00,3ed912a6-97a2-463a-bb81-11fe8d738d21,cash
3c3f8ba6-c54d-48e6-8ce9-a9eb1ffc7629,ZIC-20260819-0101,62c5814c-09e6-4583-874d-c3660ce3283f,Asad,65.0,0.0,0.0,65.0,65.0,0.0,cash,2,2026-08-19T13:27:48.192909+00:00,3ed912a6-97a2-463a-bb81-11fe8d738d21,cash
3bba06a3-734e-4ac6-a288-b09bc39476a7,ZIC-20260819-0102,62c5814c-09e6-4583-874d-c3660ce3283f,Asad,90.0,0.0,0.0,90.0,90.0,0.0,cash,1,2026-08-19T13:31:56.46581+00:00,3ed912a6-97a2-463a-bb81-11fe8d738d21,cash
886e9d2e-b636-4072-a0fa-c89d1582256b,ZIC-20260819-0103,62c5814c-09e6-4583-874d-c3660ce3283f,Asad,20.0,0.0,0.0,20.0,20.0,0.0,cash,2,2026-08-19T13:33:39.403218+00:00,3ed912a6-97a2-463a-bb81-11fe8d738d21,cash
4b28d53d-e560-4eb6-870e-d665fb265bdf,ZIC-20260819-0104,62c5814c-09e6-4583-874d-c3660ce3283f,Asad,90.0,0.0,0.0,90.0,90.0,0.0,cash,2,2026-08-19T13:34:04.006965+00:00,3ed912a6-97a2-463a-bb81-11fe8d738d21,cash
48895768-26c1-4c09-aee0-18c8ce41d85c,ZIC-20260819-0105,62c5814c-09e6-4583-874d-c3660ce3283f,Asad,170.0,0.0,0.0,170.0,170.0,0.0,cash,1,2026-08-19T13:34:25.578768+00:00,3ed912a6-97a2-463a-bb81-11fe8d738d21,cash
c37bd555-61dd-424d-b50a-43319a75d6b4,ZIC-20260819-0106,62c5814c-09e6-4583-874d-c3660ce3283f,Asad,10.0,0.0,0.0,10.0,10.0,0.0,cash,1,2026-08-19T13:34:42.501652+00:00,3ed912a6-97a2-463a-bb81-11fe8d738d21,cash
6c23b3c7-1389-4e0b-9d2c-174f3a27cb7f,ZIC-20260819-0107,62c5814c-09e6-4583-874d-c3660ce3283f,Asad,30.0,0.0,0.0,30.0,30.0,0.0,cash,1,2026-08-19T13:36:24.709536+00:00,3ed912a6-97a2-463a-bb81-11fe8d738d21,cash
bdc8036b-4c3f-4524-89f3-34b20007b60b,ZIC-20260819-0108,62c5814c-09e6-4583-874d-c3660ce3283f,Asad,60.0,0.0,0.0,60.0,60.0,0.0,cash,4,2026-08-19T13:48:28.625102+00:00,3ed912a6-97a2-463a-bb81-11fe8d738d21,cash
1c6f7b21-3613-4dd8-b04a-3b2eeb7de18b,ZIC-20260819-0109,62c5814c-09e6-4583-874d-c3660ce3283f,Asad,30.0,0.0,0.0,30.0,30.0,0.0,cash,1,2026-08-19T13:51:11.965924+00:00,3ed912a6-97a2-463a-bb81-11fe8d738d21,cash
1df83777-2a88-40b7-9de2-101ddd3ce2cb,ZIC-20260819-0110,62c5814c-09e6-4583-874d-c3660ce3283f,Asad,50.0,0.0,0.0,50.0,50.0,0.0,cash,3,2026-08-19T13:52:58.491327+00:00,3ed912a6-97a2-463a-bb81-11fe8d738d21,cash
caa18879-fc47-4fcd-ac7c-062f71018e85,ZIC-20260819-0111,62c5814c-09e6-4583-874d-c3660ce3283f,Asad,310.0,0.0,0.0,310.0,310.0,0.0,cash,17,2026-08-19T14:12:41.249632+00:00,3ed912a6-97a2-463a-bb81-11fe8d738d21,cash
bb65f171-0bdb-4b67-b23d-1a5cf6234943,ZIC-20260819-0112,62c5814c-09e6-4583-874d-c3660ce3283f,Asad,225.0,0.0,0.0,225.0,225.0,0.0,cash,1,2026-08-19T14:14:13.653102+00:00,3ed912a6-97a2-463a-bb81-11fe8d738d21,cash
9982ab44-a749-47a7-a26f-abab814c91d4,ZIC-20260819-0113,62c5814c-09e6-4583-874d-c3660ce3283f,Asad,480.0,0.0,0.0,480.0,480.0,0.0,cash,7,2026-08-19T14:18:58.513662+00:00,3ed912a6-97a2-463a-bb81-11fe8d738d21,cash
5df35ff9-180b-4e12-83dd-44492b0f98e5,ZIC-20260819-0114,62c5814c-09e6-4583-874d-c3660ce3283f,Asad,30.0,0.0,0.0,30.0,30.0,0.0,cash,2,2026-08-19T14:19:46.178151+00:00,3ed912a6-97a2-463a-bb81-11fe8d738d21,cash
bdbf17fe-87b6-40b6-8e71-f8fa6d4e2b8b,ZIC-20260819-0115,62c5814c-09e6-4583-874d-c3660ce3283f,Asad,90.0,0.0,0.0,90.0,90.0,0.0,cash,1,2026-08-19T14:21:59.99986+00:00,3ed912a6-97a2-463a-bb81-11fe8d738d21,cash
8a2350d0-33fd-46bb-94c1-8199d68aca9d,ZIC-20260819-0116,62c5814c-09e6-4583-874d-c3660ce3283f,Asad,30.0,0.0,0.0,30.0,30.0,0.0,cash,2,2026-08-19T14:22:26.792902+00:00,3ed912a6-97a2-463a-bb81-11fe8d738d21,cash
39167fc2-810e-45b6-851f-184dc630bd97,ZIC-20260819-0117,62c5814c-09e6-4583-874d-c3660ce3283f,Asad,100.0,0.0,0.0,100.0,100.0,0.0,cash,2,2026-08-19T14:40:44.655113+00:00,3ed912a6-97a2-463a-bb81-11fe8d738d21,cash
45c2bb23-e604-45fe-b9dc-033528463b55,ZIC-20260819-0118,62c5814c-09e6-4583-874d-c3660ce3283f,Asad,140.0,0.0,0.0,140.0,140.0,0.0,cash,6,2026-08-19T14:47:18.744237+00:00,3ed912a6-97a2-463a-bb81-11fe8d738d21,cash
febf2e17-936c-4a84-b296-fa9dd3e67666,ZIC-20260819-0119,62c5814c-09e6-4583-874d-c3660ce3283f,Asad,30.0,0.0,0.0,30.0,30.0,0.0,cash,2,2026-08-19T14:56:02.108198+00:00,3ed912a6-97a2-463a-bb81-11fe8d738d21,cash
4a88e684-25c0-4684-9782-0e4e7e135317,ZIC-20260819-0120,62c5814c-09e6-4583-874d-c3660ce3283f,Asad,765.0,0.0,214.0,551.0,551.0,0.0,cash,19,2026-08-19T15:01:32.537334+00:00,3ed912a6-97a2-463a-bb81-11fe8d738d21,cash
9d9b63a5-6272-4cf3-9cec-34295cb3d562,ZIC-20260819-0121,62c5814c-09e6-4583-874d-c3660ce3283f,Asad,250.0,0.0,50.0,200.0,200.0,0.0,cash,1,2026-08-19T15:02:39.761422+00:00,3ed912a6-97a2-463a-bb81-11fe8d738d21,cash
4e99e745-e939-4950-b4a2-c3208c511cfd,ZIC-20260819-0122,62c5814c-09e6-4583-874d-c3660ce3283f,Asad,485.0,0.0,0.0,485.0,485.0,0.0,cash,6,2026-08-19T15:08:44.905352+00:00,3ed912a6-97a2-463a-bb81-11fe8d738d21,cash
0c8729bc-e688-47ff-a408-1aaa4bbebdcd,ZIC-20260819-0123,62c5814c-09e6-4583-874d-c3660ce3283f,Asad,180.0,0.0,0.0,180.0,180.0,0.0,cash,2,2026-08-19T15:18:29.770301+00:00,3ed912a6-97a2-463a-bb81-11fe8d738d21,cash
b5d2ff69-233f-4ef2-ad94-bc6a9527d50f,ZIC-20260819-0124,62c5814c-09e6-4583-874d-c3660ce3283f,Asad,40.0,0.0,0.0,40.0,40.0,0.0,cash,1,2026-08-19T15:26:08.349376+00:00,3ed912a6-97a2-463a-bb81-11fe8d738d21,cash
c43e2d99-fb32-4078-8b82-97585eda92a9,ZIC-20260819-0125,62c5814c-09e6-4583-874d-c3660ce3283f,Asad,370.0,0.0,0.0,370.0,370.0,0.0,cash,14,2026-08-19T15:28:22.387875+00:00,3ed912a6-97a2-463a-bb81-11fe8d738d21,cash
fe7335e4-aebf-407e-aaa9-60d19918fd5d,ZIC-20260819-0126,f686d4d0-3678-467e-9535-3d5f1309c328,Cashier 1,40.0,0.0,0.0,40.0,40.0,0.0,cash,1,2026-08-19T15:35:32.005948+00:00,3079ad1f-ccd1-49f5-a1a5-24f7db1fbb74,cash
e8d7bb75-2f30-47d4-bea6-27188b78b9c0,ZIC-20260819-0127,f686d4d0-3678-467e-9535-3d5f1309c328,Cashier 1,100.0,0.0,0.0,100.0,100.0,0.0,cash,3,2026-08-19T15:37:57.465769+00:00,3079ad1f-ccd1-49f5-a1a5-24f7db1fbb74,cash
56db4034-e843-4fbc-86f9-de2e5acd0e07,ZIC-20260819-0128,f686d4d0-3678-467e-9535-3d5f1309c328,Cashier 1,20.0,0.0,0.0,20.0,20.0,0.0,cash,1,2026-08-19T16:02:52.144248+00:00,3079ad1f-ccd1-49f5-a1a5-24f7db1fbb74,cash
46faab9a-c1df-4c68-8faa-4345fad35ddf,ZIC-20260819-0129,f686d4d0-3678-467e-9535-3d5f1309c328,Cashier 1,250.0,0.0,100.0,150.0,150.0,0.0,cash,1,2026-08-19T16:19:08.286634+00:00,3079ad1f-ccd1-49f5-a1a5-24f7db1fbb74,cash
18eda4c8-0401-4e3f-a21d-1973282742e5,ZIC-20260819-0130,f686d4d0-3678-467e-9535-3d5f1309c328,Cashier 1,300.0,0.0,0.0,300.0,300.0,0.0,cash,6,2026-08-19T16:27:27.822297+00:00,3079ad1f-ccd1-49f5-a1a5-24f7db1fbb74,cash
770207e7-504d-495f-b856-d2730822a6ec,ZIC-20260819-0131,f686d4d0-3678-467e-9535-3d5f1309c328,Cashier 1,40.0,0.0,0.0,40.0,40.0,0.0,cash,1,2026-08-19T16:31:03.420583+00:00,3079ad1f-ccd1-49f5-a1a5-24f7db1fbb74,cash
7c2efe60-f43e-4258-a732-ecf45899dc56,ZIC-20260819-0132,f686d4d0-3678-467e-9535-3d5f1309c328,Cashier 1,160.0,0.0,0.0,160.0,160.0,0.0,cash,1,2026-08-19T16:42:35.90452+00:00,3079ad1f-ccd1-49f5-a1a5-24f7db1fbb74,cash
94acf962-34ca-4f8d-86cb-e2693b1acdbb,ZIC-20260819-0133,f686d4d0-3678-467e-9535-3d5f1309c328,Cashier 1,30.0,0.0,0.0,30.0,30.0,0.0,cash,2,2026-08-19T16:54:37.019958+00:00,3079ad1f-ccd1-49f5-a1a5-24f7db1fbb74,cash
7352fba3-4f25-403e-924f-bd50ded5812f,ZIC-20260819-0134,f686d4d0-3678-467e-9535-3d5f1309c328,Cashier 1,50.0,0.0,0.0,50.0,50.0,0.0,cash,4,2026-08-19T16:56:40.834895+00:00,3079ad1f-ccd1-49f5-a1a5-24f7db1fbb74,cash
1eafe8b5-2e5d-43d5-b388-8acd2c2f8d32,ZIC-20260819-0135,f686d4d0-3678-467e-9535-3d5f1309c328,Cashier 1,50.0,0.0,0.0,50.0,50.0,0.0,cash,1,2026-08-19T17:11:10.546454+00:00,3079ad1f-ccd1-49f5-a1a5-24f7db1fbb74,cash
a56ae341-b757-4d1c-99cc-2986138ae594,ZIC-20260819-0136,f686d4d0-3678-467e-9535-3d5f1309c328,Cashier 1,30.0,0.0,0.0,30.0,30.0,0.0,cash,1,2026-08-19T17:50:51.11531+00:00,3079ad1f-ccd1-49f5-a1a5-24f7db1fbb74,cash
58c48613-ebc1-4395-b333-988303e00c7c,ZIC-20260819-0137,f686d4d0-3678-467e-9535-3d5f1309c328,Cashier 1,800.0,0.0,0.0,800.0,800.0,0.0,cash,4,2026-08-19T17:58:47.022297+00:00,3079ad1f-ccd1-49f5-a1a5-24f7db1fbb74,cash
63a9a452-339e-45e2-81c4-822f6f94ab6b,ZIC-20260819-0138,f686d4d0-3678-467e-9535-3d5f1309c328,Cashier 1,150.0,0.0,0.0,150.0,150.0,0.0,cash,3,2026-08-19T18:03:00.69097+00:00,3079ad1f-ccd1-49f5-a1a5-24f7db1fbb74,cash
acd3c29f-2440-4c13-87c4-c9836d973d1e,ZIC-20260819-0139,f686d4d0-3678-467e-9535-3d5f1309c328,Cashier 1,60.0,0.0,0.0,60.0,60.0,0.0,cash,3,2026-08-19T18:26:31.201617+00:00,3079ad1f-ccd1-49f5-a1a5-24f7db1fbb74,cash
6aa35171-e9ed-4c80-9377-19e667d8cb23,ZIC-20260819-0140,f686d4d0-3678-467e-9535-3d5f1309c328,Cashier 1,100.0,0.0,0.0,100.0,100.0,0.0,cash,8,2026-08-19T18:43:57.379659+00:00,3079ad1f-ccd1-49f5-a1a5-24f7db1fbb74,cash
51fdfa65-8ac4-4db8-b8e9-c68c0f541cdf,ZIC-20260819-0141,f686d4d0-3678-467e-9535-3d5f1309c328,Cashier 1,310.0,0.0,0.0,310.0,310.0,0.0,cash,5,2026-08-19T19:07:21.768363+00:00,3079ad1f-ccd1-49f5-a1a5-24f7db1fbb74,cash
06a45375-362a-4f9d-bc48-efce0359983b,ZIC-20260819-0142,f686d4d0-3678-467e-9535-3d5f1309c328,Cashier 1,390.0,0.0,0.0,390.0,390.0,0.0,cash,10,2026-08-19T19:09:14.884699+00:00,3079ad1f-ccd1-49f5-a1a5-24f7db1fbb74,cash
477aefe1-0e84-41fc-bb0d-f737386261f1,ZIC-20260819-0143,f686d4d0-3678-467e-9535-3d5f1309c328,Cashier 1,100.0,0.0,0.0,100.0,100.0,0.0,cash,1,2026-08-19T19:49:33.746116+00:00,3079ad1f-ccd1-49f5-a1a5-24f7db1fbb74,cash
d74b4765-77c5-4886-8e6e-928b495059cc,ZIC-20260819-0144,f686d4d0-3678-467e-9535-3d5f1309c328,Cashier 1,150.0,0.0,0.0,150.0,150.0,0.0,cash,13,2026-08-19T20:11:13.888756+00:00,3079ad1f-ccd1-49f5-a1a5-24f7db1fbb74,cash
e01d288a-36ec-4712-a6ee-868729a96821,ZIC-20260819-0145,f686d4d0-3678-467e-9535-3d5f1309c328,Cashier 1,210.0,0.0,0.0,210.0,210.0,0.0,cash,1,2026-08-19T20:26:43.565803+00:00,3079ad1f-ccd1-49f5-a1a5-24f7db1fbb74,cash
d3294506-54ea-42e1-8a14-9400f328cc4c,ZIC-20260819-0146,f686d4d0-3678-467e-9535-3d5f1309c328,Cashier 1,100.0,0.0,0.0,100.0,100.0,0.0,cash,1,2026-08-19T20:30:57.443103+00:00,3079ad1f-ccd1-49f5-a1a5-24f7db1fbb74,cash
5bb71d06-ddbb-42f9-add8-70f64072b4b5,ZIC-20260819-0147,f686d4d0-3678-467e-9535-3d5f1309c328,Cashier 1,110.0,0.0,0.0,110.0,110.0,0.0,cash,2,2026-08-19T20:58:08.173606+00:00,3079ad1f-ccd1-49f5-a1a5-24f7db1fbb74,cash
b3713c10-ac94-4b3c-b3fb-5739dac7b8fe,ZIC-20260819-0148,f686d4d0-3678-467e-9535-3d5f1309c328,Cashier 1,50.0,0.0,0.0,50.0,50.0,0.0,cash,1,2026-08-19T21:02:07.081543+00:00,3079ad1f-ccd1-49f5-a1a5-24f7db1fbb74,cash
d6f49997-685c-48a2-a270-bbe598f0b905,ZIC-20260819-0149,f686d4d0-3678-467e-9535-3d5f1309c328,Cashier 1,250.0,0.0,0.0,250.0,250.0,0.0,cash,5,2026-08-19T21:07:53.13905+00:00,3079ad1f-ccd1-49f5-a1a5-24f7db1fbb74,cash
5f2b2e8a-8fb1-41aa-b2c0-d1d59e9e93ef,ZIC-20260819-0150,f686d4d0-3678-467e-9535-3d5f1309c328,Cashier 1,50.0,0.0,0.0,50.0,50.0,0.0,cash,1,2026-08-19T21:16:38.945325+00:00,3079ad1f-ccd1-49f5-a1a5-24f7db1fbb74,cash
7dd49f64-77e8-4cdf-9a07-99063f48b0a9,ZIC-20260819-0151,f686d4d0-3678-467e-9535-3d5f1309c328,Cashier 1,430.0,0.0,0.0,430.0,430.0,0.0,cash,17,2026-08-19T21:34:56.469405+00:00,3079ad1f-ccd1-49f5-a1a5-24f7db1fbb74,cash
f1f58571-d277-4491-a4f2-76a87d3e1891,ZIC-20260819-0152,f686d4d0-3678-467e-9535-3d5f1309c328,Cashier 1,190.0,0.0,0.0,190.0,190.0,0.0,cash,2,2026-08-19T22:54:06.880622+00:00,3079ad1f-ccd1-49f5-a1a5-24f7db1fbb74,cash
79bc975e-9729-4e7c-886e-e8026e82315d,ZIC-20260819-0153,f686d4d0-3678-467e-9535-3d5f1309c328,Cashier 1,380.0,0.0,0.0,380.0,380.0,0.0,easypasa,3,2026-08-19T23:25:24.755815+00:00,3079ad1f-ccd1-49f5-a1a5-24f7db1fbb74,cash
7b119b09-ad16-435e-862d-39f6574e8044,ZIC-20260819-0154,f686d4d0-3678-467e-9535-3d5f1309c328,Cashier 1,140.0,0.0,0.0,140.0,140.0,0.0,cash,1,2026-08-19T23:25:41.058057+00:00,3079ad1f-ccd1-49f5-a1a5-24f7db1fbb74,cash
d6ab9da9-e082-470f-8324-0ff753c5f66d,ZIC-20260819-0155,f686d4d0-3678-467e-9535-3d5f1309c328,Cashier 1,100.0,0.0,0.0,100.0,100.0,0.0,cash,9,2026-08-19T23:49:15.462723+00:00,3079ad1f-ccd1-49f5-a1a5-24f7db1fbb74,cash
0fca9a53-1796-4b8e-ae12-d0417bd1853e,ZIC-20260820-0001,f686d4d0-3678-467e-9535-3d5f1309c328,Cashier 1,90.0,0.0,0.0,90.0,90.0,0.0,cash,1,2026-08-20T00:29:59.492972+00:00,3079ad1f-ccd1-49f5-a1a5-24f7db1fbb74,cash
ca88b621-5514-4e33-9e45-d1d975e9b9ea,ZIC-20260820-0002,f686d4d0-3678-467e-9535-3d5f1309c328,Cashier 1,80.0,0.0,0.0,80.0,80.0,0.0,cash,2,2026-08-20T00:57:23.361129+00:00,3079ad1f-ccd1-49f5-a1a5-24f7db1fbb74,cash
4ca4c0dc-ff76-4f3a-a5db-b58aa6aecfac,ZIC-20260820-0003,f686d4d0-3678-467e-9535-3d5f1309c328,Cashier 1,120.0,0.0,0.0,120.0,120.0,0.0,cash,4,2026-08-20T01:01:23.10019+00:00,3079ad1f-ccd1-49f5-a1a5-24f7db1fbb74,cash
41dcac28-13cd-41e5-9f30-063c863c9c13,ZIC-20260820-0004,f686d4d0-3678-467e-9535-3d5f1309c328,Cashier 1,180.0,0.0,0.0,180.0,180.0,0.0,cash,11,2026-08-20T01:05:27.472084+00:00,3079ad1f-ccd1-49f5-a1a5-24f7db1fbb74,cash
ede0c990-dfd1-4737-8caa-6cdd3d867900,ZIC-20260820-0005,f686d4d0-3678-467e-9535-3d5f1309c328,Cashier 1,180.0,0.0,0.0,180.0,180.0,0.0,cash,1,2026-08-20T01:53:02.230967+00:00,3079ad1f-ccd1-49f5-a1a5-24f7db1fbb74,cash
249798ab-09b8-4694-a752-75eb48255670,ZIC-20260820-0006,f686d4d0-3678-467e-9535-3d5f1309c328,Cashier 1,120.0,0.0,0.0,120.0,120.0,0.0,cash,2,2026-08-20T02:28:26.347168+00:00,3079ad1f-ccd1-49f5-a1a5-24f7db1fbb74,cash
1cf40ed3-c7df-40ff-adea-1e562b739345,ZIC-20260820-0007,f686d4d0-3678-467e-9535-3d5f1309c328,Cashier 1,100.0,0.0,0.0,100.0,100.0,0.0,cash,5,2026-08-20T02:49:53.02218+00:00,3079ad1f-ccd1-49f5-a1a5-24f7db1fbb74,cash
39f462b4-83f6-4109-9cfb-82716fccb616,ZIC-20260820-0008,f686d4d0-3678-467e-9535-3d5f1309c328,Cashier 1,100.0,0.0,0.0,100.0,100.0,0.0,cash,11,2026-08-20T02:56:18.877777+00:00,3079ad1f-ccd1-49f5-a1a5-24f7db1fbb74,cash
22062702-9ae2-4f91-9113-22abb0e0310a,ZIC-20260820-0009,f686d4d0-3678-467e-9535-3d5f1309c328,Cashier 1,50.0,0.0,0.0,50.0,50.0,0.0,cash,4,2026-08-20T03:10:42.342833+00:00,3079ad1f-ccd1-49f5-a1a5-24f7db1fbb74,cash
7ba50cd3-ee00-4031-a4b0-bf61f149de69,ZIC-20260820-0010,f686d4d0-3678-467e-9535-3d5f1309c328,Cashier 1,30.0,0.0,0.0,30.0,30.0,0.0,cash,2,2026-08-20T03:33:16.988335+00:00,3079ad1f-ccd1-49f5-a1a5-24f7db1fbb74,cash
0f706095-3488-4c40-8d61-b473bd2b4f58,ZIC-20260820-0011,62c5814c-09e6-4583-874d-c3660ce3283f,Asad,30.0,0.0,0.0,30.0,30.0,0.0,cash,2,2026-08-20T03:44:49.069153+00:00,c4709d91-a633-44cc-b151-e7112e75b93c,cash
7cb2712f-afc9-428c-af2d-1d83dafa38a3,ZIC-20260820-0012,62c5814c-09e6-4583-874d-c3660ce3283f,Asad,45.0,0.0,0.0,45.0,45.0,0.0,cash,2,2026-08-20T04:08:21.86479+00:00,c4709d91-a633-44cc-b151-e7112e75b93c,cash
6eb8a1a5-6b44-4304-858d-853b0d30ce7c,ZIC-20260820-0013,62c5814c-09e6-4583-874d-c3660ce3283f,Asad,40.0,0.0,0.0,40.0,40.0,0.0,cash,1,2026-08-20T04:54:42.260186+00:00,c4709d91-a633-44cc-b151-e7112e75b93c,cash
8dc0f1f5-a6e4-4e29-bc27-2f0121074578,ZIC-20260820-0014,62c5814c-09e6-4583-874d-c3660ce3283f,Asad,100.0,0.0,0.0,100.0,100.0,0.0,cash,1,2026-08-20T05:02:26.789164+00:00,c4709d91-a633-44cc-b151-e7112e75b93c,cash
188ef8c6-c170-4a50-9f51-8b074943ce84,ZIC-20260820-0015,62c5814c-09e6-4583-874d-c3660ce3283f,Asad,20.0,0.0,0.0,20.0,20.0,0.0,cash,2,2026-08-20T05:44:52.969756+00:00,c4709d91-a633-44cc-b151-e7112e75b93c,cash
3747da08-77ca-4d09-8d64-43a075c52a71,ZIC-20260820-0016,62c5814c-09e6-4583-874d-c3660ce3283f,Asad,20.0,0.0,0.0,20.0,20.0,0.0,cash,2,2026-08-20T06:01:17.184862+00:00,c4709d91-a633-44cc-b151-e7112e75b93c,cash
bc5e40b1-d8bd-4772-9887-95dff7a71071,ZIC-20260820-0017,62c5814c-09e6-4583-874d-c3660ce3283f,Asad,500.0,0.0,0.0,500.0,500.0,0.0,cash,20,2026-08-20T06:11:16.64981+00:00,c4709d91-a633-44cc-b151-e7112e75b93c,cash
38f2d504-fa6d-409e-a91b-4b011c6afebf,ZIC-20260820-0018,62c5814c-09e6-4583-874d-c3660ce3283f,Asad,1350.0,0.0,0.0,1350.0,1350.0,0.0,cash,18,2026-08-20T06:20:09.326327+00:00,c4709d91-a633-44cc-b151-e7112e75b93c,cash
9898f0c7-d0b7-4714-94f6-2a5de620cb1e,ZIC-20260820-0019,62c5814c-09e6-4583-874d-c3660ce3283f,Asad,150.0,0.0,0.0,150.0,150.0,0.0,cash,11,2026-08-20T06:36:45.056502+00:00,c4709d91-a633-44cc-b151-e7112e75b93c,cash
c259bbc8-4079-45e1-b9c7-16c34bad9fac,ZIC-20260820-0020,62c5814c-09e6-4583-874d-c3660ce3283f,Asad,70.0,0.0,0.0,70.0,70.0,0.0,cash,6,2026-08-20T06:42:54.263277+00:00,c4709d91-a633-44cc-b151-e7112e75b93c,cash
1eacf2e0-06bc-43b2-97cf-6e13440a8675,ZIC-20260820-0021,62c5814c-09e6-4583-874d-c3660ce3283f,Asad,45.0,0.0,0.0,45.0,45.0,0.0,cash,3,2026-08-20T06:50:50.891355+00:00,c4709d91-a633-44cc-b151-e7112e75b93c,cash
b8fb84ec-834b-4456-8db2-f251d54247d0,ZIC-20260820-0022,62c5814c-09e6-4583-874d-c3660ce3283f,Asad,50.0,0.0,0.0,50.0,50.0,0.0,cash,1,2026-08-20T06:51:48.022877+00:00,c4709d91-a633-44cc-b151-e7112e75b93c,cash
200837ec-e867-45bb-a34f-b9881b0a5b93,ZIC-20260820-0023,62c5814c-09e6-4583-874d-c3660ce3283f,Asad,50.0,0.0,0.0,50.0,50.0,0.0,cash,1,2026-08-20T07:07:07.864589+00:00,c4709d91-a633-44cc-b151-e7112e75b93c,cash
074e2abd-45cb-47ab-b8cb-3f566f54150b,ZIC-20260820-0024,62c5814c-09e6-4583-874d-c3660ce3283f,Asad,20.0,0.0,0.0,20.0,20.0,0.0,cash,2,2026-08-20T07:10:03.726548+00:00,c4709d91-a633-44cc-b151-e7112e75b93c,cash
4d49d582-addf-43d6-9da9-ed772b3836ea,ZIC-20260820-0025,62c5814c-09e6-4583-874d-c3660ce3283f,Asad,60.0,0.0,0.0,60.0,60.0,0.0,cash,4,2026-08-20T07:24:53.726645+00:00,c4709d91-a633-44cc-b151-e7112e75b93c,cash
d5d19bb3-ded0-4b20-bec4-2501e4b0147f,ZIC-20260820-0026,62c5814c-09e6-4583-874d-c3660ce3283f,Asad,140.0,0.0,0.0,140.0,140.0,0.0,cash,1,2026-08-20T07:30:26.612081+00:00,c4709d91-a633-44cc-b151-e7112e75b93c,cash
2d614ce8-8aaa-4bd9-99df-388c54ec8b89,ZIC-20260820-0027,62c5814c-09e6-4583-874d-c3660ce3283f,Asad,400.0,0.0,0.0,400.0,400.0,0.0,cash,4,2026-08-20T07:34:40.002501+00:00,c4709d91-a633-44cc-b151-e7112e75b93c,cash
68bdc820-cce5-4056-993c-98ccfb2021cb,ZIC-20260820-0028,62c5814c-09e6-4583-874d-c3660ce3283f,Asad,20.0,0.0,0.0,20.0,20.0,0.0,cash,2,2026-08-20T07:37:09.291945+00:00,c4709d91-a633-44cc-b151-e7112e75b93c,cash
19544daf-a6e5-4ade-9069-dd0b0d6b0d31,ZIC-20260820-0029,62c5814c-09e6-4583-874d-c3660ce3283f,Asad,10.0,0.0,0.0,10.0,10.0,0.0,cash,1,2026-08-20T07:49:04.813457+00:00,c4709d91-a633-44cc-b151-e7112e75b93c,cash
df3abaca-98de-4d8d-b75d-a7a994aa5ace,ZIC-20260820-0030,62c5814c-09e6-4583-874d-c3660ce3283f,Asad,60.0,0.0,0.0,60.0,60.0,0.0,cash,4,2026-08-20T07:59:57.882616+00:00,c4709d91-a633-44cc-b151-e7112e75b93c,cash
dfb554d6-821d-4cfa-b936-4177d767b4b4,ZIC-20260820-0031,62c5814c-09e6-4583-874d-c3660ce3283f,Asad,50.0,0.0,0.0,50.0,50.0,0.0,cash,1,2026-08-20T08:09:52.646256+00:00,c4709d91-a633-44cc-b151-e7112e75b93c,cash
a243c69d-f496-4c05-b3d8-6aabe74d0e11,ZIC-20260820-0032,62c5814c-09e6-4583-874d-c3660ce3283f,Asad,50.0,0.0,0.0,50.0,50.0,0.0,cash,1,2026-08-20T08:59:41.029997+00:00,c4709d91-a633-44cc-b151-e7112e75b93c,cash
a9abda9f-c7ac-4a58-aefb-b815ae7662e9,ZIC-20260820-0033,62c5814c-09e6-4583-874d-c3660ce3283f,Asad,30.0,0.0,0.0,30.0,30.0,0.0,cash,2,2026-08-20T09:00:48.805436+00:00,c4709d91-a633-44cc-b151-e7112e75b93c,cash
caff7e5e-8e63-4633-b1fb-e1f34e34841e,ZIC-20260820-0034,62c5814c-09e6-4583-874d-c3660ce3283f,Asad,100.0,0.0,0.0,100.0,100.0,0.0,cash,1,2026-08-20T09:22:16.775916+00:00,c4709d91-a633-44cc-b151-e7112e75b93c,cash
74d319f5-890a-42a8-9431-713c26424d4c,ZIC-20260820-0035,62c5814c-09e6-4583-874d-c3660ce3283f,Asad,100.0,0.0,0.0,100.0,100.0,0.0,cash,1,2026-08-20T09:26:15.656506+00:00,c4709d91-a633-44cc-b151-e7112e75b93c,cash
abe73b1a-bdc0-49a5-8cb6-f02ec4a7be05,ZIC-20260820-0036,62c5814c-09e6-4583-874d-c3660ce3283f,Asad,50.0,0.0,0.0,50.0,50.0,0.0,cash,4,2026-08-20T09:34:10.602318+00:00,c4709d91-a633-44cc-b151-e7112e75b93c,cash
5e213a30-9da0-4d41-90dc-0a45f75fde56,ZIC-20260820-0037,62c5814c-09e6-4583-874d-c3660ce3283f,Asad,50.0,0.0,0.0,50.0,50.0,0.0,cash,1,2026-08-20T09:39:41.245825+00:00,c4709d91-a633-44cc-b151-e7112e75b93c,cash
0119f251-ee3e-4bea-a6b2-e196eff2fc6d,ZIC-20260820-0038,62c5814c-09e6-4583-874d-c3660ce3283f,Asad,100.0,0.0,0.0,100.0,100.0,0.0,cash,3,2026-08-20T09:43:19.447285+00:00,c4709d91-a633-44cc-b151-e7112e75b93c,cash
aa60eeae-a57a-411d-9540-223c2f0354ad,ZIC-20260820-0039,62c5814c-09e6-4583-874d-c3660ce3283f,Asad,190.0,0.0,0.0,190.0,190.0,0.0,cash,3,2026-08-20T09:49:51.610827+00:00,c4709d91-a633-44cc-b151-e7112e75b93c,cash
8f965913-ee42-458d-87b1-b89a5f028ac9,ZIC-20260820-0040,62c5814c-09e6-4583-874d-c3660ce3283f,Asad,45.0,0.0,0.0,45.0,45.0,0.0,cash,3,2026-08-20T09:55:29.892732+00:00,c4709d91-a633-44cc-b151-e7112e75b93c,cash
4e614a41-d789-451f-b183-e0ab52a03804,ZIC-20260820-0041,62c5814c-09e6-4583-874d-c3660ce3283f,Asad,10.0,0.0,0.0,10.0,10.0,0.0,cash,2,2026-08-20T10:12:40.132276+00:00,c4709d91-a633-44cc-b151-e7112e75b93c,cash
9c51e88b-b7ff-43b6-804b-a6bc50b11f57,ZIC-20260820-0042,62c5814c-09e6-4583-874d-c3660ce3283f,Asad,30.0,0.0,0.0,30.0,30.0,0.0,cash,1,2026-08-20T10:17:49.541486+00:00,c4709d91-a633-44cc-b151-e7112e75b93c,cash
cc9a468f-0bc3-4439-b1ae-009e562fe121,ZIC-20260820-0043,62c5814c-09e6-4583-874d-c3660ce3283f,Asad,300.0,0.0,0.0,300.0,300.0,0.0,cash,25,2026-08-20T10:40:01.504835+00:00,c4709d91-a633-44cc-b151-e7112e75b93c,cash
27d8cd1b-b53c-4a88-84b7-bb838dd97807,ZIC-20260820-0044,62c5814c-09e6-4583-874d-c3660ce3283f,Asad,40.0,0.0,0.0,40.0,40.0,0.0,cash,1,2026-08-20T10:40:26.848349+00:00,c4709d91-a633-44cc-b151-e7112e75b93c,cash
a164c990-4c9d-4955-8d82-b988c6631950,ZIC-20260820-0045,62c5814c-09e6-4583-874d-c3660ce3283f,Asad,50.0,0.0,0.0,50.0,50.0,0.0,cash,3,2026-08-20T10:45:46.255949+00:00,c4709d91-a633-44cc-b151-e7112e75b93c,cash
67c3406a-463b-4a00-9b84-a9bdab3fc3f7,ZIC-20260820-0046,62c5814c-09e6-4583-874d-c3660ce3283f,Asad,180.0,0.0,0.0,180.0,180.0,0.0,card,5,2026-08-20T10:48:18.610779+00:00,c4709d91-a633-44cc-b151-e7112e75b93c,card
f6b6e0f8-4f4d-4260-b6b4-77c8dd72c773,ZIC-20260820-0047,62c5814c-09e6-4583-874d-c3660ce3283f,Asad,100.0,0.0,0.0,100.0,100.0,0.0,cash,1,2026-08-20T10:50:19.553541+00:00,c4709d91-a633-44cc-b151-e7112e75b93c,cash
14b76524-1d92-48ae-9a4a-b1ad9c9a15ac,ZIC-20260820-0048,62c5814c-09e6-4583-874d-c3660ce3283f,Asad,200.0,0.0,0.0,200.0,200.0,0.0,cash,4,2026-08-20T10:58:23.555801+00:00,c4709d91-a633-44cc-b151-e7112e75b93c,cash
a3b3f19c-1ec5-4048-808c-1434b989a082,ZIC-20260820-0049,62c5814c-09e6-4583-874d-c3660ce3283f,Asad,65.0,0.0,0.0,65.0,65.0,0.0,cash,2,2026-08-20T11:00:28.924603+00:00,c4709d91-a633-44cc-b151-e7112e75b93c,cash
eca03b29-0433-4aac-a64c-9c3d45d60cb8,ZIC-20260820-0050,62c5814c-09e6-4583-874d-c3660ce3283f,Asad,80.0,0.0,0.0,80.0,80.0,0.0,cash,4,2026-08-20T11:04:45.183484+00:00,c4709d91-a633-44cc-b151-e7112e75b93c,cash
b54f7796-219b-4db6-a984-3951be088cfd,ZIC-20260820-0051,62c5814c-09e6-4583-874d-c3660ce3283f,Asad,30.0,0.0,0.0,30.0,30.0,0.0,cash,2,2026-08-20T11:07:33.844307+00:00,c4709d91-a633-44cc-b151-e7112e75b93c,cash
2502e482-af0a-4221-a5a2-38a2d8418671,ZIC-20260820-0052,62c5814c-09e6-4583-874d-c3660ce3283f,Asad,20.0,0.0,0.0,20.0,20.0,0.0,cash,2,2026-08-20T11:11:38.520115+00:00,c4709d91-a633-44cc-b151-e7112e75b93c,cash
1f8d8a14-ca4e-4989-a0d4-4695d57856f9,ZIC-20260820-0053,62c5814c-09e6-4583-874d-c3660ce3283f,Asad,10.0,0.0,0.0,10.0,10.0,0.0,cash,1,2026-08-20T11:23:46.362648+00:00,c4709d91-a633-44cc-b151-e7112e75b93c,cash
729e8680-f383-4891-8174-fcf26e9b93ca,ZIC-20260820-0054,62c5814c-09e6-4583-874d-c3660ce3283f,Asad,530.0,0.0,0.0,530.0,530.0,0.0,cash,5,2026-08-20T11:43:33.258612+00:00,c4709d91-a633-44cc-b151-e7112e75b93c,cash
d02cafd9-8c41-4b77-9663-cd1649c45b8c,ZIC-20260820-0055,62c5814c-09e6-4583-874d-c3660ce3283f,Asad,50.0,0.0,0.0,50.0,50.0,0.0,cash,5,2026-08-20T11:44:52.051413+00:00,c4709d91-a633-44cc-b151-e7112e75b93c,cash
ada23e70-60ba-4f39-9831-76fe1551cfdc,ZIC-20260820-0056,62c5814c-09e6-4583-874d-c3660ce3283f,Asad,610.0,0.0,0.0,610.0,610.0,0.0,cash,14,2026-08-20T11:52:46.973008+00:00,c4709d91-a633-44cc-b151-e7112e75b93c,cash
a7d25e7e-f2db-4158-badd-28bd562cb563,ZIC-20260820-0057,62c5814c-09e6-4583-874d-c3660ce3283f,Asad,60.0,0.0,0.0,60.0,60.0,0.0,cash,1,2026-08-20T12:06:46.443751+00:00,c4709d91-a633-44cc-b151-e7112e75b93c,cash
1500ee2e-bae8-4d1f-9d85-10f215ea3e3a,ZIC-20260820-0058,62c5814c-09e6-4583-874d-c3660ce3283f,Asad,100.0,0.0,0.0,100.0,100.0,0.0,cash,2,2026-08-20T12:07:09.412715+00:00,c4709d91-a633-44cc-b151-e7112e75b93c,cash
518118bf-f82c-41ee-9d0b-549f9d88b03b,ZIC-20260820-0059,62c5814c-09e6-4583-874d-c3660ce3283f,Asad,800.0,0.0,0.0,800.0,800.0,0.0,cash,4,2026-08-20T12:09:59.633457+00:00,c4709d91-a633-44cc-b151-e7112e75b93c,cash
c5b07964-aa7f-4c9f-89ae-1f3e4da39a6c,ZIC-20260820-0060,62c5814c-09e6-4583-874d-c3660ce3283f,Asad,20.0,0.0,0.0,20.0,20.0,0.0,cash,1,2026-08-20T12:10:55.722575+00:00,c4709d91-a633-44cc-b151-e7112e75b93c,cash
ba3dc044-d50e-4230-a984-034eee02e463,ZIC-20260820-0061,62c5814c-09e6-4583-874d-c3660ce3283f,Asad,70.0,0.0,0.0,70.0,70.0,0.0,cash,5,2026-08-20T12:14:18.741167+00:00,c4709d91-a633-44cc-b151-e7112e75b93c,cash
ee888476-b0b1-437a-a7f2-6ef95d90cf46,ZIC-20260820-0062,62c5814c-09e6-4583-874d-c3660ce3283f,Asad,70.0,0.0,0.0,70.0,70.0,0.0,cash,3,2026-08-20T12:25:32.030089+00:00,c4709d91-a633-44cc-b151-e7112e75b93c,cash
44c19bf2-7653-4ed0-915d-a413c08d4851,ZIC-20260820-0063,62c5814c-09e6-4583-874d-c3660ce3283f,Asad,50.0,0.0,0.0,50.0,50.0,0.0,cash,5,2026-08-20T12:43:32.278084+00:00,c4709d91-a633-44cc-b151-e7112e75b93c,cash
7337440c-f7d5-4bcd-beba-11b3369c0272,ZIC-20260820-0064,62c5814c-09e6-4583-874d-c3660ce3283f,Asad,30.0,0.0,0.0,30.0,30.0,0.0,cash,3,2026-08-20T12:45:48.284648+00:00,c4709d91-a633-44cc-b151-e7112e75b93c,cash
a60d45dd-741e-4a86-b0f6-e1db0c84e006,ZIC-20260820-0065,62c5814c-09e6-4583-874d-c3660ce3283f,Asad,60.0,0.0,0.0,60.0,60.0,0.0,cash,6,2026-08-20T12:52:05.293707+00:00,c4709d91-a633-44cc-b151-e7112e75b93c,cash
3d1d60d6-1c52-4456-ac37-01267ea47549,ZIC-20260820-0066,62c5814c-09e6-4583-874d-c3660ce3283f,Asad,230.0,0.0,0.0,230.0,230.0,0.0,cash,2,2026-08-20T12:53:16.836881+00:00,c4709d91-a633-44cc-b151-e7112e75b93c,cash
fa71dfc5-465a-4cc9-89a6-452342ba7b24,ZIC-20260820-0067,62c5814c-09e6-4583-874d-c3660ce3283f,Asad,300.0,0.0,0.0,300.0,300.0,0.0,cash,3,2026-08-20T12:57:50.500147+00:00,c4709d91-a633-44cc-b151-e7112e75b93c,cash
6eead449-67d3-477a-99e3-150eaacc5fc3,ZIC-20260820-0068,62c5814c-09e6-4583-874d-c3660ce3283f,Asad,100.0,0.0,10.0,90.0,90.0,0.0,cash,2,2026-08-20T13:00:32.020772+00:00,c4709d91-a633-44cc-b151-e7112e75b93c,cash
9395a094-19ab-407b-a9b8-5ef1780e9dad,ZIC-20260820-0069,62c5814c-09e6-4583-874d-c3660ce3283f,Asad,70.0,0.0,0.0,70.0,70.0,0.0,cash,6,2026-08-20T13:15:43.510329+00:00,c4709d91-a633-44cc-b151-e7112e75b93c,cash
74626f12-2910-4c33-b2c8-72211900d2a7,ZIC-20260820-0070,62c5814c-09e6-4583-874d-c3660ce3283f,Asad,120.0,0.0,0.0,120.0,120.0,0.0,cash,3,2026-08-20T13:18:11.507458+00:00,c4709d91-a633-44cc-b151-e7112e75b93c,cash
47553240-64e7-4e08-8953-ddadee88ce69,ZIC-20260820-0071,62c5814c-09e6-4583-874d-c3660ce3283f,Asad,100.0,0.0,0.0,100.0,100.0,0.0,cash,10,2026-08-20T13:18:39.241311+00:00,c4709d91-a633-44cc-b151-e7112e75b93c,cash
d7187cee-0dfe-41ae-abce-997609a9b7ea,ZIC-20260820-0072,62c5814c-09e6-4583-874d-c3660ce3283f,Asad,170.0,0.0,0.0,170.0,170.0,0.0,cash,11,2026-08-20T13:22:20.596426+00:00,c4709d91-a633-44cc-b151-e7112e75b93c,cash
29bafa8b-0c18-4cc2-ae84-1d75591edf01,ZIC-20260820-0073,62c5814c-09e6-4583-874d-c3660ce3283f,Asad,280.0,0.0,0.0,280.0,280.0,0.0,cash,2,2026-08-20T13:24:05.376655+00:00,c4709d91-a633-44cc-b151-e7112e75b93c,cash
33af5380-e340-4d46-9bf0-cbb56c9b34bc,ZIC-20260820-0074,62c5814c-09e6-4583-874d-c3660ce3283f,Asad,20.0,0.0,0.0,20.0,20.0,0.0,cash,2,2026-08-20T13:29:06.725976+00:00,c4709d91-a633-44cc-b151-e7112e75b93c,cash
9ba233d8-113c-45db-a2b0-037a144e18d9,ZIC-20260820-0075,62c5814c-09e6-4583-874d-c3660ce3283f,Asad,50.0,0.0,0.0,50.0,50.0,0.0,cash,1,2026-08-20T13:33:01.099209+00:00,c4709d91-a633-44cc-b151-e7112e75b93c,cash
ffc682c1-d6cd-4751-a8e3-3362a3ee1a61,ZIC-20260820-0076,62c5814c-09e6-4583-874d-c3660ce3283f,Asad,60.0,0.0,0.0,60.0,60.0,0.0,cash,4,2026-08-20T13:36:21.976205+00:00,c4709d91-a633-44cc-b151-e7112e75b93c,cash
eb178d1b-377f-4a06-8c71-48899d688c83,ZIC-20260820-0077,62c5814c-09e6-4583-874d-c3660ce3283f,Asad,40.0,0.0,0.0,40.0,40.0,0.0,cash,3,2026-08-20T13:37:16.226901+00:00,c4709d91-a633-44cc-b151-e7112e75b93c,cash
a46bdde0-57cc-4e88-9799-06bdd21bc619,ZIC-20260820-0078,62c5814c-09e6-4583-874d-c3660ce3283f,Asad,100.0,0.0,0.0,100.0,100.0,0.0,cash,2,2026-08-20T13:37:46.378193+00:00,c4709d91-a633-44cc-b151-e7112e75b93c,cash
ca41066c-b276-41ee-9507-afb8ffd8c954,ZIC-20260820-0079,62c5814c-09e6-4583-874d-c3660ce3283f,Asad,140.0,0.0,0.0,140.0,140.0,0.0,cash,2,2026-08-20T13:42:33.699542+00:00,c4709d91-a633-44cc-b151-e7112e75b93c,cash
b34b04e5-b672-4d75-bf91-3f5b00e50c23,ZIC-20260820-0080,62c5814c-09e6-4583-874d-c3660ce3283f,Asad,100.0,0.0,0.0,100.0,100.0,0.0,cash,8,2026-08-20T13:48:12.140076+00:00,c4709d91-a633-44cc-b151-e7112e75b93c,cash
a9ee2804-6247-4d67-8f27-aa467b7f7eb8,ZIC-20260820-0081,62c5814c-09e6-4583-874d-c3660ce3283f,Asad,30.0,0.0,0.0,30.0,30.0,0.0,cash,1,2026-08-20T13:52:06.499309+00:00,c4709d91-a633-44cc-b151-e7112e75b93c,cash
97a88013-b5c3-44ff-84d7-3ceb693acfab,ZIC-20260820-0082,62c5814c-09e6-4583-874d-c3660ce3283f,Asad,220.0,0.0,0.0,220.0,220.0,0.0,cash,5,2026-08-20T13:54:38.29679+00:00,c4709d91-a633-44cc-b151-e7112e75b93c,cash
c24e787d-435f-4c68-8432-c29475549ad3,ZIC-20260820-0083,62c5814c-09e6-4583-874d-c3660ce3283f,Asad,300.0,0.0,0.0,300.0,300.0,0.0,cash,21,2026-08-20T14:01:39.771493+00:00,c4709d91-a633-44cc-b151-e7112e75b93c,cash
e6210cb2-9326-47a2-a3f6-4ae5046df2d9,ZIC-20260820-0084,62c5814c-09e6-4583-874d-c3660ce3283f,Asad,30.0,0.0,0.0,30.0,30.0,0.0,cash,2,2026-08-20T14:03:56.998513+00:00,c4709d91-a633-44cc-b151-e7112e75b93c,cash
15e19e08-50af-4b1a-9f08-599cf0fb525f,ZIC-20260820-0085,62c5814c-09e6-4583-874d-c3660ce3283f,Asad,50.0,0.0,0.0,50.0,50.0,0.0,cash,5,2026-08-20T14:06:51.80658+00:00,c4709d91-a633-44cc-b151-e7112e75b93c,cash
ba06139e-d1c8-4241-b16e-38b15bc953e6,ZIC-20260820-0086,62c5814c-09e6-4583-874d-c3660ce3283f,Asad,50.0,0.0,0.0,50.0,50.0,0.0,cash,1,2026-08-20T14:07:28.419688+00:00,c4709d91-a633-44cc-b151-e7112e75b93c,cash
74a71596-3bfa-43ae-a3a7-333becc8bc8b,ZIC-20260820-0087,62c5814c-09e6-4583-874d-c3660ce3283f,Asad,20.0,0.0,0.0,20.0,20.0,0.0,cash,2,2026-08-20T14:10:43.995472+00:00,c4709d91-a633-44cc-b151-e7112e75b93c,cash
9ac2a283-cdb5-4640-9411-4427c06f8643,ZIC-20260820-0088,62c5814c-09e6-4583-874d-c3660ce3283f,Asad,280.0,0.0,0.0,280.0,280.0,0.0,cash,7,2026-08-20T14:18:17.884649+00:00,c4709d91-a633-44cc-b151-e7112e75b93c,cash
7dcf5665-ff9b-4612-b1f6-1f76b3e82e6b,ZIC-20260820-0089,62c5814c-09e6-4583-874d-c3660ce3283f,Asad,20.0,0.0,0.0,20.0,20.0,0.0,cash,1,2026-08-20T14:19:41.248068+00:00,c4709d91-a633-44cc-b151-e7112e75b93c,cash
edf70b22-cc8d-4b33-83df-d071577a66f3,ZIC-20260820-0090,62c5814c-09e6-4583-874d-c3660ce3283f,Asad,150.0,0.0,0.0,150.0,150.0,0.0,cash,5,2026-08-20T14:20:29.007099+00:00,c4709d91-a633-44cc-b151-e7112e75b93c,cash
70ec729b-d5c6-4552-8450-bfd0253f81c4,ZIC-20260820-0091,62c5814c-09e6-4583-874d-c3660ce3283f,Asad,30.0,0.0,0.0,30.0,30.0,0.0,cash,2,2026-08-20T14:22:34.561486+00:00,c4709d91-a633-44cc-b151-e7112e75b93c,cash
3b76dcd4-0da5-4b29-a597-8d1e66d4c583,ZIC-20260820-0092,62c5814c-09e6-4583-874d-c3660ce3283f,Asad,250.0,0.0,0.0,250.0,250.0,0.0,cash,20,2026-08-20T14:23:02.968236+00:00,c4709d91-a633-44cc-b151-e7112e75b93c,cash
9019dee5-5417-47db-a1ef-405e54c232eb,ZIC-20260820-0093,62c5814c-09e6-4583-874d-c3660ce3283f,Asad,200.0,0.0,0.0,200.0,200.0,0.0,cash,1,2026-08-20T14:23:51.155419+00:00,c4709d91-a633-44cc-b151-e7112e75b93c,cash
86f4e0a7-3606-4cc0-a3e0-672eb0ea1b7b,ZIC-20260820-0094,62c5814c-09e6-4583-874d-c3660ce3283f,Asad,110.0,0.0,0.0,110.0,110.0,0.0,cash,3,2026-08-20T14:50:20.706354+00:00,c4709d91-a633-44cc-b151-e7112e75b93c,cash
a28265fb-d806-4516-bd00-8518d0648b8b,ZIC-20260820-0095,62c5814c-09e6-4583-874d-c3660ce3283f,Asad,290.0,0.0,0.0,290.0,290.0,0.0,cash,21,2026-08-20T15:15:33.62998+00:00,c4709d91-a633-44cc-b151-e7112e75b93c,cash
20fce149-dddb-43da-9b9b-4654620c3a7d,ZIC-20260820-0096,62c5814c-09e6-4583-874d-c3660ce3283f,Asad,2960.0,0.0,19.0,2941.0,2941.0,0.0,card,4,2026-08-20T15:19:27.736991+00:00,c4709d91-a633-44cc-b151-e7112e75b93c,card
bb0313e8-2393-4936-8158-d7b8aa7516b0,ZIC-20260820-0097,f686d4d0-3678-467e-9535-3d5f1309c328,Cashier 1,60.0,0.0,30.0,30.0,30.0,0.0,cash,1,2026-08-20T15:43:46.455504+00:00,650612b2-7f73-4062-9d19-ddb14f3659df,cash
37ae0dfc-dfc0-493d-bca3-5dffe2d5d349,ZIC-20260820-0098,f686d4d0-3678-467e-9535-3d5f1309c328,Cashier 1,160.0,0.0,0.0,160.0,160.0,0.0,cash,2,2026-08-20T15:45:22.266193+00:00,650612b2-7f73-4062-9d19-ddb14f3659df,cash
acfb96d0-b8d2-4662-a502-9095e798d57d,ZIC-20260820-0099,f686d4d0-3678-467e-9535-3d5f1309c328,Cashier 1,20.0,0.0,0.0,20.0,20.0,0.0,cash,2,2026-08-20T16:03:32.092993+00:00,650612b2-7f73-4062-9d19-ddb14f3659df,cash
1c7d999d-be28-44e7-a88b-6198d8438d52,ZIC-20260820-0100,f686d4d0-3678-467e-9535-3d5f1309c328,Cashier 1,40.0,0.0,0.0,40.0,40.0,0.0,cash,5,2026-08-20T16:31:49.796228+00:00,650612b2-7f73-4062-9d19-ddb14f3659df,cash
b9b31861-212c-4028-afef-0d90da4ec324,ZIC-20260820-0101,f686d4d0-3678-467e-9535-3d5f1309c328,Cashier 1,10.0,0.0,0.0,10.0,10.0,0.0,cash,1,2026-08-20T16:32:01.108541+00:00,650612b2-7f73-4062-9d19-ddb14f3659df,cash
338f7edd-252f-4b7d-9045-336387e13403,ZIC-20260820-0102,f686d4d0-3678-467e-9535-3d5f1309c328,Cashier 1,1590.0,0.0,267.0,1323.0,1323.0,0.0,cash,52,2026-08-20T16:52:39.406774+00:00,650612b2-7f73-4062-9d19-ddb14f3659df,cash
53f82328-ce03-486a-ae06-8f9e6a8b92e7,ZIC-20260820-0103,f686d4d0-3678-467e-9535-3d5f1309c328,Cashier 1,90.0,0.0,0.0,90.0,90.0,0.0,cash,1,2026-08-20T17:05:01.202091+00:00,650612b2-7f73-4062-9d19-ddb14f3659df,cash
86cc0c86-637d-4b35-82ad-422162afe83e,ZIC-20260820-0104,f686d4d0-3678-467e-9535-3d5f1309c328,Cashier 1,70.0,0.0,0.0,70.0,70.0,0.0,cash,2,2026-08-20T17:05:46.941561+00:00,650612b2-7f73-4062-9d19-ddb14f3659df,cash
922846f9-4dcb-4421-9a5e-d829a660bd62,ZIC-20260820-0105,f686d4d0-3678-467e-9535-3d5f1309c328,Cashier 1,210.0,0.0,0.0,210.0,210.0,0.0,cash,1,2026-08-20T17:09:04.085593+00:00,650612b2-7f73-4062-9d19-ddb14f3659df,cash
078e99b8-b27b-440b-a91e-bbe7e883f780,ZIC-20260820-0106,f686d4d0-3678-467e-9535-3d5f1309c328,Cashier 1,270.0,0.0,0.0,270.0,270.0,0.0,cash,5,2026-08-20T17:13:57.134776+00:00,650612b2-7f73-4062-9d19-ddb14f3659df,cash
97436a14-c17b-48b6-b494-96d772bfb2c4,ZIC-20260820-0107,f686d4d0-3678-467e-9535-3d5f1309c328,Cashier 1,50.0,0.0,0.0,50.0,50.0,0.0,cash,4,2026-08-20T17:14:29.406105+00:00,650612b2-7f73-4062-9d19-ddb14f3659df,cash
1229b84d-d99f-42e4-9bca-3a9dc6f03eb4,ZIC-20260820-0108,f686d4d0-3678-467e-9535-3d5f1309c328,Cashier 1,10.0,0.0,0.0,10.0,10.0,0.0,cash,2,2026-08-20T17:15:29.553618+00:00,650612b2-7f73-4062-9d19-ddb14f3659df,cash
1e367132-5a5a-4b4d-b103-c510f1ea503b,ZIC-20260820-0109,f686d4d0-3678-467e-9535-3d5f1309c328,Cashier 1,500.0,0.0,0.0,500.0,500.0,0.0,cash,8,2026-08-20T17:36:16.769469+00:00,650612b2-7f73-4062-9d19-ddb14f3659df,cash
d430ac1f-a67c-4195-9286-97c625181d13,ZIC-20260820-0110,f686d4d0-3678-467e-9535-3d5f1309c328,Cashier 1,100.0,0.0,0.0,100.0,100.0,0.0,cash,2,2026-08-20T17:36:54.456364+00:00,650612b2-7f73-4062-9d19-ddb14f3659df,cash
3c9d84bf-ec87-425e-80a5-e516e7394d5f,ZIC-20260820-0111,f686d4d0-3678-467e-9535-3d5f1309c328,Cashier 1,30.0,0.0,0.0,30.0,30.0,0.0,cash,2,2026-08-20T17:37:23.792616+00:00,650612b2-7f73-4062-9d19-ddb14f3659df,cash
00356cd4-a0ac-4330-8e20-80a8ce3d3f5d,ZIC-20260820-0112,f686d4d0-3678-467e-9535-3d5f1309c328,Cashier 1,110.0,0.0,0.0,110.0,110.0,0.0,cash,2,2026-08-20T17:38:56.063574+00:00,650612b2-7f73-4062-9d19-ddb14f3659df,cash
c6b1e463-77cc-4731-a871-51062945330c,ZIC-20260820-0113,f686d4d0-3678-467e-9535-3d5f1309c328,Cashier 1,20.0,0.0,0.0,20.0,20.0,0.0,cash,1,2026-08-20T17:50:22.080487+00:00,650612b2-7f73-4062-9d19-ddb14f3659df,cash
5c9919b2-4456-43c2-ba70-feb5fb95abac,ZIC-20260820-0114,f686d4d0-3678-467e-9535-3d5f1309c328,Cashier 1,40.0,0.0,0.0,40.0,40.0,0.0,cash,1,2026-08-20T18:23:19.810713+00:00,650612b2-7f73-4062-9d19-ddb14f3659df,cash
c15a5984-ce7d-4100-ac90-e262fbc0e342,ZIC-20260820-0115,f686d4d0-3678-467e-9535-3d5f1309c328,Cashier 1,70.0,0.0,0.0,70.0,70.0,0.0,cash,2,2026-08-20T18:31:29.906996+00:00,650612b2-7f73-4062-9d19-ddb14f3659df,cash
a97e51c4-3993-4d2e-a458-b15d15bd8750,ZIC-20260820-0116,f686d4d0-3678-467e-9535-3d5f1309c328,Cashier 1,130.0,0.0,0.0,130.0,130.0,0.0,cash,1,2026-08-20T18:35:24.950575+00:00,650612b2-7f73-4062-9d19-ddb14f3659df,cash
413094ff-2269-4739-ae61-3eeb5df4e3bf,ZIC-20260820-0117,f686d4d0-3678-467e-9535-3d5f1309c328,Cashier 1,240.0,0.0,0.0,240.0,240.0,0.0,cash,11,2026-08-20T18:53:33.97493+00:00,650612b2-7f73-4062-9d19-ddb14f3659df,cash
f6c9ef86-dd4f-4498-8084-deb3dda792f7,ZIC-20260820-0118,f686d4d0-3678-467e-9535-3d5f1309c328,Cashier 1,410.0,0.0,0.0,410.0,410.0,0.0,easypasa,14,2026-08-20T18:57:39.963692+00:00,650612b2-7f73-4062-9d19-ddb14f3659df,cash
073ce231-d60e-44f3-b4f8-039fe47baa0f,ZIC-20260820-0119,f686d4d0-3678-467e-9535-3d5f1309c328,Cashier 1,250.0,0.0,0.0,250.0,250.0,0.0,easypasa,8,2026-08-20T18:58:59.436954+00:00,650612b2-7f73-4062-9d19-ddb14f3659df,cash
13d61d74-049d-4d54-bb07-b51bba7a117f,ZIC-20260820-0120,f686d4d0-3678-467e-9535-3d5f1309c328,Cashier 1,20.0,0.0,0.0,20.0,20.0,0.0,cash,2,2026-08-20T19:05:19.59715+00:00,650612b2-7f73-4062-9d19-ddb14f3659df,cash
f9588e2c-513a-487e-b768-c0d8fcab3acc,ZIC-20260820-0121,f686d4d0-3678-467e-9535-3d5f1309c328,Cashier 1,745.0,0.0,0.0,745.0,745.0,0.0,cash,18,2026-08-20T19:09:16.321342+00:00,650612b2-7f73-4062-9d19-ddb14f3659df,cash
7b1ccc66-da66-4afd-a789-8ba0ee2797e7,ZIC-20260820-0122,f686d4d0-3678-467e-9535-3d5f1309c328,Cashier 1,350.0,0.0,0.0,350.0,350.0,0.0,cash,8,2026-08-20T19:11:41.462597+00:00,650612b2-7f73-4062-9d19-ddb14f3659df,cash
f115c1f6-2c60-4657-9148-712a950979d3,ZIC-20260820-0123,f686d4d0-3678-467e-9535-3d5f1309c328,Cashier 1,80.0,0.0,0.0,80.0,80.0,0.0,cash,2,2026-08-20T19:21:12.638994+00:00,650612b2-7f73-4062-9d19-ddb14f3659df,cash
b4574326-f14d-4c86-960b-937561bbd846,ZIC-20260820-0124,f686d4d0-3678-467e-9535-3d5f1309c328,Cashier 1,20.0,0.0,0.0,20.0,20.0,0.0,cash,2,2026-08-20T19:58:29.497296+00:00,650612b2-7f73-4062-9d19-ddb14f3659df,cash
4b8030fa-3993-408f-b161-a7cf8bdfe08f,ZIC-20260820-0125,f686d4d0-3678-467e-9535-3d5f1309c328,Cashier 1,50.0,0.0,0.0,50.0,50.0,0.0,cash,1,2026-08-20T20:00:46.803122+00:00,650612b2-7f73-4062-9d19-ddb14f3659df,cash
3cd4af40-3906-4389-ac52-a4b3fb924614,ZIC-20260820-0126,f686d4d0-3678-467e-9535-3d5f1309c328,Cashier 1,280.0,0.0,0.0,280.0,280.0,0.0,cash,2,2026-08-20T20:27:54.254744+00:00,650612b2-7f73-4062-9d19-ddb14f3659df,cash
63d8153e-5461-4b90-8c7e-0553c6177015,ZIC-20260820-0127,f686d4d0-3678-467e-9535-3d5f1309c328,Cashier 1,200.0,0.0,0.0,200.0,200.0,0.0,cash,1,2026-08-20T20:29:12.383773+00:00,650612b2-7f73-4062-9d19-ddb14f3659df,cash
446cf113-c5f2-4799-8244-2cbdce0c4ff3,ZIC-20260820-0128,f686d4d0-3678-467e-9535-3d5f1309c328,Cashier 1,20.0,0.0,0.0,20.0,20.0,0.0,cash,2,2026-08-20T20:54:31.062967+00:00,650612b2-7f73-4062-9d19-ddb14f3659df,cash
2845f83b-9ff0-4fc9-8b63-89def577198d,ZIC-20260820-0129,f686d4d0-3678-467e-9535-3d5f1309c328,Cashier 1,190.0,0.0,0.0,190.0,190.0,0.0,cash,2,2026-08-20T20:57:31.538701+00:00,650612b2-7f73-4062-9d19-ddb14f3659df,cash
30f42a4b-4b68-4c83-9c13-c7ec9524c6da,ZIC-20260820-0130,f686d4d0-3678-467e-9535-3d5f1309c328,Cashier 1,300.0,0.0,0.0,300.0,300.0,0.0,cash,20,2026-08-20T21:17:38.506595+00:00,650612b2-7f73-4062-9d19-ddb14f3659df,cash
fa9e1f0b-0be2-4240-bafb-537d8c10d618,ZIC-20260820-0131,f686d4d0-3678-467e-9535-3d5f1309c328,Cashier 1,260.0,0.0,0.0,260.0,260.0,0.0,cash,2,2026-08-20T21:32:15.471463+00:00,650612b2-7f73-4062-9d19-ddb14f3659df,cash
437ac1dd-deb7-4498-8752-cc8844958565,ZIC-20260820-0132,f686d4d0-3678-467e-9535-3d5f1309c328,Cashier 1,600.0,0.0,0.0,600.0,600.0,0.0,cash,20,2026-08-20T21:33:48.570379+00:00,650612b2-7f73-4062-9d19-ddb14f3659df,cash
902ebaa3-da01-424c-a527-f4c867ca2acd,ZIC-20260820-0133,f686d4d0-3678-467e-9535-3d5f1309c328,Cashier 1,50.0,0.0,0.0,50.0,50.0,0.0,cash,1,2026-08-20T21:56:54.893747+00:00,650612b2-7f73-4062-9d19-ddb14f3659df,cash
2114a6e9-294d-4c47-9fa5-64c9abac474b,ZIC-20260820-0134,f686d4d0-3678-467e-9535-3d5f1309c328,Cashier 1,450.0,0.0,0.0,450.0,450.0,0.0,cash,7,2026-08-20T22:01:46.258858+00:00,650612b2-7f73-4062-9d19-ddb14f3659df,cash
790c9d18-9231-4697-8c2f-6c80ab5fcaff,ZIC-20260820-0135,f686d4d0-3678-467e-9535-3d5f1309c328,Cashier 1,100.0,0.0,0.0,100.0,100.0,0.0,cash,5,2026-08-20T22:03:35.174514+00:00,650612b2-7f73-4062-9d19-ddb14f3659df,cash
5495c65c-ecb9-42e3-bcb2-aebb9998d6d1,ZIC-20260820-0136,f686d4d0-3678-467e-9535-3d5f1309c328,Cashier 1,300.0,0.0,0.0,300.0,300.0,0.0,easypasa,10,2026-08-20T22:29:42.807211+00:00,650612b2-7f73-4062-9d19-ddb14f3659df,cash
aad3eff1-d4cc-4173-8799-10cf3a28b27d,ZIC-20260820-0137,f686d4d0-3678-467e-9535-3d5f1309c328,Cashier 1,170.0,0.0,0.0,170.0,170.0,0.0,cash,3,2026-08-20T22:30:25.453254+00:00,650612b2-7f73-4062-9d19-ddb14f3659df,cash
54d2a279-1cee-4cc4-b656-3eea56ea4ef5,ZIC-20260820-0138,f686d4d0-3678-467e-9535-3d5f1309c328,Cashier 1,210.0,0.0,0.0,210.0,210.0,0.0,easypasa,1,2026-08-20T22:53:29.883575+00:00,650612b2-7f73-4062-9d19-ddb14f3659df,cash
022fba2e-788a-4705-8f48-e9e21f413352,ZIC-20260820-0139,f686d4d0-3678-467e-9535-3d5f1309c328,Cashier 1,240.0,0.0,0.0,240.0,240.0,0.0,cash,3,2026-08-20T22:57:59.181559+00:00,650612b2-7f73-4062-9d19-ddb14f3659df,cash
85d7550d-11c9-4b95-8aaa-2b2ba8f51f6f,ZIC-20260820-0140,f686d4d0-3678-467e-9535-3d5f1309c328,Cashier 1,300.0,0.0,0.0,300.0,300.0,0.0,easypasa,2,2026-08-20T23:13:53.089098+00:00,650612b2-7f73-4062-9d19-ddb14f3659df,cash
60cdf676-cd7b-409e-86f8-3aff39208ff0,ZIC-20260820-0141,f686d4d0-3678-467e-9535-3d5f1309c328,Cashier 1,1050.0,0.0,0.0,1050.0,1050.0,0.0,card,33,2026-08-20T23:36:38.415598+00:00,650612b2-7f73-4062-9d19-ddb14f3659df,card
b5653209-b7ad-4999-b742-f59e76c3228c,ZIC-20260821-0001,f686d4d0-3678-467e-9535-3d5f1309c328,Cashier 1,10.0,0.0,0.0,10.0,10.0,0.0,cash,1,2026-08-21T00:39:00.080778+00:00,650612b2-7f73-4062-9d19-ddb14f3659df,cash
ad63a039-5fb4-4ab0-8483-86c7d9393c47,ZIC-20260821-0002,f686d4d0-3678-467e-9535-3d5f1309c328,Cashier 1,300.0,0.0,0.0,300.0,300.0,0.0,cash,3,2026-08-21T01:02:18.699273+00:00,650612b2-7f73-4062-9d19-ddb14f3659df,cash
b0cd1dc8-1760-463c-bb38-f652bc9b6e3d,ZIC-20260821-0003,f686d4d0-3678-467e-9535-3d5f1309c328,Cashier 1,30.0,0.0,0.0,30.0,30.0,0.0,cash,1,2026-08-21T01:03:30.329835+00:00,650612b2-7f73-4062-9d19-ddb14f3659df,cash
abc78b16-70fc-4d24-86a7-46dea83df0e3,ZIC-20260821-0004,f686d4d0-3678-467e-9535-3d5f1309c328,Cashier 1,80.0,0.0,0.0,80.0,80.0,0.0,cash,6,2026-08-21T02:04:28.654152+00:00,650612b2-7f73-4062-9d19-ddb14f3659df,cash
40bb12b9-c9bb-4d1c-bedc-27ec99ef2cd5,ZIC-20260821-0005,f686d4d0-3678-467e-9535-3d5f1309c328,Cashier 1,160.0,0.0,0.0,160.0,160.0,0.0,cash,1,2026-08-21T02:22:50.232464+00:00,650612b2-7f73-4062-9d19-ddb14f3659df,cash
c42a7fd7-6288-42ec-be33-9f285115c7e1,ZIC-20260821-0006,f686d4d0-3678-467e-9535-3d5f1309c328,Cashier 1,120.0,0.0,0.0,120.0,120.0,0.0,cash,4,2026-08-21T02:38:45.917386+00:00,650612b2-7f73-4062-9d19-ddb14f3659df,cash
7bb92265-eeff-46a7-945a-7ea9d6e6e4e4,ZIC-20260821-0007,f686d4d0-3678-467e-9535-3d5f1309c328,Cashier 1,100.0,0.0,0.0,100.0,100.0,0.0,cash,8,2026-08-21T02:41:25.958905+00:00,650612b2-7f73-4062-9d19-ddb14f3659df,cash
c3f13576-55eb-44c8-a237-e42680193b29,ZIC-20260821-0008,f686d4d0-3678-467e-9535-3d5f1309c328,Cashier 1,40.0,0.0,0.0,40.0,40.0,0.0,cash,4,2026-08-21T02:42:24.627643+00:00,650612b2-7f73-4062-9d19-ddb14f3659df,cash
6753878c-ac56-4cd8-b763-51a4e267460a,ZIC-20260821-0009,f686d4d0-3678-467e-9535-3d5f1309c328,Cashier 1,50.0,0.0,0.0,50.0,50.0,0.0,cash,7,2026-08-21T02:57:05.289145+00:00,650612b2-7f73-4062-9d19-ddb14f3659df,cash
ffb811e9-ce92-4387-8d67-4fcb1c45bc0c,ZIC-20260821-0010,f686d4d0-3678-467e-9535-3d5f1309c328,Cashier 1,30.0,0.0,0.0,30.0,30.0,0.0,cash,1,2026-08-21T03:27:37.144826+00:00,650612b2-7f73-4062-9d19-ddb14f3659df,cash
85890e12-a6db-41ea-9d51-7acdd96b9c75,ZIC-20260821-0011,f686d4d0-3678-467e-9535-3d5f1309c328,Cashier 1,20.0,0.0,0.0,20.0,20.0,0.0,cash,2,2026-08-21T03:56:06.628812+00:00,650612b2-7f73-4062-9d19-ddb14f3659df,cash
1d0de9c7-4292-4d4d-8b8e-d46f7f98e8da,ZIC-20260821-0012,f686d4d0-3678-467e-9535-3d5f1309c328,Cashier 1,50.0,0.0,0.0,50.0,50.0,0.0,cash,5,2026-08-21T04:06:51.431973+00:00,650612b2-7f73-4062-9d19-ddb14f3659df,cash
215601a9-458d-404f-9cc8-3f974bad0621,ZIC-20260821-0013,62c5814c-09e6-4583-874d-c3660ce3283f,Asad,100.0,0.0,0.0,100.0,100.0,0.0,cash,1,2026-08-21T04:17:47.630871+00:00,d204a25a-e046-45e2-89c1-1c0c532f81f0,cash
2de60938-92ab-49a1-bc1a-f0bd547592e8,ZIC-20260821-0014,62c5814c-09e6-4583-874d-c3660ce3283f,Asad,50.0,0.0,0.0,50.0,50.0,0.0,cash,2,2026-08-21T04:19:36.851439+00:00,d204a25a-e046-45e2-89c1-1c0c532f81f0,cash
a045b364-7e8a-4613-ad7b-14a9b609d452,ZIC-20260821-0015,62c5814c-09e6-4583-874d-c3660ce3283f,Asad,60.0,0.0,0.0,60.0,60.0,0.0,cash,4,2026-08-21T04:21:42.572787+00:00,d204a25a-e046-45e2-89c1-1c0c532f81f0,cash
fc57db94-7ba2-43e3-8f1e-3405930777c9,ZIC-20260821-0016,62c5814c-09e6-4583-874d-c3660ce3283f,Asad,95.0,0.0,0.0,95.0,95.0,0.0,cash,5,2026-08-21T04:48:22.884151+00:00,d204a25a-e046-45e2-89c1-1c0c532f81f0,cash
18d53b56-77dd-4234-b331-b78437d7aa45,ZIC-20260821-0017,62c5814c-09e6-4583-874d-c3660ce3283f,Asad,20.0,0.0,0.0,20.0,20.0,0.0,cash,2,2026-08-21T05:41:32.911846+00:00,d204a25a-e046-45e2-89c1-1c0c532f81f0,cash
d10c2cd8-3af2-4a07-b34a-59b5fff62696,ZIC-20260821-0018,62c5814c-09e6-4583-874d-c3660ce3283f,Asad,40.0,0.0,0.0,40.0,40.0,0.0,cash,6,2026-08-21T05:42:32.033891+00:00,d204a25a-e046-45e2-89c1-1c0c532f81f0,cash
e58052a4-43a0-4a99-ae75-84c7e1265e2c,ZIC-20260821-0019,62c5814c-09e6-4583-874d-c3660ce3283f,Asad,260.0,0.0,0.0,260.0,260.0,0.0,cash,5,2026-08-21T05:44:11.718525+00:00,d204a25a-e046-45e2-89c1-1c0c532f81f0,cash
df24bf26-84ff-43ca-9d98-a946b98a6a89,ZIC-20260821-0020,62c5814c-09e6-4583-874d-c3660ce3283f,Asad,225.0,0.0,0.0,225.0,225.0,0.0,cash,1,2026-08-21T05:46:26.820067+00:00,d204a25a-e046-45e2-89c1-1c0c532f81f0,cash
53e6a109-19db-4003-a34d-d9df26579009,ZIC-20260821-0021,62c5814c-09e6-4583-874d-c3660ce3283f,Asad,600.0,0.0,0.0,600.0,600.0,0.0,cash,11,2026-08-21T06:13:02.611689+00:00,d204a25a-e046-45e2-89c1-1c0c532f81f0,cash
a90d6bbb-5fc6-4a39-b647-956ddd218d95,ZIC-20260821-0022,62c5814c-09e6-4583-874d-c3660ce3283f,Asad,90.0,0.0,0.0,90.0,90.0,0.0,cash,1,2026-08-21T06:13:54.883669+00:00,d204a25a-e046-45e2-89c1-1c0c532f81f0,cash
fab5ac10-7602-4b37-9af2-0ee55846fbbb,ZIC-20260821-0023,62c5814c-09e6-4583-874d-c3660ce3283f,Asad,60.0,0.0,0.0,60.0,60.0,0.0,cash,2,2026-08-21T06:15:47.251702+00:00,d204a25a-e046-45e2-89c1-1c0c532f81f0,cash
d3384692-e769-4e68-b91b-bcb1d364631a,ZIC-20260821-0024,62c5814c-09e6-4583-874d-c3660ce3283f,Asad,50.0,0.0,0.0,50.0,50.0,0.0,cash,4,2026-08-21T06:16:18.798052+00:00,d204a25a-e046-45e2-89c1-1c0c532f81f0,cash
fabbb81e-e3dd-4999-8636-b739e77dbf12,ZIC-20260821-0025,62c5814c-09e6-4583-874d-c3660ce3283f,Asad,40.0,0.0,0.0,40.0,40.0,0.0,cash,3,2026-08-21T06:22:32.884772+00:00,d204a25a-e046-45e2-89c1-1c0c532f81f0,cash
bd7a9d56-cc8c-4ff4-83f3-a5ed88a0b96a,ZIC-20260821-0026,62c5814c-09e6-4583-874d-c3660ce3283f,Asad,100.0,0.0,0.0,100.0,100.0,0.0,cash,4,2026-08-21T06:24:12.425185+00:00,d204a25a-e046-45e2-89c1-1c0c532f81f0,cash
417e9418-7fb1-48ea-8e5a-d18ee9924b77,ZIC-20260821-0027,62c5814c-09e6-4583-874d-c3660ce3283f,Asad,270.0,0.0,0.0,270.0,270.0,0.0,cash,4,2026-08-21T06:26:47.053977+00:00,d204a25a-e046-45e2-89c1-1c0c532f81f0,cash
4665f8ec-349b-4b6f-a91f-3e86a723b10e,ZIC-20260821-0028,62c5814c-09e6-4583-874d-c3660ce3283f,Asad,100.0,0.0,0.0,100.0,100.0,0.0,cash,2,2026-08-21T06:29:05.001272+00:00,d204a25a-e046-45e2-89c1-1c0c532f81f0,cash
b73403b7-ec04-4860-84c1-d71c7f3704a1,ZIC-20260821-0029,62c5814c-09e6-4583-874d-c3660ce3283f,Asad,100.0,0.0,0.0,100.0,100.0,0.0,cash,1,2026-08-21T06:32:05.200764+00:00,d204a25a-e046-45e2-89c1-1c0c532f81f0,cash
1caa10f8-e7ac-4d18-8603-ed73c0069945,ZIC-20260821-0030,62c5814c-09e6-4583-874d-c3660ce3283f,Asad,30.0,0.0,0.0,30.0,30.0,0.0,cash,2,2026-08-21T06:38:04.418993+00:00,d204a25a-e046-45e2-89c1-1c0c532f81f0,cash
3079a61a-7e64-4970-9f59-ac4542a7ba5c,ZIC-20260821-0031,62c5814c-09e6-4583-874d-c3660ce3283f,Asad,20.0,0.0,0.0,20.0,20.0,0.0,cash,3,2026-08-21T06:39:01.368511+00:00,d204a25a-e046-45e2-89c1-1c0c532f81f0,cash
8dca2a0e-f579-48a6-8ab6-4384ff6ce8b9,ZIC-20260821-0032,62c5814c-09e6-4583-874d-c3660ce3283f,Asad,50.0,0.0,0.0,50.0,50.0,0.0,cash,1,2026-08-21T06:40:04.264779+00:00,d204a25a-e046-45e2-89c1-1c0c532f81f0,cash
2e932de1-9193-4f7e-8a92-c0e3528a933b,ZIC-20260821-0033,62c5814c-09e6-4583-874d-c3660ce3283f,Asad,165.0,0.0,0.0,165.0,165.0,0.0,cash,6,2026-08-21T06:44:24.432618+00:00,d204a25a-e046-45e2-89c1-1c0c532f81f0,cash
7e12ac9d-2df0-4d00-8dbe-5fcf2d8405f2,ZIC-20260821-0034,62c5814c-09e6-4583-874d-c3660ce3283f,Asad,340.0,0.0,0.0,340.0,340.0,0.0,cash,10,2026-08-21T07:09:16.968473+00:00,d204a25a-e046-45e2-89c1-1c0c532f81f0,cash
9642430c-bf11-4d18-b6ee-a9773af99d9f,ZIC-20260821-0035,62c5814c-09e6-4583-874d-c3660ce3283f,Asad,300.0,0.0,0.0,300.0,300.0,0.0,cash,6,2026-08-21T07:10:44.879359+00:00,d204a25a-e046-45e2-89c1-1c0c532f81f0,cash
1df1a483-7876-42ef-a5f5-f248f9763a18,ZIC-20260821-0036,62c5814c-09e6-4583-874d-c3660ce3283f,Asad,120.0,0.0,0.0,120.0,120.0,0.0,cash,1,2026-08-21T07:15:17.293339+00:00,d204a25a-e046-45e2-89c1-1c0c532f81f0,cash
e92edfd9-5487-42b2-b26f-74e6821ab098,ZIC-20260821-0037,62c5814c-09e6-4583-874d-c3660ce3283f,Asad,210.0,0.0,10.0,200.0,200.0,0.0,cash,1,2026-08-21T08:48:39.875854+00:00,d204a25a-e046-45e2-89c1-1c0c532f81f0,cash
b39b1c05-d231-464c-b56b-f8c84c97379d,ZIC-20260821-0038,62c5814c-09e6-4583-874d-c3660ce3283f,Asad,600.0,0.0,100.0,500.0,500.0,0.0,cash,1,2026-08-21T08:57:56.777719+00:00,d204a25a-e046-45e2-89c1-1c0c532f81f0,cash
a45ebf83-33e5-45a8-b7c8-d50960b1ce1f,ZIC-20260821-0039,62c5814c-09e6-4583-874d-c3660ce3283f,Asad,150.0,0.0,0.0,150.0,150.0,0.0,cash,2,2026-08-21T09:00:47.718749+00:00,d204a25a-e046-45e2-89c1-1c0c532f81f0,cash
28db9c9c-b276-4a00-bd52-ffe32d61ca08,ZIC-20260821-0040,62c5814c-09e6-4583-874d-c3660ce3283f,Asad,40.0,0.0,0.0,40.0,40.0,0.0,cash,3,2026-08-21T09:02:42.989477+00:00,d204a25a-e046-45e2-89c1-1c0c532f81f0,cash
28e98729-8800-4ecf-950e-79b7a5f96a65,ZIC-20260821-0041,62c5814c-09e6-4583-874d-c3660ce3283f,Asad,210.0,0.0,10.0,200.0,200.0,0.0,cash,1,2026-08-21T09:02:57.669338+00:00,d204a25a-e046-45e2-89c1-1c0c532f81f0,cash
fa213aa4-643d-4e52-bef3-de5cdcafedc5,ZIC-20260821-0042,62c5814c-09e6-4583-874d-c3660ce3283f,Asad,130.0,0.0,0.0,130.0,130.0,0.0,cash,1,2026-08-21T09:06:13.330546+00:00,d204a25a-e046-45e2-89c1-1c0c532f81f0,cash
85b7af6a-7a98-4141-88af-b7b897dd120e,ZIC-20260821-0043,62c5814c-09e6-4583-874d-c3660ce3283f,Asad,20.0,0.0,0.0,20.0,20.0,0.0,cash,4,2026-08-21T09:11:34.080394+00:00,d204a25a-e046-45e2-89c1-1c0c532f81f0,cash
51dcb3ce-8205-40e8-ba19-5a3a7a62dfb5,ZIC-20260821-0044,62c5814c-09e6-4583-874d-c3660ce3283f,Asad,15.0,0.0,0.0,15.0,15.0,0.0,cash,1,2026-08-21T09:16:55.813731+00:00,d204a25a-e046-45e2-89c1-1c0c532f81f0,cash
7c4afe8d-6df1-4edb-81cc-97de97ad120e,ZIC-20260821-0045,62c5814c-09e6-4583-874d-c3660ce3283f,Asad,105.0,0.0,0.0,105.0,105.0,0.0,cash,6,2026-08-21T09:17:44.696882+00:00,d204a25a-e046-45e2-89c1-1c0c532f81f0,cash
d26cd7bf-a28b-4402-9ba5-6f23257c9c40,ZIC-20260821-0046,62c5814c-09e6-4583-874d-c3660ce3283f,Asad,500.0,0.0,0.0,500.0,500.0,0.0,cash,20,2026-08-21T09:23:38.288957+00:00,d204a25a-e046-45e2-89c1-1c0c532f81f0,cash
717ed43d-e37a-4bce-9c11-8d134ab4ccae,ZIC-20260821-0047,62c5814c-09e6-4583-874d-c3660ce3283f,Asad,50.0,0.0,0.0,50.0,50.0,0.0,cash,4,2026-08-21T09:24:41.210196+00:00,d204a25a-e046-45e2-89c1-1c0c532f81f0,cash
ab56d8a8-23cc-46e8-a728-10ce26826214,ZIC-20260821-0048,62c5814c-09e6-4583-874d-c3660ce3283f,Asad,10.0,0.0,0.0,10.0,10.0,0.0,cash,1,2026-08-21T09:24:54.169685+00:00,d204a25a-e046-45e2-89c1-1c0c532f81f0,cash
ca381b30-c9fa-4153-9610-7548b2118a81,ZIC-20260821-0049,62c5814c-09e6-4583-874d-c3660ce3283f,Asad,250.0,0.0,0.0,250.0,250.0,0.0,cash,1,2026-08-21T09:27:19.594183+00:00,d204a25a-e046-45e2-89c1-1c0c532f81f0,cash
a7b329c9-ad96-4f2c-8602-7533c695f142,ZIC-20260821-0050,62c5814c-09e6-4583-874d-c3660ce3283f,Asad,110.0,0.0,0.0,110.0,110.0,0.0,cash,10,2026-08-21T09:28:44.662219+00:00,d204a25a-e046-45e2-89c1-1c0c532f81f0,cash
29e0a79d-2676-4a62-b74d-935f72951e78,ZIC-20260821-0051,62c5814c-09e6-4583-874d-c3660ce3283f,Asad,960.0,0.0,0.0,960.0,960.0,0.0,card,15,2026-08-21T09:31:45.913527+00:00,d204a25a-e046-45e2-89c1-1c0c532f81f0,card
44e56a97-cb0a-4976-8e8d-af5b1e3a3d70,ZIC-20260821-0052,62c5814c-09e6-4583-874d-c3660ce3283f,Asad,780.0,0.0,0.0,780.0,780.0,0.0,cash,4,2026-08-21T09:34:22.188423+00:00,d204a25a-e046-45e2-89c1-1c0c532f81f0,cash
19d093ce-c821-4d27-96ca-82050f1040f6,ZIC-20260821-0053,62c5814c-09e6-4583-874d-c3660ce3283f,Asad,45.0,0.0,0.0,45.0,45.0,0.0,cash,3,2026-08-21T09:36:12.724893+00:00,d204a25a-e046-45e2-89c1-1c0c532f81f0,cash
cf56e98e-05eb-4649-9e9c-6846ccbf568e,ZIC-20260821-0054,62c5814c-09e6-4583-874d-c3660ce3283f,Asad,30.0,0.0,0.0,30.0,30.0,0.0,cash,1,2026-08-21T09:47:27.378841+00:00,d204a25a-e046-45e2-89c1-1c0c532f81f0,cash
6bf58b07-1e89-4935-9084-0eaa3ce4474d,ZIC-20260821-0055,62c5814c-09e6-4583-874d-c3660ce3283f,Asad,20.0,0.0,0.0,20.0,20.0,0.0,cash,4,2026-08-21T10:12:41.440834+00:00,d204a25a-e046-45e2-89c1-1c0c532f81f0,cash
484b857b-f3b2-418c-acb9-4b05bdc1437c,ZIC-20260821-0056,62c5814c-09e6-4583-874d-c3660ce3283f,Asad,1230.0,0.0,0.0,1230.0,1230.0,0.0,cash,8,2026-08-21T10:15:52.911225+00:00,d204a25a-e046-45e2-89c1-1c0c532f81f0,cash
6db4ed3a-9254-499d-a495-44c43b375d18,ZIC-20260821-0057,62c5814c-09e6-4583-874d-c3660ce3283f,Asad,100.0,0.0,0.0,100.0,100.0,0.0,cash,10,2026-08-21T10:16:53.436804+00:00,d204a25a-e046-45e2-89c1-1c0c532f81f0,cash
a2163b1d-477a-459e-a984-46e09753ce4c,ZIC-20260821-0058,62c5814c-09e6-4583-874d-c3660ce3283f,Asad,60.0,0.0,0.0,60.0,60.0,0.0,cash,6,2026-08-21T10:17:58.269706+00:00,d204a25a-e046-45e2-89c1-1c0c532f81f0,cash
ac7ddb1f-c2b1-4d06-b4bf-6a16bca55360,ZIC-20260821-0059,62c5814c-09e6-4583-874d-c3660ce3283f,Asad,50.0,0.0,0.0,50.0,50.0,0.0,cash,2,2026-08-21T10:19:32.687606+00:00,d204a25a-e046-45e2-89c1-1c0c532f81f0,cash
18ae0e71-d9a5-4ab0-af56-a7a6b6ba1098,ZIC-20260821-0060,62c5814c-09e6-4583-874d-c3660ce3283f,Asad,30.0,0.0,0.0,30.0,30.0,0.0,cash,2,2026-08-21T10:25:04.410841+00:00,d204a25a-e046-45e2-89c1-1c0c532f81f0,cash
bf6d82cb-71a4-46ff-8d11-d4250277d4be,ZIC-20260821-0061,62c5814c-09e6-4583-874d-c3660ce3283f,Asad,230.0,0.0,0.0,230.0,230.0,0.0,easypasa,4,2026-08-21T10:26:03.672177+00:00,d204a25a-e046-45e2-89c1-1c0c532f81f0,cash
31233b1d-f446-4756-8196-31f8f9b516c6,ZIC-20260821-0062,62c5814c-09e6-4583-874d-c3660ce3283f,Asad,200.0,0.0,0.0,200.0,200.0,0.0,cash,2,2026-08-21T10:35:58.417461+00:00,d204a25a-e046-45e2-89c1-1c0c532f81f0,cash
e5950c58-d0ac-4b73-b4f5-dab242f08a0d,ZIC-20260821-0063,62c5814c-09e6-4583-874d-c3660ce3283f,Asad,200.0,0.0,0.0,200.0,200.0,0.0,cash,20,2026-08-21T10:36:47.221764+00:00,d204a25a-e046-45e2-89c1-1c0c532f81f0,cash
51fc9cbe-3063-4489-896f-d8b4c9dc1cf6,ZIC-20260821-0064,62c5814c-09e6-4583-874d-c3660ce3283f,Asad,20.0,0.0,0.0,20.0,20.0,0.0,cash,2,2026-08-21T10:37:29.076008+00:00,d204a25a-e046-45e2-89c1-1c0c532f81f0,cash
0bb8b119-f4b4-4332-858d-11241192687d,ZIC-20260821-0065,62c5814c-09e6-4583-874d-c3660ce3283f,Asad,90.0,0.0,0.0,90.0,90.0,0.0,cash,3,2026-08-21T10:38:34.101303+00:00,d204a25a-e046-45e2-89c1-1c0c532f81f0,cash
5cf479bb-1cd0-4b24-9658-12f62f192376,ZIC-20260821-0066,62c5814c-09e6-4583-874d-c3660ce3283f,Asad,50.0,0.0,0.0,50.0,50.0,0.0,cash,4,2026-08-21T10:44:21.494345+00:00,d204a25a-e046-45e2-89c1-1c0c532f81f0,cash
520aab7c-5e0b-432c-87f0-90c0c21bdfef,ZIC-20260821-0067,62c5814c-09e6-4583-874d-c3660ce3283f,Asad,100.0,0.0,0.0,100.0,100.0,0.0,cash,8,2026-08-21T10:46:47.126406+00:00,d204a25a-e046-45e2-89c1-1c0c532f81f0,cash
f59f461b-2c08-4e78-b057-ca6c13853359,ZIC-20260821-0068,62c5814c-09e6-4583-874d-c3660ce3283f,Asad,100.0,0.0,0.0,100.0,100.0,0.0,cash,2,2026-08-21T11:12:59.647915+00:00,d204a25a-e046-45e2-89c1-1c0c532f81f0,cash
a8b7f886-27e1-4872-87ab-d1cda957984c,ZIC-20260821-0069,62c5814c-09e6-4583-874d-c3660ce3283f,Asad,540.0,0.0,0.0,540.0,540.0,0.0,cash,2,2026-08-21T11:14:40.435048+00:00,d204a25a-e046-45e2-89c1-1c0c532f81f0,cash
dac4c39b-3457-4fcc-b9de-d48a25a84cc1,ZIC-20260821-0070,62c5814c-09e6-4583-874d-c3660ce3283f,Asad,120.0,0.0,0.0,120.0,120.0,0.0,cash,2,2026-08-21T11:15:43.270142+00:00,d204a25a-e046-45e2-89c1-1c0c532f81f0,cash
77601961-3551-43cd-9785-8c0496ef8f94,ZIC-20260821-0071,62c5814c-09e6-4583-874d-c3660ce3283f,Asad,20.0,0.0,0.0,20.0,20.0,0.0,cash,2,2026-08-21T11:20:52.740539+00:00,d204a25a-e046-45e2-89c1-1c0c532f81f0,cash
a4835df8-d370-444f-be53-4ae1ebeed405,ZIC-20260821-0072,62c5814c-09e6-4583-874d-c3660ce3283f,Asad,200.0,0.0,0.0,200.0,200.0,0.0,cash,2,2026-08-21T11:24:28.393999+00:00,d204a25a-e046-45e2-89c1-1c0c532f81f0,cash
1a42f7f8-c3c7-46b2-a796-da188ef72e05,ZIC-20260821-0073,62c5814c-09e6-4583-874d-c3660ce3283f,Asad,110.0,0.0,0.0,110.0,110.0,0.0,cash,3,2026-08-21T11:34:37.635452+00:00,d204a25a-e046-45e2-89c1-1c0c532f81f0,cash
