id,sale_id,product_id,product_name,barcode,qty,unit_price,purchase_price,subtotal,unit_id,unit_name,qty_in_unit
3e574de8-2a00-4498-a303-457bfc31c176,04ad0223-f1bc-45ec-a709-10842d93abad,30e73934-8b1f-4e5b-8a7e-459183ab89ff,BENSON & HEDGES,95010526,20,15.0,14.0,300.0,bd464178-34a5-4c51-ab7a-fb38e14501f9,Box,1
6a71dfed-0286-40fb-8b8a-2eff817a2072,e59833aa-816c-4f3a-8f64-450866ffcd5b,296944b9-ea79-469c-8425-f11d6e4b7eed,CAPSTAN RED,1230364618200,60,12.5,12.1,750.0,e9169ce5-618b-4046-9957-a321013f7b75,box,3
c8985b6b-7258-4fbd-804d-76835f0659b4,759d8b30-f214-49c3-9226-aed8813ac5cc,75501454-681d-4cba-b455-b3b313fbbb80,Revive lychee,8964002344468,1,50.0,41.0,50.0,1cde4b9d-cc60-4a18-bc99-7555e62c3b49,Piece,1
5d28a473-39d1-421e-92a5-409642d82a27,da52096d-1ded-4559-adcc-fba389377096,90ffa419-8bc9-4c39-81e1-cffb74841141,FIZUP,8964001179719,1,70.0,52.0,70.0,3f782984-279e-4f0c-9120-822961a7584c,Piece,1
c9ea71ea-593a-42f7-a619-e0ba209bc974,2f3ba6f5-7a0c-4093-8ffa-a8e410b15393,296944b9-ea79-469c-8425-f11d6e4b7eed,CAPSTAN RED,1230364618200,40,12.5,12.1,500.0,e9169ce5-618b-4046-9957-a321013f7b75,box,2
a919fbd7-88b6-4cc4-8706-366a3e3ace20,05a01182-b724-4cc9-9275-00f70f121f6c,5a5154d9-6994-4dee-9011-efd865af1c8f,GOLD LEAF,1232097295550,1,30.0,25.0,30.0,ff8b0ab8-fd25-4bb6-aafb-a79e8e63a846,Piece,1
ab169556-c12b-4b0c-945b-1030d9095cab,cdcb1d3e-1cd0-4212-8b66-17d25f13d573,1f042fef-6374-4775-8e10-9b82fe226e1e,SNAKERS MASALA,671866117456,1,50.0,45.01,50.0,6cb624aa-3c40-4717-8ab8-a85c382b3f8a,Piece,1
063b9dd3-53b2-4f0b-bd7f-d7bf74a588c3,cdcb1d3e-1cd0-4212-8b66-17d25f13d573,8f421553-10c3-4fa2-9e4d-51f5bbc06cbc,KURKURAY TM,8964002347278,1,40.0,36.9,40.0,74737246-4041-42e1-b1a9-1a501d24fe22,Piece,1
b33dfa24-7541-494d-b5c3-116ace460f31,cdcb1d3e-1cd0-4212-8b66-17d25f13d573,8af4077d-37f1-441f-936d-9507cb56ca9d,candy,1232784048698,2,5.0,3.5,10.0,7534df49-d891-461a-8b69-7d03cb9ce755,Piece,2
e5d762ba-4118-4cb6-b042-c05e0ca0550e,fc463b72-6a58-4e50-87e5-ff0080b5c96f,5d2a6a9b-0a59-4325-86a4-94ecfcde48ed,VELO POLOR MINT 5DOT,89601778,1,300.0,200.0,300.0,04ea203d-aa17-4568-a358-db86c6d89950,Piece,1
80e4977e-f4c8-4e32-aacc-565ad87cf951,fc463b72-6a58-4e50-87e5-ff0080b5c96f,7794b2d9-b07a-46be-8246-8961363365f9,Raniu,8964002997916,1,150.0,95.83,150.0,e31daf12-8420-4114-a15b-e870707dde0f,Piece,1
6933406c-f182-4f78-8554-3df641d60298,fc463b72-6a58-4e50-87e5-ff0080b5c96f,c5bad393-0791-4cdd-bba3-0b910aef38e0,CHILLIMILLI,8961103500991,4,50.0,45.0,200.0,f32b5fb2-72e8-451f-a4d1-22621e21a03d,Piece,4
6637f642-f508-4326-9db5-54cbbfade8bc,802ce7a2-8e8c-43fa-a149-fd2a7ad60163,8f421553-10c3-4fa2-9e4d-51f5bbc06cbc,KURKURAY TM,8964002347278,1,40.0,36.9,40.0,74737246-4041-42e1-b1a9-1a501d24fe22,Piece,1
73e4f8f0-79d2-426d-a244-214a144d4117,802ce7a2-8e8c-43fa-a149-fd2a7ad60163,8af4077d-37f1-441f-936d-9507cb56ca9d,candy,1232784048698,2,5.0,3.5,10.0,7534df49-d891-461a-8b69-7d03cb9ce755,Piece,2
a687f93c-4c22-4597-84d8-f6efd6904c4f,1367b2de-2b38-47d7-b269-02907cb87940,296944b9-ea79-469c-8425-f11d6e4b7eed,CAPSTAN RED,1230364618200,2,15.0,12.1,30.0,a1bc6a6f-ad8f-468b-afac-44ec8574811d,Piece,2
65482d9d-8b62-428e-a0f1-91a93d4ad4b6,38897ace-fd4f-4ddd-8f41-3ad18bc4e8fb,975cf5aa-4ec6-4b0f-bd0b-a79640860da8,CHOICE,9254120000254,1,40.0,22.5,40.0,45baadf7-3c4f-430c-b19c-ed8a6e8538df,Piece,1
89998d94-579f-429e-bb0c-5e7acafd0cec,d2a18dea-1dc7-4d63-a1c2-f4d34ced75ef,e101e5a8-3410-4e60-af94-bbe948876ffd,CANDY ORIGINAL,8961003679759,1,50.0,44.5,50.0,1391b547-210a-4a66-a3ca-93d482b74abf,Piece,1
71e0a771-cf36-40bf-b807-4c7335d3a51e,8093d270-caa7-46b9-9ada-7ffc6cca954b,382387eb-6272-4738-b2d5-3361fa6fc3ca,Potato Sticks,671866277501,2,50.0,46.25,100.0,bc63250f-fd30-4ca2-a788-3340c09f9c89,Piece,2
77331e7e-98cc-413e-a0e5-ee482cfc1d66,8093d270-caa7-46b9-9ada-7ffc6cca954b,eae1e14b-259b-4fd3-80c9-3049edca5ba7,cheetos puffs,8964002346837,3,30.0,27.6,90.0,fdb053ed-aece-45c4-807e-53fd20b64df2,Piece,3
e7c6dcc4-275b-4198-bd4c-fb3a0f330789,8093d270-caa7-46b9-9ada-7ffc6cca954b,6eabb009-fbe6-4018-9f9e-90fbe3bdbd63,SPRITE MINT 1.5ML,5449000216854,1,210.0,166.0,210.0,6e8a956c-f49c-4535-ad7c-0d0897468117,Piece,1
1c99404c-c77e-4a14-8da9-5a1ac8cba14e,d1c3b53b-dafd-45c4-a9ed-7d0646910a4d,19fb2202-9dfc-4599-a043-6cb86016dcf3,cake up triple CHOCO.......,8964003592004,2,50.0,45.66,100.0,15d2421f-7ec6-4110-a1e6-d3c37df25d10,Piece,2
f83d4b58-6bda-4ae7-9a71-1b9477096dfc,d1c3b53b-dafd-45c4-a9ed-7d0646910a4d,f9e4c368-c027-4ef0-8368-aff156b4b9b2,Prince chocolate ,8961003614637,2,20.0,18.0,40.0,26f8682b-a9f1-4f34-a18d-82af20fbdc08,Piece,2
1484ba0d-a39a-43d6-8de0-20099194e0d4,d1c3b53b-dafd-45c4-a9ed-7d0646910a4d,e8d89fdc-a014-4aef-a350-286553b48eb4,frisky orange wafears,8965310055138,2,30.0,24.9,60.0,8c4feed7-26bd-44b6-9720-4f26bb14bb93,Piece,2
e2d8bdd7-f6cc-42fb-a803-9bc6ead15571,d1c3b53b-dafd-45c4-a9ed-7d0646910a4d,296944b9-ea79-469c-8425-f11d6e4b7eed,CAPSTAN RED,1230364618200,10,14.0,12.25,140.0,0ea2547b-ff52-4fd2-a713-c4c425c19caa,Half box,1
887a6917-943d-4263-bd4c-665e205dbaf0,6424743d-8895-4232-ad95-cf90c0bce32c,b2fa9a08-2130-4d3b-a1f9-f39f694cc18c,Surf Excel S/pack,8961014264760,5,10.0,9.1,50.0,f62c8014-7e26-49a7-9f35-a5eb92f1347c,Piece,5
20e461a0-8a43-4364-9d86-544d47858001,c1094400-ad30-4e51-a798-5dd61aa1e6bb,5a5154d9-6994-4dee-9011-efd865af1c8f,GOLD LEAF,1232097295550,2,30.0,25.0,60.0,ff8b0ab8-fd25-4bb6-aafb-a79e8e63a846,Piece,2
2b48b601-5705-4b4b-a2ae-4842b88b6114,05766647-2fa2-4413-83d6-6016b0a6673e,ebecba97-a5dc-432a-a675-b07992cfe188,DUNHILL,89600047,1,40.0,29.0,40.0,e30bac80-5143-46a2-bc24-9d55462bcce4,Piece,1
e5402cad-3232-47d4-a5d7-b59f5dd876eb,e6243d6c-b1e1-4597-bdd5-009b600055a0,3697a88c-fbc9-4741-943b-f3a0f5aa54b7,TASH,ZIC3165638027,1,40.0,25.0,40.0,71a7d09d-62fe-4d90-90f8-3e02191961c6,Piece,1
a2b6cd84-1eb0-448f-bacc-6b025eabd205,e6243d6c-b1e1-4597-bdd5-009b600055a0,8af4077d-37f1-441f-936d-9507cb56ca9d,candy,1232784048698,2,5.0,3.5,10.0,7534df49-d891-461a-8b69-7d03cb9ce755,Piece,2
00cf5c85-da0c-49c3-9d3c-f2874c45b983,470a36e7-1fa0-4c8b-88ac-9d931b514cb3,b2fa9a08-2130-4d3b-a1f9-f39f694cc18c,Surf Excel S/pack,8961014264760,2,10.0,9.1,20.0,f62c8014-7e26-49a7-9f35-a5eb92f1347c,Piece,2
3374c58a-f070-4834-a784-42f9afb7c185,421be5de-8df0-481e-aec6-4d38b819f53f,8af4077d-37f1-441f-936d-9507cb56ca9d,candy,1232784048698,10,5.0,3.5,50.0,7534df49-d891-461a-8b69-7d03cb9ce755,Piece,10
3ef798b5-64b8-47e1-8c84-694270a80855,36ca6f8f-55b0-4f96-85dc-f9d6e63b0ee5,9b8a64b3-0eff-49bd-a7e9-7ae1f4c6211f,Capstan White,89600078,1,15.0,12.5,15.0,2ee97f16-83f8-4fe8-8004-f20228fc010c,piece,1
95bf0926-d67c-4a13-923b-d323280b9cea,36ca6f8f-55b0-4f96-85dc-f9d6e63b0ee5,6b21c075-c752-4bf7-a4c2-2a4c8441c546,sifarish khan,1232255618481,1,30.0,25.0,30.0,289e28e9-66d0-4026-9fd4-67bfa88cb04c,Piece,1
abb405cf-acd0-4241-9030-430a93782092,618b2a89-d122-4f7a-bb7d-3c1a22cea2f3,5bc46fc5-2561-4cfd-956b-e95a9f9320af,Flamingo Injector cleaner,6959375199922,1,650.0,280.0,650.0,af57aee8-9e4a-4b2c-96b3-29e9d768b721,Piece,1
78ab1a73-15a7-47f5-9466-a27b7e2bc0bf,618b2a89-d122-4f7a-bb7d-3c1a22cea2f3,6dd52d25-0a25-49e9-b225-6056ac6dfce0,Simple Cloth,1230701754080,2,120.0,35.0,240.0,bf2f7933-d4c0-4a53-b162-f6074a5e5bf8,Piece,2
1917f3e8-8e32-44e3-a30d-8600b71cbae9,b4159e25-f50e-4a06-a6d6-0b7e58af7c19,a83b15c7-75d5-4457-a83b-33af4411c858,Auto Shine K,8961006583831,1,799.0,340.0,799.0,2fb8c400-d5bf-41fd-b839-d9e705c0e8e0,Piece,1
826dfd38-a9e4-4dd5-808e-7f87ecd53332,cfd00073-a1f3-4253-9341-3422b5c33af2,d43a6e92-5604-44fa-b95a-d7a378b93536,Lays FC,8964002345601,2,50.0,46.0,100.0,e707af65-3e99-49c6-83b0-d861d0ecbf1e,Piece,2
6d64849e-f171-420a-92e6-ef0523970667,cfd00073-a1f3-4253-9341-3422b5c33af2,fdc65df0-d2f4-421c-a8d7-36301c4db84f,Dew 300ml,8964000101254,1,90.0,65.0,90.0,bf1a41ca-b4d2-4417-9fd9-c774a60c54f3,Piece,1
9fec1974-c767-460d-90db-65caf96983ee,94b3e091-96c9-4c96-a0ad-f67f94f3149d,af25740f-3f10-435d-88c0-a4f84dd64b0d,tuc,8961003623172,1,10.0,9.06,10.0,d03f37dc-dff5-4d8c-b8f8-7609b1a7153a,Piece,1
5e401e79-138f-4406-b72e-261cf4a52823,a20bdffd-7ad3-4c57-87eb-736b8ec82913,75501454-681d-4cba-b455-b3b313fbbb80,Revive lychee,8964002344468,1,50.0,41.0,50.0,1cde4b9d-cc60-4a18-bc99-7555e62c3b49,Piece,1
71ddb38a-4abc-4f51-9381-82227f2a2068,23659f35-b2c2-4a1b-8d92-72c2a332c3a5,53109ff7-89f7-4310-8b54-a08bcb3fe1f7,BONJOUR H$ B,725765019059,1,60.0,31.0,60.0,d4cf5872-cf25-4c27-99ba-efdf91572921,Piece,1
700c6f26-54c0-4517-a7a4-ab16193f6965,aaeb9f64-4689-412d-8c47-067be0219d9f,0641e502-0965-44db-bcf9-104cf2a42f37,FRUITIEN Peach,8964000876480,1,60.0,45.0,60.0,469fcf86-77ad-4d28-ac5d-44cace081107,Piece,1
89a08b3c-5a8b-4562-9eee-f740fefd4379,7eed2538-a41b-4b66-830f-7ee2ac2311c5,9ff30f78-fbab-449e-bc65-893d4f9f9984,CAPSTAN ELITE,89601846,20,13.5,12.6,270.0,5b03001d-515e-468d-8efd-fe6e0c27aa97,Box,1
d15eaa37-123d-4ae3-9527-978cd89b6cc6,7eed2538-a41b-4b66-830f-7ee2ac2311c5,fb9e7a2c-2f8e-4ac3-9a64-d92464b4d49e,Josh ULTRA THIN,8852961021431,1,150.0,70.0,150.0,074f774e-6012-4fe5-98cd-72169b6db00b,Piece,1
1b668157-8ea7-4e08-857a-57832df3dc44,7eed2538-a41b-4b66-830f-7ee2ac2311c5,dda2e4c1-8873-4517-aa9a-ecac0bde1363,Knight Rider,8923000375966,3,50.0,35.0,150.0,852283f2-89a3-4c2f-a15c-bdc982b7c311,Piece,3
8fc0e54d-0ad1-4a20-8d01-2a9911a9842f,7eed2538-a41b-4b66-830f-7ee2ac2311c5,e55f9b15-e456-4841-9cb1-f57f07bf46b8,FRUITIEN APPLE,8964000876503,1,70.0,45.41,70.0,4eea30fe-1cb9-411a-84f7-1da5f5b3e6c2,Piece,1
158db6e4-2def-4063-9340-4a02dc2b9341,7eed2538-a41b-4b66-830f-7ee2ac2311c5,5d858261-9ada-44bd-ab18-e97ba65193ca,fruitien Red Grape ,8964000876138,1,90.0,62.08,90.0,6074cb61-2048-4775-9804-016af2a08d4f,Piece,1
6dccca4d-8a16-4fbe-9c83-9468eee2edcb,c954a85d-1709-4181-b59f-78429a3ba86d,296944b9-ea79-469c-8425-f11d6e4b7eed,CAPSTAN RED,1230364618200,3,15.0,12.1,45.0,a1bc6a6f-ad8f-468b-afac-44ec8574811d,Piece,3
228b0d61-4e83-436b-bd01-d521549040e0,9967bdf7-9a2f-46ea-b936-ba78b8a48bd8,234c787c-e5e2-4047-bb07-95d114219d2e,AQUA DIRE 0.5 Ltr,5901234039710,1,60.0,22.0,60.0,bc7e8655-4e7a-409b-a5c5-6b9e2e262dff,Piece,1
9885f88a-7e23-4bcb-9db7-c712c495415e,9967bdf7-9a2f-46ea-b936-ba78b8a48bd8,c2c96412-231a-4358-bce0-56812108d9cd,Murree Sparkletts,1860201136811,1,60.0,36.6,60.0,4138b755-fa84-439d-8b58-a5c673938dd0,Piece,1
eb81c093-59e8-4d3e-b78f-7414061aa2f1,ebe84c8e-57f3-4ad4-824b-4c86c3d146c3,296944b9-ea79-469c-8425-f11d6e4b7eed,CAPSTAN RED,1230364618200,4,15.0,12.1,60.0,a1bc6a6f-ad8f-468b-afac-44ec8574811d,Piece,4
da3bf3ee-5526-4ce5-b33b-45a48d5247dc,2019b48e-ec69-4ef1-9305-f7a0d33e74f9,86ea46f0-ada7-4089-ba74-ca14d951b2fb,Osaka tape,1236323735131,1,60.0,25.0,60.0,1a5ddad4-afa8-43ff-9112-068db838e1d1,Piece,1
c66fb0ea-d192-49e2-8413-062c6c872610,74b93749-6466-4652-adf8-ff9d765e7e2e,b8114fe2-506f-4e27-ab08-c2626a8f1661,SPOUT LOTTE STWABRY,671866277730,1,60.0,46.0,60.0,6fc0dfc4-17ef-4974-b071-1cce60c2e67a,Piece,1
125ed8ec-d712-4da4-897b-57e0395c9ab9,74b93749-6466-4652-adf8-ff9d765e7e2e,8af4077d-37f1-441f-936d-9507cb56ca9d,candy,1232784048698,2,5.0,3.5,10.0,7534df49-d891-461a-8b69-7d03cb9ce755,Piece,2
a22142e8-4b7e-4bea-8911-fa603232bcbf,235435e1-2ebe-4215-94b6-ffd011385200,6009f9e7-4e3f-468a-9747-f2a90c2bc207,dayfresh strawberry,8964000816493,2,150.0,97.5,300.0,7c0ff196-8530-453d-a609-64489abbcbcf,Piece,2
4da97554-375a-4bd5-9f4e-544ebbb0626a,235435e1-2ebe-4215-94b6-ffd011385200,174870e4-ce0b-4aa4-9be0-ff3a22efc133,cappy pulpy,87126754,2,150.0,113.75,300.0,5fd1acd6-c895-40a5-ae45-8c01bc47d39f,Piece,2
36cb8a0f-137a-469c-9638-3cb22e2eac49,235435e1-2ebe-4215-94b6-ffd011385200,234c787c-e5e2-4047-bb07-95d114219d2e,AQUA DIRE 0.5 Ltr,5901234039710,1,60.0,22.0,60.0,bc7e8655-4e7a-409b-a5c5-6b9e2e262dff,Piece,1
8f80f062-f9df-43cc-b723-8df87025f440,235435e1-2ebe-4215-94b6-ffd011385200,c2c96412-231a-4358-bce0-56812108d9cd,Murree Sparkletts,1860201136811,1,60.0,36.6,60.0,4138b755-fa84-439d-8b58-a5c673938dd0,Piece,1
00cf8f7b-a86e-4925-93f6-f9839069bf38,6e0e81d0-6b96-4a4b-b657-068e483934bf,1ef410cd-7a94-44af-b517-d8100813a45a,DONUT,8961014017564,1,100.0,91.16,100.0,9c11edf3-677c-4388-941e-807919db36a3,Piece,1
33c0840e-089d-4f74-8dd5-ed7fe19360eb,6e0e81d0-6b96-4a4b-b657-068e483934bf,e1c7461f-fe2c-43cc-b072-ab2fcdd767ed,olper pack,8964000919934,1,100.0,85.0,100.0,610b7a9f-fa8f-480c-8da4-d5bb1121252c,Piece,1
180585ca-0cec-4819-95d3-c24a49c3d967,870fcf55-44a7-4fbb-a94a-d23c9e40edc3,685beee5-7d49-44b4-bc94-5de5f8bb99a6,COKE 350ML,42117131,1,90.0,67.0,90.0,071aa6c8-0343-4f9f-bf93-9ac7ac35a72d,Piece,1
a88c63b7-be6d-4f14-acd7-230e1a623879,870fcf55-44a7-4fbb-a94a-d23c9e40edc3,cafd1ca0-a260-4e14-b3e2-29703249797a,Rahat 1-2,4985925672784,1,35.0,20.88,35.0,6d8d45cb-5490-4fe5-8922-6a1eb9d1703d,Piece,1
d281939a-b908-412a-9d7b-00cbf4f48be7,870fcf55-44a7-4fbb-a94a-d23c9e40edc3,4c3ffc64-e3bc-4d68-8fca-21836ea0aaf3,Party pik,8964004770685,1,50.0,46.0,50.0,1195b168-cb01-445b-a1f0-59b52ce5c289,Piece,1
7b216b4e-42d8-45e5-9735-9c6120b34e21,870fcf55-44a7-4fbb-a94a-d23c9e40edc3,7b37c209-406d-41de-9343-0fae92902f40,ANAR 1.5L,8964001179504,1,180.0,130.0,180.0,7197978b-09a4-4b3f-ad57-936a8f9e4311,Piece,1
62269649-7a1b-4dc7-bed1-277fbb64de04,870fcf55-44a7-4fbb-a94a-d23c9e40edc3,aeec8327-c8e3-49ae-830d-5ae48228671a,DISPOSIBLE GLASS,1233763958519,4,5.0,1.7,20.0,2bc021cb-4f78-4684-ad9e-7fae8bd628d9,Piece,4
35b47e9d-2339-416a-8989-4cfa8fe173a7,71242b19-9baa-4f1c-a4a9-9bfb352edfaa,3687b641-5149-4ee9-b4f3-51c6aab24882,Slanty Jalapeno,671866117593,1,50.0,46.25,50.0,d4ec5476-ce22-456a-af04-663cde66c7fb,Piece,1
c21cfabf-7824-4384-9a4d-c78e7914b059,71242b19-9baa-4f1c-a4a9-9bfb352edfaa,dff1cf5b-43c0-4680-8382-ae8626dc47af,lifeboy,8961014270624,1,10.0,9.0,10.0,b7a61655-08ca-49d1-8cce-7cd80df1103d,Piece,1
f1429a83-aff9-444a-9391-f83a6f0ededd,71242b19-9baa-4f1c-a4a9-9bfb352edfaa,b71c8677-a870-40f7-8083-7514bc778b06,pantene,8001841918570,2,5.0,4.5,10.0,b5a88c6a-82e0-4cec-8222-b9465b91e643,Piece,2
53ab4d11-e6db-4da0-821e-63f290722c51,71242b19-9baa-4f1c-a4a9-9bfb352edfaa,9b8a64b3-0eff-49bd-a7e9-7ae1f4c6211f,Capstan White,89600078,3,15.0,12.5,45.0,2ee97f16-83f8-4fe8-8004-f20228fc010c,piece,3
101d9c16-aa30-4085-8f20-f00db4837f13,71242b19-9baa-4f1c-a4a9-9bfb352edfaa,8af4077d-37f1-441f-936d-9507cb56ca9d,candy,1232784048698,1,5.0,3.5,5.0,7534df49-d891-461a-8b69-7d03cb9ce755,Piece,1
9ef5f360-d0e6-4393-91af-2c75564ee4ab,19c951e5-a470-49d1-91e8-0a336bb0e4b0,234c787c-e5e2-4047-bb07-95d114219d2e,AQUA DIRE 0.5 Ltr,5901234039710,2,60.0,22.0,120.0,bc7e8655-4e7a-409b-a5c5-6b9e2e262dff,Piece,2
8217914d-f898-43a8-8c79-7476b0f97fa4,a4339cd1-5ac4-4331-be81-049532868406,11e1500f-9918-4f52-b396-536cdf61732a,Face Mask,1230577825976,2,10.0,5.0,20.0,edc7c94c-8476-4437-a511-ac26d89b1774,Piece,2
1215b2d6-d458-45e0-ae3b-baaad8c02ca3,a4339cd1-5ac4-4331-be81-049532868406,d8796b4b-5314-467f-9f25-42b0d0536dc2,SPOUT PEPPERMINT,671866277716,1,60.0,46.0,60.0,1083f11e-f72c-4e4e-96e3-95803ff880f7,Piece,1
dee85375-09dd-468b-bd5b-990ccfa38066,be9aed0f-a783-4bc2-80e2-26b53e63e8f9,12a811e4-5146-4507-b706-822911adc39a,WATER NEXT,8964001179641,1,110.0,61.66,110.0,8116670e-ce80-4204-9159-f51e7cbdda77,Piece,1
0e0ce830-d78e-4cee-b52d-6cbb025f32ca,f2dbad78-aa86-4a2d-acf0-02954725912d,d8796b4b-5314-467f-9f25-42b0d0536dc2,SPOUT PEPPERMINT,671866277716,1,60.0,46.0,60.0,1083f11e-f72c-4e4e-96e3-95803ff880f7,Piece,1
484d7fdf-38f9-40db-aaa7-10fa0f301627,f2dbad78-aa86-4a2d-acf0-02954725912d,8af4077d-37f1-441f-936d-9507cb56ca9d,candy,1232784048698,2,5.0,3.5,10.0,7534df49-d891-461a-8b69-7d03cb9ce755,Piece,2
d5ff8203-5eb4-4072-9217-7ad0151a6069,f1e8fbf9-32f4-4bbb-a424-98ca01b8521b,56d5e883-e49d-4307-82ff-562afdcd1065,VIVA ICE,725765800428,1,40.0,24.0,40.0,81d3b3a9-e65a-4bf4-9c17-a37fe061261f,Piece,1
ed52e61a-707c-4889-8444-6073567c004b,f1e8fbf9-32f4-4bbb-a424-98ca01b8521b,8af4077d-37f1-441f-936d-9507cb56ca9d,candy,1232784048698,2,5.0,3.5,10.0,7534df49-d891-461a-8b69-7d03cb9ce755,Piece,2
b371796a-2634-4a9f-b848-08d2901eafed,fcad941e-225b-4ff5-9f9d-6cb4754cef3f,e89768c3-9e0e-472e-b8fe-ca33136480e6,lemon max pouch,8886950099514,1,225.0,200.0,225.0,49d66224-083c-4065-82fa-185368c7b179,Piece,1
55e51254-a637-48dc-98c3-241c6a5c384d,8c89b9cc-51f8-4512-b941-503dc249eba1,5a5154d9-6994-4dee-9011-efd865af1c8f,GOLD LEAF,1232097295550,2,30.0,25.0,60.0,ff8b0ab8-fd25-4bb6-aafb-a79e8e63a846,Piece,2
a0d37f03-f900-4a88-b2e7-93a356d1a57e,9b89f989-d862-42e6-a68a-b5815555f5ae,8af4077d-37f1-441f-936d-9507cb56ca9d,candy,1232784048698,4,5.0,3.5,20.0,7534df49-d891-461a-8b69-7d03cb9ce755,Piece,4
085fdcf8-564b-478d-abc4-65a215a5409c,ed773ad1-ec4b-4078-9f53-de8b8ea78e4c,6b21c075-c752-4bf7-a4c2-2a4c8441c546,sifarish khan,1232255618481,1,30.0,25.0,30.0,289e28e9-66d0-4026-9fd4-67bfa88cb04c,Piece,1
74a8e023-61be-405f-ac71-2cb95e98ed43,844e736c-37d0-4e7f-aef6-ddb0a4f15caf,382387eb-6272-4738-b2d5-3361fa6fc3ca,Potato Sticks,671866277501,1,50.0,46.25,50.0,bc63250f-fd30-4ca2-a788-3340c09f9c89,Piece,1
bebf9584-4906-4f0d-a87e-264819ab76c2,844e736c-37d0-4e7f-aef6-ddb0a4f15caf,f844d6a6-b548-40f2-9e64-401dbf792669,COCOBLISS,6156294526758,1,20.0,8.75,20.0,cc0ab773-60ca-474e-9b24-a813f5b931c6,Piece,1
cec1e7fc-23f8-4ac4-9acc-50d76a02462a,437313f2-8ebe-4acb-95e4-ba2861b77d38,9b8a64b3-0eff-49bd-a7e9-7ae1f4c6211f,Capstan White,89600078,6,15.0,12.5,90.0,2ee97f16-83f8-4fe8-8004-f20228fc010c,piece,6
0c279fef-b1c7-4e50-b372-63499adc2dde,437313f2-8ebe-4acb-95e4-ba2861b77d38,8af4077d-37f1-441f-936d-9507cb56ca9d,candy,1232784048698,2,5.0,3.5,10.0,7534df49-d891-461a-8b69-7d03cb9ce755,Piece,2
0ceae115-8e15-4a57-9a66-2f14d543bfca,b5c65470-4c34-45b8-8186-4963d94c6f03,9b8a64b3-0eff-49bd-a7e9-7ae1f4c6211f,Capstan White,89600078,2,15.0,12.5,30.0,2ee97f16-83f8-4fe8-8004-f20228fc010c,piece,2
83abe9ae-ebef-40eb-82b0-ae2ad915f182,b5d1359c-374d-48a2-a637-34b56af1c95a,1c91b62f-76cc-43d7-ab13-5277ec733050,FV mangos,8961008212883,2,450.0,407.75,900.0,bf253513-d4f7-44dd-b5dd-5f56f80a4d10,Piece,2
d8be5360-bb23-41ff-805a-7f9c1bec9a87,b5d1359c-374d-48a2-a637-34b56af1c95a,aeec8327-c8e3-49ae-830d-5ae48228671a,DISPOSIBLE GLASS,1233763958519,2,5.0,1.7,10.0,2bc021cb-4f78-4684-ad9e-7fae8bd628d9,Piece,2
4e11cde0-7552-44ad-8a51-681f243d22de,400fbdba-c245-4683-8246-8506a2c8f4af,2c73a736-486c-4dbf-8528-fe9ce200d4e8,COCA COLA 1.5L,5449000051981,1,210.0,164.0,210.0,3970e731-82d1-42c7-95be-861d4545f819,Piece,1
698364b3-fbea-4db3-b1c3-8169a391df94,400fbdba-c245-4683-8246-8506a2c8f4af,aeec8327-c8e3-49ae-830d-5ae48228671a,DISPOSIBLE GLASS,1233763958519,2,5.0,1.7,10.0,2bc021cb-4f78-4684-ad9e-7fae8bd628d9,Piece,2
a4a764f9-7ab1-4be4-aee8-8159f7312d01,f08db364-cc5f-4677-9215-3c1285f7628d,476d8225-51e1-4af5-bf14-f3c396168654,digestive,8965310054971,1,250.0,213.0,250.0,68e77c5a-945f-48c1-859b-6aa663828fc0,Piece,1
a6549d22-36f7-46b7-8c91-075a7196503d,41f9274e-de15-45a7-bc1a-c9059bdf2070,b670459a-e326-4490-bf85-c717dd6912df,SLICE APPLE,8964000103104,1,80.0,43.4,80.0,962458d9-d8a4-496e-b26d-a36295416f95,Piece,1
54c9ebf3-43cb-4e19-89b2-3d0c16f6b1d8,b2a2e613-aeaf-414e-9524-698a8ad2d102,5a5154d9-6994-4dee-9011-efd865af1c8f,GOLD LEAF,1232097295550,20,25.0,24.5,500.0,38175889-2f66-461f-8e62-69907628ca63,Box,1
b6b9113c-8d5d-4a40-a55b-68e22b3d8e2c,b2a2e613-aeaf-414e-9524-698a8ad2d102,d43a6e92-5604-44fa-b95a-d7a378b93536,Lays FC,8964002345601,1,50.0,46.0,50.0,e707af65-3e99-49c6-83b0-d861d0ecbf1e,Piece,1
eee99977-99a0-4d86-84c5-041e333bf35d,2838223d-062a-4ace-861c-6eea4fb41948,5a5154d9-6994-4dee-9011-efd865af1c8f,GOLD LEAF,1232097295550,2,30.0,25.0,60.0,ff8b0ab8-fd25-4bb6-aafb-a79e8e63a846,Piece,2
1a23ff31-bc3e-43c5-88f8-9ad370026b34,72273ecd-1984-4389-ae27-4a59a89ec7f1,dc6c043a-aee3-44fe-9e69-206f74154f8b,luster rose,9812121221155,2,20.0,5.0,40.0,89eadc6e-2039-4466-85cb-2bd8ef56c0c7,Piece,2
43e40bb8-2560-4b6a-95fd-af4bb1cbd206,72273ecd-1984-4389-ae27-4a59a89ec7f1,8f421553-10c3-4fa2-9e4d-51f5bbc06cbc,KURKURAY TM,8964002347278,1,40.0,36.9,40.0,74737246-4041-42e1-b1a9-1a501d24fe22,Piece,1
4318737f-9b1f-474e-ad31-d91e538db425,0f14dae5-e308-4449-a891-b32ed28738d7,403ea510-fb07-48bc-a730-8f1f2391b3be,STING L,8964000101704,1,140.0,105.8,140.0,7b817808-9ae8-4d8f-9f89-3f3e11cfe183,Piece,1
527d056e-5ee9-4411-b5cd-f3dcf584df95,0f14dae5-e308-4449-a891-b32ed28738d7,2505a9e6-32d6-425c-8c5d-d31507ce904d,lighter,1236376536280,1,40.0,21.0,40.0,4b1a6d94-51e0-4c20-8be3-f4e43962efbf,Piece,1
937fd72f-9615-46f0-aa8d-03d289eaa4c4,0f14dae5-e308-4449-a891-b32ed28738d7,8af4077d-37f1-441f-936d-9507cb56ca9d,candy,1232784048698,4,5.0,3.5,20.0,7534df49-d891-461a-8b69-7d03cb9ce755,Piece,4
aec6684d-104b-4ed5-a4c8-dad49c4bdebd,9e27ed4d-fd7a-4773-a0f2-e01c7888c0dc,66a64cc9-3d36-4ec9-94c4-fd0e9a56f32c,Lays Masala,8964000090602,1,20.0,18.0,20.0,c40492ef-d853-48e0-9c39-df0966445872,Piece,1
6874080b-de00-4e53-ab8c-5b0a16c53cbe,9e27ed4d-fd7a-4773-a0f2-e01c7888c0dc,403ea510-fb07-48bc-a730-8f1f2391b3be,STING L,8964000101704,1,140.0,105.8,140.0,7b817808-9ae8-4d8f-9f89-3f3e11cfe183,Piece,1
583b7711-2dcb-4ead-bf5c-fc1bb17369d3,9e27ed4d-fd7a-4773-a0f2-e01c7888c0dc,7439380d-ff71-4b92-b2ff-56899ca87c0d,tridgum,9555407311019,1,10.0,4.09,10.0,b3c50399-f52e-4960-bdd6-5ef8d99c8de1,Piece,1
b16b382d-fd56-4bae-ac42-87138953d7a2,ddd3cb33-1bb7-4280-9dac-5d4a98f749d9,e1c7461f-fe2c-43cc-b072-ab2fcdd767ed,olper pack,8964000919934,1,100.0,85.0,100.0,610b7a9f-fa8f-480c-8da4-d5bb1121252c,Piece,1
b3117eab-cdd0-41a5-af23-ce5e28ecccd4,10ac13ff-334b-4b5e-85a8-117feab280b3,a0a5cd34-cdb1-4257-bbcf-8061295bca3a,lemon malt,1860236002037,1,120.0,79.02,120.0,5e6a96d5-81b1-4fc3-b9ca-4cde167b0c08,Piece,1
9e971df6-3939-4ba2-8abf-47a910d3ec7c,b6cd4298-6468-4454-890d-4e2457eb1fa0,6772223c-c795-4a80-b8ef-e8061a87f130,fruitien peach,8964000876459,1,300.0,200.0,300.0,dd1e25fd-79a4-484e-9a3a-e19df87c87bd,Piece,1
2ebbae22-6166-471c-91c3-39e23b425fe2,b6cd4298-6468-4454-890d-4e2457eb1fa0,aeec8327-c8e3-49ae-830d-5ae48228671a,DISPOSIBLE GLASS,1233763958519,4,5.0,1.7,20.0,2bc021cb-4f78-4684-ad9e-7fae8bd628d9,Piece,4
fc9f2bc3-3d99-499f-9c8e-42aa3289221c,e675292b-480c-4932-ad21-8f6f3b1a94e4,4276cb15-7ab5-4090-9a33-f37c947bddf2,umdah tea,8964004543180,1,10.0,8.5,10.0,f6b0242d-633c-4904-abe4-19f33873c70c,Piece,1
7e0a25f3-1da9-42ba-8ed2-c46a1379ac4f,2e975432-af9e-4aa1-9dc0-05dcb76d3b7d,49d0da8d-0715-45bb-8ed2-bfeb311f210f,lays y$h,8964000103784,1,20.0,17.0,20.0,aa53ae6a-2e7f-4333-8645-91a01ffefc95,Piece,1
80b1a917-cedc-47d3-b4b4-0eaf9914df54,380c2b0a-369c-4d57-a987-9797d158e3ef,170998fd-1739-415a-b38c-1943f5edf586,bigg lychee,1860074054595,1,80.0,54.0,80.0,ae77f788-ea9e-49ac-ac6a-45a58d3e336c,Piece,1
af2870fb-6a2b-4cb9-b995-d8f959ae3208,1c4e4a7c-77d2-43b1-aa27-ccea9381166f,403ea510-fb07-48bc-a730-8f1f2391b3be,STING L,8964000101704,1,140.0,105.8,140.0,7b817808-9ae8-4d8f-9f89-3f3e11cfe183,Piece,1
918e0b9d-2af2-4a47-882f-0a31c0bd93a4,1c4e4a7c-77d2-43b1-aa27-ccea9381166f,5a5154d9-6994-4dee-9011-efd865af1c8f,GOLD LEAF,1232097295550,1,30.0,25.0,30.0,ff8b0ab8-fd25-4bb6-aafb-a79e8e63a846,Piece,1
2554019c-e4de-4122-9a8d-d9210c6d7c6c,c0e3b772-87ad-4005-92f9-51f7bb028bda,0084bf1f-7beb-4c04-9848-2ce0fa28b44e,Chaunsa Mango Cup,8961014033755,1,90.0,77.55,90.0,648aa092-3ee6-4c96-87c6-5610d6e3e4dc,Piece,1
73f9b636-411e-42b5-b773-893fcbdcbc16,c0e3b772-87ad-4005-92f9-51f7bb028bda,6b21c075-c752-4bf7-a4c2-2a4c8441c546,sifarish khan,1232255618481,1,30.0,25.0,30.0,289e28e9-66d0-4026-9fd4-67bfa88cb04c,Piece,1
57b98cd6-3db4-4640-9b88-66d06daf0c2b,e6b6df15-8f97-4007-8c01-71f6fb31e188,58b5e23c-2fbf-49e9-857a-fd0245e4b537,7up 500ML,8964002343959,1,130.0,91.66,130.0,9ef0b418-16b3-446f-95ba-f5c1931f9e3a,Piece,1
7b0d4aeb-51d7-423c-baee-5575119b9471,e6b6df15-8f97-4007-8c01-71f6fb31e188,89f084ac-a196-47fb-8e25-4e4bd3160c50,STING SMALL,8964000101551,1,100.0,73.0,100.0,24a9904c-bbbb-433e-b85c-bc70707d653c,Piece,1
215bf1b3-cf53-4b8a-a4e7-2fe3f1e16edf,804d31b2-d3df-4acd-a9c1-2bcc6f81ec7a,9863fa08-b141-4a19-959c-fc1dae64e577,pepsi 1.5L,012000800085,1,210.0,163.0,210.0,8e6db930-330d-46af-a62c-e673e3d938a7,Piece,1
5e630547-8a5f-4e48-82a8-d43a4bffc3c5,3b59420b-e58c-4374-b78d-9a39f0bd05bb,9b8a64b3-0eff-49bd-a7e9-7ae1f4c6211f,Capstan White,89600078,3,15.0,12.5,45.0,2ee97f16-83f8-4fe8-8004-f20228fc010c,piece,3
25328353-fb28-415c-a222-55e516ff875c,457a9a7f-594d-488f-b743-37960d83e89f,1c72d262-1df8-429e-9986-6f2c680389d3,Snacking snacks,2972437277202,4,20.0,15.0,80.0,ffc4c732-949f-486e-a5bf-92ea8a0132c4,Piece,4
a48a2225-4195-4995-988f-47ef9f988c9b,6462a613-2cc1-447b-a0e3-21687db87521,b71c8677-a870-40f7-8083-7514bc778b06,pantene,8001841918570,1,5.0,4.5,5.0,b5a88c6a-82e0-4cec-8222-b9465b91e643,Piece,1
0c4feff4-ce18-472b-bddc-113a483b22b7,731d1825-f68f-4c11-b6f8-505d54cffc2f,91ffc46b-44fc-4d7b-823e-bc162c9cf24f,bigg apple,1860071012147,2,80.0,54.0,160.0,baa1a505-ea2c-44e0-8a28-0195bd62bbb6,Piece,2
89f9877d-071b-4fa7-ab0e-da23db2acc23,b72e9224-f5ce-469f-9dde-d4ec6c18ebe3,49d0da8d-0715-45bb-8ed2-bfeb311f210f,lays y$h,8964000103784,1,20.0,17.0,20.0,aa53ae6a-2e7f-4333-8645-91a01ffefc95,Piece,1
1acf7cdd-5e83-4499-b709-b1dd49751307,b72e9224-f5ce-469f-9dde-d4ec6c18ebe3,e7f52d36-4cb9-434f-92f5-9a9cc3b241d4,SUNSILK,8961014266542,2,5.0,2.5,10.0,0dc43a87-d820-4044-b929-de91c0571eff,Piece,2
fb7741c1-c0f5-4b01-8ccd-9272bbc8f007,b72e9224-f5ce-469f-9dde-d4ec6c18ebe3,1c2a3cfc-7953-437c-abf0-008b3405e78c,abc jelly,870572005228,2,5.0,4.5,10.0,887ae168-ea91-4a5e-b5de-68b69583689d,Piece,2
f9f49f07-ad73-4e39-9f75-dec8863826a5,2b2dc0a2-a6d3-4555-bbcb-d03166f4c976,e101e5a8-3410-4e60-af94-bbe948876ffd,CANDY ORIGINAL,8961003679759,1,50.0,44.5,50.0,1391b547-210a-4a66-a3ca-93d482b74abf,Piece,1
e108305f-abfd-4e06-ab4c-875f533eaa56,32a48be3-b7af-4c10-a962-c9d93c940a3e,e1c7461f-fe2c-43cc-b072-ab2fcdd767ed,olper pack,8964000919934,1,100.0,85.0,100.0,610b7a9f-fa8f-480c-8da4-d5bb1121252c,Piece,1
ff6d77b6-c825-434e-ba5f-bd8963b2cdca,bdfdea8e-5e72-42be-b07a-de9c2baec3ce,5e38679d-6413-4f2c-8dea-c53d50116951,Bazooka,725765020536,1,100.0,58.33,100.0,54853cdb-84f4-4f9e-9880-ce52951e8721,Piece,1
426f9c2f-098e-4516-aaf5-dadc614fa384,bdfdea8e-5e72-42be-b07a-de9c2baec3ce,6b21c075-c752-4bf7-a4c2-2a4c8441c546,sifarish khan,1232255618481,1,30.0,25.0,30.0,289e28e9-66d0-4026-9fd4-67bfa88cb04c,Piece,1
1a5ed116-75dc-4e7b-ac63-b148d6203d30,13ee2332-175d-475d-b2bc-3fb6df42207a,89f4f035-f9a1-4494-a13d-25aea03393fc,Cornetto Strawberry,8961014032239,2,90.0,76.5,180.0,8f48d8d3-dbb8-4cd5-9d62-c9ae8c01c33b,Piece,2
f84788db-6ae8-4689-a647-fdaa629948ed,13ee2332-175d-475d-b2bc-3fb6df42207a,9f61e160-7af9-471d-87df-a7c46405286f,paddle pop VANILLA CUP,8721274610468,3,40.0,34.0,120.0,15b2f430-290d-46a5-870b-99d701ce42b7,Piece,3
1200b583-e6c0-4bb0-a68b-319966b20952,13ee2332-175d-475d-b2bc-3fb6df42207a,36a30f2b-248a-4769-bc28-046500d0daf4,bar,1230421521603,1,10.0,5.0,10.0,9c505cbc-8e3d-4e6a-a8f2-96b2991c3bee,Piece,1
c720e9d3-5b2c-4008-a468-3164bcbafd71,13ee2332-175d-475d-b2bc-3fb6df42207a,130b0d6d-a279-4aa1-aecc-8b7be8a531bd,KING EGG,6971539721008,1,50.0,30.0,50.0,1fdf7df7-0f80-4268-91ee-a22b4db395e2,Piece,1
38d1bd0f-8d42-4178-ae85-82ae863dd957,0c95da38-4956-40b3-acf9-a08559ce25ba,d24bbc5f-3fd1-410d-9a57-74e81ed86362,Zia Peanut,8964003813390,3,50.0,41.6,150.0,cbb97db4-8292-477b-a912-3174dca1594b,Piece,3
0f5b7b6e-be24-468d-bf47-ae7cb12ca065,0c95da38-4956-40b3-acf9-a08559ce25ba,cf9ea9f8-e152-4122-9063-0117aac4a303,DAL MOONG,8964002429363,3,50.0,43.3,150.0,b90fae7f-5e8c-49d7-9390-6799925cbf6f,Piece,3
29f9506e-03ec-490a-8750-81e43ad52a11,0c95da38-4956-40b3-acf9-a08559ce25ba,63f00a80-cb39-4cd7-ad56-99bead38d732,Cornetto D CHOCOLATE,8961014033458,1,140.0,122.0,140.0,a8cc5828-8eaf-4462-8806-1c915ddeb88f,Piece,1
261ef1b0-7069-477b-b8a3-7bab96c93321,0c95da38-4956-40b3-acf9-a08559ce25ba,56d5e883-e49d-4307-82ff-562afdcd1065,VIVA ICE,725765800428,1,40.0,24.0,40.0,81d3b3a9-e65a-4bf4-9c17-a37fe061261f,Piece,1
4043e21f-7ffb-4cd9-ba5f-080976b712fb,0c95da38-4956-40b3-acf9-a08559ce25ba,4ea8ab87-bf13-4523-b83d-509c89f52789,hockey match stick,9231012019358,1,5.0,3.0,5.0,21683564-a53b-4d8c-a0a6-4066d1367085,Piece,1
557f82d0-f3b4-410d-8469-eeabc928b1f0,a9b0a70d-1db0-49f0-9085-adfbc74e82b4,d0d145d6-02df-41db-a162-1cf9cc090b5a,Kurkure CC,8964002347377,1,60.0,56.15,60.0,c47dfc18-002e-45d2-b2bb-f42b1a8d06b3,Piece,1
41e3d0b9-51e6-4186-a6e1-114959b7de93,29f03954-cceb-457d-bb55-06f79c342667,53950024-b47b-42d2-8eeb-120b982ce922,clear,8961014269239,4,5.0,4.6,20.0,7642bbb8-9769-41ca-b06c-1523d8dcee3c,Piece,4
ae7b0e92-72c6-43f9-b5a9-77623e6c94c4,fbcd7d15-69de-40c4-85d8-3aafb6fb7054,0b73f4a6-add8-4f4e-a679-6cb22891f884,SOOPER,8964003594107,4,10.0,9.0,40.0,8ab1ca21-f35c-4608-9392-aa2aab76978f,Piece,4
d6ebd910-20c2-4e5e-8fa5-05fcd1e90fd0,fbcd7d15-69de-40c4-85d8-3aafb6fb7054,9e73246d-b818-48a5-ab53-17dba5978e4c,GALA,8961003020520,2,30.0,27.0,60.0,c25c4be2-e397-401a-9b3c-294470d6e84b,Piece,2
f570956b-4e4d-4241-9431-9c4c5656dcf6,e2bad6db-2321-47b9-863d-4ae4a7aca132,296944b9-ea79-469c-8425-f11d6e4b7eed,CAPSTAN RED,1230364618200,2,15.0,12.1,30.0,a1bc6a6f-ad8f-468b-afac-44ec8574811d,Piece,2
d91c336b-97ed-4310-945a-51220c921f78,e2bad6db-2321-47b9-863d-4ae4a7aca132,8af4077d-37f1-441f-936d-9507cb56ca9d,candy,1232784048698,2,5.0,3.5,10.0,7534df49-d891-461a-8b69-7d03cb9ce755,Piece,2
6d5bf094-cdd8-4808-8ed5-8c8807aa8c23,73374f6b-7180-49af-b313-1fb15b08b181,b71c8677-a870-40f7-8083-7514bc778b06,pantene,8001841918570,5,5.0,4.5,25.0,b5a88c6a-82e0-4cec-8222-b9465b91e643,Piece,5
570946b2-a384-40e0-89d5-d6dff7214c4b,3fd6c3f6-1768-4d6b-82ff-9adfe6af2313,403ea510-fb07-48bc-a730-8f1f2391b3be,STING L,8964000101704,1,140.0,105.8,140.0,7b817808-9ae8-4d8f-9f89-3f3e11cfe183,Piece,1
93ff5fc9-e729-4f57-8fd3-fc34ca924efa,3fd6c3f6-1768-4d6b-82ff-9adfe6af2313,296944b9-ea79-469c-8425-f11d6e4b7eed,CAPSTAN RED,1230364618200,3,15.0,12.1,45.0,a1bc6a6f-ad8f-468b-afac-44ec8574811d,Piece,3
300cbf8b-6fb1-48e1-ae9f-eb34b3bf00ef,3fd6c3f6-1768-4d6b-82ff-9adfe6af2313,aeec8327-c8e3-49ae-830d-5ae48228671a,DISPOSIBLE GLASS,1233763958519,1,5.0,1.7,5.0,2bc021cb-4f78-4684-ad9e-7fae8bd628d9,Piece,1
0e462330-5f95-469d-b779-ae5e53c7f8c0,7654d9d7-8682-4c40-ad4d-16cec41a69fc,64a3544f-c7d2-4af5-bff5-57ab2133cf59,Dayfresh Pista Zafran,8964000816509,2,150.0,97.5,300.0,d9b92311-dc28-4369-930f-2ef418a42c67,Piece,2
c98a04ac-1d66-4aca-b76c-cc172f2a80ce,aea7146d-501b-496e-a13e-9942727dd940,b360ddaa-d426-4a12-bfb8-1bd4ab4cd4f4,COIN LIGHTER,6970207251243,1,300.0,105.0,300.0,befdbcf0-6ab4-49ea-a769-91a98b308bf5,Piece,1
ea2c0269-bd29-4877-b684-b083bb8705a3,0ae37bc8-6ef4-45ed-a77e-90e65e65609c,75501454-681d-4cba-b455-b3b313fbbb80,Revive lychee,8964002344468,1,50.0,41.0,50.0,1cde4b9d-cc60-4a18-bc99-7555e62c3b49,Piece,1
43d8bd74-3ce1-4437-afc7-92c821523a54,1e7c278a-5aae-4cba-b655-0ce0207f0005,823f1656-a5d9-4708-9bdc-7dc1d6d0a43a,Revive gatorate,8964002344451,2,50.0,41.0,100.0,b0e3d1dc-52a1-4722-a1ae-aebcd8633fa4,Piece,2
73fc42e7-5c90-41b8-b29d-1b16d8e388d6,f4af6798-72d7-47fd-9ba0-43dde9d30d00,8af4077d-37f1-441f-936d-9507cb56ca9d,candy,1232784048698,8,5.0,3.5,40.0,7534df49-d891-461a-8b69-7d03cb9ce755,Piece,8
f39edbf6-e786-4da7-b34d-5ffe03de9e28,914ac70e-aa80-4f6c-8970-680f05157e61,7d11d4df-29d6-4184-854f-ebbcea218897,COCONUT,8961003021732,2,50.0,45.0,100.0,bf56facd-28fe-4957-bfa9-f7b4f0a1eab7,Piece,2
6c5b2e7c-d4e5-4d33-8678-db2925fe50fe,914ac70e-aa80-4f6c-8970-680f05157e61,1c7d4a02-65dd-4eef-9adb-e6525e3a7bc0,FABULOUS PCC,8965310055589,1,30.0,27.0,30.0,48d72b2f-a9f9-4b2b-bcac-2ab5fc63bd76,Piece,1
4b6b0f69-00a5-4371-bf80-bc1006edf242,914ac70e-aa80-4f6c-8970-680f05157e61,89b16bba-ce89-448f-8fa7-1d92531ea5c6,FABULOUS CCC,8965310055299,1,30.0,23.8,30.0,932d5d0e-59b4-4ed6-9fa4-c64083d356c5,Piece,1
c274129b-9ff1-4b47-bf96-d07f3d9b8db8,914ac70e-aa80-4f6c-8970-680f05157e61,85594582-8fac-4e45-97aa-fb017eedf3ed,Tuc,8961003622625,1,50.0,43.0,50.0,5d3f27a0-ef98-4aef-bdc0-09fb857dca97,Piece,1
ca257c20-a8ba-4045-8529-c8a6000b1822,914ac70e-aa80-4f6c-8970-680f05157e61,c7614e12-3e74-41fb-b031-d1dcff3ce34d,sandwich lemon,8964002526376,2,20.0,18.0,40.0,9a5799c0-68cc-4f17-99d8-9419b7df8de1,Piece,2
000be64d-604e-4485-a125-4ba27d27ef6e,914ac70e-aa80-4f6c-8970-680f05157e61,188b0bc1-c811-435d-9cd7-84a6e7787fe1,Zeera plus,8961003642166,1,50.0,43.0,50.0,daae7360-e661-4316-9b57-e301e684f423,Piece,1
90717d12-f118-4ea2-ab43-a052298fc992,914ac70e-aa80-4f6c-8970-680f05157e61,b670459a-e326-4490-bf85-c717dd6912df,SLICE APPLE,8964000103104,6,80.0,43.4,480.0,962458d9-d8a4-496e-b26d-a36295416f95,Piece,6
8d6353a3-2e53-4681-b355-0b71aee2dee6,914ac70e-aa80-4f6c-8970-680f05157e61,cf4ddc79-69f8-4b07-9756-99c625450f8d,Dew 500ML,8964000101094,1,130.0,91.66,130.0,b2834b37-c0ae-46a1-a403-d2aab65cab25,Piece,1
5a8c4a3f-6baf-40cf-945b-611117bef21e,914ac70e-aa80-4f6c-8970-680f05157e61,be44b289-416b-44a0-8b0b-a8fa12224b0c,bigg apple 500 ml ,1860074051716,1,120.0,79.0,120.0,a0286e3b-c325-40da-999b-ec304d221333,Piece,1
859bed06-4973-4606-bb05-da2828870e4e,914ac70e-aa80-4f6c-8970-680f05157e61,49d0da8d-0715-45bb-8ed2-bfeb311f210f,lays y$h,8964000103784,3,20.0,17.0,60.0,aa53ae6a-2e7f-4333-8645-91a01ffefc95,Piece,3
08e620e4-987c-444f-b841-461b55a263cb,914ac70e-aa80-4f6c-8970-680f05157e61,c75320df-735c-44fe-b32d-46b0170ef53a,Lays Masala,8964000090428,2,100.0,92.3,200.0,b77ba773-b9e7-4763-9761-47c66a223bd9,Piece,2
9b56ec1a-87fb-4d41-8326-2639ea11f028,a9bdeb0f-eb6e-4687-86b9-5cf2aae7679c,aeec8327-c8e3-49ae-830d-5ae48228671a,DISPOSIBLE GLASS,1233763958519,4,5.0,1.7,20.0,2bc021cb-4f78-4684-ad9e-7fae8bd628d9,Piece,4
e2abbffd-55ad-44b7-a8d6-46c9d8db0cb5,a9bdeb0f-eb6e-4687-86b9-5cf2aae7679c,dabede9c-eb98-47b3-848d-77e6850a56e1,7UP 1.5L,0012000800337,1,210.0,163.0,210.0,f7ce623b-7879-474d-9773-f703bf0ae037,Piece,1
f2a1edab-9236-42fc-81a0-6ebf815c8276,a9bdeb0f-eb6e-4687-86b9-5cf2aae7679c,4caf3ab8-566b-45c0-b4e0-bc2a887de5ba,GMSA,897121001173,1,40.0,20.0,40.0,1b9cc55e-151a-40f1-9b78-4bde91a011ab,Piece,1
a57917dc-94bc-41d0-b46d-1f7279e28273,a9bdeb0f-eb6e-4687-86b9-5cf2aae7679c,a8c690d8-15f1-493e-9507-c2f9ed786483,Peanut pik,8964004770616,1,50.0,46.0,50.0,76df9348-eb2d-49e1-91c8-39c3cbfd7d3c,Piece,1
a6498e42-c5a4-4960-be00-c9d02e353ed3,6d93e3b5-b2b2-4e11-9b19-53839d3f2838,296944b9-ea79-469c-8425-f11d6e4b7eed,CAPSTAN RED,1230364618200,3,15.0,12.1,45.0,a1bc6a6f-ad8f-468b-afac-44ec8574811d,Piece,3
881ee5ee-028e-43e9-9434-5cee34c24509,6d93e3b5-b2b2-4e11-9b19-53839d3f2838,8af4077d-37f1-441f-936d-9507cb56ca9d,candy,1232784048698,1,5.0,3.5,5.0,7534df49-d891-461a-8b69-7d03cb9ce755,Piece,1
c7df472d-9fab-4e83-86e4-b711b490cb55,4f1698e1-214c-4c62-b3b1-399cbfc2d13b,b670459a-e326-4490-bf85-c717dd6912df,SLICE APPLE,8964000103104,4,80.0,43.4,320.0,962458d9-d8a4-496e-b26d-a36295416f95,Piece,4
f9b83e58-9e65-478e-b81c-4fa324754afa,4f1698e1-214c-4c62-b3b1-399cbfc2d13b,9863fa08-b141-4a19-959c-fc1dae64e577,pepsi 1.5L,012000800085,1,210.0,163.0,210.0,8e6db930-330d-46af-a62c-e673e3d938a7,Piece,1
6a5e0c55-cb77-4e0b-af4a-1cbfd8a34c48,4f1698e1-214c-4c62-b3b1-399cbfc2d13b,c2c96412-231a-4358-bce0-56812108d9cd,Murree Sparkletts,1860201136811,2,60.0,36.6,120.0,4138b755-fa84-439d-8b58-a5c673938dd0,Piece,2
32eab8f9-c8d1-4b31-97a3-c37e9f97fec4,4f1698e1-214c-4c62-b3b1-399cbfc2d13b,e3359463-13c6-4da3-91c0-1b9d90d5012c,lays maxx cheese,8964002345861,2,100.0,92.0,200.0,e72184e5-7a95-4659-8944-b555745d509f,Piece,2
074a7d85-9c20-4ecf-b301-3f8fea4a407e,4f1698e1-214c-4c62-b3b1-399cbfc2d13b,3e3c4190-ca61-4bd3-b80a-57c2f93a130a,4 U YOGURT,8964000579527,2,50.0,45.0,100.0,c69ca59f-2ecc-4e0d-bea8-71af04322f34,Piece,2
3d05acaa-555b-474a-93de-9ceb9b9450b7,4f1698e1-214c-4c62-b3b1-399cbfc2d13b,52f92909-4f6b-4fa3-9e05-27568f34110f,4U MASALA FLAVOUR,8964000579626,2,50.0,45.0,100.0,f1225cd2-cbef-42f9-9008-cb8dbd34300e,Piece,2
710df5a1-6581-4472-9d06-30e396047cc1,4f1698e1-214c-4c62-b3b1-399cbfc2d13b,0b73f4a6-add8-4f4e-a679-6cb22891f884,SOOPER,8964003594107,5,10.0,9.0,50.0,8ab1ca21-f35c-4608-9392-aa2aab76978f,Piece,5
721c4df1-b9e0-4885-b91c-a53b4ce77dea,4f1698e1-214c-4c62-b3b1-399cbfc2d13b,aeec8327-c8e3-49ae-830d-5ae48228671a,DISPOSIBLE GLASS,1233763958519,2,5.0,1.7,10.0,2bc021cb-4f78-4684-ad9e-7fae8bd628d9,Piece,2
bdcb6860-0a8e-4830-abb3-b5c516426098,4f1698e1-214c-4c62-b3b1-399cbfc2d13b,a3a59790-1077-4cd9-aede-92d943c21f12,Cake UP Golden,8964004771316,2,30.0,27.0,60.0,92d334ef-c743-4af6-abfa-e4b07a7c19ba,Piece,2
6a341d70-f02d-434e-b11c-814e2ef74ca4,4f1698e1-214c-4c62-b3b1-399cbfc2d13b,1b309ccf-529b-4f54-8bd4-0f061e7c2686,CAKE ORING,6106553951708,2,30.0,17.5,60.0,52f4b4c3-c289-45a4-ac65-d93052595109,Piece,2
9b827c81-bcdb-420f-bb0d-00f0320f8465,8b207e3c-4511-41ae-b4da-2d1badb4bd33,ebaad222-dc4f-4b0e-813d-34b46a43bdd6,Double Trouble,8721274610574,1,40.0,28.5,40.0,d4cdbb07-35fe-4ead-aa6d-66aaa1e207f6,Piece,1
7e885f72-f4b0-4161-80f7-89c3e4e79337,8b207e3c-4511-41ae-b4da-2d1badb4bd33,8af4077d-37f1-441f-936d-9507cb56ca9d,candy,1232784048698,2,5.0,3.5,10.0,7534df49-d891-461a-8b69-7d03cb9ce755,Piece,2
39e2237e-49ef-480a-ae56-462c63234b58,0d0e1914-3604-42a2-a2cc-a90329357b00,558f3c93-f20c-4703-9cc8-ee4786e7f0c5,pary baloon per piece,1239532480571,2,10.0,2.0,20.0,aa3bef6d-5978-46b4-9728-b18ddfd31a66,Piece,2
19725c3a-3573-457c-bd83-f9d447f432de,fa4bec22-e415-4b97-872b-329124d29b06,dabede9c-eb98-47b3-848d-77e6850a56e1,7UP 1.5L,0012000800337,1,210.0,163.0,210.0,f7ce623b-7879-474d-9773-f703bf0ae037,Piece,1
c8669037-a639-4a8c-8919-8d93372edd60,b98ad257-0aa8-48f8-a9d0-00e7c503483c,234c787c-e5e2-4047-bb07-95d114219d2e,AQUA DIRE 0.5 Ltr,5901234039710,1,60.0,22.0,60.0,bc7e8655-4e7a-409b-a5c5-6b9e2e262dff,Piece,1
360894fe-0f99-44dc-9dca-0e9e29e856c7,b98ad257-0aa8-48f8-a9d0-00e7c503483c,8f421553-10c3-4fa2-9e4d-51f5bbc06cbc,KURKURAY TM,8964002347278,1,40.0,36.9,40.0,74737246-4041-42e1-b1a9-1a501d24fe22,Piece,1
a0bdecd1-b1c9-4b13-b23b-bc3da51c3f71,34c0efd0-a013-4488-bb51-3d30a372e25a,1765bf04-3aa3-4abb-a936-eb28dc6f7d5b,COLA NEXT 1.5ML,8964001179009,1,180.0,130.0,180.0,9462ed19-512b-42b4-be94-a82d33392244,Piece,1
545fc481-95dd-447b-81b6-6230959a6a39,c4146eb2-3c54-40d0-8f10-119094deb90e,33819376-e267-418a-adf2-b6190c956759,DEW 1.5L,8964000101117,1,210.0,163.3,210.0,f669561e-4418-41a3-9cb7-31974a38d7c4,Piece,1
74b0454e-24bc-4f11-8de0-f664bcb5cfd5,c4146eb2-3c54-40d0-8f10-119094deb90e,1eca10c5-4891-4e75-8bc9-221518fac91e,Krisko Darbari,2152255622556,1,50.0,41.0,50.0,583fc009-71c4-47c6-b1d0-84701feb3920,Piece,1
f7957230-2ea7-4196-86ba-6547f1c606c2,c4146eb2-3c54-40d0-8f10-119094deb90e,85594582-8fac-4e45-97aa-fb017eedf3ed,Tuc,8961003622625,1,50.0,43.0,50.0,5d3f27a0-ef98-4aef-bdc0-09fb857dca97,Piece,1
60bc0103-979f-47a1-81e3-c6fec0d8d839,c4146eb2-3c54-40d0-8f10-119094deb90e,188b0bc1-c811-435d-9cd7-84a6e7787fe1,Zeera plus,8961003642166,1,50.0,43.0,50.0,daae7360-e661-4316-9b57-e301e684f423,Piece,1
c193de91-d6db-4ebd-9808-bc23ecf97bc0,c4146eb2-3c54-40d0-8f10-119094deb90e,aeec8327-c8e3-49ae-830d-5ae48228671a,DISPOSIBLE GLASS,1233763958519,4,5.0,1.7,20.0,2bc021cb-4f78-4684-ad9e-7fae8bd628d9,Piece,4
248a2286-fb99-44b0-82a1-b581d0d0e6b3,58958801-89e6-425c-86b3-daeb569395b0,3c9df82b-a8e2-49c2-a773-46edf5859135,RAHAT  4,4985925672487,1,35.0,26.1,35.0,287627b8-4e98-49f3-9268-58f71cd70eb3,Piece,1
5f6b3a44-095a-4dcd-bc0d-29a0c27418e0,58958801-89e6-425c-86b3-daeb569395b0,296944b9-ea79-469c-8425-f11d6e4b7eed,CAPSTAN RED,1230364618200,1,15.0,12.1,15.0,a1bc6a6f-ad8f-468b-afac-44ec8574811d,Piece,1
45bf0729-ccb4-47c7-a155-e1c1314899cb,58958801-89e6-425c-86b3-daeb569395b0,8af4077d-37f1-441f-936d-9507cb56ca9d,candy,1232784048698,2,5.0,3.5,10.0,7534df49-d891-461a-8b69-7d03cb9ce755,Piece,2
b148dcda-3d67-4234-aaf2-8e54b735a36e,58958801-89e6-425c-86b3-daeb569395b0,6b21c075-c752-4bf7-a4c2-2a4c8441c546,sifarish khan,1232255618481,1,30.0,25.0,30.0,289e28e9-66d0-4026-9fd4-67bfa88cb04c,Piece,1
8f1a3b51-7c16-4e37-948f-6868f8096686,4622c0ca-c45a-4f0a-891e-7b09067def24,4ea8ab87-bf13-4523-b83d-509c89f52789,hockey match stick,9231012019358,2,5.0,3.0,10.0,21683564-a53b-4d8c-a0a6-4066d1367085,Piece,2
35d4c96b-bf6a-4c6c-9147-3465c70c9e9e,4622c0ca-c45a-4f0a-891e-7b09067def24,a0f38cba-bf11-4b24-a46c-4e57dc17f0bb,lemon max dish-w bar,8886950072432,1,35.0,33.0,35.0,474aa89a-74fa-49ca-a0be-bb3102d11f0b,Piece,1
abaee5dd-68c5-4fc6-8796-3bfc0be2840e,fb7dc503-266f-4887-ac3a-8b429944b279,0084bf1f-7beb-4c04-9848-2ce0fa28b44e,Chaunsa Mango Cup,8961014033755,3,90.0,77.55,270.0,648aa092-3ee6-4c96-87c6-5610d6e3e4dc,Piece,3
1950b457-d1f3-4984-a546-68a009d4cf21,71c9696d-748e-4bf9-ac82-2418421466e8,8af4077d-37f1-441f-936d-9507cb56ca9d,candy,1232784048698,4,5.0,3.5,20.0,7534df49-d891-461a-8b69-7d03cb9ce755,Piece,4
80713e03-f123-4870-bbc3-da2feb5d9d43,29e42674-ea8e-4a86-a7bb-85dd34d9d37b,85594582-8fac-4e45-97aa-fb017eedf3ed,Tuc,8961003622625,1,50.0,43.0,50.0,5d3f27a0-ef98-4aef-bdc0-09fb857dca97,Piece,1
d1b9cbc9-8fa7-4f41-849b-a7b97bac2d60,29e42674-ea8e-4a86-a7bb-85dd34d9d37b,50165c5b-545a-4da1-ae08-6f5891fe6091,Butter Cookies,8961103503077,2,30.0,27.92,60.0,f0dd3f8e-0f3b-4360-8fb0-ce73cd9c481e,Piece,2
cf438ed9-356a-4c80-9847-0d61357dd650,29e42674-ea8e-4a86-a7bb-85dd34d9d37b,91862a56-cbe1-4ed0-9d5a-1bf2169df192,Digestive Original,8965310055282,2,30.0,23.37,60.0,b04ec7f6-e3b7-457a-a0fa-4a8650aa623d,Piece,2
acdb4a38-43bf-4076-8d6c-b86921a66cfa,29e42674-ea8e-4a86-a7bb-85dd34d9d37b,4c4dabeb-f38d-4b74-9761-7ceb4eae10a3,FV PEACH,8961008223490,1,90.0,66.0,90.0,96308f78-05ab-4321-898a-3e9f87753eae,Piece,1
945a6764-2090-4edc-90a7-5b9e3276cd1b,29e42674-ea8e-4a86-a7bb-85dd34d9d37b,1eca10c5-4891-4e75-8bc9-221518fac91e,Krisko Darbari,2152255622556,1,50.0,41.0,50.0,583fc009-71c4-47c6-b1d0-84701feb3920,Piece,1
04912e6a-90f3-42ee-804c-ea68f519df9b,29e42674-ea8e-4a86-a7bb-85dd34d9d37b,d43a6e92-5604-44fa-b95a-d7a378b93536,Lays FC,8964002345601,3,50.0,46.0,150.0,e707af65-3e99-49c6-83b0-d861d0ecbf1e,Piece,3
80a11b9e-0f5b-4cb7-966a-edf586142c53,d8d9c52c-83d3-46e1-a2ee-de4b8a397c6c,8698df4b-8bfe-4a98-90a8-a65108cfd90e,TASTEUP VEGITABLE,8452624486036,1,60.0,44.0,60.0,e2647a44-b063-46ec-afe3-9a68c7b3a6c9,Piece,1
8c7dafd9-ca7a-4b68-815b-b8f03ab008c4,d8d9c52c-83d3-46e1-a2ee-de4b8a397c6c,9b8a64b3-0eff-49bd-a7e9-7ae1f4c6211f,Capstan White,89600078,20,12.5,12.1,250.0,b371a280-0cea-4bc1-87c8-4befe828f950,Box,1
a07582a9-0cac-49d6-a199-66c3a82f03ce,d8d9c52c-83d3-46e1-a2ee-de4b8a397c6c,8af4077d-37f1-441f-936d-9507cb56ca9d,candy,1232784048698,4,5.0,3.5,20.0,7534df49-d891-461a-8b69-7d03cb9ce755,Piece,4
7ec80df3-7352-4a78-ad65-2f0fffb06468,fbc05ffa-dacf-4c58-8843-b358a91cb681,296944b9-ea79-469c-8425-f11d6e4b7eed,CAPSTAN RED,1230364618200,2,15.0,12.1,30.0,a1bc6a6f-ad8f-468b-afac-44ec8574811d,Piece,2
7af7525a-1c46-4606-bc13-26d0328c169e,35dd7d03-3748-4e5c-86da-2e7c5b19dffc,a9fb56bc-72fd-431d-9e85-54211a549b92,High C 1000,1235960178691,1,20.0,17.0,20.0,aa14cd36-319b-4b97-a3fe-66df2b7e4420,Piece,1
bcbe8e24-f4a9-4e19-a7de-ba4395223272,35dd7d03-3748-4e5c-86da-2e7c5b19dffc,8af4077d-37f1-441f-936d-9507cb56ca9d,candy,1232784048698,2,5.0,3.5,10.0,7534df49-d891-461a-8b69-7d03cb9ce755,Piece,2
43e7f42c-68cb-4413-a8cf-77577540eb51,81352344-1bb1-4760-ba82-65fcc398a4d9,296944b9-ea79-469c-8425-f11d6e4b7eed,CAPSTAN RED,1230364618200,3,15.0,12.1,45.0,a1bc6a6f-ad8f-468b-afac-44ec8574811d,Piece,3
d089e301-7958-4c13-bf24-6887637f1cc9,81352344-1bb1-4760-ba82-65fcc398a4d9,4ea8ab87-bf13-4523-b83d-509c89f52789,hockey match stick,9231012019358,1,5.0,3.0,5.0,21683564-a53b-4d8c-a0a6-4066d1367085,Piece,1
b5d05408-ee09-4a0d-998f-b304f545bd7e,0fd3f68a-6a6b-463a-9218-68b93dd7f238,296944b9-ea79-469c-8425-f11d6e4b7eed,CAPSTAN RED,1230364618200,1,15.0,12.1,15.0,a1bc6a6f-ad8f-468b-afac-44ec8574811d,Piece,1
5f1a0b45-23b2-4d7a-b1bb-ea4fc3e44640,0fd3f68a-6a6b-463a-9218-68b93dd7f238,8af4077d-37f1-441f-936d-9507cb56ca9d,candy,1232784048698,1,5.0,3.5,5.0,7534df49-d891-461a-8b69-7d03cb9ce755,Piece,1
acaf7e8a-2e61-46c0-8996-74640e306ad2,8772c791-b2ba-4817-88f2-1d029c8723c2,1eca10c5-4891-4e75-8bc9-221518fac91e,Krisko Darbari,2152255622556,1,50.0,41.0,50.0,583fc009-71c4-47c6-b1d0-84701feb3920,Piece,1
6c79eba1-44f8-4b2e-92a5-5211e8ea6759,33f84bc8-0b0d-4661-b3d9-fce0b272b94a,296944b9-ea79-469c-8425-f11d6e4b7eed,CAPSTAN RED,1230364618200,10,14.0,12.25,140.0,0ea2547b-ff52-4fd2-a713-c4c425c19caa,Half box,1
fd2c7ac3-3584-44b4-a5c2-90afcc33acdf,33f84bc8-0b0d-4661-b3d9-fce0b272b94a,8af4077d-37f1-441f-936d-9507cb56ca9d,candy,1232784048698,2,5.0,3.5,10.0,7534df49-d891-461a-8b69-7d03cb9ce755,Piece,2
165afc01-97be-4831-bd5e-22db5be1d104,4fabb5d8-f6b0-41ae-b0dc-a38dfcd821c4,296944b9-ea79-469c-8425-f11d6e4b7eed,CAPSTAN RED,1230364618200,2,15.0,12.1,30.0,a1bc6a6f-ad8f-468b-afac-44ec8574811d,Piece,2
142e35f3-293e-4cda-9734-fdfdc038b65e,4ba9ff95-9f78-4418-a561-3309465d8bde,9f61e160-7af9-471d-87df-a7c46405286f,paddle pop VANILLA CUP,8721274610468,1,40.0,34.0,40.0,15b2f430-290d-46a5-870b-99d701ce42b7,Piece,1
f2b78d5e-4959-4ecc-8b19-99a00ac3d2c7,f51dcd55-883f-4b08-a3df-c5e596b3a8a5,566c6cdf-1a6b-4414-94ec-484e69209ed1,HISS,6261149033166,1,70.0,35.0,70.0,7ba78179-a1f0-4dde-b9f8-1d91884efcfa,Piece,1
49f83242-a701-4a92-8f0c-dd885324d8f9,f51dcd55-883f-4b08-a3df-c5e596b3a8a5,fd591f84-cfb8-440d-ab2f-7451d561dd44,nani cocoa cereal,6261149055878,2,70.0,37.5,140.0,2ead5d47-5874-4e66-ba95-a0e41ca39e7e,Piece,2
b7357dc5-40b8-448b-897e-3f48981735ed,f51dcd55-883f-4b08-a3df-c5e596b3a8a5,e3d69a8d-dc7f-4c6a-945f-f747f76ba498,RAMTIN,6261715250607,1,60.0,33.0,60.0,5d064673-6b20-462c-bc35-72865b0bc0df,Piece,1
c9d69449-5e73-4a1e-8d25-c1a3ecf54256,f51dcd55-883f-4b08-a3df-c5e596b3a8a5,1ee9644a-ed90-4704-b230-aad125a02878,paradise,8961102504556,1,50.0,41.67,50.0,80f8cdf3-36fb-4dd6-ab2a-b96485a358ef,Piece,1
5618803a-628a-4fea-8e82-f76c131cfb89,ea3fa135-67e5-446e-97c9-c3ae00ce74b6,8af4077d-37f1-441f-936d-9507cb56ca9d,candy,1232784048698,2,5.0,3.5,10.0,7534df49-d891-461a-8b69-7d03cb9ce755,Piece,2
babd1b4f-caef-4a60-813b-190281ce085d,b5762563-b78c-4bcf-b7c0-fd1e48ced30f,63f00a80-cb39-4cd7-ad56-99bead38d732,Cornetto D CHOCOLATE,8961014033458,2,140.0,122.0,280.0,a8cc5828-8eaf-4462-8806-1c915ddeb88f,Piece,2
c8379743-b313-47c7-8e86-e1f44f472882,b5762563-b78c-4bcf-b7c0-fd1e48ced30f,0084bf1f-7beb-4c04-9848-2ce0fa28b44e,Chaunsa Mango Cup,8961014033755,8,90.0,77.55,720.0,648aa092-3ee6-4c96-87c6-5610d6e3e4dc,Piece,8
9348799a-b838-4d45-83d0-8d7230c37b50,b5762563-b78c-4bcf-b7c0-fd1e48ced30f,85594582-8fac-4e45-97aa-fb017eedf3ed,Tuc,8961003622625,1,50.0,43.0,50.0,5d3f27a0-ef98-4aef-bdc0-09fb857dca97,Piece,1
2f6dabc0-8e9d-40f8-92b7-3ca9f01f9add,b5762563-b78c-4bcf-b7c0-fd1e48ced30f,934bac57-0746-440b-abc8-5913b5919788,bistiks,8961003024016,1,40.0,37.36,40.0,2051ee12-91bc-4418-b071-0f15a5f5944b,Piece,1
a7e2f70c-d51b-425b-aa35-0f983bb84eb4,b5762563-b78c-4bcf-b7c0-fd1e48ced30f,931cb706-efbe-483c-8871-5dad2ea4343b,Chocolate Chip,8961102508981,2,20.0,18.61,40.0,ad7f5168-5c83-49b2-95f4-725367a2e2e6,Piece,2
3f5aa467-60cd-4385-a30b-17d98a15a2cb,b5762563-b78c-4bcf-b7c0-fd1e48ced30f,66a64cc9-3d36-4ec9-94c4-fd0e9a56f32c,Lays Masala,8964000090602,6,60.0,55.0,360.0,f1cf0b1c-c84a-427c-a937-2cda709b13dc,piece Rs60,6
c9ef8acb-1230-46f9-a7c0-fe44f0822736,b5762563-b78c-4bcf-b7c0-fd1e48ced30f,d0d145d6-02df-41db-a162-1cf9cc090b5a,Kurkure CC,8964002347377,2,60.0,56.15,120.0,c47dfc18-002e-45d2-b2bb-f42b1a8d06b3,Piece,2
f7481abb-34c9-4df8-8ab3-cb398f7a14c8,b5762563-b78c-4bcf-b7c0-fd1e48ced30f,975afaa4-6f19-4b65-b8ba-ec64f86f41cb,Lays Y&H,8964002346905,2,70.0,64.75,140.0,ed65e660-cda7-4d73-8f09-7920617be844,Piece,2
55fae89d-b72b-44b0-acb7-ddc3ccb6df39,b5762563-b78c-4bcf-b7c0-fd1e48ced30f,f1e591af-a585-4774-9c26-1495aa4525cd,SHAH NIMCO MOTH,8964000598672,3,50.0,40.91,150.0,df236b95-89c1-476b-8f31-edcde1e9d5e7,Piece,3
ebfcd391-e790-42d7-b6a9-c694d40d2f9e,b5762563-b78c-4bcf-b7c0-fd1e48ced30f,ebaad222-dc4f-4b0e-813d-34b46a43bdd6,Double Trouble,8721274610574,2,40.0,28.5,80.0,d4cdbb07-35fe-4ead-aa6d-66aaa1e207f6,Piece,2
d220ea7a-b3e5-4630-bb36-9370c72bfe37,0c3e29d7-69f8-4295-b98b-68a2dece017b,0084bf1f-7beb-4c04-9848-2ce0fa28b44e,Chaunsa Mango Cup,8961014033755,3,90.0,77.55,270.0,648aa092-3ee6-4c96-87c6-5610d6e3e4dc,Piece,3
dfe10157-1225-4a9d-ba04-5af1a2c27729,58e3fb67-c6fb-4ede-9fcc-0b6abc1093d1,f844d6a6-b548-40f2-9e64-401dbf792669,COCOBLISS,6156294526758,1,20.0,8.75,20.0,cc0ab773-60ca-474e-9b24-a813f5b931c6,Piece,1
7f260584-3010-4f66-a51f-6f0b8ade4456,58e3fb67-c6fb-4ede-9fcc-0b6abc1093d1,296944b9-ea79-469c-8425-f11d6e4b7eed,CAPSTAN RED,1230364618200,2,15.0,12.1,30.0,a1bc6a6f-ad8f-468b-afac-44ec8574811d,Piece,2
b1e2db9b-24f3-444d-b7d1-c3797926357c,ac733a6f-7722-427f-a430-1852f30262ea,c2c96412-231a-4358-bce0-56812108d9cd,Murree Sparkletts,1860201136811,1,60.0,36.6,60.0,4138b755-fa84-439d-8b58-a5c673938dd0,Piece,1
a1524835-93d1-4a25-bb6c-3b6dfa298d10,e591dc98-4bc6-490b-b30f-491d30f5a349,403ea510-fb07-48bc-a730-8f1f2391b3be,STING L,8964000101704,1,140.0,105.8,140.0,7b817808-9ae8-4d8f-9f89-3f3e11cfe183,Piece,1
5e86f0c2-8d1e-4bbf-8d34-fffb8c60f0c5,e591dc98-4bc6-490b-b30f-491d30f5a349,234c787c-e5e2-4047-bb07-95d114219d2e,AQUA DIRE 0.5 Ltr,5901234039710,1,60.0,22.0,60.0,bc7e8655-4e7a-409b-a5c5-6b9e2e262dff,Piece,1
9f6dd33c-0181-4d50-91b3-815a845bfbdc,1de15865-29a0-40db-bb61-dc21d6e31439,2bf2df12-6473-4a74-8c33-72bf83294b97,dayfresh Banana,8964000816622,1,150.0,97.5,150.0,92815730-aa51-4d4d-8875-84e6f8a7260e,Piece,1
69e97ae9-5605-4aaf-aa77-f6edc077aad2,fa8a693e-93af-4836-b803-9cb0ea93f1a7,587b9449-c4ea-44cf-8126-8c8a34925d23,goodday razor,ZIC2251223154,1,40.0,30.0,40.0,f4c2eb9a-370f-4888-9943-cf63cec62438,piece,1
46123b36-ede7-4677-8341-5132c479e928,fa8a693e-93af-4836-b803-9cb0ea93f1a7,dfe8c1f7-eade-4c3f-b504-7ed6c21c61c2,Extrabase earphone,6985503300328,1,370.0,100.0,370.0,e75aeb63-2d3c-4494-b05d-0db50f0fbdd6,Piece,1
f2ac53ca-8fb5-4894-bc2a-4f37d5ebc50a,e2997190-a237-4975-8ae0-3c317068483c,df83db32-d270-4a08-8f67-85f4967a923d,Red & White,89600320,2,10.0,9.5,20.0,4c010ae2-567a-4d9a-a3ee-7be8b0099de4,Piece,2
75cefd9b-9501-4036-8c8e-bddc8127783c,dc94f8e4-8189-49d7-a078-d56eef7547f1,12a811e4-5146-4507-b706-822911adc39a,WATER NEXT,8964001179641,1,110.0,61.66,110.0,8116670e-ce80-4204-9159-f51e7cbdda77,Piece,1
35b9e55b-e920-4baf-82e6-a3d97042d534,8be81522-6dab-4268-9c3d-6ec68ca572c2,9b8a64b3-0eff-49bd-a7e9-7ae1f4c6211f,Capstan White,89600078,2,15.0,12.5,30.0,2ee97f16-83f8-4fe8-8004-f20228fc010c,piece,2
a288f228-be47-42e8-a3a7-fac2895cd3db,8be81522-6dab-4268-9c3d-6ec68ca572c2,6b21c075-c752-4bf7-a4c2-2a4c8441c546,sifarish khan,1232255618481,1,30.0,25.0,30.0,289e28e9-66d0-4026-9fd4-67bfa88cb04c,Piece,1
7f18b1d4-5afd-4709-bf54-946108deb673,a3e3e5f9-d4b1-445a-b21b-97753bc99d8a,dcc48fee-0445-4775-bc38-58a5490e4628,Slanty Veg,671866117586,2,50.0,46.25,100.0,07708f75-4794-460f-9a64-a898355176c2,Piece,2
ad042a9e-f1ae-4edf-a4ce-1421ef9175c2,a3e3e5f9-d4b1-445a-b21b-97753bc99d8a,5a5154d9-6994-4dee-9011-efd865af1c8f,GOLD LEAF,1232097295550,10,28.0,24.5,280.0,0ce2a6a7-3270-4538-b7f1-cd118f2cb423,Half Box,1
74cf9534-e2df-4007-8f2f-f75fb5269ede,2f31257a-0926-4f5e-b287-c2d196fc4603,89f084ac-a196-47fb-8e25-4e4bd3160c50,STING SMALL,8964000101551,1,100.0,73.0,100.0,24a9904c-bbbb-433e-b85c-bc70707d653c,Piece,1
fc7aa790-9473-433c-a382-87bc10a2c253,1b57e197-bf9d-43be-b172-bcd060e8ceb4,296944b9-ea79-469c-8425-f11d6e4b7eed,CAPSTAN RED,1230364618200,3,15.0,12.1,45.0,a1bc6a6f-ad8f-468b-afac-44ec8574811d,Piece,3
05692f41-9f6a-471d-bb87-9fb16a41ffce,1b57e197-bf9d-43be-b172-bcd060e8ceb4,8af4077d-37f1-441f-936d-9507cb56ca9d,candy,1232784048698,1,5.0,3.5,5.0,7534df49-d891-461a-8b69-7d03cb9ce755,Piece,1
bc9cfa56-f374-4055-b552-c558bd2fbd11,d78fea4c-ccd1-458e-8b8c-5b5af9fea92b,6b21c075-c752-4bf7-a4c2-2a4c8441c546,sifarish khan,1232255618481,1,30.0,25.0,30.0,289e28e9-66d0-4026-9fd4-67bfa88cb04c,Piece,1
583c08e3-21af-4bbd-9a76-9c839cf9daec,fb56f73c-1e8c-492e-be82-6ce5a8507fe2,6c6ccff1-14e0-4b77-884d-ac35c4441fbd,MOO,8961014017595,1,50.0,44.08,50.0,486c4a3e-978a-4702-95e2-9d661806f528,Piece,1
6637e091-1e5a-4bcd-ba73-1a913d7e3aa7,8f094f3d-dd18-4633-8796-c4c75761b6e9,d43a6e92-5604-44fa-b95a-d7a378b93536,Lays FC,8964002345601,1,50.0,46.0,50.0,e707af65-3e99-49c6-83b0-d861d0ecbf1e,Piece,1
4aa3d008-9fad-4b3a-a861-8b923e39705a,8f094f3d-dd18-4633-8796-c4c75761b6e9,c7614e12-3e74-41fb-b031-d1dcff3ce34d,sandwich lemon,8964002526376,1,20.0,18.0,20.0,9a5799c0-68cc-4f17-99d8-9419b7df8de1,Piece,1
ba4c4a57-70fa-43b1-aa10-a782c5f87dc2,e9f0ed77-9723-48cc-9f56-f83e8fc5db14,685beee5-7d49-44b4-bc94-5de5f8bb99a6,COKE 350ML,42117131,1,90.0,67.0,90.0,071aa6c8-0343-4f9f-bf93-9ac7ac35a72d,Piece,1
169d8611-d2bf-4588-8d71-5c953a55fb53,f75b0b7c-8a2d-4f77-9df9-e6957e034f2e,2c73a736-486c-4dbf-8528-fe9ce200d4e8,COCA COLA 1.5L,5449000051981,1,210.0,164.0,210.0,3970e731-82d1-42c7-95be-861d4545f819,Piece,1
514bd2f0-7404-4f01-a017-6c381f557a3e,75c709a5-58eb-4bbf-bf96-6779b00d5311,b8d346e3-9757-4536-b898-55430d1e1041,Rite,8961102508967,1,20.0,18.0,20.0,b6a8eb92-bef0-43df-9d3d-18eeadac5f4b,Piece,1
b5843359-40db-4f11-9769-889ec000011d,75c709a5-58eb-4bbf-bf96-6779b00d5311,e5d3fcf7-39b3-4e43-a48d-63b40559c82e,Lays Wavy Y&H,8964002345816,1,70.0,63.5,70.0,9393185e-93cc-4187-9ec2-8315513ad5fc,Piece,1
7f176312-44f0-4e18-828a-465710517854,75c709a5-58eb-4bbf-bf96-6779b00d5311,8af4077d-37f1-441f-936d-9507cb56ca9d,candy,1232784048698,2,5.0,3.5,10.0,7534df49-d891-461a-8b69-7d03cb9ce755,Piece,2
a4a96227-00ab-46b5-bdd3-83220ab8ac10,0f747471-cb7a-469e-b1fa-35156979177f,296944b9-ea79-469c-8425-f11d6e4b7eed,CAPSTAN RED,1230364618200,3,15.0,12.1,45.0,a1bc6a6f-ad8f-468b-afac-44ec8574811d,Piece,3
a8347eba-7884-4198-b97a-1eb74b4ee569,0f747471-cb7a-469e-b1fa-35156979177f,8af4077d-37f1-441f-936d-9507cb56ca9d,candy,1232784048698,1,5.0,3.5,5.0,7534df49-d891-461a-8b69-7d03cb9ce755,Piece,1
40795b4b-0df0-46ca-818e-f106371dff21,4eb4a793-b875-4207-8d81-e689ba651edd,296944b9-ea79-469c-8425-f11d6e4b7eed,CAPSTAN RED,1230364618200,20,12.5,12.1,250.0,e9169ce5-618b-4046-9957-a321013f7b75,box,1
98424e04-0e72-45e2-8c8b-2117ace28c2c,ff347261-c7c3-48ba-91fe-72f42484b5f8,6b21c075-c752-4bf7-a4c2-2a4c8441c546,sifarish khan,1232255618481,1,30.0,25.0,30.0,289e28e9-66d0-4026-9fd4-67bfa88cb04c,Piece,1
f5aadfb2-7c78-4474-b989-04a49597b0ed,ad532c06-8777-4522-8f01-a5c67db63f8f,15759843-d0b3-4b6c-b04d-0df26ea4f799,VELO POLOR MINT 3DOT,89601372,1,250.0,146.0,250.0,56dd3a1b-f5e7-4f7a-97ee-0c58b100102c,Piece,1
a92d2642-e0d2-4088-a612-817e1c2caa53,278a7d50-b4bc-4406-8cb8-237e7bf723fd,9dfba812-5973-41a4-86e5-028f3a56ef0b,Chaunsa Mango HS,8721274610840,1,450.0,360.0,450.0,63e2c6a3-1a94-46fb-a0d4-db8bda413979,Piece,1
c5c039e4-50be-4bda-a671-559a29a6b3fe,278a7d50-b4bc-4406-8cb8-237e7bf723fd,fa64abc3-cd41-4074-8e6a-c87021380c9f,SPOON,1238390631200,4,5.0,2.0,20.0,277d4196-a434-4e14-82dd-d79fe9181a1c,Piece,4
01fb14d5-8075-4dda-b9a9-deddb6303d79,537ffebf-0b8c-49eb-9761-9db6159bdd47,5a5154d9-6994-4dee-9011-efd865af1c8f,GOLD LEAF,1232097295550,20,25.0,24.5,500.0,38175889-2f66-461f-8e62-69907628ca63,Box,1
3bd456fe-bd6f-43d2-be93-70403edde2e3,13738415-d767-458e-a46b-daba9efbd710,477ef534-005d-42fb-9cdb-ae0e6e0e4624,Lays Masala,8964002345595,1,50.0,46.0,50.0,3294cf9e-a80d-4e5a-bb6f-3a8fd4122ffc,Piece,1
80f458e2-b771-40b3-b19e-27389a00bde0,13738415-d767-458e-a46b-daba9efbd710,d43a6e92-5604-44fa-b95a-d7a378b93536,Lays FC,8964002345601,1,50.0,46.0,50.0,e707af65-3e99-49c6-83b0-d861d0ecbf1e,Piece,1
87a6ed66-6f9f-4bfd-9edb-8835a85934d8,7bdacec3-8665-487e-9d14-e3bd0fa6621d,89f084ac-a196-47fb-8e25-4e4bd3160c50,STING SMALL,8964000101551,1,100.0,73.0,100.0,24a9904c-bbbb-433e-b85c-bc70707d653c,Piece,1
bd20cd74-fea5-4742-a39a-e0d72d1803fd,99e6a63f-c3a2-47ca-8dc8-8b4182cea9d9,296944b9-ea79-469c-8425-f11d6e4b7eed,CAPSTAN RED,1230364618200,20,12.5,12.1,250.0,e9169ce5-618b-4046-9957-a321013f7b75,box,1
2a1caa2b-e8cb-4e9b-8c7e-f325f2f73276,99e6a63f-c3a2-47ca-8dc8-8b4182cea9d9,b360ddaa-d426-4a12-bfb8-1bd4ab4cd4f4,COIN LIGHTER,6970207251243,1,300.0,105.0,300.0,befdbcf0-6ab4-49ea-a769-91a98b308bf5,Piece,1
5192da8c-6170-445e-94ce-90cde0774b2c,5f6ec8e2-bfba-404c-98d8-671eb8e7bc3f,03cb2c93-1cf5-4097-9dd8-7287afaec200,Predator,5061013968225,1,70.0,53.91,70.0,5706758d-bd03-47db-b19e-4a4b7b1d547d,Piece,1
fc103fd0-c460-49bf-ac11-11b42761c13a,5f6ec8e2-bfba-404c-98d8-671eb8e7bc3f,c75320df-735c-44fe-b32d-46b0170ef53a,Lays Masala,8964000090428,1,100.0,92.3,100.0,b77ba773-b9e7-4763-9761-47c66a223bd9,Piece,1
ad05777a-d06b-4d14-aec0-6905a2eaf9c8,5f6ec8e2-bfba-404c-98d8-671eb8e7bc3f,d116e873-c5f4-4c8b-ba20-0b2e40d2895d,tokyo wape refill 30 mg,1235912520622,1,300.0,20.0,300.0,5b192d67-fd00-41b2-916a-baeeeaa76469,Piece,1
ab623a5a-fa31-4cb4-83b9-b2ac62b12fa4,5f6ec8e2-bfba-404c-98d8-671eb8e7bc3f,267000c3-a7df-4376-9f3f-e4a8129ba391,frisky c c w r,8965310055787,3,60.0,52.0,180.0,23a38cfb-9dc0-46e1-b47e-5bedf315dd04,Piece,3
7239d021-d677-4cb2-842f-55830f3a4781,5f6ec8e2-bfba-404c-98d8-671eb8e7bc3f,3176b246-f839-4f5c-8217-2a79db3706da,PUFFS,870572008366,2,50.0,46.0,100.0,3ec4f318-87bc-460e-9aee-25a0d47b9ef1,Piece,2
89a61bd6-5d37-4565-ae85-1c007b5bfb3a,5f6ec8e2-bfba-404c-98d8-671eb8e7bc3f,c5bad393-0791-4cdd-bba3-0b910aef38e0,CHILLIMILLI,8961103500991,1,50.0,45.0,50.0,f32b5fb2-72e8-451f-a4d1-22621e21a03d,Piece,1
1c1af79f-e771-4aee-b712-22c65ace9d25,ad38df50-8c9f-4afc-9c66-992aa1f3ce4c,0030e6f8-ce9d-4dcb-b07d-b979d0eacb40,lighter g,1235472321332,1,50.0,25.0,50.0,117efac9-2e8f-457b-a08e-e3c4794fe368,Piece,1
d95a32fc-d5f7-44f5-97f7-1ae31624b9cf,a7ae14fc-855b-4a38-90c6-566994c00788,9b8a64b3-0eff-49bd-a7e9-7ae1f4c6211f,Capstan White,89600078,10,13.0,12.1,130.0,3ec2f99f-f561-417b-b39d-23da11570fbc,Half box,1
b14a07f0-e61b-4988-87d9-c61de2287b58,7a78674d-6460-4309-97a5-9b4ac998dcb7,5a5154d9-6994-4dee-9011-efd865af1c8f,GOLD LEAF,1232097295550,2,30.0,25.0,60.0,ff8b0ab8-fd25-4bb6-aafb-a79e8e63a846,Piece,2
e7b5303b-7754-4928-83f8-25da2c212d34,7a78674d-6460-4309-97a5-9b4ac998dcb7,8af4077d-37f1-441f-936d-9507cb56ca9d,candy,1232784048698,4,5.0,3.5,20.0,7534df49-d891-461a-8b69-7d03cb9ce755,Piece,4
bc6cb2ae-92ab-4217-aacf-fc1b6aa4ce2f,3faf08a1-e36c-4ca3-9eb4-19c7244f59b6,3576a48f-6330-4bcd-bf54-7383eca28c85,FV RED GRAPES,8961008222776,1,90.0,67.0,90.0,265a895e-8fbc-4bf6-843c-c03e044903d6,Piece,1
f96d15af-a3cf-4951-bea3-45ba5fa7f9fa,3faf08a1-e36c-4ca3-9eb4-19c7244f59b6,8f421553-10c3-4fa2-9e4d-51f5bbc06cbc,KURKURAY TM,8964002347278,2,40.0,36.9,80.0,74737246-4041-42e1-b1a9-1a501d24fe22,Piece,2
64bafa5c-8c38-4df6-acb7-ac8d2e277661,b56e4ccb-e231-440c-aeec-eb05bc3ddcf0,1ee9644a-ed90-4704-b230-aad125a02878,paradise,8961102504556,2,50.0,41.67,100.0,80f8cdf3-36fb-4dd6-ab2a-b96485a358ef,Piece,2
8d13d87a-e0dc-4853-b3c2-9c081c4cc79d,b56e4ccb-e231-440c-aeec-eb05bc3ddcf0,0eb9cf00-60aa-4cd6-8066-53d5ae50744f,Krisko,1512141510502,1,50.0,41.0,50.0,26690d5c-9213-4cf6-945e-50faa2e9b147,Piece,1
937a7c29-ac57-49ee-bacb-337fa4c2b2c5,b56e4ccb-e231-440c-aeec-eb05bc3ddcf0,88103612-577a-4e83-a77b-c9e56607f88d,Biff  Land Cake,6446374180452,1,70.0,43.0,70.0,254710fc-7b42-47cc-b934-c970ad63b9e0,Piece,1
8f242f51-e44d-4a1a-a687-2a9ea82cf884,b56e4ccb-e231-440c-aeec-eb05bc3ddcf0,9d766c91-c234-49ff-a444-dc9979ba923f,BITE LAYER CAKE,6423116329966,1,60.0,43.3,60.0,b7e9abab-7698-4120-b644-393d3b35bfad,Piece,1
f23b53c6-4be6-4296-9899-7d0e65287824,b56e4ccb-e231-440c-aeec-eb05bc3ddcf0,b3eef3ba-78b1-4007-b07d-6aed1fdcb21e,DUBAI CAKE,6033696187896,1,150.0,93.0,150.0,001e6d4f-3ee7-471a-8096-22b1d8972e25,Piece,1
632ca14c-0ff5-47a0-8952-46c805d57fec,b56e4ccb-e231-440c-aeec-eb05bc3ddcf0,9b065f86-0ca4-468a-be5f-822a3682b1d2,eno,1230569384276,1,20.0,17.0,20.0,82466abe-f720-4677-b6c9-595ef4a7725f,Piece,1
f7a2c4d4-b867-48cf-b968-ae40a5c5d227,378cf1a9-eb76-4c6d-8ae3-33ddf71f48f1,7d11d4df-29d6-4184-854f-ebbcea218897,COCONUT,8961003021732,1,50.0,45.0,50.0,bf56facd-28fe-4957-bfa9-f7b4f0a1eab7,Piece,1
e2b90f57-7269-4616-9518-33dd9df54b33,378cf1a9-eb76-4c6d-8ae3-33ddf71f48f1,cf9ea9f8-e152-4122-9063-0117aac4a303,DAL MOONG,8964002429363,2,50.0,43.3,100.0,b90fae7f-5e8c-49d7-9390-6799925cbf6f,Piece,2
d2b5ca33-1c09-4d14-b653-eef059dd6671,9ee2b5cf-a720-47ad-86c5-88daf1a821fa,403ea510-fb07-48bc-a730-8f1f2391b3be,STING L,8964000101704,1,140.0,105.8,140.0,7b817808-9ae8-4d8f-9f89-3f3e11cfe183,Piece,1
a46a3b41-476f-4550-acf6-4e45d73b0907,fc28fdf6-dc74-43f4-9734-398c7358c71d,77833fff-a52e-4d5a-8536-89536491aec6,DASANI 1.5L,5449000098504,2,110.0,80.0,220.0,878c9be8-5b64-4895-bcd1-c0817948669a,Piece,2
687b028f-7ffe-481d-9c20-24f8d907eda6,ed8f8c38-b77b-45e2-81f6-983390cca9b6,dc1ee16f-7d26-464f-9aee-6909c7b304b7,peach malt,1860236002044,1,120.0,80.0,120.0,9ea92509-1503-4b5c-a72a-a851dfdc503c,Piece,1
f9d8ece8-c424-42ee-9a89-41589c94f3cb,ed8f8c38-b77b-45e2-81f6-983390cca9b6,7794b2d9-b07a-46be-8246-8961363365f9,Raniu,8964002997916,1,150.0,95.83,150.0,e31daf12-8420-4114-a15b-e870707dde0f,Piece,1
09be9921-c7c0-4ce6-8aeb-7105175a227f,680ab2ff-097b-4362-a84e-d3693d7412b4,296944b9-ea79-469c-8425-f11d6e4b7eed,CAPSTAN RED,1230364618200,10,14.0,12.25,140.0,0ea2547b-ff52-4fd2-a713-c4c425c19caa,Half box,1
a67d1daf-b482-4d53-bf9a-11c367b36fe6,277c679a-cf1f-426e-a419-9f2bfc83ac3d,dda2e4c1-8873-4517-aa9a-ecac0bde1363,Knight Rider,8923000375966,1,50.0,35.0,50.0,852283f2-89a3-4c2f-a15c-bdc982b7c311,Piece,1
143680b9-b786-4973-9f3f-b30e43382c4b,258e7e38-ed7f-4f9e-a030-11daffe2ca44,e00b6186-90a0-4108-98fe-2bcee3d5fb15,POWER FULL,5904003285240,1,250.0,142.0,250.0,85c31903-56af-4373-9159-2fa28c2ebf37,Piece,1
494f1cf6-50c2-43eb-b30a-4fb81cac1c59,258e7e38-ed7f-4f9e-a030-11daffe2ca44,5a5154d9-6994-4dee-9011-efd865af1c8f,GOLD LEAF,1232097295550,1,30.0,25.0,30.0,ff8b0ab8-fd25-4bb6-aafb-a79e8e63a846,Piece,1
9fa3a525-9865-49de-9005-4789461a6001,258e7e38-ed7f-4f9e-a030-11daffe2ca44,8af4077d-37f1-441f-936d-9507cb56ca9d,candy,1232784048698,2,5.0,3.5,10.0,7534df49-d891-461a-8b69-7d03cb9ce755,Piece,2
b94df441-47ce-42ca-a7ab-0ae8aff5e9ff,132f0f66-9fe3-42d3-858e-0eb4351df0eb,296944b9-ea79-469c-8425-f11d6e4b7eed,CAPSTAN RED,1230364618200,10,14.0,12.25,140.0,0ea2547b-ff52-4fd2-a713-c4c425c19caa,Half box,1
a5394253-895b-4cb6-bf79-cfec663c04e4,a8114e5e-1782-4f6d-9409-72f31ce8dccb,296944b9-ea79-469c-8425-f11d6e4b7eed,CAPSTAN RED,1230364618200,20,12.5,12.1,250.0,e9169ce5-618b-4046-9957-a321013f7b75,box,1
4234315c-5359-4e30-8d24-2a07451717b6,23d7abbc-ffaf-4b97-95b0-95f982fb92ad,75501454-681d-4cba-b455-b3b313fbbb80,Revive lychee,8964002344468,1,50.0,41.0,50.0,1cde4b9d-cc60-4a18-bc99-7555e62c3b49,Piece,1
a347a310-80fd-43f1-8745-a8a4588ba6a8,23d7abbc-ffaf-4b97-95b0-95f982fb92ad,477ef534-005d-42fb-9cdb-ae0e6e0e4624,Lays Masala,8964002345595,1,50.0,46.0,50.0,3294cf9e-a80d-4e5a-bb6f-3a8fd4122ffc,Piece,1
b5a495fb-424f-4f98-8dee-9790129a47d4,89b84d5f-cb6e-42e4-adfc-dd4a53102ed9,6c6ccff1-14e0-4b77-884d-ac35c4441fbd,MOO,8961014017595,1,50.0,44.08,50.0,486c4a3e-978a-4702-95e2-9d661806f528,Piece,1
23231ac2-ae64-41e9-9096-20a7fc8e92ad,4f59661e-849e-4443-9b59-39c737071fe3,296944b9-ea79-469c-8425-f11d6e4b7eed,CAPSTAN RED,1230364618200,20,12.5,12.1,250.0,e9169ce5-618b-4046-9957-a321013f7b75,box,1
8ee3b9a8-cbdd-42d6-a438-204e0b594da3,4f59661e-849e-4443-9b59-39c737071fe3,fe37be8b-4c7f-47e4-8684-95495353b13e,COCA COLA 2L,5449000000286,1,250.0,191.0,250.0,0e8b542e-eb72-402d-babd-76084f6c6426,Piece,1
948f3449-ab5f-4b19-93ef-b397b6d60c8a,488e22eb-5479-4b3c-a924-a5dfbec83285,d0d145d6-02df-41db-a162-1cf9cc090b5a,Kurkure CC,8964002347377,1,60.0,56.15,60.0,c47dfc18-002e-45d2-b2bb-f42b1a8d06b3,Piece,1
b461c063-132a-4c0a-8e1e-3463b723fd57,488e22eb-5479-4b3c-a924-a5dfbec83285,d43a6e92-5604-44fa-b95a-d7a378b93536,Lays FC,8964002345601,1,50.0,46.0,50.0,e707af65-3e99-49c6-83b0-d861d0ecbf1e,Piece,1
e66f7bca-fe08-4ae1-8425-35e6d4d3c63b,488e22eb-5479-4b3c-a924-a5dfbec83285,477ef534-005d-42fb-9cdb-ae0e6e0e4624,Lays Masala,8964002345595,1,50.0,46.0,50.0,3294cf9e-a80d-4e5a-bb6f-3a8fd4122ffc,Piece,1
4e5db515-51f6-4450-87cd-ca73bdbc1279,488e22eb-5479-4b3c-a924-a5dfbec83285,cdb81930-67a7-4ee9-b89a-f6d0aef5d131,Lays Wavy Y&H,8964002345809,1,50.0,45.5,50.0,def32295-544e-4cd9-9216-32e217c2571b,Piece,1
2b25fcf0-c219-423e-9ce4-1a1ef1e4ea7c,488e22eb-5479-4b3c-a924-a5dfbec83285,4c3ffc64-e3bc-4d68-8fca-21836ea0aaf3,Party pik,8964004770685,2,50.0,46.0,100.0,1195b168-cb01-445b-a1f0-59b52ce5c289,Piece,2
320c2d69-8f7b-4af5-9dfd-1269a00710eb,488e22eb-5479-4b3c-a924-a5dfbec83285,5a5154d9-6994-4dee-9011-efd865af1c8f,GOLD LEAF,1232097295550,1,30.0,25.0,30.0,ff8b0ab8-fd25-4bb6-aafb-a79e8e63a846,Piece,1
bfa67a6b-0278-4688-b5d8-29cee5091ef1,3b97d282-71f7-4bcb-a35c-53a1883c8756,e5d3fcf7-39b3-4e43-a48d-63b40559c82e,Lays Wavy Y&H,8964002345816,1,70.0,63.5,70.0,9393185e-93cc-4187-9ec2-8315513ad5fc,Piece,1
f2fdbf36-1b26-438f-86d9-2d0d60603751,3b97d282-71f7-4bcb-a35c-53a1883c8756,403ea510-fb07-48bc-a730-8f1f2391b3be,STING L,8964000101704,1,140.0,105.8,140.0,7b817808-9ae8-4d8f-9f89-3f3e11cfe183,Piece,1
e29d6133-1708-4b51-a93b-2ea479b482b8,3b97d282-71f7-4bcb-a35c-53a1883c8756,8af4077d-37f1-441f-936d-9507cb56ca9d,candy,1232784048698,2,5.0,3.5,10.0,7534df49-d891-461a-8b69-7d03cb9ce755,Piece,2
25049827-53fb-49ac-83ba-2ed06f97af1f,21312833-efe7-4516-8a4a-a476d043739a,5a5154d9-6994-4dee-9011-efd865af1c8f,GOLD LEAF,1232097295550,10,28.0,24.5,280.0,0ce2a6a7-3270-4538-b7f1-cd118f2cb423,Half Box,1
69e07129-56a5-44db-a9f5-fb644f8009dd,1917c328-7640-403b-bc14-7590424c87a0,30e73934-8b1f-4e5b-8a7e-459183ab89ff,BENSON & HEDGES,95010526,8,20.0,14.0,160.0,beab7f8b-15e9-4846-b9ce-aeebad444ede,Piece,8
a74e603c-0bd9-4035-9d00-d3de0f2dfdd8,9c070b95-cbba-4739-b734-83bdbcef88e6,296944b9-ea79-469c-8425-f11d6e4b7eed,CAPSTAN RED,1230364618200,4,15.0,12.1,60.0,a1bc6a6f-ad8f-468b-afac-44ec8574811d,Piece,4
944ea110-678a-40ba-a517-05252b9b9352,9c070b95-cbba-4739-b734-83bdbcef88e6,8af4077d-37f1-441f-936d-9507cb56ca9d,candy,1232784048698,2,5.0,3.5,10.0,7534df49-d891-461a-8b69-7d03cb9ce755,Piece,2
d575efca-bf07-4aff-a6c1-7b94203ae308,666dd883-7a52-4687-bafd-c2be5e4bf5cc,401602c5-d60a-4b56-82e2-f361aaa79dc0,COLA NEXT 2.5L,8964001179030,1,250.0,185.0,250.0,23341b22-4e50-42c0-9616-9d6c81e99bfe,Piece,1
a2d8db2f-ebf8-4bef-88b6-6c99935746b9,666dd883-7a52-4687-bafd-c2be5e4bf5cc,477ef534-005d-42fb-9cdb-ae0e6e0e4624,Lays Masala,8964002345595,4,50.0,46.0,200.0,3294cf9e-a80d-4e5a-bb6f-3a8fd4122ffc,Piece,4
fe582280-83ee-490d-a09d-d4cff485a01d,666dd883-7a52-4687-bafd-c2be5e4bf5cc,d43a6e92-5604-44fa-b95a-d7a378b93536,Lays FC,8964002345601,7,50.0,46.0,350.0,e707af65-3e99-49c6-83b0-d861d0ecbf1e,Piece,7
86afed67-c030-4873-8688-b0782bc84be7,666dd883-7a52-4687-bafd-c2be5e4bf5cc,aeec8327-c8e3-49ae-830d-5ae48228671a,DISPOSIBLE GLASS,1233763958519,10,5.0,1.7,50.0,2bc021cb-4f78-4684-ad9e-7fae8bd628d9,Piece,10
5553fd55-0a2a-4f1e-8497-10a613b32c06,666dd883-7a52-4687-bafd-c2be5e4bf5cc,296944b9-ea79-469c-8425-f11d6e4b7eed,CAPSTAN RED,1230364618200,10,15.0,12.1,150.0,a1bc6a6f-ad8f-468b-afac-44ec8574811d,Piece,10
a37c4b9e-5c09-4dce-942a-3017591470a7,468361a1-bf9d-496f-b0f0-f7161837d898,8f421553-10c3-4fa2-9e4d-51f5bbc06cbc,KURKURAY TM,8964002347278,1,40.0,36.9,40.0,74737246-4041-42e1-b1a9-1a501d24fe22,Piece,1
9e5c4afd-9fb0-46a1-8208-4333eee954dd,c50f5a19-bdf4-4c3c-aa5e-4981834f8620,6009f9e7-4e3f-468a-9747-f2a90c2bc207,dayfresh strawberry,8964000816493,1,150.0,97.5,150.0,7c0ff196-8530-453d-a609-64489abbcbcf,Piece,1
d4b84797-5667-440d-ba6e-20e37910a023,c50f5a19-bdf4-4c3c-aa5e-4981834f8620,2505a9e6-32d6-425c-8c5d-d31507ce904d,lighter,1236376536280,1,40.0,21.0,40.0,4b1a6d94-51e0-4c20-8be3-f4e43962efbf,Piece,1
1dd267c0-485b-45df-a5d0-ee345541cfa7,c50f5a19-bdf4-4c3c-aa5e-4981834f8620,8af4077d-37f1-441f-936d-9507cb56ca9d,candy,1232784048698,2,5.0,3.5,10.0,7534df49-d891-461a-8b69-7d03cb9ce755,Piece,2
f7da8e18-73c7-4eb7-a1bb-9ffb3790d3f9,11927f65-13db-4549-91b2-e1381429b395,296944b9-ea79-469c-8425-f11d6e4b7eed,CAPSTAN RED,1230364618200,20,12.5,12.1,250.0,e9169ce5-618b-4046-9957-a321013f7b75,box,1
e8a3714e-96f5-4ca9-9bc0-7009c5836634,11927f65-13db-4549-91b2-e1381429b395,9b8a64b3-0eff-49bd-a7e9-7ae1f4c6211f,Capstan White,89600078,16,15.0,12.5,240.0,2ee97f16-83f8-4fe8-8004-f20228fc010c,piece,16
59536ae5-b13b-48ce-b129-021f022ea9c9,c270c002-7b45-44c9-98f3-0cab22f572a2,033b5ecb-89bf-455f-8035-b694450bd94a,CAKEUP STRAWBERRY,8964003593070,2,20.0,18.5,40.0,a40c4b04-1036-4b15-9ba2-7b9783528631,Piece,2
8062d059-6be6-4594-a9b7-3e89f2d89369,c270c002-7b45-44c9-98f3-0cab22f572a2,e8d89fdc-a014-4aef-a350-286553b48eb4,frisky orange wafears,8965310055138,2,30.0,24.9,60.0,8c4feed7-26bd-44b6-9720-4f26bb14bb93,Piece,2
080c6767-6394-4edb-9adc-508674d412a2,c270c002-7b45-44c9-98f3-0cab22f572a2,727fb333-3c91-459b-abef-370df5b186a5,cocomo,8961103500236,2,10.0,9.16,20.0,65c14f2c-759a-4b05-aba5-23b13a2b0a6c,Piece,2
a3b60858-c003-41e9-90b9-9dbd127d620a,c270c002-7b45-44c9-98f3-0cab22f572a2,296944b9-ea79-469c-8425-f11d6e4b7eed,CAPSTAN RED,1230364618200,7,15.0,12.1,105.0,a1bc6a6f-ad8f-468b-afac-44ec8574811d,Piece,7
5280a3bb-1652-4933-93c6-06b3387e89fd,c270c002-7b45-44c9-98f3-0cab22f572a2,8af4077d-37f1-441f-936d-9507cb56ca9d,candy,1232784048698,1,5.0,3.5,5.0,7534df49-d891-461a-8b69-7d03cb9ce755,Piece,1
c7786c37-579e-4640-be17-d63b60cff982,b9ceb029-9311-4842-8efa-d14060f33ae6,e39b6afd-dce0-498e-a9e1-3838a4552c21,OLPERS MILK 1L,8964000346679,1,380.0,353.0,380.0,af7a110e-79bc-41f8-8a3b-bc2921135f78,Piece,1
accb7057-8840-4f8b-b9e3-1a04cef11ca9,48e3df5f-3fa3-4a2d-86a2-14ebbc19d22c,5a5154d9-6994-4dee-9011-efd865af1c8f,GOLD LEAF,1232097295550,20,25.0,24.5,500.0,38175889-2f66-461f-8e62-69907628ca63,Box,1
f9bf0035-f7e3-44bf-9be5-4e4c18fd3a66,48e3df5f-3fa3-4a2d-86a2-14ebbc19d22c,e00ddb5a-c0f7-4231-abfa-70b21c7b3aa8,ind twister mango,2420786188002,1,300.0,150.0,300.0,a93ba285-fffb-4ba7-8163-be8b1cfb58bb,Piece,1
afb4942d-9493-4c3d-9011-520cf999cc88,48e3df5f-3fa3-4a2d-86a2-14ebbc19d22c,92f16b27-36e8-4924-b95e-bc25a2fcace5,Coated Peanuts C&H,8964003813796,1,50.0,41.0,50.0,df68a421-fa68-44c5-8ff4-3293564237a8,Piece,1
42248bbe-d98f-4b00-a02a-37bad6aa04b8,48e3df5f-3fa3-4a2d-86a2-14ebbc19d22c,2505a9e6-32d6-425c-8c5d-d31507ce904d,lighter,1236376536280,1,40.0,21.0,40.0,4b1a6d94-51e0-4c20-8be3-f4e43962efbf,Piece,1
31ddb56f-37f6-472e-adff-fa4df75faf8e,48e3df5f-3fa3-4a2d-86a2-14ebbc19d22c,8af4077d-37f1-441f-936d-9507cb56ca9d,candy,1232784048698,2,5.0,3.5,10.0,7534df49-d891-461a-8b69-7d03cb9ce755,Piece,2
6cff9355-409a-40a8-9141-001904af8260,c22ba9ea-3e28-4b9d-972c-c6cc96136bdb,bdfbec09-02b6-43e1-834e-c6f25f2250da,egg,1239923458738,12,22.5,20.44,270.0,bdd4c51e-e07c-42e7-b727-d85d00d994f8,dozen,1
15fbc239-76d6-44d5-9875-61176a99cff1,c22ba9ea-3e28-4b9d-972c-c6cc96136bdb,e39b6afd-dce0-498e-a9e1-3838a4552c21,OLPERS MILK 1L,8964000346679,1,380.0,353.0,380.0,af7a110e-79bc-41f8-8a3b-bc2921135f78,Piece,1
2b3dd634-d23a-4295-86cd-6fa83c0c63b9,8f116a07-6d53-4435-93a7-a2ff02f1fff3,df83db32-d270-4a08-8f67-85f4967a923d,Red & White,89600320,5,10.0,9.5,50.0,4c010ae2-567a-4d9a-a3ee-7be8b0099de4,Piece,5
a8557284-5286-409f-9379-d0a9b28f8486,8f116a07-6d53-4435-93a7-a2ff02f1fff3,2505a9e6-32d6-425c-8c5d-d31507ce904d,lighter,1236376536280,1,40.0,21.0,40.0,4b1a6d94-51e0-4c20-8be3-f4e43962efbf,Piece,1
bf28b358-47ce-4775-b73f-2b4bf914da03,8f116a07-6d53-4435-93a7-a2ff02f1fff3,8af4077d-37f1-441f-936d-9507cb56ca9d,candy,1232784048698,2,5.0,3.5,10.0,7534df49-d891-461a-8b69-7d03cb9ce755,Piece,2
7f80506c-ee69-4add-b7a8-c25a70233e0a,b3dce682-69f0-40f6-b0f1-2feb07fcd936,bdfbec09-02b6-43e1-834e-c6f25f2250da,egg,1239923458738,22,22.5,20.0,495.0,1a65cdb6-05dd-4c13-8555-642c6262bc4e,Piece,22
f394f7e5-1374-4830-bdc0-98844cd0ddb1,b3dce682-69f0-40f6-b0f1-2feb07fcd936,8af4077d-37f1-441f-936d-9507cb56ca9d,candy,1232784048698,1,5.0,3.5,5.0,7534df49-d891-461a-8b69-7d03cb9ce755,Piece,1
4a91144b-9b7e-4f26-8115-d91553b82dbd,ac537f2e-3e68-481a-8284-d95c394c6801,e39b6afd-dce0-498e-a9e1-3838a4552c21,OLPERS MILK 1L,8964000346679,1,380.0,353.0,380.0,af7a110e-79bc-41f8-8a3b-bc2921135f78,Piece,1
f31c4266-d9a0-439a-9cb4-78efca375161,8df8e7e3-242b-4a45-9f0e-17fb9e4f3f6d,8af4077d-37f1-441f-936d-9507cb56ca9d,candy,1232784048698,2,5.0,3.5,10.0,7534df49-d891-461a-8b69-7d03cb9ce755,Piece,2
4f3593fc-b307-41c7-8650-ded3db809536,f981ae6c-3c18-454e-b23b-4d5320f20b79,8af4077d-37f1-441f-936d-9507cb56ca9d,candy,1232784048698,4,5.0,3.5,20.0,7534df49-d891-461a-8b69-7d03cb9ce755,Piece,4
05f99dc2-09af-43d2-a60a-8d134f205cb4,39f455d8-d41b-4a2c-aa56-e82cb4ee0f35,32b2acb4-a4bb-4994-aa69-bfaeba85e99d,Ravlon Brown color s/pack,3099786953010,1,100.0,70.0,100.0,ca7df057-97b8-4078-9f93-c0ff9e6eeaed,Piece,1
179ac03f-d3ff-41b3-9a45-16ecc649ad06,d37621fc-768c-4e4b-8b1e-a0d2a52543f6,6b21c075-c752-4bf7-a4c2-2a4c8441c546,sifarish khan,1232255618481,2,30.0,25.0,60.0,289e28e9-66d0-4026-9fd4-67bfa88cb04c,Piece,2
29167454-0bbf-47b7-a7f3-8f213adb9838,a1f63217-5505-4d2c-a784-c19fc4b450ef,8af4077d-37f1-441f-936d-9507cb56ca9d,candy,1232784048698,2,5.0,3.5,10.0,7534df49-d891-461a-8b69-7d03cb9ce755,Piece,2
1307110c-dd66-4710-bf04-3fcb0ab8f4db,a6b25772-4647-4df1-9e80-e7eda3b9cf2f,5a5154d9-6994-4dee-9011-efd865af1c8f,GOLD LEAF,1232097295550,1,30.0,25.0,30.0,ff8b0ab8-fd25-4bb6-aafb-a79e8e63a846,Piece,1
1f2beb41-48e1-4bff-bad9-7fd28ed5f42f,c5366186-d8b7-4d98-86f0-58a13513a0e4,382387eb-6272-4738-b2d5-3361fa6fc3ca,Potato Sticks,671866277501,1,50.0,46.25,50.0,bc63250f-fd30-4ca2-a788-3340c09f9c89,Piece,1
14297403-c232-4a78-9ae6-bdb6d0dcfbb1,c5366186-d8b7-4d98-86f0-58a13513a0e4,d9012ef3-6e5c-4d25-ab5b-520ba6710729,SALTED PEANUT,333333005870,1,100.0,83.3,100.0,6358046c-1028-4079-be4b-0f5aa5e5ad32,Piece,1
a43a060a-cc2a-4e51-b6cb-deab374cd96e,3aac310c-edef-410e-824c-c471fdc6a848,dcc48fee-0445-4775-bc38-58a5490e4628,Slanty Veg,671866117586,2,50.0,46.25,100.0,07708f75-4794-460f-9a64-a898355176c2,Piece,2
6f3a103a-b817-45dd-af99-91942a90b150,3aac310c-edef-410e-824c-c471fdc6a848,c6cd7ad3-c93a-477b-822c-af080fb159f3,frisky cream chocolate wafers,8965310055121,1,30.0,24.9,30.0,c82c319e-7d96-4fbd-93f5-12e516cbc4b0,Piece,1
e3892ca5-6465-4469-a932-b9a183729349,3aac310c-edef-410e-824c-c471fdc6a848,8845956e-b9eb-4935-a785-b670f21f8023,Divine,8961103503640,1,40.0,36.0,40.0,16c3c46e-3594-4d9d-a1d2-9e9c94245102,Piece,1
c12dc3cb-82c4-467d-a4e1-d5c7854bc8a7,3aac310c-edef-410e-824c-c471fdc6a848,f844d6a6-b548-40f2-9e64-401dbf792669,COCOBLISS,6156294526758,3,20.0,8.75,60.0,cc0ab773-60ca-474e-9b24-a813f5b931c6,Piece,3
1a276365-f2dd-4486-be2f-59c72b58019d,3aac310c-edef-410e-824c-c471fdc6a848,fdc65df0-d2f4-421c-a8d7-36301c4db84f,Dew 300ml,8964000101254,2,90.0,65.0,180.0,bf1a41ca-b4d2-4417-9fd9-c774a60c54f3,Piece,2
0b3736fe-e231-4f8d-bcd0-efc317ce6923,ab45499b-72a8-4a58-ab3c-d7a63476fcea,1eca10c5-4891-4e75-8bc9-221518fac91e,Krisko Darbari,2152255622556,1,50.0,41.0,50.0,583fc009-71c4-47c6-b1d0-84701feb3920,Piece,1
3bd1a648-3907-4ff1-a456-b034c90d1f57,ab45499b-72a8-4a58-ab3c-d7a63476fcea,823f1656-a5d9-4708-9bdc-7dc1d6d0a43a,Revive gatorate,8964002344451,1,50.0,41.0,50.0,b0e3d1dc-52a1-4722-a1ae-aebcd8633fa4,Piece,1
0ee01f9f-0a2b-47fc-aa0b-386387baaa63,01438811-a711-4a62-b5d4-5a5eaf67ba2a,c2c96412-231a-4358-bce0-56812108d9cd,Murree Sparkletts,1860201136811,3,60.0,36.6,180.0,4138b755-fa84-439d-8b58-a5c673938dd0,Piece,3
cd228eb2-f4bb-4c30-abe2-dbab24fffc85,01438811-a711-4a62-b5d4-5a5eaf67ba2a,d9012ef3-6e5c-4d25-ab5b-520ba6710729,SALTED PEANUT,333333005870,2,100.0,83.3,200.0,6358046c-1028-4079-be4b-0f5aa5e5ad32,Piece,2
652e833c-9592-4bb1-a888-c24150efbc2e,01438811-a711-4a62-b5d4-5a5eaf67ba2a,e3359463-13c6-4da3-91c0-1b9d90d5012c,lays maxx cheese,8964002345861,1,100.0,92.0,100.0,e72184e5-7a95-4659-8944-b555745d509f,Piece,1
1757a585-73d8-4ceb-874b-0427239564f3,01438811-a711-4a62-b5d4-5a5eaf67ba2a,7794b2d9-b07a-46be-8246-8961363365f9,Raniu,8964002997916,1,150.0,95.83,150.0,e31daf12-8420-4114-a15b-e870707dde0f,Piece,1
19d776cb-0e70-45a2-ac76-ab5bb99ec9df,33fd0d19-e7f8-4ea1-a175-1e0db3894d91,296944b9-ea79-469c-8425-f11d6e4b7eed,CAPSTAN RED,1230364618200,3,15.0,12.1,45.0,a1bc6a6f-ad8f-468b-afac-44ec8574811d,Piece,3
cd015ae6-7b69-48af-a471-a5eb3af9a09a,33fd0d19-e7f8-4ea1-a175-1e0db3894d91,4ea8ab87-bf13-4523-b83d-509c89f52789,hockey match stick,9231012019358,1,5.0,3.0,5.0,21683564-a53b-4d8c-a0a6-4066d1367085,Piece,1
ad086af8-7f03-4493-8a03-a205b1a63835,33fd0d19-e7f8-4ea1-a175-1e0db3894d91,7439380d-ff71-4b92-b2ff-56899ca87c0d,tridgum,9555407311019,1,10.0,4.09,10.0,b3c50399-f52e-4960-bdd6-5ef8d99c8de1,Piece,1
eeaeb66e-6f65-442e-8592-57020736bbab,3f57dfc9-5a79-4bb6-bad2-6eb28b607cf2,85681bdc-ee0e-4592-bf40-94b1d13d0e85,candi,8961003674228,1,10.0,9.0,10.0,b848b8b4-36fc-4af7-bd0d-f7258c18b02c,Piece,1
689b79ce-4d2a-428a-a0bc-239ce1324552,e9357fdc-d23d-410e-8dcb-f9475c96c11c,975afaa4-6f19-4b65-b8ba-ec64f86f41cb,Lays Y&H,8964002346905,2,70.0,64.75,140.0,ed65e660-cda7-4d73-8f09-7920617be844,Piece,2
d0fbda07-3dfe-4be2-a34a-354f0c14b668,e9357fdc-d23d-410e-8dcb-f9475c96c11c,8f421553-10c3-4fa2-9e4d-51f5bbc06cbc,KURKURAY TM,8964002347278,2,40.0,36.9,80.0,74737246-4041-42e1-b1a9-1a501d24fe22,Piece,2
4cc36358-8212-4998-b717-c83c32324373,e9357fdc-d23d-410e-8dcb-f9475c96c11c,5d858261-9ada-44bd-ab18-e97ba65193ca,fruitien Red Grape ,8964000876138,1,90.0,62.08,90.0,6074cb61-2048-4775-9804-016af2a08d4f,Piece,1
c5abd3df-b801-4aac-8e64-1dd6c2b42b5f,e9357fdc-d23d-410e-8dcb-f9475c96c11c,3576a48f-6330-4bcd-bf54-7383eca28c85,FV RED GRAPES,8961008222776,1,90.0,67.0,90.0,265a895e-8fbc-4bf6-843c-c03e044903d6,Piece,1
10f7f03d-92e6-4abf-bee2-9e4ba1796202,1c8975d4-7615-4fe7-8c26-121912bbe399,296944b9-ea79-469c-8425-f11d6e4b7eed,CAPSTAN RED,1230364618200,3,15.0,12.1,45.0,a1bc6a6f-ad8f-468b-afac-44ec8574811d,Piece,3
e4c4a1af-cebb-4cb6-bc6e-1f83faceb75b,920b3ab7-6aaa-470d-bcbe-36ad163e43d4,4b435e3a-0c1b-468c-8211-d394ff490098,lux soap,8961014268348,1,160.0,150.0,160.0,ddeecaed-7971-446d-b0c0-6da10ce32d98,Piece,1
d63296d2-e9ec-481d-bca4-2ad05d229a12,a87d3ae6-3e79-46f1-9391-7067c5b2c047,4276cb15-7ab5-4090-9a33-f37c947bddf2,umdah tea,8964004543180,1,10.0,8.5,10.0,f6b0242d-633c-4904-abe4-19f33873c70c,Piece,1
004ab090-6ba0-4c82-82a2-67a92e28ea57,a87d3ae6-3e79-46f1-9391-7067c5b2c047,974851e3-6a77-4a75-b263-4666098c4ae5,Lays Masala,8964002346912,1,70.0,63.75,70.0,177832b6-40a2-4948-af00-6754a30a0f67,Piece,1
bf36d8f1-d805-401e-8937-b20cc6e6ca1e,a87d3ae6-3e79-46f1-9391-7067c5b2c047,be44b289-416b-44a0-8b0b-a8fa12224b0c,bigg apple 500 ml ,1860074051716,1,120.0,79.0,120.0,a0286e3b-c325-40da-999b-ec304d221333,Piece,1
b60ed5e5-767f-4549-81a6-cb13dd35f134,483eb777-975f-4dc7-b1ae-15ad60f5c5c5,5a5154d9-6994-4dee-9011-efd865af1c8f,GOLD LEAF,1232097295550,1,30.0,25.0,30.0,ff8b0ab8-fd25-4bb6-aafb-a79e8e63a846,Piece,1
f6fb5a9d-42cc-436d-bb23-d20a445ac9d9,56494941-dc8e-4fca-bbdd-48762bbddec8,a0a5cd34-cdb1-4257-bbcf-8061295bca3a,lemon malt,1860236002037,1,120.0,79.02,120.0,5e6a96d5-81b1-4fc3-b9ca-4cde167b0c08,Piece,1
87377ae8-c0ae-44c5-bdba-4162e2170837,2e4fced3-ccc2-4deb-9adc-c4c8de194bcc,cdb81930-67a7-4ee9-b89a-f6d0aef5d131,Lays Wavy Y&H,8964002345809,2,50.0,45.5,100.0,def32295-544e-4cd9-9216-32e217c2571b,Piece,2
ce9a974b-697d-4c4e-bc89-9cef1e023c91,2e4fced3-ccc2-4deb-9adc-c4c8de194bcc,974851e3-6a77-4a75-b263-4666098c4ae5,Lays Masala,8964002346912,2,70.0,63.75,140.0,177832b6-40a2-4948-af00-6754a30a0f67,Piece,2
e6e0aabe-56f9-4b97-9eb9-2c264377ee93,2e4fced3-ccc2-4deb-9adc-c4c8de194bcc,44689326-5a50-45a4-89c9-4f9091c4b136,KUR KURE,8964002346288,3,70.0,57.3,210.0,4ccbb2d8-26dd-4f48-82f7-2066fc07e6e5,Piece,3
a3ca857c-bf3d-42fa-b94a-c3a8461764ba,2e4fced3-ccc2-4deb-9adc-c4c8de194bcc,e3359463-13c6-4da3-91c0-1b9d90d5012c,lays maxx cheese,8964002345861,1,100.0,92.0,100.0,e72184e5-7a95-4659-8944-b555745d509f,Piece,1
2473e397-794b-4e45-a117-ac277df84dcb,2e4fced3-ccc2-4deb-9adc-c4c8de194bcc,3687b641-5149-4ee9-b4f3-51c6aab24882,Slanty Jalapeno,671866117593,1,50.0,46.25,50.0,d4ec5476-ce22-456a-af04-663cde66c7fb,Piece,1
33f22188-6286-4310-aed3-2fa521d31679,2e4fced3-ccc2-4deb-9adc-c4c8de194bcc,22d7ac2d-02b9-4e7d-a6f3-3ace2fa824f5,slanty sour,788364955241,2,50.0,41.0,100.0,e289c88a-d6c0-462d-a936-55ecd6c00eca,Piece,2
af903623-338b-49e5-97ca-f4f0b42d868e,2e4fced3-ccc2-4deb-9adc-c4c8de194bcc,382387eb-6272-4738-b2d5-3361fa6fc3ca,Potato Sticks,671866277501,1,50.0,46.25,50.0,bc63250f-fd30-4ca2-a788-3340c09f9c89,Piece,1
ab762c81-e0ad-4f05-b79c-b59326dc0ac4,2e4fced3-ccc2-4deb-9adc-c4c8de194bcc,9ff22c81-64be-446a-a786-d1e0c60f1168,SHORT BREAD MINI BOX,8965310055664,1,50.0,42.85,50.0,86c2b66c-0197-4ee1-83b9-dd5d9a46d3bb,Piece,1
2afe1145-65a6-452b-87b9-88cbbc4fa665,2e4fced3-ccc2-4deb-9adc-c4c8de194bcc,f4ce704a-50ae-40da-ab55-b93efcf3e6de,FRISKEY CREEM WAFERS,8965310055411,2,50.0,43.7,100.0,6fa2325e-a15f-409b-9564-668bd5313526,Piece,2
55070033-0af0-4643-9053-80327ffb3988,2e4fced3-ccc2-4deb-9adc-c4c8de194bcc,0641e502-0965-44db-bcf9-104cf2a42f37,FRUITIEN Peach,8964000876480,1,60.0,45.0,60.0,469fcf86-77ad-4d28-ac5d-44cace081107,Piece,1
a91001a0-3173-4f99-b23d-feed6f9b437a,2e4fced3-ccc2-4deb-9adc-c4c8de194bcc,a7fcee9f-5f78-4516-9707-487140348ce3,Gave nector ,8964000876152,1,90.0,62.08,90.0,adc344b9-9afa-40d9-922c-5b43e2a7c43f,Piece,1
a772b7ac-c3db-4a25-8ef6-b5d6924faa2d,2e4fced3-ccc2-4deb-9adc-c4c8de194bcc,3576a48f-6330-4bcd-bf54-7383eca28c85,FV RED GRAPES,8961008222776,1,90.0,67.0,90.0,265a895e-8fbc-4bf6-843c-c03e044903d6,Piece,1
6d0a5ab7-0238-4bc2-ae03-bf628debcd3c,2e4fced3-ccc2-4deb-9adc-c4c8de194bcc,94dfb024-8c6c-405a-96d6-b55f7533632f,SPRITE 350ML,40822099,1,90.0,58.67,90.0,f6f3d17b-323d-46a3-b7a4-41b79602b907,Piece,1
2f21dd8a-b694-4938-a5a6-947e49d70bd8,2e4fced3-ccc2-4deb-9adc-c4c8de194bcc,a0a5cd34-cdb1-4257-bbcf-8061295bca3a,lemon malt,1860236002037,2,120.0,79.02,240.0,5e6a96d5-81b1-4fc3-b9ca-4cde167b0c08,Piece,2
07f57797-d237-48f8-aa0e-e2b8cd6dc2ef,2e4fced3-ccc2-4deb-9adc-c4c8de194bcc,b095b348-c33e-436a-ae51-23a0d5f1e17c,GUGRATI DELIGHT,333333005115,1,110.0,83.3,110.0,1e79a727-6d90-4178-b2e5-1eca338ed99d,Piece,1
353f02c6-4df2-4d50-b7a8-9e52e53388e4,aa2bb3f7-b484-48db-981d-5d1e3ec8b08c,6b21c075-c752-4bf7-a4c2-2a4c8441c546,sifarish khan,1232255618481,1,30.0,25.0,30.0,289e28e9-66d0-4026-9fd4-67bfa88cb04c,Piece,1
d4f2bf1a-f483-416d-a1a4-e547df1ac8d3,d98cd8d4-5254-4ffc-9e07-5666720df116,234c787c-e5e2-4047-bb07-95d114219d2e,AQUA DIRE 0.5 Ltr,5901234039710,1,60.0,22.0,60.0,bc7e8655-4e7a-409b-a5c5-6b9e2e262dff,Piece,1
6ccefd5e-2b92-44a9-8272-a64d5023e710,a56801c2-8f68-4fa3-968b-773474433bea,53950024-b47b-42d2-8eeb-120b982ce922,clear,8961014269239,2,5.0,4.6,10.0,7642bbb8-9769-41ca-b06c-1523d8dcee3c,Piece,2
b96a6413-de13-4f14-9214-200771ea41c8,b9a52873-d29d-4dd1-b18a-b36cb8c56394,009b1692-5e5e-4bec-a4a1-ad8d26f1038b,nescafe,8961008222936,2,70.0,57.0,140.0,7d471ada-c5a5-40a9-bd1c-20a030d0faf9,Piece,2
b1ca6643-e0d6-4d32-bc93-fd7d2447dd0d,b9a52873-d29d-4dd1-b18a-b36cb8c56394,3e5b2347-cad4-4573-ae1d-122c611fb125,CHOC STICK,8721274610499,2,50.0,32.0,100.0,ef191681-8765-4a72-b543-9cff19c60167,Piece,2
e3345977-1e95-4c5a-9f6c-0643103fd5db,e71d336b-879e-477a-83e6-9283c8b70280,fdc65df0-d2f4-421c-a8d7-36301c4db84f,Dew 300ml,8964000101254,1,90.0,65.0,90.0,bf1a41ca-b4d2-4417-9fd9-c774a60c54f3,Piece,1
db5f54e5-e40d-4d37-9090-c13e1a7a37c9,42c537e9-3a8a-4c1a-b983-488e7c73610b,4ea8ab87-bf13-4523-b83d-509c89f52789,hockey match stick,9231012019358,5,5.0,3.0,25.0,21683564-a53b-4d8c-a0a6-4066d1367085,Piece,5
31d90dc7-3af6-44e1-b9f6-8e9916732335,bd79d984-7119-4b23-9b64-fdee70db702a,403ea510-fb07-48bc-a730-8f1f2391b3be,STING L,8964000101704,1,140.0,105.8,140.0,7b817808-9ae8-4d8f-9f89-3f3e11cfe183,Piece,1
e15aa0d7-5a9b-4a6b-aa90-7066fa5b52f3,91b5c374-0b81-40b4-bea0-45e460b95f17,1c72d262-1df8-429e-9986-6f2c680389d3,Snacking snacks,2972437277202,1,20.0,15.0,20.0,ffc4c732-949f-486e-a5bf-92ea8a0132c4,Piece,1
a7b0fd1f-204e-40fb-9fca-42789bfe01e3,91b5c374-0b81-40b4-bea0-45e460b95f17,8af4077d-37f1-441f-936d-9507cb56ca9d,candy,1232784048698,4,5.0,3.5,20.0,7534df49-d891-461a-8b69-7d03cb9ce755,Piece,4
f897f65b-e3c6-4288-8e52-7dbe1c2a6bc9,c4053224-0ccf-417a-b549-83cfb12d2b11,1765bf04-3aa3-4abb-a936-eb28dc6f7d5b,COLA NEXT 1.5ML,8964001179009,1,180.0,130.0,180.0,9462ed19-512b-42b4-be94-a82d33392244,Piece,1
08cac106-112c-4096-b193-d1161b3f1b12,c4053224-0ccf-417a-b549-83cfb12d2b11,aeec8327-c8e3-49ae-830d-5ae48228671a,DISPOSIBLE GLASS,1233763958519,4,5.0,1.7,20.0,2bc021cb-4f78-4684-ad9e-7fae8bd628d9,Piece,4
d2b79204-f1ec-4dda-9592-37f354dacc9c,0186da67-9fe2-42c5-bd20-86685c63f608,11e1500f-9918-4f52-b396-536cdf61732a,Face Mask,1230577825976,1,10.0,5.0,10.0,edc7c94c-8476-4437-a511-ac26d89b1774,Piece,1
9d0cabb1-f246-481e-9dbf-cfbc8778769b,916b2872-a3d8-456a-93d1-233230b274b4,e07be54a-ef99-4d68-97db-58a730462337,MILANO,815082008130,1,200.0,165.0,200.0,a85e2866-0d3f-4bd2-80f6-a598982e48e0,Box,1
9922b84f-dca6-47d6-93aa-9afb63e84c0f,4d06aa12-7364-43d9-8e96-01f382e136e2,dff1cf5b-43c0-4680-8382-ae8626dc47af,lifeboy,8961014270624,1,10.0,9.0,10.0,b7a61655-08ca-49d1-8cce-7cd80df1103d,Piece,1
fa4fea23-80cb-4bda-8fdf-3d851554e55d,4d06aa12-7364-43d9-8e96-01f382e136e2,16aaea48-fe9c-4a96-8c0e-5fa79cd3fca1,cocomo,8961103500359,2,10.0,9.5,20.0,60a15580-472f-4b42-8bb2-2863cf1872c0,Piece,2
abb2893a-b403-413b-8629-512772f3d49f,b2a4b796-28b8-4b01-b992-f1e989dc204b,91ffc46b-44fc-4d7b-823e-bc162c9cf24f,bigg apple,1860071012147,1,80.0,54.0,80.0,baa1a505-ea2c-44e0-8a28-0195bd62bbb6,Piece,1
c75aa71b-c1fb-46fa-83bd-0aa620f7380b,bfd1ac82-9e2c-4e8a-98ff-029d1b0dfe11,0eb9cf00-60aa-4cd6-8066-53d5ae50744f,Krisko,1512141510502,1,50.0,41.0,50.0,26690d5c-9213-4cf6-945e-50faa2e9b147,Piece,1
9e2f79c0-a420-4a56-aa9a-dc0fca6b40b3,986e1fda-9d87-4464-b630-305256400b41,8af4077d-37f1-441f-936d-9507cb56ca9d,candy,1232784048698,2,5.0,3.5,10.0,7534df49-d891-461a-8b69-7d03cb9ce755,Piece,2
439b8b5b-d3e4-4ca6-b877-2aa9fe058678,ce53ad40-8890-41a3-bd65-427bc82ee32d,296944b9-ea79-469c-8425-f11d6e4b7eed,CAPSTAN RED,1230364618200,2,15.0,12.1,30.0,a1bc6a6f-ad8f-468b-afac-44ec8574811d,Piece,2
3bcce7a3-aaf6-4811-9e5b-dfff420e77d1,bb906555-57d4-45d3-87fd-ea54f4829185,403ea510-fb07-48bc-a730-8f1f2391b3be,STING L,8964000101704,1,140.0,105.8,140.0,7b817808-9ae8-4d8f-9f89-3f3e11cfe183,Piece,1
b6febc86-a904-41c8-966c-74255d132943,0c969bc8-9b21-45c9-8207-521b88e33919,ebaad222-dc4f-4b0e-813d-34b46a43bdd6,Double Trouble,8721274610574,1,40.0,28.5,40.0,d4cdbb07-35fe-4ead-aa6d-66aaa1e207f6,Piece,1
b7e18684-58c1-4686-9101-77887136c6c1,0c969bc8-9b21-45c9-8207-521b88e33919,85681bdc-ee0e-4592-bf40-94b1d13d0e85,candi,8961003674228,1,10.0,9.0,10.0,b848b8b4-36fc-4af7-bd0d-f7258c18b02c,Piece,1
bcc804e9-6683-4610-8942-213b4c95a475,ef14c1f8-8ad6-4b47-bd7a-d130d61fba1f,d332f9d9-15a6-4d44-8da6-8e9218c5e56b,VELO PURPLE GRAPE 3DOT,6253341432076,1,250.0,160.0,250.0,1a8fde90-b90f-4026-bffc-b1e758084749,Piece,1
a2f18271-c9bd-40c9-adc6-a5ffa0d96733,48143e2d-43e3-4f86-8590-e0eed55bef1a,16362686-2492-41ca-8a06-b4a85dc639ac,PUIREFINE 1.5-Ltr,1230434764202,1,110.0,45.0,110.0,9230ea9d-4f0b-4d85-bbb3-4e890ef1891b,Piece,1
38c0808c-e0c6-4283-9da6-a1904c110656,48143e2d-43e3-4f86-8590-e0eed55bef1a,aeec8327-c8e3-49ae-830d-5ae48228671a,DISPOSIBLE GLASS,1233763958519,2,5.0,1.7,10.0,2bc021cb-4f78-4684-ad9e-7fae8bd628d9,Piece,2
e94d493c-5da6-4b35-8d63-f0629aeccef3,266a2318-bd04-4650-ad31-c5590e5dafe2,cf4ddc79-69f8-4b07-9756-99c625450f8d,Dew 500ML,8964000101094,1,130.0,91.66,130.0,b2834b37-c0ae-46a1-a403-d2aab65cab25,Piece,1
d257c8d1-f52a-4bad-9f4b-7971b625d5bc,8194800f-b5c7-4b9a-a6c9-5041435f79b2,75501454-681d-4cba-b455-b3b313fbbb80,Revive lychee,8964002344468,1,50.0,41.0,50.0,1cde4b9d-cc60-4a18-bc99-7555e62c3b49,Piece,1
b7e64093-ff5d-436c-b662-2d8bf4441ad0,b97ac95b-995c-4761-82a6-c073f0a13f77,174870e4-ce0b-4aa4-9be0-ff3a22efc133,cappy pulpy,87126754,1,150.0,113.75,150.0,5fd1acd6-c895-40a5-ae45-8c01bc47d39f,Piece,1
de1e3a71-4028-4e72-9511-2144d8aeec61,b97ac95b-995c-4761-82a6-c073f0a13f77,86ea46f0-ada7-4089-ba74-ca14d951b2fb,Osaka tape,1236323735131,1,60.0,25.0,60.0,1a5ddad4-afa8-43ff-9112-068db838e1d1,Piece,1
542f559f-aafd-4c2a-8f2c-12ec0bd921f8,9ca2e4e1-eece-4b69-8636-f36040b440dd,2f955768-b5b4-43c0-ae31-94d6a7355291,SPRITE 1.5,5449000012203,1,210.0,164.0,210.0,c988a08a-4ece-4c1d-aec6-51d386f48291,Piece,1
04776fd7-3e01-4a76-8031-f6c96f26b30f,9ca2e4e1-eece-4b69-8636-f36040b440dd,c3551759-c1ef-47f5-b230-77bce4c2f476,Brite s/pack,8886950015279,2,10.0,9.17,20.0,65d64d63-9e6f-4416-9618-7a79123a69a1,Piece,2
0f683658-9d35-4051-a32d-a87dc734ee05,43daa3a9-b02c-4028-81c5-7377b04067cc,5c4f5e37-2d3f-4846-84b9-cc715d554f71,Jello ice black,6943182869628,1,1180.0,450.0,1180.0,508fe5cf-94f4-4722-bd41-1313b73535c5,Piece,1
13d96319-d9c6-4154-8218-8c4da69a62a2,7399a2ef-49d1-4e81-86fe-39284b51f662,64a3544f-c7d2-4af5-bff5-57ab2133cf59,Dayfresh Pista Zafran,8964000816509,2,150.0,97.5,300.0,d9b92311-dc28-4369-930f-2ef418a42c67,Piece,2
c5c25654-7f65-4c25-828a-009073603f06,984aedd9-f69f-4206-9f0c-5a5249327c2e,89f4f035-f9a1-4494-a13d-25aea03393fc,Cornetto Strawberry,8961014032239,2,90.0,76.5,180.0,8f48d8d3-dbb8-4cd5-9d62-c9ae8c01c33b,Piece,2
88e53a6b-4b14-4eb6-9750-7f773f2a0cff,984aedd9-f69f-4206-9f0c-5a5249327c2e,296944b9-ea79-469c-8425-f11d6e4b7eed,CAPSTAN RED,1230364618200,6,15.0,12.1,90.0,a1bc6a6f-ad8f-468b-afac-44ec8574811d,Piece,6
188bc07b-44e1-48ad-a19d-1e2b9b0989eb,984aedd9-f69f-4206-9f0c-5a5249327c2e,5a5154d9-6994-4dee-9011-efd865af1c8f,GOLD LEAF,1232097295550,1,30.0,25.0,30.0,ff8b0ab8-fd25-4bb6-aafb-a79e8e63a846,Piece,1
279d9663-96cc-4a53-acd3-31acf1efc47b,959f2103-d9ac-4fda-9e1b-75daa1a55acd,c2c96412-231a-4358-bce0-56812108d9cd,Murree Sparkletts,1860201136811,1,60.0,36.6,60.0,4138b755-fa84-439d-8b58-a5c673938dd0,Piece,1
97deb12b-f5b2-41cd-b554-5fffc18705e2,2d475c76-cc16-4085-9c1f-4031240c9448,2e05b95c-e835-4a82-8782-dfad81273e96,JIBIAR MANGO,8682560990995,2,550.0,175.0,1100.0,d2e3122d-e2f1-42de-a299-079b684be6e9,Piece,2
ec95f375-1099-4530-93e0-39dae04a70b6,2d475c76-cc16-4085-9c1f-4031240c9448,52bf1906-6c4b-4377-a8a9-9ff03965161c,BBQ QUICK COAL,6930410565285,2,150.0,55.0,300.0,0f605613-b083-4714-bfcc-82233ceb1a66,Piece,2
d98e21e4-dcdf-466c-b3ca-9d2ee49e8cf9,2d475c76-cc16-4085-9c1f-4031240c9448,b94ee8e6-f0cc-485b-a301-192386172a7a,FOILS,802084136213,18,20.0,5.0,360.0,a6e669d5-23d2-4292-a43e-62205a202310,Piece,18
c01ddcf8-30b6-48d2-8fec-480c3b6e292a,f86d89f8-3498-47b0-b22d-bcddf844931b,e89768c3-9e0e-472e-b8fe-ca33136480e6,lemon max pouch,8886950099514,1,225.0,200.0,225.0,49d66224-083c-4065-82fa-185368c7b179,Piece,1
d3c7d2c5-5e95-42a3-8ffe-a6e8c5ea08c3,f86d89f8-3498-47b0-b22d-bcddf844931b,8af4077d-37f1-441f-936d-9507cb56ca9d,candy,1232784048698,5,5.0,3.5,25.0,7534df49-d891-461a-8b69-7d03cb9ce755,Piece,5
95e79cbd-025e-48a9-9385-b5755d075eb3,8c56d905-d792-49f9-878e-d85a3d033c92,296944b9-ea79-469c-8425-f11d6e4b7eed,CAPSTAN RED,1230364618200,3,15.0,12.1,45.0,a1bc6a6f-ad8f-468b-afac-44ec8574811d,Piece,3
3320f200-70f1-473b-b58e-42d43adbbe2e,8c56d905-d792-49f9-878e-d85a3d033c92,8af4077d-37f1-441f-936d-9507cb56ca9d,candy,1232784048698,1,5.0,3.5,5.0,7534df49-d891-461a-8b69-7d03cb9ce755,Piece,1
6da7d087-98fe-4a1d-ba92-5c3bf6d1f4b6,26261ec3-2978-4be9-a342-0657164755a9,403ea510-fb07-48bc-a730-8f1f2391b3be,STING L,8964000101704,1,140.0,105.8,140.0,7b817808-9ae8-4d8f-9f89-3f3e11cfe183,Piece,1
2c67a18a-24b8-4ad2-957c-c5bd42a66be1,f8522d09-7cab-41a6-b1e1-d5b9bd0dc136,7794b2d9-b07a-46be-8246-8961363365f9,Raniu,8964002997916,3,150.0,95.83,450.0,e31daf12-8420-4114-a15b-e870707dde0f,Piece,3
36a59198-5f90-4742-8c66-28f3b2ac6573,b350a751-8792-42d5-b521-eb10766a17a7,234c787c-e5e2-4047-bb07-95d114219d2e,AQUA DIRE 0.5 Ltr,5901234039710,1,60.0,22.0,60.0,bc7e8655-4e7a-409b-a5c5-6b9e2e262dff,Piece,1
557b673e-fbe0-4f12-b67e-f0eafcfdced6,8903f421-a66a-4951-afbf-5a3a9f3249f9,234c787c-e5e2-4047-bb07-95d114219d2e,AQUA DIRE 0.5 Ltr,5901234039710,1,60.0,22.0,60.0,bc7e8655-4e7a-409b-a5c5-6b9e2e262dff,Piece,1
5c77a6aa-a0a2-4a9f-8017-67c5da9d0a18,8903f421-a66a-4951-afbf-5a3a9f3249f9,61ba2de0-2ecb-4960-beba-e4f64f4e5661,Mango fruit drink,8964003765781,1,200.0,95.83,200.0,5f493b81-3168-4c9f-bb65-1cec6fe8e062,Piece,1
e1bba068-c237-46e9-809e-455b7baf77ee,8903f421-a66a-4951-afbf-5a3a9f3249f9,5e38679d-6413-4f2c-8dea-c53d50116951,Bazooka,725765020536,1,100.0,58.33,100.0,54853cdb-84f4-4f9e-9880-ce52951e8721,Piece,1
73ebe49e-4a03-428d-b5ec-104a717205d8,5825c2f4-76da-4a3d-a233-b75cbf2b6e96,d332f9d9-15a6-4d44-8da6-8e9218c5e56b,VELO PURPLE GRAPE 3DOT,6253341432076,1,250.0,160.0,250.0,1a8fde90-b90f-4026-bffc-b1e758084749,Piece,1
2685b6e9-d971-4207-af7d-0bce74e46dda,aad957c1-66fc-4fb2-a327-2bc966ec0993,91ffc46b-44fc-4d7b-823e-bc162c9cf24f,bigg apple,1860071012147,1,80.0,54.0,80.0,baa1a505-ea2c-44e0-8a28-0195bd62bbb6,Piece,1
bc961d7a-22c2-4442-b058-d6e40fa3ce88,aad957c1-66fc-4fb2-a327-2bc966ec0993,fc973d06-9999-433b-9a73-7f752c73233d,chip hop c,8961102505485,3,30.0,27.91,90.0,57413692-b5d5-496e-a7a7-439dc7c060a7,Piece,3
f20b54d4-351d-451c-9376-947150c3bd66,aad957c1-66fc-4fb2-a327-2bc966ec0993,5965aa5a-ec28-44e1-acac-1fc2adfe86f7,Rite,8961102507601,1,30.0,27.92,30.0,d3173a94-f873-4b49-a7d8-4b25e40cb8b9,Piece,1
412ebe35-ab13-44b1-b688-f7e4755f3a65,aad957c1-66fc-4fb2-a327-2bc966ec0993,296944b9-ea79-469c-8425-f11d6e4b7eed,CAPSTAN RED,1230364618200,3,15.0,12.1,45.0,a1bc6a6f-ad8f-468b-afac-44ec8574811d,Piece,3
b8994f1f-6a16-40be-bbfe-0f7ac8841f2e,7ce4f3ea-645b-48a0-ae03-010e8d5f631f,fdb8766b-6fe2-448b-9d04-0711c389fbd0,popcop,745240202448,1,50.0,40.0,50.0,538ca8b9-68cb-4e40-8642-65d3d3d65323,Piece,1
afea0fe5-0f1a-45cc-a750-c1e88080fa01,7ce4f3ea-645b-48a0-ae03-010e8d5f631f,c75320df-735c-44fe-b32d-46b0170ef53a,Lays Masala,8964000090428,1,100.0,92.3,100.0,b77ba773-b9e7-4763-9761-47c66a223bd9,Piece,1
f3cd4f06-4f64-46ff-97d9-389a6147d07f,7ce4f3ea-645b-48a0-ae03-010e8d5f631f,1e6935b5-f19e-4bed-b5d3-be70952a3f7d,TWICH,671866277891,1,50.0,45.83,50.0,b24542d2-182c-4f6b-ad05-efbdbd462b88,Piece,1
03b61d03-d80b-4dcc-81ba-a41e3dbdc8b2,7ce4f3ea-645b-48a0-ae03-010e8d5f631f,975afaa4-6f19-4b65-b8ba-ec64f86f41cb,Lays Y&H,8964002346905,1,70.0,64.75,70.0,ed65e660-cda7-4d73-8f09-7920617be844,Piece,1
f36d86d1-7854-4ad0-89fb-4cd17735170f,7ce4f3ea-645b-48a0-ae03-010e8d5f631f,7fe3ad7f-9f94-4ad8-89a5-771214b5dd1a,Choco Lava,8964003591533,1,40.0,36.0,40.0,22aa23fe-3835-4613-9d85-4bb2a3ca6bb7,Piece,1
6f5f411c-6180-4378-bfed-d7107e11dabd,7ce4f3ea-645b-48a0-ae03-010e8d5f631f,826c0da6-b0aa-4c8a-a024-a17c10878f2f,milk pack,8961008022185,3,100.0,87.7,300.0,fab81662-9567-4d14-93ef-507465b7294c,Piece,3
7df01492-e735-45d8-8f7c-2fbecee126e5,0a707678-dd82-4e8c-aff9-c44ff5a6a0ec,2283ba0b-9ecd-4cff-a3d2-a3eefb114b31,COLA NEXT 300ML,8964001179702,1,80.0,51.66,80.0,9f977eed-d4eb-44da-950f-ff66decd80cd,Piece,1
f8475e5d-fcbe-42e2-bd84-8b42593ade1e,0a707678-dd82-4e8c-aff9-c44ff5a6a0ec,ebaad222-dc4f-4b0e-813d-34b46a43bdd6,Double Trouble,8721274610574,2,40.0,28.5,80.0,d4cdbb07-35fe-4ead-aa6d-66aaa1e207f6,Piece,2
8bf508e1-a3e2-4e70-b12e-44cd4418d38e,5a3fe300-b7c9-49d2-90c1-fbaecaf4c4ab,20a6b7b0-b32d-4ef7-a68f-a34e139e6aa7,Fruiten joy Mango,8964000876466,1,70.0,45.41,70.0,0e8ea209-a7c4-4e46-aaf4-45fd453bdec9,Piece,1
25c1dd63-8367-4c5d-9588-2de4bae81e45,5a3fe300-b7c9-49d2-90c1-fbaecaf4c4ab,477ef534-005d-42fb-9cdb-ae0e6e0e4624,Lays Masala,8964002345595,1,50.0,46.0,50.0,3294cf9e-a80d-4e5a-bb6f-3a8fd4122ffc,Piece,1
2223bc35-ff7b-4d54-87eb-74388fa2a2bf,7fa3712b-3519-4524-b2ba-c0097d926559,2191b979-dc6b-4487-a5db-4f4248da979b,LAYS CLASSIC,8964002345632,1,30.0,27.66,30.0,6e04bce6-7dc2-422b-aba8-ff080af9ddae,Piece,1
a575ec0a-b22b-43b8-b584-fb38ba7ada01,7fa3712b-3519-4524-b2ba-c0097d926559,9e73246d-b818-48a5-ab53-17dba5978e4c,GALA,8961003020520,1,30.0,27.0,30.0,c25c4be2-e397-401a-9b3c-294470d6e84b,Piece,1
1894456b-1962-4e7a-ba79-46e98c2681df,7fa3712b-3519-4524-b2ba-c0097d926559,7d11d4df-29d6-4184-854f-ebbcea218897,COCONUT,8961003021732,1,50.0,45.0,50.0,bf56facd-28fe-4957-bfa9-f7b4f0a1eab7,Piece,1
d47ae581-2ac6-4f64-b1bf-bb2e26184924,c8ab7a84-74c0-4ffa-be1e-7c2be5695bc2,8845956e-b9eb-4935-a785-b670f21f8023,Divine,8961103503640,1,40.0,36.0,40.0,16c3c46e-3594-4d9d-a1d2-9e9c94245102,Piece,1
1839cc57-d8e2-43a4-8634-ca9f9410204f,8f3fc068-ad53-46fc-9d24-d9128240a71d,7d13ff9e-67b5-4210-984f-2b93af7e5a67,MACHO NACHOS HOT,8966000039612,1,80.0,72.0,80.0,b40319d8-887b-4350-b4f0-2a5a8efd52f3,Piece,1
02837539-2ad3-40ce-825c-7be6c593a01c,daf0ad9e-2035-4c81-ad1b-f4349b100afa,8af4077d-37f1-441f-936d-9507cb56ca9d,candy,1232784048698,2,5.0,3.5,10.0,7534df49-d891-461a-8b69-7d03cb9ce755,Piece,2
8819cee2-7389-44e9-b880-b3e1300f68a5,4e0a0f5b-5c27-446a-aa0b-9490a653ed8e,986fdfa7-0d1f-4581-980f-f56c15fe2708,dayfresh chocolate,8964000816516,1,150.0,97.0,150.0,6922c626-8f0e-463a-aa49-2c8a8df73c59,Piece,1
2f425352-67dc-4766-a21f-48c8223a3d20,4e0a0f5b-5c27-446a-aa0b-9490a653ed8e,d708baee-e4e6-44b7-89a0-5214eeebce4f,prince chocolate,8961003612572,1,50.0,45.0,50.0,556d6997-f2ee-4658-8b85-23a47795b274,Piece,1
67997b15-bcd5-4b2c-a6fc-6d4a95b7ddb2,0718a680-06a1-4fd4-809b-b6739fe28819,53109ff7-89f7-4310-8b54-a08bcb3fe1f7,BONJOUR H$ B,725765019059,1,60.0,31.0,60.0,d4cf5872-cf25-4c27-99ba-efdf91572921,Piece,1
6145e36a-14f4-4521-b87c-88966e5d3861,0718a680-06a1-4fd4-809b-b6739fe28819,382387eb-6272-4738-b2d5-3361fa6fc3ca,Potato Sticks,671866277501,2,50.0,46.25,100.0,bc63250f-fd30-4ca2-a788-3340c09f9c89,Piece,2
80cdbba3-6eaa-4229-b2ce-a6481cee45f1,0718a680-06a1-4fd4-809b-b6739fe28819,dff1cf5b-43c0-4680-8382-ae8626dc47af,lifeboy,8961014270624,2,10.0,9.0,20.0,b7a61655-08ca-49d1-8cce-7cd80df1103d,Piece,2
dac3f5e6-d1eb-4b58-86a2-a882fef59a62,230c299b-3bfb-40ac-9470-e14459621b17,9863fa08-b141-4a19-959c-fc1dae64e577,pepsi 1.5L,012000800085,1,210.0,163.0,210.0,8e6db930-330d-46af-a62c-e673e3d938a7,Piece,1
f3ac56e9-235f-4749-8432-1188284570e7,dcae372f-4a70-45b4-9775-25bb4adea526,296944b9-ea79-469c-8425-f11d6e4b7eed,CAPSTAN RED,1230364618200,3,15.0,12.1,45.0,a1bc6a6f-ad8f-468b-afac-44ec8574811d,Piece,3
d5306eda-47ef-44e7-ba21-5b0d02ec42ea,dcae372f-4a70-45b4-9775-25bb4adea526,8af4077d-37f1-441f-936d-9507cb56ca9d,candy,1232784048698,2,5.0,3.5,10.0,7534df49-d891-461a-8b69-7d03cb9ce755,Piece,2
1fc27183-07a5-4912-85a0-60328d149406,0abaaaf5-a0d6-477f-8ece-8114b921caeb,296944b9-ea79-469c-8425-f11d6e4b7eed,CAPSTAN RED,1230364618200,2,15.0,12.1,30.0,a1bc6a6f-ad8f-468b-afac-44ec8574811d,Piece,2
b7f7e96a-8bb5-41b9-8332-9a21159618d2,328cba15-e245-4582-9c82-f84fffae5770,296944b9-ea79-469c-8425-f11d6e4b7eed,CAPSTAN RED,1230364618200,3,15.0,12.1,45.0,a1bc6a6f-ad8f-468b-afac-44ec8574811d,Piece,3
1fd52118-9374-4252-a463-ab43a001be9c,328cba15-e245-4582-9c82-f84fffae5770,4ea8ab87-bf13-4523-b83d-509c89f52789,hockey match stick,9231012019358,1,5.0,3.0,5.0,21683564-a53b-4d8c-a0a6-4066d1367085,Piece,1
e39a5029-ea20-498e-9e6b-d9653f6c7067,05c4416f-f1f8-471d-adf5-fe0c9162917a,477ef534-005d-42fb-9cdb-ae0e6e0e4624,Lays Masala,8964002345595,1,50.0,46.0,50.0,3294cf9e-a80d-4e5a-bb6f-3a8fd4122ffc,Piece,1
4b5a03a7-b787-4f64-9161-6ed199b3e375,05c4416f-f1f8-471d-adf5-fe0c9162917a,44689326-5a50-45a4-89c9-4f9091c4b136,KUR KURE,8964002346288,1,70.0,57.3,70.0,4ccbb2d8-26dd-4f48-82f7-2066fc07e6e5,Piece,1
37e59630-024c-486c-8a50-d855a9368aeb,05c4416f-f1f8-471d-adf5-fe0c9162917a,52f92909-4f6b-4fa3-9e05-27568f34110f,4U MASALA FLAVOUR,8964000579626,1,50.0,45.0,50.0,f1225cd2-cbef-42f9-9008-cb8dbd34300e,Piece,1
d7a95c63-d9d6-4ce1-80ff-a8be3aa34bf2,05c4416f-f1f8-471d-adf5-fe0c9162917a,382387eb-6272-4738-b2d5-3361fa6fc3ca,Potato Sticks,671866277501,1,50.0,46.25,50.0,bc63250f-fd30-4ca2-a788-3340c09f9c89,Piece,1
f5940131-e696-481f-b29f-2135f745d267,05c4416f-f1f8-471d-adf5-fe0c9162917a,ffc003aa-21e0-490a-942f-d3f537fd624d,TASTEUP MASALA,8452624486043,1,60.0,44.0,60.0,e602fe2e-58c3-4460-a2fc-de0e3bcc595f,Piece,1
c20fe9b7-bc02-4bf1-bc03-eb6a32392ed0,05c4416f-f1f8-471d-adf5-fe0c9162917a,514d46ef-9706-43e2-98e7-dce570579f6c,Lays T BBQ,8964002346806,1,70.0,63.5,70.0,1a8b83aa-3bdd-4f01-9033-54e7e2048ccd,Piece,1
410edc84-98d2-4e72-9f18-adb0054f8dc5,05c4416f-f1f8-471d-adf5-fe0c9162917a,975afaa4-6f19-4b65-b8ba-ec64f86f41cb,Lays Y&H,8964002346905,1,70.0,64.75,70.0,ed65e660-cda7-4d73-8f09-7920617be844,Piece,1
65708462-da87-46fe-ac87-0c9e7c8191ea,360c6370-4f25-4b50-8222-2478ad4403b7,35975484-bb93-4bfb-97c2-d359b967925e,paradise,870572004665,1,10.0,9.0,10.0,8bd05ef6-f7f5-4c81-8fd1-f7a9ff3b1af8,Piece,1
81cfa001-e9ee-4432-9808-85710cb32be5,80abd638-0613-48e8-b37c-bed77e95d720,85594582-8fac-4e45-97aa-fb017eedf3ed,Tuc,8961003622625,1,50.0,43.0,50.0,5d3f27a0-ef98-4aef-bdc0-09fb857dca97,Piece,1
8c7d1cb1-7a18-4bab-9d86-3dbcd663734b,80abd638-0613-48e8-b37c-bed77e95d720,296944b9-ea79-469c-8425-f11d6e4b7eed,CAPSTAN RED,1230364618200,2,15.0,12.1,30.0,a1bc6a6f-ad8f-468b-afac-44ec8574811d,Piece,2
005f6a14-91ac-4ebb-a4b7-ceb0129ae91b,87025ec0-c1b9-4330-ab75-e3ffb59a9895,e55f9b15-e456-4841-9cb1-f57f07bf46b8,FRUITIEN APPLE,8964000876503,1,70.0,45.41,70.0,4eea30fe-1cb9-411a-84f7-1da5f5b3e6c2,Piece,1
2b82306a-0ee5-47ae-b1a3-60818dede528,6a2ee616-590f-4c18-8b83-a2294d9eda1d,9ed78d65-19ca-4518-a662-46285b964c38,zyn fresh mint 3 dot,89602010,1,180.0,100.0,180.0,ae838aa6-1c03-41f6-9cd8-704da336c7cc,Piece,1
f4a70d01-4570-4e26-bb32-8f3591afc971,44d19c70-60a3-4ba1-9cdd-ab29dc764a2e,75501454-681d-4cba-b455-b3b313fbbb80,Revive lychee,8964002344468,1,50.0,41.0,50.0,1cde4b9d-cc60-4a18-bc99-7555e62c3b49,Piece,1
a4a2c9d6-2b55-4f45-92df-ed4b6a844ec0,05240cec-8da3-4adc-9751-c6242050fb83,61208acb-3d9e-41b2-a1ed-a65aef55d3da,knorr chattpatta,8961014038200,2,50.0,47.0,100.0,6911d27f-a24a-40c5-8761-c6954c0a797b,Piece,2
a27a9c15-3f10-4288-a2c0-5130a41c112c,645327f2-845b-417f-a663-2763e634f58f,46fcc52a-54e1-47b8-bef1-78bb52b29da2,FIZUP NEXT,8964001179429,1,160.0,111.67,160.0,c8f6e100-57d8-4a27-b7e1-f22b1c116851,Piece,1
960806b3-b9f6-4451-909e-12124389598b,5a33fc49-0e70-4d65-a096-b69304cf231d,16362686-2492-41ca-8a06-b4a85dc639ac,PUIREFINE 1.5-Ltr,1230434764202,1,110.0,45.0,110.0,9230ea9d-4f0b-4d85-bbb3-4e890ef1891b,Piece,1
b5539e8d-da80-4331-b27c-3ad6192480a3,31eb6efe-ce97-4894-9278-0636950a732b,c29592e5-7d33-4be2-b0db-e2260100c5d2,Dare Next,8964001179788,1,80.0,50.83,80.0,f4fd6bb6-5b75-488b-9300-7a5e9b6f95b8,Piece,1
f5a9810c-10a2-4a56-ac9e-bfedc67e84dd,31eb6efe-ce97-4894-9278-0636950a732b,91ffc46b-44fc-4d7b-823e-bc162c9cf24f,bigg apple,1860071012147,1,80.0,54.0,80.0,baa1a505-ea2c-44e0-8a28-0195bd62bbb6,Piece,1
c506b04a-a06e-4a3c-9165-bcdbff9cfa51,6a6786b0-7ceb-463a-9b08-57883b2071e8,a8c690d8-15f1-493e-9507-c2f9ed786483,Peanut pik,8964004770616,1,50.0,46.0,50.0,76df9348-eb2d-49e1-91c8-39c3cbfd7d3c,Piece,1
1f101cc2-c5b1-4295-9158-eac226db24ce,4a853f2f-9cfe-4565-973e-83a0b6690741,e89768c3-9e0e-472e-b8fe-ca33136480e6,lemon max pouch,8886950099514,1,225.0,200.0,225.0,49d66224-083c-4065-82fa-185368c7b179,Piece,1
12e5f2e0-c98c-4a77-8bc7-a5d4b26c4797,4a853f2f-9cfe-4565-973e-83a0b6690741,ae973236-8bea-4d7c-bcfc-2e96b5e5964f,flash magic,9874584425457,1,60.0,50.0,60.0,dbb836de-6e4f-4d4b-a1b8-efe793bb333a,Piece,1
b251b736-e245-49ff-904a-b9cd6b7552d6,4a853f2f-9cfe-4565-973e-83a0b6690741,d5d6372c-5ed7-4b72-998a-708be9b074c3,SUGAR 1/2 KG,1234623077739,2,80.0,72.5,160.0,5426f909-c940-4530-aff4-f6caca3a7bb0,Piece,2
e3065a65-2c22-4246-bb12-5d4ff7caabbe,4a853f2f-9cfe-4565-973e-83a0b6690741,78038f8e-0382-450f-af32-2ff47f888236,knorr,8961014038385,4,50.0,32.0,200.0,cab2d6c1-00cd-462e-a2e7-52fbde283871,Piece,4
52745f54-8fa1-43a3-be9c-ccc233ee8faa,4a853f2f-9cfe-4565-973e-83a0b6690741,151d1f9a-760c-4527-b82b-298ce6f28e12,RED CHILLI POWDER,5465224455817,1,90.0,65.0,90.0,5a430b05-e021-47ae-8a1c-da7a2e0089b3,Piece,1
290ee1ce-c153-4ee6-96a7-edcc3ad2f1a0,4a853f2f-9cfe-4565-973e-83a0b6690741,6e609b5a-1ddc-49e5-8671-2c94cad76beb,national salt,620514001166,1,70.0,50.0,70.0,708a8e44-217f-47cd-a368-f6988840193d,Piece,1
93d0f1c0-72b5-4c3d-ab34-1acd4a66b4fb,4a853f2f-9cfe-4565-973e-83a0b6690741,49d0da8d-0715-45bb-8ed2-bfeb311f210f,lays y$h,8964000103784,4,20.0,17.0,80.0,aa53ae6a-2e7f-4333-8645-91a01ffefc95,Piece,4
c903bde6-16e5-4629-86f2-66e751eb9a03,4a853f2f-9cfe-4565-973e-83a0b6690741,bdfbec09-02b6-43e1-834e-c6f25f2250da,egg,1239923458738,12,22.5,20.44,270.0,bdd4c51e-e07c-42e7-b727-d85d00d994f8,dozen,1
20dc67a9-8828-4df3-8d9c-f87d57691c37,4a853f2f-9cfe-4565-973e-83a0b6690741,c6cd7ad3-c93a-477b-822c-af080fb159f3,frisky cream chocolate wafers,8965310055121,4,30.0,24.9,120.0,c82c319e-7d96-4fbd-93f5-12e516cbc4b0,Piece,4
0ba162c8-a84f-44a8-b288-87beb8add857,4a853f2f-9cfe-4565-973e-83a0b6690741,6f62f74f-7ee8-42e9-9657-15f8ca0cea38,frisky cream,8965310055183,2,50.0,43.7,100.0,9533f3ca-1b22-4f01-bfdd-4249b8c23f91,Piece,2
a6221d2b-e414-4d87-935a-1b5b3d56873b,4a853f2f-9cfe-4565-973e-83a0b6690741,052bc035-870d-4abb-8648-338b99bea7d6,MELLO,8964001435525,4,10.0,9.0,40.0,1eb8706e-7c5c-4b63-9af0-311768873056,Piece,4
222d5e3d-9a9a-4a29-953d-06f12a692fcb,4a853f2f-9cfe-4565-973e-83a0b6690741,f4ce704a-50ae-40da-ab55-b93efcf3e6de,FRISKEY CREEM WAFERS,8965310055411,2,50.0,43.7,100.0,6fa2325e-a15f-409b-9564-668bd5313526,Piece,2
20a177d8-b958-46e2-bb26-08d4bfd1c35d,45da4f35-5879-4ef5-b90e-955f71f2e85a,2f955768-b5b4-43c0-ae31-94d6a7355291,SPRITE 1.5,5449000012203,1,210.0,164.0,210.0,c988a08a-4ece-4c1d-aec6-51d386f48291,Piece,1
cfbea65c-3a66-4611-883c-504b19fb00b5,774b4e75-1e77-4d67-83bb-e8d93fcf5d59,a0a5cd34-cdb1-4257-bbcf-8061295bca3a,lemon malt,1860236002037,2,120.0,79.02,240.0,5e6a96d5-81b1-4fc3-b9ca-4cde167b0c08,Piece,2
eca9bed0-8688-48df-a0f4-97ac160cfd00,774b4e75-1e77-4d67-83bb-e8d93fcf5d59,ec7e53a0-f5c0-4e2f-8823-38bbc73deef1,LAYS MASALA,8964002346394,1,150.0,138.16,150.0,95715c14-fd62-44c7-924b-822fdf750341,Piece,1
4160314e-965b-42e5-83a9-67445003da61,776b750b-b266-4915-9973-917ae00d13af,dff1cf5b-43c0-4680-8382-ae8626dc47af,lifeboy,8961014270624,1,10.0,9.0,10.0,b7a61655-08ca-49d1-8cce-7cd80df1103d,Piece,1
b67c00f4-5b47-4be7-84fa-23acd6c85c96,e9a74639-d2dd-4ce4-bdf1-423dd8250663,df83db32-d270-4a08-8f67-85f4967a923d,Red & White,89600320,1,10.0,9.5,10.0,4c010ae2-567a-4d9a-a3ee-7be8b0099de4,Piece,1
4ada1cc8-8b94-47cd-8d8b-2fc64b45f368,f22a9f45-6c19-473d-9a93-19224cc5165c,b258a220-1bd4-4220-9fab-fbcde9a7137c,snakers,671866117449,1,50.0,46.0,50.0,b4354e1e-d9f6-45a0-a1c1-3d69aa6c5c70,Piece,1
045e2611-cd26-4b1b-bfa6-7125d6c00991,1480d31b-1b4b-4218-988c-0cf26e8e5af9,986fdfa7-0d1f-4581-980f-f56c15fe2708,dayfresh chocolate,8964000816516,1,150.0,97.0,150.0,6922c626-8f0e-463a-aa49-2c8a8df73c59,Piece,1
89308e5f-5f82-455d-9eb0-2472801ab484,1480d31b-1b4b-4218-988c-0cf26e8e5af9,052bc035-870d-4abb-8648-338b99bea7d6,MELLO,8964001435525,1,10.0,9.0,10.0,1eb8706e-7c5c-4b63-9af0-311768873056,Piece,1
3920c565-1162-4942-b803-4c032c2a72ab,1480d31b-1b4b-4218-988c-0cf26e8e5af9,e5fb358c-53bd-40df-83e4-0eb877f39b25,Mi Amor,8961102505522,1,40.0,18.0,40.0,64fb42f5-6524-4de3-a3d5-b4f1e9eef544,Piece,1
caf475c9-a255-479b-9fea-6995b04304e5,1480d31b-1b4b-4218-988c-0cf26e8e5af9,49d0da8d-0715-45bb-8ed2-bfeb311f210f,lays y$h,8964000103784,1,20.0,17.0,20.0,aa53ae6a-2e7f-4333-8645-91a01ffefc95,Piece,1
beef1bca-4a0a-4a43-8c42-e3509ea06784,1480d31b-1b4b-4218-988c-0cf26e8e5af9,477ef534-005d-42fb-9cdb-ae0e6e0e4624,Lays Masala,8964002345595,1,50.0,46.0,50.0,3294cf9e-a80d-4e5a-bb6f-3a8fd4122ffc,Piece,1
842acd27-5c32-42e2-b325-87efad9b6b0b,742faff9-7bf4-4753-ba8c-ebde4b23a7fd,9f61e160-7af9-471d-87df-a7c46405286f,paddle pop VANILLA CUP,8721274610468,1,40.0,34.0,40.0,15b2f430-290d-46a5-870b-99d701ce42b7,Piece,1
385985aa-6ab0-4fca-a6aa-eedbec381a31,691ba448-0aaf-46e7-b6e1-9e5e1aa3c24e,5e38679d-6413-4f2c-8dea-c53d50116951,Bazooka,725765020536,1,100.0,58.33,100.0,54853cdb-84f4-4f9e-9880-ce52951e8721,Piece,1
743ed152-daf2-410e-8989-c78869e45a22,691ba448-0aaf-46e7-b6e1-9e5e1aa3c24e,af69d822-86b0-44a5-95c6-e6eb63bf046f,4U peri Per,725765417107,1,20.0,18.33,20.0,f9b1f94e-eb83-4553-ac61-9dc96aaae598,Piece,1
9c6c305e-ad0a-406c-8f36-47096f100f4d,ae5074d7-afd2-46d2-a432-b8cd7d493450,7794b2d9-b07a-46be-8246-8961363365f9,Raniu,8964002997916,1,150.0,95.83,150.0,e31daf12-8420-4114-a15b-e870707dde0f,Piece,1
ddc85a79-748f-4121-8747-a813f6fba45b,ae5074d7-afd2-46d2-a432-b8cd7d493450,a0a5cd34-cdb1-4257-bbcf-8061295bca3a,lemon malt,1860236002037,1,120.0,79.02,120.0,5e6a96d5-81b1-4fc3-b9ca-4cde167b0c08,Piece,1
89a9cc46-f5ab-4508-9125-7c614b99abbd,ae5074d7-afd2-46d2-a432-b8cd7d493450,6b21c075-c752-4bf7-a4c2-2a4c8441c546,sifarish khan,1232255618481,1,30.0,25.0,30.0,289e28e9-66d0-4026-9fd4-67bfa88cb04c,Piece,1
5bb58f0b-3b33-4af6-8987-f75bc6a7ec1b,298141be-fd04-40e8-9e85-ef0fc9055063,1c72d262-1df8-429e-9986-6f2c680389d3,Snacking snacks,2972437277202,1,20.0,15.0,20.0,ffc4c732-949f-486e-a5bf-92ea8a0132c4,Piece,1
86bb6ff2-80ea-4d8f-83b7-0a353513e0ec,298141be-fd04-40e8-9e85-ef0fc9055063,49d0da8d-0715-45bb-8ed2-bfeb311f210f,lays y$h,8964000103784,1,20.0,17.0,20.0,aa53ae6a-2e7f-4333-8645-91a01ffefc95,Piece,1
70e77ff1-befe-44ab-bbdf-5a2d23cd653b,298141be-fd04-40e8-9e85-ef0fc9055063,7439380d-ff71-4b92-b2ff-56899ca87c0d,tridgum,9555407311019,1,10.0,4.09,10.0,b3c50399-f52e-4960-bdd6-5ef8d99c8de1,Piece,1
93c636a0-3c55-4f10-b432-629b36a9d9fa,95911067-983b-4c99-b1f9-852762f76cf9,e389f0ba-a270-4e3b-8305-e9bcae3fe41d,COKE 500ML,54491472,2,130.0,90.0,260.0,c21f0726-fece-497e-bc1a-9bbb9ba77015,Piece,2
588a92eb-8c02-410c-a24c-608165c11cc0,473fbd4e-a86a-49d5-829e-29e332a550fb,cf9ea9f8-e152-4122-9063-0117aac4a303,DAL MOONG,8964002429363,1,50.0,43.3,50.0,b90fae7f-5e8c-49d7-9390-6799925cbf6f,Piece,1
128d616c-a62f-4ba6-aac1-c0bb488bee3f,473fbd4e-a86a-49d5-829e-29e332a550fb,516f6a75-e3b0-4123-96d7-eb589e349703,dew 1000ml,8964000101100,1,170.0,133.3,170.0,483c3968-31f4-4b20-bc46-770ced8b1ab2,Piece,1
a7dc873a-df5a-4ea3-8d7c-7734d133c35d,473fbd4e-a86a-49d5-829e-29e332a550fb,8f421553-10c3-4fa2-9e4d-51f5bbc06cbc,KURKURAY TM,8964002347278,1,40.0,36.9,40.0,74737246-4041-42e1-b1a9-1a501d24fe22,Piece,1
286488ae-304e-46d1-aa6f-664859dc52aa,4e311a20-82db-43bc-9e73-050fb5fcb29a,5a5154d9-6994-4dee-9011-efd865af1c8f,GOLD LEAF,1232097295550,1,30.0,25.0,30.0,ff8b0ab8-fd25-4bb6-aafb-a79e8e63a846,Piece,1
49b1077f-8b0e-4820-bad0-18729312778f,3efcf6bd-8e79-40c3-a707-fc21845cfadb,6b21c075-c752-4bf7-a4c2-2a4c8441c546,sifarish khan,1232255618481,1,30.0,25.0,30.0,289e28e9-66d0-4026-9fd4-67bfa88cb04c,Piece,1
f70ea943-546c-42ae-8bf2-d6967751d9ae,ac82cb63-bc52-43a0-b2bb-76e12ca0466d,fcbcd2ac-4123-420a-bde8-9dcb456dca18,BASIL SEED,4356435442752,1,180.0,112.5,180.0,ca5cce27-b573-43a1-a0a7-6bbadbac2545,Piece,1
0ff0f83f-594e-45fa-8918-9fa0425bacbc,10b82008-380b-45b0-98ab-b95684fe7e1c,975afaa4-6f19-4b65-b8ba-ec64f86f41cb,Lays Y&H,8964002346905,1,70.0,64.75,70.0,ed65e660-cda7-4d73-8f09-7920617be844,Piece,1
caa85af3-ca60-4735-bf5b-2a3b084f384c,07031164-15f2-4f30-b54a-ab3cc99299fc,6b21c075-c752-4bf7-a4c2-2a4c8441c546,sifarish khan,1232255618481,1,30.0,25.0,30.0,289e28e9-66d0-4026-9fd4-67bfa88cb04c,Piece,1
483072a9-a782-4907-a093-00bd508d40f6,91a92277-e8f7-4875-b630-5b9be1f69f9b,49632863-903b-4b38-a689-51262f1607ee,Flamingo Shines,6959375199601,1,650.0,270.0,650.0,15c8864b-e539-439b-9c98-219465edf557,Piece,1
5a37fa45-e576-4f9b-bc82-53f11083028a,91a92277-e8f7-4875-b630-5b9be1f69f9b,e9195c69-3622-4d49-8661-a62e82f94c12,DOUBLE BG,1235518236903,1,220.0,55.0,220.0,e3ebd6d4-96a5-471e-a526-2bc4c6f3fd6f,Piece,1
3ff85614-ae0e-48d0-a67b-2673981e7c77,484bdea2-fdbd-44ed-9231-d45fb4343169,296944b9-ea79-469c-8425-f11d6e4b7eed,CAPSTAN RED,1230364618200,3,15.0,12.1,45.0,a1bc6a6f-ad8f-468b-afac-44ec8574811d,Piece,3
c9601105-226c-459e-bad4-709c21c12b7e,484bdea2-fdbd-44ed-9231-d45fb4343169,8af4077d-37f1-441f-936d-9507cb56ca9d,candy,1232784048698,1,5.0,3.5,5.0,7534df49-d891-461a-8b69-7d03cb9ce755,Piece,1
3cb108a0-d6a8-404a-8823-a57f49158b7d,484bdea2-fdbd-44ed-9231-d45fb4343169,975cf5aa-4ec6-4b0f-bd0b-a79640860da8,CHOICE,9254120000254,1,40.0,22.5,40.0,45baadf7-3c4f-430c-b19c-ed8a6e8538df,Piece,1
475e8be1-96f9-4c05-8276-085b164edf7c,46cf6fdb-e89e-40a4-94cd-312fd3606d44,e1c7461f-fe2c-43cc-b072-ab2fcdd767ed,olper pack,8964000919934,1,100.0,85.0,100.0,610b7a9f-fa8f-480c-8da4-d5bb1121252c,Piece,1
738645c4-d9b1-4f2c-b230-475720c4e696,a5e76c41-4fdc-43c0-9a39-06150a2a3d1a,3c9df82b-a8e2-49c2-a773-46edf5859135,RAHAT  4,4985925672487,2,35.0,26.1,70.0,287627b8-4e98-49f3-9268-58f71cd70eb3,Piece,2
2f9c0f74-61bb-4024-90bd-f5e60540d456,01d9308c-0d4d-4888-b70f-093ee3d014b9,89f084ac-a196-47fb-8e25-4e4bd3160c50,STING SMALL,8964000101551,1,100.0,73.0,100.0,24a9904c-bbbb-433e-b85c-bc70707d653c,Piece,1
c6f9bafb-a53a-44a1-b35a-6100797f2b83,0ae872a9-81a6-4973-84d2-01c9ab04fe6c,46a55ba1-d0e3-4a06-bca8-bd7b60bc7aff,MORVEN,89602041,5,15.0,11.6,75.0,39b9f93d-55f2-41ce-96ad-5f1af4a345ff,Piece,5
436e1a42-0f1d-4441-8653-47af5607e24b,0ae872a9-81a6-4973-84d2-01c9ab04fe6c,8af4077d-37f1-441f-936d-9507cb56ca9d,candy,1232784048698,1,5.0,3.5,5.0,7534df49-d891-461a-8b69-7d03cb9ce755,Piece,1
61db4fc9-2036-4813-8c5f-c34f39cb701a,cb2eb16e-df54-46cb-94f6-df9e27276083,0641e502-0965-44db-bcf9-104cf2a42f37,FRUITIEN Peach,8964000876480,1,60.0,45.0,60.0,469fcf86-77ad-4d28-ac5d-44cace081107,Piece,1
5f45b884-a580-4443-aa80-20381e3e0169,cb2eb16e-df54-46cb-94f6-df9e27276083,5d858261-9ada-44bd-ab18-e97ba65193ca,fruitien Red Grape ,8964000876138,1,90.0,62.08,90.0,6074cb61-2048-4775-9804-016af2a08d4f,Piece,1
718bb60e-aa2f-4d27-a0a2-25948931fd23,cb2eb16e-df54-46cb-94f6-df9e27276083,477ef534-005d-42fb-9cdb-ae0e6e0e4624,Lays Masala,8964002345595,1,50.0,46.0,50.0,3294cf9e-a80d-4e5a-bb6f-3a8fd4122ffc,Piece,1
214ca1e8-1f1e-4804-8e08-d0d2dee1d7a9,7ced4f6b-750c-45ec-bb90-6d88b0ba2427,296944b9-ea79-469c-8425-f11d6e4b7eed,CAPSTAN RED,1230364618200,2,15.0,12.1,30.0,a1bc6a6f-ad8f-468b-afac-44ec8574811d,Piece,2
4d141fbc-a38b-471c-812a-9af461281701,4513813a-7cc1-4048-bd23-829396d0cb97,64a0260c-b4ff-42bc-a28d-16f0668b16d6,lays masala,8964002345649,1,30.0,27.6,30.0,0ca93a56-dbb6-4176-a2cf-8ac8c48a6f5d,Piece,1
fdd48e29-98b3-4398-bd8e-bf6f3cacd686,4513813a-7cc1-4048-bd23-829396d0cb97,df83db32-d270-4a08-8f67-85f4967a923d,Red & White,89600320,1,10.0,9.5,10.0,4c010ae2-567a-4d9a-a3ee-7be8b0099de4,Piece,1
1e11e60b-0786-4ce3-b70d-22700cb0d2ad,a4dc25c1-2798-4034-89b9-a0d44bcfaf70,d70dcda7-7821-45d9-aba9-56ed471ad7e1,7up 1L ,8964000101377,1,170.0,130.0,170.0,cc2d260c-7b11-45fa-936e-18bf9be245f7,Piece,1
abcdc61c-796c-42be-9ef6-443d621d299d,6522f39c-b359-4cbb-8cb6-c299c32b52d9,296944b9-ea79-469c-8425-f11d6e4b7eed,CAPSTAN RED,1230364618200,8,15.0,12.1,120.0,a1bc6a6f-ad8f-468b-afac-44ec8574811d,Piece,8
e7fd9689-5f08-49b5-83be-c5d384e339c8,243c03a6-884b-409c-858d-49cb3acbe447,296944b9-ea79-469c-8425-f11d6e4b7eed,CAPSTAN RED,1230364618200,10,14.0,12.25,140.0,0ea2547b-ff52-4fd2-a713-c4c425c19caa,Half box,1
9c1ccf0f-2cab-4a47-9128-a4b69cf65596,243c03a6-884b-409c-858d-49cb3acbe447,296944b9-ea79-469c-8425-f11d6e4b7eed,CAPSTAN RED,1230364618200,10,14.0,12.25,140.0,0ea2547b-ff52-4fd2-a713-c4c425c19caa,Half box,1
4ca00792-3c5d-40c7-bc2c-3a564f0316a8,c91a702f-b9d4-48ae-ba49-fbe352200ef0,6b21c075-c752-4bf7-a4c2-2a4c8441c546,sifarish khan,1232255618481,1,30.0,25.0,30.0,289e28e9-66d0-4026-9fd4-67bfa88cb04c,Piece,1
ddef4354-1188-4160-a8ce-decd23eab060,c91a702f-b9d4-48ae-ba49-fbe352200ef0,8af4077d-37f1-441f-936d-9507cb56ca9d,candy,1232784048698,4,5.0,3.5,20.0,7534df49-d891-461a-8b69-7d03cb9ce755,Piece,4
8df4b087-6f9b-4790-86f7-cc79144f5122,4f003f4a-7a0c-4918-b612-acbe4860c8f9,296944b9-ea79-469c-8425-f11d6e4b7eed,CAPSTAN RED,1230364618200,2,15.0,12.1,30.0,a1bc6a6f-ad8f-468b-afac-44ec8574811d,Piece,2
a98f904d-07a9-42d3-832c-0ff19c5a6109,4f003f4a-7a0c-4918-b612-acbe4860c8f9,8af4077d-37f1-441f-936d-9507cb56ca9d,candy,1232784048698,4,5.0,3.5,20.0,7534df49-d891-461a-8b69-7d03cb9ce755,Piece,4
70b356ca-1b4b-497e-aa5a-3d2ca046f928,0c2f91c4-97a1-4647-bc22-96bf43695e13,975cf5aa-4ec6-4b0f-bd0b-a79640860da8,CHOICE,9254120000254,1,40.0,22.5,40.0,45baadf7-3c4f-430c-b19c-ed8a6e8538df,Piece,1
c6491ba7-c5f3-4ee1-90be-4f3e13f99b2a,5976676b-7451-41aa-a77b-7806c1638c56,11975fa1-f050-46e8-b0d5-83427794f425,lays classic,8964002345588,3,50.0,45.0,150.0,75c16be8-627b-4a4a-a730-fe3ef81b9530,Piece,3
4543c4e7-b82e-47ce-a191-020636287128,5976676b-7451-41aa-a77b-7806c1638c56,36a30f2b-248a-4769-bc28-046500d0daf4,bar,1230421521603,3,10.0,5.0,30.0,9c505cbc-8e3d-4e6a-a8f2-96b2991c3bee,Piece,3
c94924d5-486a-405e-b6c3-ffdad966169d,10930c8a-53a1-4170-a232-fc0ba1f851a5,2f0bd3d2-d095-4cbd-a674-9d1776c2e43a,Zia Mix Nimco,8964002429936,2,50.0,41.6,100.0,60f345fa-41ee-4b27-8c95-1a22adb06e14,Piece,2
fdf4a424-b7ee-4ab4-99d8-1890f81fdb25,10930c8a-53a1-4170-a232-fc0ba1f851a5,89f084ac-a196-47fb-8e25-4e4bd3160c50,STING SMALL,8964000101551,2,100.0,73.0,200.0,24a9904c-bbbb-433e-b85c-bc70707d653c,Piece,2
58f2ee25-dae3-4c28-87be-f93e0c468cb4,10930c8a-53a1-4170-a232-fc0ba1f851a5,8af4077d-37f1-441f-936d-9507cb56ca9d,candy,1232784048698,2,5.0,3.5,10.0,7534df49-d891-461a-8b69-7d03cb9ce755,Piece,2
5edb6b44-fddc-4cb4-9d86-194fcfa599af,000ba158-c0b7-4b98-9ede-2b75fde92ae5,45938d03-d164-4e1c-9912-b5ce93ffd99b,CUP KAKE STREW....,8961101787578,5,20.0,17.1,100.0,8979d3cd-7fa6-4f7c-809c-8812e27f9031,Piece,5
06b39fe6-4fb5-47d2-bdf1-5609aa96b3e6,9ecb56ad-7680-4d90-a979-c9934b7a1570,6b21c075-c752-4bf7-a4c2-2a4c8441c546,sifarish khan,1232255618481,1,30.0,25.0,30.0,289e28e9-66d0-4026-9fd4-67bfa88cb04c,Piece,1
bb965722-6f94-407b-a156-90a8cc1edd84,fcd0f81a-c724-4b54-a7ca-acce76a1ab4f,bdfbec09-02b6-43e1-834e-c6f25f2250da,egg,1239923458738,4,22.5,20.0,90.0,1a65cdb6-05dd-4c13-8555-642c6262bc4e,Piece,4
b2444554-8969-4088-8911-b88fda01a08c,57a88db2-2d91-416a-b21e-851e4ccd7603,c394cc41-51cb-49e9-ac0c-65d58bafba88,tops lychee,8964004433115,1,140.0,92.0,140.0,449dfcea-6750-4c24-a42e-9eb08a4f6a25,Piece,1
fa6e5d96-df4f-48c5-81c5-2596db546e02,57a88db2-2d91-416a-b21e-851e4ccd7603,296944b9-ea79-469c-8425-f11d6e4b7eed,CAPSTAN RED,1230364618200,1,15.0,12.1,15.0,a1bc6a6f-ad8f-468b-afac-44ec8574811d,Piece,1
152ee996-6cf9-4f73-b0b6-03b9310044e6,57a88db2-2d91-416a-b21e-851e4ccd7603,8af4077d-37f1-441f-936d-9507cb56ca9d,candy,1232784048698,1,5.0,3.5,5.0,7534df49-d891-461a-8b69-7d03cb9ce755,Piece,1
fa9d6812-270b-4d77-94b2-1e9e6baf7bbf,8c5589ef-1a7f-4b49-ae43-816b2d085c3e,30e73934-8b1f-4e5b-8a7e-459183ab89ff,BENSON & HEDGES,95010526,3,20.0,14.0,60.0,beab7f8b-15e9-4846-b9ce-aeebad444ede,Piece,3
5548be5b-d67f-46c4-80bb-b98d433c7b87,05f1cdd6-91e3-44a0-b186-965ae45d9844,4ea8ab87-bf13-4523-b83d-509c89f52789,hockey match stick,9231012019358,10,5.0,3.0,50.0,21683564-a53b-4d8c-a0a6-4066d1367085,Piece,10
c324035f-7d44-4ed3-b177-557e1d7a07f5,dd288756-198a-4a24-894c-74d93cb663bb,401602c5-d60a-4b56-82e2-f361aaa79dc0,COLA NEXT 2.5L,8964001179030,1,250.0,185.0,250.0,23341b22-4e50-42c0-9616-9d6c81e99bfe,Piece,1
b68a153c-d8f3-4001-8b8e-a62779111daa,16dbdf56-06ba-410a-8336-3da67fe186b2,0b73f4a6-add8-4f4e-a679-6cb22891f884,SOOPER,8964003594107,2,10.0,9.0,20.0,8ab1ca21-f35c-4608-9392-aa2aab76978f,Piece,2
06ea2fab-ddfa-425e-9006-f0eb405cae90,16dbdf56-06ba-410a-8336-3da67fe186b2,16aaea48-fe9c-4a96-8c0e-5fa79cd3fca1,cocomo,8961103500359,3,10.0,9.5,30.0,60a15580-472f-4b42-8bb2-2863cf1872c0,Piece,3
0fac93cf-6f8f-44ad-97d7-a744c639d1c2,16dbdf56-06ba-410a-8336-3da67fe186b2,975cf5aa-4ec6-4b0f-bd0b-a79640860da8,CHOICE,9254120000254,1,40.0,22.5,40.0,45baadf7-3c4f-430c-b19c-ed8a6e8538df,Piece,1
00f01ce6-61ec-4fec-8e36-d4af5e2bc81b,7a45cdbc-99cb-4a70-940a-bf6a84eb00a4,20a6b7b0-b32d-4ef7-a68f-a34e139e6aa7,Fruiten joy Mango,8964000876466,1,70.0,45.41,70.0,0e8ea209-a7c4-4e46-aaf4-45fd453bdec9,Piece,1
7ca453fb-bd4d-46f2-b4cf-4161593c8dfd,7a45cdbc-99cb-4a70-940a-bf6a84eb00a4,6c638712-ec0a-46e1-b10b-4c87c1aafbd1,Rio D chocolate,8964003593889,1,20.0,18.0,20.0,3cb151df-f867-4d51-a94f-ecee7a230789,Piece,1
99a00a84-a6be-45de-a671-b9b074393a83,7a45cdbc-99cb-4a70-940a-bf6a84eb00a4,85681bdc-ee0e-4592-bf40-94b1d13d0e85,candi,8961003674228,1,10.0,9.0,10.0,b848b8b4-36fc-4af7-bd0d-f7258c18b02c,Piece,1
88dcf460-2424-4921-b2d2-79c173bf618e,2f977ea0-a5e3-45a3-ac88-4b165eb4beb2,975cf5aa-4ec6-4b0f-bd0b-a79640860da8,CHOICE,9254120000254,1,40.0,22.5,40.0,45baadf7-3c4f-430c-b19c-ed8a6e8538df,Piece,1
ea80f369-614f-4458-816f-7497c9438c9b,1e249886-19c3-457b-86a1-101ed6a4482f,b2fa9a08-2130-4d3b-a1f9-f39f694cc18c,Surf Excel S/pack,8961014264760,1,10.0,9.1,10.0,f62c8014-7e26-49a7-9f35-a5eb92f1347c,Piece,1
61de697f-5892-4426-8c8f-8427369933dc,f56c7e7a-aa44-410c-baaf-883d2fc88f61,36a30f2b-248a-4769-bc28-046500d0daf4,bar,1230421521603,1,10.0,5.0,10.0,9c505cbc-8e3d-4e6a-a8f2-96b2991c3bee,Piece,1
5b26e97c-9f8b-43ae-bc20-1f7c8b9fb515,defcce66-a95b-4349-9ae5-b2ec43693615,8af4077d-37f1-441f-936d-9507cb56ca9d,candy,1232784048698,2,5.0,3.5,10.0,7534df49-d891-461a-8b69-7d03cb9ce755,Piece,2
bdbf4cf0-4f70-46b2-bc24-6eb5db66ca0b,7cf39623-ecdf-4e61-8721-6e1ae4ad96fb,975cf5aa-4ec6-4b0f-bd0b-a79640860da8,CHOICE,9254120000254,1,40.0,22.5,40.0,45baadf7-3c4f-430c-b19c-ed8a6e8538df,Piece,1
69ec0d1f-08e9-4ec8-bcb7-e3ea3d2ad9f7,8e9acb15-2bc8-4dc8-a9d0-e21d84846b04,2505a9e6-32d6-425c-8c5d-d31507ce904d,lighter,1236376536280,1,40.0,21.0,40.0,4b1a6d94-51e0-4c20-8be3-f4e43962efbf,Piece,1
c3b06363-2aed-4f2d-b9b7-d5f5bf9afd2b,b9b4cee8-1e70-429b-8286-e62397f23f9c,296944b9-ea79-469c-8425-f11d6e4b7eed,CAPSTAN RED,1230364618200,2,15.0,12.1,30.0,a1bc6a6f-ad8f-468b-afac-44ec8574811d,Piece,2
1d5579fe-9305-406f-994a-f925852d7d0d,b9b4cee8-1e70-429b-8286-e62397f23f9c,6b21c075-c752-4bf7-a4c2-2a4c8441c546,sifarish khan,1232255618481,1,30.0,25.0,30.0,289e28e9-66d0-4026-9fd4-67bfa88cb04c,Piece,1
b543d554-0d26-4833-a5eb-23415f61d20a,6e562360-4d68-45f8-aa2d-6ab5ac6f6214,296944b9-ea79-469c-8425-f11d6e4b7eed,CAPSTAN RED,1230364618200,3,15.0,12.1,45.0,a1bc6a6f-ad8f-468b-afac-44ec8574811d,Piece,3
2a7653bd-fe44-4325-a87f-31120bc95ca2,045e4c80-ad82-48af-8469-b71bd1b1be88,1a9db450-bde7-4119-ba96-710c52c9a641,Tops Mango,2020042410108,1,140.0,91.6,140.0,26de4e9f-5c5a-4d98-83d4-2454e112bb9d,Piece,1
ca37ea8b-052a-4fc1-b2d3-916a43836ebb,347d4b67-8632-48b3-9c45-218e66ae7f3e,8af4077d-37f1-441f-936d-9507cb56ca9d,candy,1232784048698,3,5.0,3.5,15.0,7534df49-d891-461a-8b69-7d03cb9ce755,Piece,3
389b96c1-8834-4a2d-97b2-820eb08186dd,98191c88-9ab4-46e1-bc8e-f43163cbf151,e07be54a-ef99-4d68-97db-58a730462337,MILANO,815082008130,1,200.0,165.0,200.0,a85e2866-0d3f-4bd2-80f6-a598982e48e0,Box,1
9f029047-a509-4505-afbd-9fed810b8a2c,6e1ea1bd-64b3-457e-8d8f-7e73c137b2de,c3551759-c1ef-47f5-b230-77bce4c2f476,Brite s/pack,8886950015279,10,10.0,9.17,100.0,65d64d63-9e6f-4416-9618-7a79123a69a1,Piece,10
3abb92c6-752e-4177-a3ca-be72c7188441,6e1ea1bd-64b3-457e-8d8f-7e73c137b2de,8af4077d-37f1-441f-936d-9507cb56ca9d,candy,1232784048698,6,5.0,3.5,30.0,7534df49-d891-461a-8b69-7d03cb9ce755,Piece,6
2c3d7e5c-0820-464f-9897-79edd3eca6a2,6e1ea1bd-64b3-457e-8d8f-7e73c137b2de,36a30f2b-248a-4769-bc28-046500d0daf4,bar,1230421521603,2,10.0,5.0,20.0,9c505cbc-8e3d-4e6a-a8f2-96b2991c3bee,Piece,2
b169edd8-79ed-4b4a-a938-b56cb0811844,ba2011fd-4075-4aa8-99fd-4f48db184469,e89768c3-9e0e-472e-b8fe-ca33136480e6,lemon max pouch,8886950099514,1,225.0,200.0,225.0,49d66224-083c-4065-82fa-185368c7b179,Piece,1
7436b690-db05-4f55-ac44-ac7b5531d8ad,67ebd70d-7484-4896-8760-af44ade31480,296944b9-ea79-469c-8425-f11d6e4b7eed,CAPSTAN RED,1230364618200,10,14.0,12.25,140.0,0ea2547b-ff52-4fd2-a713-c4c425c19caa,Half box,1
0ca45bb8-1ef6-443d-b881-41daf77693b7,46a3a4b5-d269-404d-b4cf-46aa20dfe912,975cf5aa-4ec6-4b0f-bd0b-a79640860da8,CHOICE,9254120000254,1,40.0,22.5,40.0,45baadf7-3c4f-430c-b19c-ed8a6e8538df,Piece,1
644e6657-0413-46b0-9329-abab146314d6,05a3a489-c586-4d3b-ba17-4fd495b652fc,33819376-e267-418a-adf2-b6190c956759,DEW 1.5L,8964000101117,1,210.0,163.3,210.0,f669561e-4418-41a3-9cb7-31974a38d7c4,Piece,1
0a4d451e-3505-427b-9d7e-b344220236bf,41945121-ddc9-49be-b906-06cbe1e3ea9f,c3551759-c1ef-47f5-b230-77bce4c2f476,Brite s/pack,8886950015279,2,10.0,9.17,20.0,65d64d63-9e6f-4416-9618-7a79123a69a1,Piece,2
abf1639b-6f9d-4900-ab3a-e56f455a746c,093ffce0-a532-495f-836d-d1c332716f49,296944b9-ea79-469c-8425-f11d6e4b7eed,CAPSTAN RED,1230364618200,2,15.0,12.1,30.0,a1bc6a6f-ad8f-468b-afac-44ec8574811d,Piece,2
3e25c931-c76a-47c8-94b1-0521d8da7018,26c9e93d-a9fb-4549-b4f1-17c063553166,a8c690d8-15f1-493e-9507-c2f9ed786483,Peanut pik,8964004770616,1,50.0,46.0,50.0,76df9348-eb2d-49e1-91c8-39c3cbfd7d3c,Piece,1
1a347721-385b-4bf3-8bc9-a80e275112a0,95e29497-5c7f-4e3f-bd2e-4c35a4f6cc59,6b21c075-c752-4bf7-a4c2-2a4c8441c546,sifarish khan,1232255618481,2,30.0,25.0,60.0,289e28e9-66d0-4026-9fd4-67bfa88cb04c,Piece,2
eafccc22-74c2-4a56-814b-ffff9e4f9244,48d4ba5c-1b9e-40c4-83e2-bfb830572363,c3551759-c1ef-47f5-b230-77bce4c2f476,Brite s/pack,8886950015279,1,10.0,9.17,10.0,65d64d63-9e6f-4416-9618-7a79123a69a1,Piece,1
f32754c2-657c-4f85-9c62-67720244cfd8,81f55ebf-6b84-4dcd-8344-fa278bcca20a,89242d8a-e4db-448f-8a11-b66ba0da1377,COLORFUL SWARD,1234635698021,1,260.0,110.0,260.0,d7425f4f-5824-45fb-9a25-2ea808992d42,Piece,1
50f7a981-0fe6-4d22-b6fd-ef6998c1397c,8e4d2665-bd58-4d6d-8fa8-7970d8727f7e,0641e502-0965-44db-bcf9-104cf2a42f37,FRUITIEN Peach,8964000876480,1,60.0,45.0,60.0,469fcf86-77ad-4d28-ac5d-44cace081107,Piece,1
3d5ceb7f-d72c-49aa-be1c-b53ffe540946,8e4d2665-bd58-4d6d-8fa8-7970d8727f7e,0decd090-8dd8-4a88-827f-0cbc8bd528a2,Chocolate Chip,8961102882845,1,30.0,27.0,30.0,48d1ab0c-d823-42d1-a672-95441d4c3598,Piece,1
e0064ec7-24f8-4710-a1ba-fd0ada4d3195,d0db7d86-75b4-4e68-8fcd-919c41d6b67c,8af4077d-37f1-441f-936d-9507cb56ca9d,candy,1232784048698,2,5.0,3.5,10.0,7534df49-d891-461a-8b69-7d03cb9ce755,Piece,2
ff28641c-9a79-4d8e-b684-87a016d4b97e,87ac3d46-806c-4d19-ba3f-42528c4bc7cf,cf9ea9f8-e152-4122-9063-0117aac4a303,DAL MOONG,8964002429363,1,50.0,43.3,50.0,b90fae7f-5e8c-49d7-9390-6799925cbf6f,Piece,1
d0f4d8a5-83d5-408d-b552-9515a129106f,7bb1268f-9bc5-45a1-a6bf-44cf9a1e1a7b,f844d6a6-b548-40f2-9e64-401dbf792669,COCOBLISS,6156294526758,1,20.0,8.75,20.0,cc0ab773-60ca-474e-9b24-a813f5b931c6,Piece,1
37d2c052-e867-4e80-a025-6d94a872f28d,2839d731-7ef6-491b-aba7-b8ea1a0fa259,3c9df82b-a8e2-49c2-a773-46edf5859135,RAHAT  4,4985925672487,2,35.0,26.1,70.0,287627b8-4e98-49f3-9268-58f71cd70eb3,Piece,2
ed1314d0-8f72-44ff-a7c6-d04b3426d22b,916fcd03-8b64-4d54-813d-76d4e6936f4d,e72cc9fe-22b1-4ea0-b7ba-50b2a81ae9cc,4U Bar Beta,8964000579435,1,20.0,18.33,20.0,19cf5be3-be93-483b-a1f4-a2bb5e331f51,Piece,1
00676b19-52ab-4311-9a91-2787e86253c5,1780a021-50f2-4446-9c2a-7939cb8e0449,f9fcff19-aa41-40ab-918f-acc6a74adfbe,envelop card,1236889351851,1,50.0,11.0,50.0,cb9fa7e3-994c-4528-a2b8-1dd5b42f2a10,Piece,1
de3a9fcd-0108-4557-8219-ba16d927faf4,cecb9f2e-f21b-4b95-b975-bdd5930a64f6,296944b9-ea79-469c-8425-f11d6e4b7eed,CAPSTAN RED,1230364618200,3,15.0,12.1,45.0,a1bc6a6f-ad8f-468b-afac-44ec8574811d,Piece,3
0592d389-c476-4fe9-ad62-8c3b68c4274d,cecb9f2e-f21b-4b95-b975-bdd5930a64f6,2f0bd3d2-d095-4cbd-a674-9d1776c2e43a,Zia Mix Nimco,8964002429936,1,50.0,41.6,50.0,60f345fa-41ee-4b27-8c95-1a22adb06e14,Piece,1
e6a09c5b-8664-4b27-8267-b2d2bf2108cb,840eb8ee-863a-4a24-b76d-17ec0295d002,99e1bc74-22b4-456e-a729-5baabbf6dff3,krisko,1456587854243,1,20.0,15.0,20.0,887fe7ef-236c-4d4d-a225-789c008373c8,Piece,1
367753de-69ec-4b16-bfb8-a804d27d3936,675b6e2d-667b-41b9-9006-6eec7f38730b,16aaea48-fe9c-4a96-8c0e-5fa79cd3fca1,cocomo,8961103500359,1,10.0,9.5,10.0,60a15580-472f-4b42-8bb2-2863cf1872c0,Piece,1
ac9a58c8-7a04-48f3-8f26-4ec8edd0ceb9,675b6e2d-667b-41b9-9006-6eec7f38730b,57d27431-d69f-4c6a-8239-34974599c664,CANDI 20RS,8961003674341,1,20.0,18.06,20.0,c207660d-56f5-49ce-9140-b2a9dc710573,Piece,1
7d72ef7c-4151-4fea-b29a-b00fea3fef20,e290540b-7310-4e32-9423-42a1ece7afb0,6aab32da-e839-4662-aa7f-d8bca3b3d36d,WD 40,5032227440012,1,650.0,490.0,650.0,687b8af9-d7d9-4e4c-a1b8-ab42e9abfba4,Piece,1
f7cfd823-91cd-4d1b-8f36-619086733c1a,844154f6-751d-49c6-93dc-19d02c9de052,296944b9-ea79-469c-8425-f11d6e4b7eed,CAPSTAN RED,1230364618200,2,15.0,12.1,30.0,a1bc6a6f-ad8f-468b-afac-44ec8574811d,Piece,2
b2e06afe-fb6e-45f9-97e7-c88371804475,844154f6-751d-49c6-93dc-19d02c9de052,8af4077d-37f1-441f-936d-9507cb56ca9d,candy,1232784048698,4,5.0,3.5,20.0,7534df49-d891-461a-8b69-7d03cb9ce755,Piece,4
fdbceecd-7d85-48ed-9bb8-8d17ed34d392,b49da84b-26b3-4f79-864d-a0d0e6bbac9e,382387eb-6272-4738-b2d5-3361fa6fc3ca,Potato Sticks,671866277501,1,50.0,46.25,50.0,bc63250f-fd30-4ca2-a788-3340c09f9c89,Piece,1
c639b6d2-c9e4-4ebc-9449-5e16853ee6d5,b49da84b-26b3-4f79-864d-a0d0e6bbac9e,1a9db450-bde7-4119-ba96-710c52c9a641,Tops Mango,2020042410108,1,140.0,91.6,140.0,26de4e9f-5c5a-4d98-83d4-2454e112bb9d,Piece,1
746eec26-e7c9-4e57-b9bf-3c6ae8cc564e,9a4b4234-2cdb-4c26-b67b-196ce0868be2,e55f9b15-e456-4841-9cb1-f57f07bf46b8,FRUITIEN APPLE,8964000876503,1,70.0,45.41,70.0,4eea30fe-1cb9-411a-84f7-1da5f5b3e6c2,Piece,1
c46f7d69-6192-43d3-897d-ecd3ddff02a9,53e041fa-3f3f-4659-8db0-8086e35888f4,b5f2dc5e-43a9-4fd6-9bfd-fbc57f707aa8,SANIPLAST,4988167012615,2,5.0,3.0,10.0,70250ef9-8036-40f0-9b84-6a581e8492d9,Piece,2
43d7058a-d805-40b2-be3e-731fd1c980bb,9fb07c97-5465-4b8f-9afe-0ae0db9f16fd,fcbcd2ac-4123-420a-bde8-9dcb456dca18,BASIL SEED,4356435442752,2,180.0,112.5,360.0,ca5cce27-b573-43a1-a0a7-6bbadbac2545,Piece,2
9d30c7b7-2470-4eeb-987f-02d61e9a0a67,9fb07c97-5465-4b8f-9afe-0ae0db9f16fd,0641e502-0965-44db-bcf9-104cf2a42f37,FRUITIEN Peach,8964000876480,3,60.0,45.0,180.0,469fcf86-77ad-4d28-ac5d-44cace081107,Piece,3
54cfe7b4-a486-43ef-ac92-4805d344ba48,9fb07c97-5465-4b8f-9afe-0ae0db9f16fd,2f0bd3d2-d095-4cbd-a674-9d1776c2e43a,Zia Mix Nimco,8964002429936,3,50.0,41.6,150.0,60f345fa-41ee-4b27-8c95-1a22adb06e14,Piece,3
59937b83-c742-452f-a612-62789ed90578,efac2f0f-9e5e-453b-8831-45da8f9e1714,516f6a75-e3b0-4123-96d7-eb589e349703,dew 1000ml,8964000101100,1,170.0,133.3,170.0,483c3968-31f4-4b20-bc46-770ced8b1ab2,Piece,1
90ebd74d-d4ac-4377-afe6-0dc63561652b,efac2f0f-9e5e-453b-8831-45da8f9e1714,109f0961-2390-4f0e-95c9-77552f711ec0,nimko mix,8964003812157,3,20.0,18.0,60.0,ab9e7059-c60b-45c9-bcbb-069352fd3477,Piece,3
2462c189-9f27-4099-8547-0bd407c5cef0,efac2f0f-9e5e-453b-8831-45da8f9e1714,cf9ea9f8-e152-4122-9063-0117aac4a303,DAL MOONG,8964002429363,1,50.0,43.3,50.0,b90fae7f-5e8c-49d7-9390-6799925cbf6f,Piece,1
33252cbf-eaef-40f7-965e-9a40c0e77760,efac2f0f-9e5e-453b-8831-45da8f9e1714,8af4077d-37f1-441f-936d-9507cb56ca9d,candy,1232784048698,4,5.0,3.5,20.0,7534df49-d891-461a-8b69-7d03cb9ce755,Piece,4
b1a5d3ab-af10-4c6f-9cc1-f77744338871,20d3cbaa-e66b-4146-904f-81dc60cf26a3,296944b9-ea79-469c-8425-f11d6e4b7eed,CAPSTAN RED,1230364618200,2,15.0,12.1,30.0,a1bc6a6f-ad8f-468b-afac-44ec8574811d,Piece,2
8a3c250f-6df5-4fb3-ba18-d56a06e0c85a,3855bd33-662c-4dbb-96d0-c0b30fad8506,296944b9-ea79-469c-8425-f11d6e4b7eed,CAPSTAN RED,1230364618200,20,12.5,12.1,250.0,e9169ce5-618b-4046-9957-a321013f7b75,box,1
97e77786-0419-4339-a6e1-20b54b780234,436ee577-8dd6-4996-9569-c9fc0a2670a5,234c787c-e5e2-4047-bb07-95d114219d2e,AQUA DIRE 0.5 Ltr,5901234039710,1,60.0,22.0,60.0,bc7e8655-4e7a-409b-a5c5-6b9e2e262dff,Piece,1
006e20a9-39a1-4455-a5e6-93aa4c845e53,a99f70a6-fb1a-4eae-9c53-330d7bf5ba4d,5a5154d9-6994-4dee-9011-efd865af1c8f,GOLD LEAF,1232097295550,10,28.0,24.5,280.0,0ce2a6a7-3270-4538-b7f1-cd118f2cb423,Half Box,1
11da356f-d592-4a05-916f-cc2bf7b82892,498ae7ee-1449-4bba-8c0e-5b3ab7be8701,d18d182c-a161-4eac-8bf3-e06f2da97205,Coated Peanuts Salt,8964003812188,2,50.0,41.6,100.0,83de5732-9503-435f-9fd0-05179ae90ddc,Piece,2
66fbd196-81fb-4750-b770-6d9a8624e6e2,b20747ae-bb10-465e-9e7b-a419e4803570,d24bbc5f-3fd1-410d-9a57-74e81ed86362,Zia Peanut,8964003813390,3,50.0,41.6,150.0,cbb97db4-8292-477b-a912-3174dca1594b,Piece,3
589cd8b4-97e5-40b9-ad01-2f5e2c862c30,b20747ae-bb10-465e-9e7b-a419e4803570,d43a6e92-5604-44fa-b95a-d7a378b93536,Lays FC,8964002345601,3,50.0,46.0,150.0,e707af65-3e99-49c6-83b0-d861d0ecbf1e,Piece,3
a2e6e4a9-6577-4ca5-8618-8576576fcf41,b20747ae-bb10-465e-9e7b-a419e4803570,12a811e4-5146-4507-b706-822911adc39a,WATER NEXT,8964001179641,1,110.0,61.66,110.0,8116670e-ce80-4204-9159-f51e7cbdda77,Piece,1
106ec9bb-803a-4126-a5dd-95a5d585eb75,b20747ae-bb10-465e-9e7b-a419e4803570,296944b9-ea79-469c-8425-f11d6e4b7eed,CAPSTAN RED,1230364618200,4,15.0,12.1,60.0,a1bc6a6f-ad8f-468b-afac-44ec8574811d,Piece,4
2b460474-48b9-4961-8626-f2a9ac7e53cf,b20747ae-bb10-465e-9e7b-a419e4803570,8af4077d-37f1-441f-936d-9507cb56ca9d,candy,1232784048698,2,5.0,3.5,10.0,7534df49-d891-461a-8b69-7d03cb9ce755,Piece,2
fe70f55a-666a-4035-b5d0-78bd585bf36a,b20747ae-bb10-465e-9e7b-a419e4803570,296944b9-ea79-469c-8425-f11d6e4b7eed,CAPSTAN RED,1230364618200,20,12.5,12.1,250.0,e9169ce5-618b-4046-9957-a321013f7b75,box,1
8e8c892e-37da-4cc8-b50b-7e8d3f50b63c,b20747ae-bb10-465e-9e7b-a419e4803570,2505a9e6-32d6-425c-8c5d-d31507ce904d,lighter,1236376536280,1,40.0,21.0,40.0,4b1a6d94-51e0-4c20-8be3-f4e43962efbf,Piece,1
9177f636-4c40-4c6e-b730-d2902c128d13,6f44fc1d-227e-4eef-ad96-0dfcefdcd588,6b21c075-c752-4bf7-a4c2-2a4c8441c546,sifarish khan,1232255618481,1,30.0,25.0,30.0,289e28e9-66d0-4026-9fd4-67bfa88cb04c,Piece,1
01b688b2-a1a9-4253-b466-2e28492aff68,6b111bf2-a192-4f9e-8f0a-4ea45648993d,11e1500f-9918-4f52-b396-536cdf61732a,Face Mask,1230577825976,1,10.0,5.0,10.0,edc7c94c-8476-4437-a511-ac26d89b1774,Piece,1
17f6f05a-9511-4f52-b04e-58263feb13e2,a0e19d3d-06ea-452d-bab4-62ff1cda6040,c3551759-c1ef-47f5-b230-77bce4c2f476,Brite s/pack,8886950015279,3,10.0,9.17,30.0,65d64d63-9e6f-4416-9618-7a79123a69a1,Piece,3
abdc9a9c-f1a2-4441-a391-8a9e81654402,d474c52d-660b-4478-b38a-b72ec2366b7a,dc1ee16f-7d26-464f-9aee-6909c7b304b7,peach malt,1860236002044,1,120.0,80.0,120.0,9ea92509-1503-4b5c-a72a-a851dfdc503c,Piece,1
3516dfec-0c1e-4c5f-a986-12336dba771a,d474c52d-660b-4478-b38a-b72ec2366b7a,0030e6f8-ce9d-4dcb-b07d-b979d0eacb40,lighter g,1235472321332,1,50.0,25.0,50.0,117efac9-2e8f-457b-a08e-e3c4794fe368,Piece,1
8b74842d-2161-4fe4-aa94-38a7e1734dbd,6edeb3ea-4a0a-4159-bc75-f8466756d023,8af4077d-37f1-441f-936d-9507cb56ca9d,candy,1232784048698,20,5.0,3.5,100.0,7534df49-d891-461a-8b69-7d03cb9ce755,Piece,20
601135d1-1256-4376-b49c-2c8e1f038da4,b049b45c-e34a-409b-9884-6d0088022b60,975cf5aa-4ec6-4b0f-bd0b-a79640860da8,CHOICE,9254120000254,3,40.0,22.5,120.0,45baadf7-3c4f-430c-b19c-ed8a6e8538df,Piece,3
cbb16c6f-928c-4b3f-ae18-2fe5cd743098,b049b45c-e34a-409b-9884-6d0088022b60,296944b9-ea79-469c-8425-f11d6e4b7eed,CAPSTAN RED,1230364618200,2,15.0,12.1,30.0,a1bc6a6f-ad8f-468b-afac-44ec8574811d,Piece,2
20f56af2-d395-450e-a4df-33fcde4a6a02,ae43557d-9416-43da-b85e-bd077bf1bb0c,d0d145d6-02df-41db-a162-1cf9cc090b5a,Kurkure CC,8964002347377,1,60.0,56.15,60.0,c47dfc18-002e-45d2-b2bb-f42b1a8d06b3,Piece,1
dc95612c-c73a-4c66-9de8-174af1e85b96,ae43557d-9416-43da-b85e-bd077bf1bb0c,8f421553-10c3-4fa2-9e4d-51f5bbc06cbc,KURKURAY TM,8964002347278,1,40.0,36.9,40.0,74737246-4041-42e1-b1a9-1a501d24fe22,Piece,1
2a2fd334-2494-460b-adc0-e9192eb17c8b,ae43557d-9416-43da-b85e-bd077bf1bb0c,9b8a64b3-0eff-49bd-a7e9-7ae1f4c6211f,Capstan White,89600078,3,15.0,12.5,45.0,2ee97f16-83f8-4fe8-8004-f20228fc010c,piece,3
a0599ce3-23ac-48b8-8d6e-2bf6469b6fb4,d278611f-cec0-4464-abeb-57326e700def,c16ec9c5-9f5f-45ee-9c0b-768dfa3ba355,VELO BERRY FORST 3DOT,89601365,1,250.0,146.0,250.0,6eaa0713-11cb-48b1-9949-759fd149533a,Piece,1
8a79a6d9-b171-4a41-a57a-4918e6dc0c16,aa7e26af-8389-455d-b397-648d72cd5345,6b21c075-c752-4bf7-a4c2-2a4c8441c546,sifarish khan,1232255618481,1,30.0,25.0,30.0,289e28e9-66d0-4026-9fd4-67bfa88cb04c,Piece,1
fea7d7a2-8fd1-410c-8071-04067f2273e3,c65878bd-36a4-4b9c-a4da-edbff936fef4,403ea510-fb07-48bc-a730-8f1f2391b3be,STING L,8964000101704,1,140.0,105.8,140.0,7b817808-9ae8-4d8f-9f89-3f3e11cfe183,Piece,1
e36876b8-b766-4643-b882-8340693c56b9,672a1099-0298-4a9d-ad12-66d040ac9170,dd337971-254b-43b2-8011-e2df876d5ff3,SAHARA BABY DUCK,9870123100151,1,450.0,150.0,450.0,b399bf81-4248-4708-8329-48d0f9a00d60,Piece,1
9a75d1aa-dc9a-4260-84c8-88251e61d80b,e87aba93-cce9-458c-b487-23a1887f60ff,20a6b7b0-b32d-4ef7-a68f-a34e139e6aa7,Fruiten joy Mango,8964000876466,1,70.0,45.41,70.0,0e8ea209-a7c4-4e46-aaf4-45fd453bdec9,Piece,1
23bdb049-7dbb-4b67-84de-708b075635bc,2525fc27-4440-4ee7-a402-bf5431ed1a10,6b21c075-c752-4bf7-a4c2-2a4c8441c546,sifarish khan,1232255618481,1,30.0,25.0,30.0,289e28e9-66d0-4026-9fd4-67bfa88cb04c,Piece,1
f917df2a-cd51-42b3-986a-75160515a7d8,2525fc27-4440-4ee7-a402-bf5431ed1a10,df83db32-d270-4a08-8f67-85f4967a923d,Red & White,89600320,1,10.0,9.5,10.0,4c010ae2-567a-4d9a-a3ee-7be8b0099de4,Piece,1
706d3af8-4149-46b8-897b-3a28e2c3a458,d8304ca7-7fee-4079-a7eb-ed74ff71db2b,1a9db450-bde7-4119-ba96-710c52c9a641,Tops Mango,2020042410108,1,140.0,91.6,140.0,26de4e9f-5c5a-4d98-83d4-2454e112bb9d,Piece,1
224ec185-3f92-46f0-95af-c0d0561ee1c3,e4557a9f-61ac-4b6c-aebb-34134ebfdc42,1a9db450-bde7-4119-ba96-710c52c9a641,Tops Mango,2020042410108,1,140.0,91.6,140.0,26de4e9f-5c5a-4d98-83d4-2454e112bb9d,Piece,1
7feb37bf-8c66-4c05-8273-2a270fd4e2ad,5258e321-72a6-4d10-ad3b-6f1a2a07fc90,33819376-e267-418a-adf2-b6190c956759,DEW 1.5L,8964000101117,1,210.0,163.3,210.0,f669561e-4418-41a3-9cb7-31974a38d7c4,Piece,1
d2873c73-d93b-4bc9-b7fe-ef2a38a019fa,5258e321-72a6-4d10-ad3b-6f1a2a07fc90,aeec8327-c8e3-49ae-830d-5ae48228671a,DISPOSIBLE GLASS,1233763958519,4,5.0,1.7,20.0,2bc021cb-4f78-4684-ad9e-7fae8bd628d9,Piece,4
51549961-402a-4de2-b9a3-270140ab7c23,5197ba51-02f2-49fd-9f62-34b4dbca9e5a,3687b641-5149-4ee9-b4f3-51c6aab24882,Slanty Jalapeno,671866117593,1,50.0,46.25,50.0,d4ec5476-ce22-456a-af04-663cde66c7fb,Piece,1
de36d7b7-3d1c-42b4-acf1-41c2702f101d,5197ba51-02f2-49fd-9f62-34b4dbca9e5a,a7fcee9f-5f78-4516-9707-487140348ce3,Gave nector ,8964000876152,1,90.0,62.08,90.0,adc344b9-9afa-40d9-922c-5b43e2a7c43f,Piece,1
15f89843-6ec0-41f8-88d4-655bc5a5fddf,5197ba51-02f2-49fd-9f62-34b4dbca9e5a,5d858261-9ada-44bd-ab18-e97ba65193ca,fruitien Red Grape ,8964000876138,1,90.0,62.08,90.0,6074cb61-2048-4775-9804-016af2a08d4f,Piece,1
6b03be86-10db-4f71-be96-2fcb4e21802f,5197ba51-02f2-49fd-9f62-34b4dbca9e5a,dad43c0e-ab20-415f-bfa4-3b8ba2ab591c,FV Kinnow,8961008223483,1,90.0,67.79,90.0,ee280e5c-61a1-4aaf-8454-1ed47cf32cfe,Piece,1
dcec5557-d19e-49d6-aa7c-53590be81754,5197ba51-02f2-49fd-9f62-34b4dbca9e5a,a0d9dd33-4b2f-4a0a-add6-a2057a8330c8,ZIA MIX NIMKO,8964002429943,1,100.0,83.33,100.0,70922120-c405-49ff-bafc-fe54e91fdaef,Piece,1
addc4973-6adf-4ca7-ad22-851e36cb996d,231dea5a-07af-4ee1-87d4-82c1aa56bb44,be44b289-416b-44a0-8b0b-a8fa12224b0c,bigg apple 500 ml ,1860074051716,1,120.0,79.0,120.0,a0286e3b-c325-40da-999b-ec304d221333,Piece,1
c55fb2bf-15ae-46e6-b37c-dddc1b1c1216,bf2fc95f-d6b8-4792-90ea-23156386313e,3243fefb-ccb4-4ba8-a0d0-dd54e40d3c02,IMP LIGHTER,6971378410774,1,350.0,100.0,350.0,11aa9112-ca0c-40b0-bae8-dbdab7f6a7c5,Piece,1
4d835a19-6494-4c5a-ba36-a59519f7eda2,bf2fc95f-d6b8-4792-90ea-23156386313e,3ec91c94-8be1-4717-8435-6bcd92070dc1,Feast Chocolate,8721274610406,1,100.0,86.1,100.0,b6e97872-e4be-4158-b9ca-3adb4c7c05e7,Piece,1
74d9698c-3278-4d92-b29d-96dd90d5b173,bf2fc95f-d6b8-4792-90ea-23156386313e,6dd52d25-0a25-49e9-b225-6056ac6dfce0,Simple Cloth,1230701754080,2,120.0,35.0,240.0,bf2f7933-d4c0-4a53-b162-f6074a5e5bf8,Piece,2
b0dd50b0-064d-4fb8-9ac8-55a3b17d2cf8,5644e839-8b06-4ea4-9feb-3b2b43f210b9,8af4077d-37f1-441f-936d-9507cb56ca9d,candy,1232784048698,6,5.0,3.5,30.0,7534df49-d891-461a-8b69-7d03cb9ce755,Piece,6
56202247-981f-4460-9e9d-fc1eba959f20,6c2dc106-5521-4665-a0c0-b066920b65f2,e89768c3-9e0e-472e-b8fe-ca33136480e6,lemon max pouch,8886950099514,1,225.0,200.0,225.0,49d66224-083c-4065-82fa-185368c7b179,Piece,1
7fb2e3ac-132b-4fa5-97cf-65a72b639833,5e4825b0-25e3-4f79-92d4-52e3b0840653,c2c96412-231a-4358-bce0-56812108d9cd,Murree Sparkletts,1860201136811,1,60.0,36.6,60.0,4138b755-fa84-439d-8b58-a5c673938dd0,Piece,1
524c091f-ecd3-4a46-8087-fd95d0c1f997,5e4825b0-25e3-4f79-92d4-52e3b0840653,234c787c-e5e2-4047-bb07-95d114219d2e,AQUA DIRE 0.5 Ltr,5901234039710,1,60.0,22.0,60.0,bc7e8655-4e7a-409b-a5c5-6b9e2e262dff,Piece,1
1f2c3366-7a4f-401c-b3bd-74f9ad0f486b,5e4825b0-25e3-4f79-92d4-52e3b0840653,846d57c3-8f9c-455d-b78f-2fc4551cdaaa,MRINDA,8964000101605,1,120.0,91.0,120.0,a703649b-2e33-41f8-b71c-6f6db79194c2,Piece,1
d7ee8ad7-5b7d-4626-ac1a-1b8bc8d7a16f,5e4825b0-25e3-4f79-92d4-52e3b0840653,cf4ddc79-69f8-4b07-9756-99c625450f8d,Dew 500ML,8964000101094,1,130.0,91.66,130.0,b2834b37-c0ae-46a1-a403-d2aab65cab25,Piece,1
4f28e9d4-fafb-4bdd-bc34-1066b7364ae4,5e4825b0-25e3-4f79-92d4-52e3b0840653,20a6b7b0-b32d-4ef7-a68f-a34e139e6aa7,Fruiten joy Mango,8964000876466,2,70.0,45.41,140.0,0e8ea209-a7c4-4e46-aaf4-45fd453bdec9,Piece,2
19ecdf35-9249-405e-836a-6cd79cc182c5,ccfbe826-2f54-4eb6-af49-d55a4fdc622e,0259bc33-815c-4165-8546-2a8111e16f62,Cornetto Cookies,8961014033465,2,140.0,123.0,280.0,5fe3a816-e126-4be5-9048-c788da7a8da8,Piece,2
1371bc96-4f79-42db-8695-83db06234127,27e81b37-60ae-44fa-9450-679fed71913e,dc1ee16f-7d26-464f-9aee-6909c7b304b7,peach malt,1860236002044,1,120.0,80.0,120.0,9ea92509-1503-4b5c-a72a-a851dfdc503c,Piece,1
77786647-d385-4b2f-9dbe-3304e94db588,a7ab5b28-98d5-480b-a7f0-dfaa42411eac,826c0da6-b0aa-4c8a-a024-a17c10878f2f,milk pack,8961008022185,1,100.0,87.7,100.0,fab81662-9567-4d14-93ef-507465b7294c,Piece,1
eb555528-ae69-4761-8afa-769bf87c8197,2cd6404f-ad48-48e1-a24f-fada5f807db3,6b21c075-c752-4bf7-a4c2-2a4c8441c546,sifarish khan,1232255618481,1,30.0,25.0,30.0,289e28e9-66d0-4026-9fd4-67bfa88cb04c,Piece,1
1a31ba91-79b7-4879-8811-86090de3be69,87dbdb4e-6ca0-4407-a6bd-7522edfd1683,296944b9-ea79-469c-8425-f11d6e4b7eed,CAPSTAN RED,1230364618200,1,15.0,12.1,15.0,a1bc6a6f-ad8f-468b-afac-44ec8574811d,Piece,1
66e531c1-2f85-4882-9556-6b84d178a90b,87dbdb4e-6ca0-4407-a6bd-7522edfd1683,974851e3-6a77-4a75-b263-4666098c4ae5,Lays Masala,8964002346912,1,70.0,63.75,70.0,177832b6-40a2-4948-af00-6754a30a0f67,Piece,1
f586a298-09fa-430f-9e97-6418c8e0d576,87dbdb4e-6ca0-4407-a6bd-7522edfd1683,8af4077d-37f1-441f-936d-9507cb56ca9d,candy,1232784048698,1,5.0,3.5,5.0,7534df49-d891-461a-8b69-7d03cb9ce755,Piece,1
82333229-d357-42ce-8c99-cf233885c520,db5c4c14-3dc2-4e6a-b2c1-7fcb1b1b0774,9b8a64b3-0eff-49bd-a7e9-7ae1f4c6211f,Capstan White,89600078,20,12.5,12.1,250.0,b371a280-0cea-4bc1-87c8-4befe828f950,Box,1
b3b915cc-76ab-46d3-b95b-a29db3d23497,db5c4c14-3dc2-4e6a-b2c1-7fcb1b1b0774,c1d97058-aebf-4116-bd64-150baee6a79f,SMILE Strawberry,8964002758913,1,50.0,45.83,50.0,eb7fe099-0d97-48ba-a6cd-20e13e769038,Piece,1
152c2305-ef30-459a-aab0-34c1e3e1c499,643e3c0a-5c95-4028-a8ae-8f6b8667fdf2,234c787c-e5e2-4047-bb07-95d114219d2e,AQUA DIRE 0.5 Ltr,5901234039710,1,60.0,22.0,60.0,bc7e8655-4e7a-409b-a5c5-6b9e2e262dff,Piece,1
5b252525-f1e0-454d-b769-b7c12c66d49b,965055cb-25e3-49a3-ba5b-292cde695f4b,9863fa08-b141-4a19-959c-fc1dae64e577,pepsi 1.5L,012000800085,1,210.0,163.0,210.0,8e6db930-330d-46af-a62c-e673e3d938a7,Piece,1
1ae800de-0e62-4170-8ab6-e4f1f58fc7c7,965055cb-25e3-49a3-ba5b-292cde695f4b,91ffc46b-44fc-4d7b-823e-bc162c9cf24f,bigg apple,1860071012147,1,80.0,54.0,80.0,baa1a505-ea2c-44e0-8a28-0195bd62bbb6,Piece,1
44c8bb27-6391-4f9a-a678-4f4028917788,965055cb-25e3-49a3-ba5b-292cde695f4b,dabede9c-eb98-47b3-848d-77e6850a56e1,7UP 1.5L,0012000800337,1,210.0,163.0,210.0,f7ce623b-7879-474d-9773-f703bf0ae037,Piece,1
97c70797-09b7-46c8-9846-1310f11ab284,9bc0618c-54c8-44cb-a2a0-c4a6cc28cdcc,c3551759-c1ef-47f5-b230-77bce4c2f476,Brite s/pack,8886950015279,5,10.0,9.17,50.0,65d64d63-9e6f-4416-9618-7a79123a69a1,Piece,5
57d70c94-e12b-4aca-8eb1-d8c08272cc4a,c79df95c-62f7-47b4-af88-25e20341b369,5a5154d9-6994-4dee-9011-efd865af1c8f,GOLD LEAF,1232097295550,20,25.0,24.5,500.0,38175889-2f66-461f-8e62-69907628ca63,Box,1
a33cf5ad-0043-41e9-8b35-0d7439737137,cbbeba87-e390-4228-8e03-0bae7afa0476,0383457d-1f9f-4703-983e-18bd38d2a79c,tedy,8964004771040,1,60.0,40.0,60.0,17eb82a7-363d-497b-90aa-c646a76433eb,Piece,1
5fa5a6a8-5a77-4161-8d1b-d0a993e8fbd4,cbbeba87-e390-4228-8e03-0bae7afa0476,7fe3ad7f-9f94-4ad8-89a5-771214b5dd1a,Choco Lava,8964003591533,1,40.0,36.0,40.0,22aa23fe-3835-4613-9d85-4bb2a3ca6bb7,Piece,1
4fa5874d-65da-4733-a773-980dc57cd531,f4d825f3-1e5e-4af6-a74a-4f94281b7df6,8af4077d-37f1-441f-936d-9507cb56ca9d,candy,1232784048698,2,5.0,3.5,10.0,7534df49-d891-461a-8b69-7d03cb9ce755,Piece,2
533899a3-647c-4436-bb94-333783f9808f,694ffc36-9953-47cf-b305-29183ce4a78e,296944b9-ea79-469c-8425-f11d6e4b7eed,CAPSTAN RED,1230364618200,3,15.0,12.1,45.0,a1bc6a6f-ad8f-468b-afac-44ec8574811d,Piece,3
ddbf43e3-ac11-420a-ba0d-69d29aa2dd05,694ffc36-9953-47cf-b305-29183ce4a78e,5a5154d9-6994-4dee-9011-efd865af1c8f,GOLD LEAF,1232097295550,3,30.0,25.0,90.0,ff8b0ab8-fd25-4bb6-aafb-a79e8e63a846,Piece,3
f7024040-cbb0-4cb1-abc6-da8c13741479,694ffc36-9953-47cf-b305-29183ce4a78e,975cf5aa-4ec6-4b0f-bd0b-a79640860da8,CHOICE,9254120000254,1,40.0,22.5,40.0,45baadf7-3c4f-430c-b19c-ed8a6e8538df,Piece,1
8f85d8b8-84af-487b-b495-b3417570e87c,2f2f2f9e-0595-4959-a873-07e8e2b8cf73,a9fb56bc-72fd-431d-9e85-54211a549b92,High C 1000,1235960178691,1,20.0,17.0,20.0,aa14cd36-319b-4b97-a3fe-66df2b7e4420,Piece,1
b665063b-6b8d-4bce-957f-925fc928acad,99b612af-ddb4-4091-999b-09fc8e8c4408,1765bf04-3aa3-4abb-a936-eb28dc6f7d5b,COLA NEXT 1.5ML,8964001179009,1,180.0,130.0,180.0,9462ed19-512b-42b4-be94-a82d33392244,Piece,1
306a2162-011c-4981-8b6c-4ae446839207,d5cb07b8-6210-48a7-a621-3f7cc04598c9,477ef534-005d-42fb-9cdb-ae0e6e0e4624,Lays Masala,8964002345595,9,50.0,46.0,450.0,3294cf9e-a80d-4e5a-bb6f-3a8fd4122ffc,Piece,9
3bbd8476-f3fc-4bb1-9b38-20ade26dfb71,d5cb07b8-6210-48a7-a621-3f7cc04598c9,b670459a-e326-4490-bf85-c717dd6912df,SLICE APPLE,8964000103104,6,80.0,43.4,480.0,962458d9-d8a4-496e-b26d-a36295416f95,Piece,6
0c24c068-7abd-453d-be8c-e71ec7bc2b27,c067bf09-a295-447f-8b53-df77d2f03b51,2283ba0b-9ecd-4cff-a3d2-a3eefb114b31,COLA NEXT 300ML,8964001179702,1,80.0,51.66,80.0,9f977eed-d4eb-44da-950f-ff66decd80cd,Piece,1
f17cff8d-683a-46b7-8089-f69b1c993b4e,a036145a-e5af-4faa-b5ec-0e7f6d7da301,882b08a0-0a52-41e8-9ac1-b13f46cc4363,WHITE ROLL TISSUE,8961006070751,1,50.0,38.2,50.0,c2970123-8593-4eee-ab2f-1c850d0f0cbd,Piece,1
5bdd31b2-1804-47d1-bb2c-0795eba316c9,a036145a-e5af-4faa-b5ec-0e7f6d7da301,1ef410cd-7a94-44af-b517-d8100813a45a,DONUT,8961014017564,5,100.0,91.16,500.0,9c11edf3-677c-4388-941e-807919db36a3,Piece,5
f0fe97b0-9030-46ad-8d5f-ee2d2674ef9d,e1c710a1-e933-45f8-a1ea-cd126dfae8dc,0084bf1f-7beb-4c04-9848-2ce0fa28b44e,Chaunsa Mango Cup,8961014033755,1,90.0,77.55,90.0,648aa092-3ee6-4c96-87c6-5610d6e3e4dc,Piece,1
bedca97e-de3f-46a6-8faa-b29094ed9246,e1c710a1-e933-45f8-a1ea-cd126dfae8dc,9f61e160-7af9-471d-87df-a7c46405286f,paddle pop VANILLA CUP,8721274610468,1,40.0,34.0,40.0,15b2f430-290d-46a5-870b-99d701ce42b7,Piece,1
645b4829-a1e3-45be-b15b-ea5193889030,d1d82c81-5365-4d1b-af6d-46e78eb40dbc,e101e5a8-3410-4e60-af94-bbe948876ffd,CANDY ORIGINAL,8961003679759,1,50.0,44.5,50.0,1391b547-210a-4a66-a3ca-93d482b74abf,Piece,1
59a5d8dd-b779-4e22-9640-11b9ac5e5a3d,d1d82c81-5365-4d1b-af6d-46e78eb40dbc,d0ea7687-1654-4b17-b313-1c89ac741d71,NANKHATAI,8961003669347,1,50.0,45.0,50.0,7c5574a7-3027-4066-a9a4-deb43ded924b,Piece,1
c2ab515e-6d1b-4fe7-906f-7ade698c424d,d1d82c81-5365-4d1b-af6d-46e78eb40dbc,188b0bc1-c811-435d-9cd7-84a6e7787fe1,Zeera plus,8961003642166,1,50.0,43.0,50.0,daae7360-e661-4316-9b57-e301e684f423,Piece,1
8dc44395-ba64-4502-9321-16aed27abba3,37232a9f-15ec-4ae8-9ec4-1474f938ad09,6b21c075-c752-4bf7-a4c2-2a4c8441c546,sifarish khan,1232255618481,1,30.0,25.0,30.0,289e28e9-66d0-4026-9fd4-67bfa88cb04c,Piece,1
ccdef583-a729-443d-be09-1af0816f20e3,37232a9f-15ec-4ae8-9ec4-1474f938ad09,53950024-b47b-42d2-8eeb-120b982ce922,clear,8961014269239,2,5.0,4.6,10.0,7642bbb8-9769-41ca-b06c-1523d8dcee3c,Piece,2
f591f33f-b0bc-4533-b341-66f85b60444e,52110ffc-3777-42ae-8021-b4ddc7767ff8,89f4f035-f9a1-4494-a13d-25aea03393fc,Cornetto Strawberry,8961014032239,1,90.0,76.5,90.0,8f48d8d3-dbb8-4cd5-9d62-c9ae8c01c33b,Piece,1
5017a487-2813-424e-adbd-264061579631,52110ffc-3777-42ae-8021-b4ddc7767ff8,53109ff7-89f7-4310-8b54-a08bcb3fe1f7,BONJOUR H$ B,725765019059,1,60.0,31.0,60.0,d4cf5872-cf25-4c27-99ba-efdf91572921,Piece,1
b2ea352b-4f1f-4d5c-b89c-c9f5cff01390,238f484c-afb0-447c-bc7c-ae842248d8c6,382387eb-6272-4738-b2d5-3361fa6fc3ca,Potato Sticks,671866277501,1,50.0,46.25,50.0,bc63250f-fd30-4ca2-a788-3340c09f9c89,Piece,1
e3d07ec6-b0ed-40d9-9566-6174738ca64b,238f484c-afb0-447c-bc7c-ae842248d8c6,296944b9-ea79-469c-8425-f11d6e4b7eed,CAPSTAN RED,1230364618200,3,15.0,12.1,45.0,a1bc6a6f-ad8f-468b-afac-44ec8574811d,Piece,3
653b587a-f180-4240-a816-9a4988fc5cff,c45d5ee4-cd6f-4252-a4fd-c81e1f904363,1e6935b5-f19e-4bed-b5d3-be70952a3f7d,TWICH,671866277891,3,50.0,45.83,150.0,b24542d2-182c-4f6b-ad05-efbdbd462b88,Piece,3
4d00d155-4429-4527-881a-a8ce39dbc2df,c45d5ee4-cd6f-4252-a4fd-c81e1f904363,0aa80e86-0e8c-4c99-9c66-fd4a30ca7abb,KURKURAY MASTI SHOTS,8964002345700,2,30.0,28.05,60.0,19089021-10fb-4a9d-97bb-8876d0b8603d,Piece,2
6b174d09-efc2-41fb-a40b-fd01205516b6,c45d5ee4-cd6f-4252-a4fd-c81e1f904363,8f421553-10c3-4fa2-9e4d-51f5bbc06cbc,KURKURAY TM,8964002347278,2,40.0,36.9,80.0,74737246-4041-42e1-b1a9-1a501d24fe22,Piece,2
5f18cfbc-3c90-4518-83a1-59b5e8c59b6f,c45d5ee4-cd6f-4252-a4fd-c81e1f904363,3576a48f-6330-4bcd-bf54-7383eca28c85,FV RED GRAPES,8961008222776,2,90.0,67.0,180.0,265a895e-8fbc-4bf6-843c-c03e044903d6,Piece,2
b9962b02-044f-464f-8ae0-111fed30d250,c45d5ee4-cd6f-4252-a4fd-c81e1f904363,e55f9b15-e456-4841-9cb1-f57f07bf46b8,FRUITIEN APPLE,8964000876503,2,70.0,45.41,140.0,4eea30fe-1cb9-411a-84f7-1da5f5b3e6c2,Piece,2
abb2a838-6446-4949-bbf7-ee22b954a3fd,c45d5ee4-cd6f-4252-a4fd-c81e1f904363,986fdfa7-0d1f-4581-980f-f56c15fe2708,dayfresh chocolate,8964000816516,2,150.0,97.0,300.0,6922c626-8f0e-463a-aa49-2c8a8df73c59,Piece,2
1777f588-f0bd-4eb7-830f-f41bcd4331ce,f4e72320-b5e8-4c42-9c75-c85844223363,6b21c075-c752-4bf7-a4c2-2a4c8441c546,sifarish khan,1232255618481,1,30.0,25.0,30.0,289e28e9-66d0-4026-9fd4-67bfa88cb04c,Piece,1
8fad70b6-fbd7-49b4-80fc-9ce39972f109,3dc02a3b-a3c4-474e-b38b-d8293f1d4b09,234c787c-e5e2-4047-bb07-95d114219d2e,AQUA DIRE 0.5 Ltr,5901234039710,3,60.0,22.0,180.0,bc7e8655-4e7a-409b-a5c5-6b9e2e262dff,Piece,3
f142b854-d3a7-45a1-8379-80f69a2cdc14,cdf15d27-ce37-441e-af50-58cf1e487ea6,6b21c075-c752-4bf7-a4c2-2a4c8441c546,sifarish khan,1232255618481,1,30.0,25.0,30.0,289e28e9-66d0-4026-9fd4-67bfa88cb04c,Piece,1
b9002e6d-43ea-4219-a8bd-cabb33fed769,cdf15d27-ce37-441e-af50-58cf1e487ea6,8af4077d-37f1-441f-936d-9507cb56ca9d,candy,1232784048698,2,5.0,3.5,10.0,7534df49-d891-461a-8b69-7d03cb9ce755,Piece,2
5449ab03-263b-4bf6-b653-c5f40ffadd53,100c8032-e67d-4c90-9879-1fb8109b209e,1f042fef-6374-4775-8e10-9b82fe226e1e,SNAKERS MASALA,671866117456,1,50.0,45.01,50.0,6cb624aa-3c40-4717-8ab8-a85c382b3f8a,Piece,1
42bde1c5-a2cb-4261-9e9f-f79c6b1d212f,100c8032-e67d-4c90-9879-1fb8109b209e,2191b979-dc6b-4487-a5db-4f4248da979b,LAYS CLASSIC,8964002345632,1,30.0,27.66,30.0,6e04bce6-7dc2-422b-aba8-ff080af9ddae,Piece,1
ac425665-9c3b-4dda-b0d7-d5263ab9847b,100c8032-e67d-4c90-9879-1fb8109b209e,b8106d87-eb2b-4a4c-bcd9-ebd7b40708e2,lays classic,8964000090596,1,20.0,18.0,20.0,1f70884a-93dd-4a74-954a-95cc02ac4bf6,Piece,1
5068f4ad-bd83-41cc-acde-187b2496d1c5,100c8032-e67d-4c90-9879-1fb8109b209e,5fd22afa-5470-4c6d-ade9-029b9f0ee115,DUBAI KUNFA,6033699608190,1,200.0,116.0,200.0,61842b77-fd22-4d95-a074-cf9567ea5ab9,Piece,1
eda06175-113a-4891-a270-dd2e84dbbb36,100c8032-e67d-4c90-9879-1fb8109b209e,63909d32-ff7d-4238-875b-2d7ebffedc72,sprite 500 ml,54491069,1,130.0,85.0,130.0,bbbc982c-4ef4-4a12-bdb5-82b369ee4edf,Piece,1
94b19f88-7aab-47e3-8b02-111181dacfd1,100c8032-e67d-4c90-9879-1fb8109b209e,e40ddc87-c1d6-42d0-8522-8c43694879a5,DASANI 1.5,ZIC5449000098504,1,120.0,80.0,120.0,1825381b-9f33-43bb-9447-d08d9ec884f1,Piece,1
331df328-421a-4b85-85ef-0a5eeef301ad,100c8032-e67d-4c90-9879-1fb8109b209e,1330888d-09e3-4704-ad0e-c6910547e08b,COCATEA PEANUT,762497639377,1,50.0,41.66,50.0,6690d456-6ac5-4661-8b6d-1e96e1b9527d,Piece,1
2200224d-c4bc-4524-a03c-a7cc4028694a,fec067e1-211c-4f20-b7d3-f326ec7ec91d,296944b9-ea79-469c-8425-f11d6e4b7eed,CAPSTAN RED,1230364618200,3,15.0,12.1,45.0,a1bc6a6f-ad8f-468b-afac-44ec8574811d,Piece,3
a7b02626-3027-44c7-8f24-faa2da3a3ead,ffe5807d-ccf0-41fe-b926-fc7725fd2595,85594582-8fac-4e45-97aa-fb017eedf3ed,Tuc,8961003622625,1,50.0,43.0,50.0,5d3f27a0-ef98-4aef-bdc0-09fb857dca97,Piece,1
211bffaf-bfeb-4680-b655-273ad6e063a2,a077291f-53b4-471f-9559-126687782c8c,296944b9-ea79-469c-8425-f11d6e4b7eed,CAPSTAN RED,1230364618200,1,15.0,12.1,15.0,a1bc6a6f-ad8f-468b-afac-44ec8574811d,Piece,1
951ee0cf-26af-4275-b276-3b0b012849bd,a077291f-53b4-471f-9559-126687782c8c,8af4077d-37f1-441f-936d-9507cb56ca9d,candy,1232784048698,1,5.0,3.5,5.0,7534df49-d891-461a-8b69-7d03cb9ce755,Piece,1
5f026b1d-d9f5-4459-92e7-28b678cb6d22,0b5b1946-5d1f-45c4-9461-c9f084746159,6b21c075-c752-4bf7-a4c2-2a4c8441c546,sifarish khan,1232255618481,1,30.0,25.0,30.0,289e28e9-66d0-4026-9fd4-67bfa88cb04c,Piece,1
7ab873c3-520a-45c4-b582-836ac7b911f9,cdbd9207-5317-4559-b01c-33d4597866a9,8f421553-10c3-4fa2-9e4d-51f5bbc06cbc,KURKURAY TM,8964002347278,1,40.0,36.9,40.0,74737246-4041-42e1-b1a9-1a501d24fe22,Piece,1
597d1a8d-fafb-43a3-9d30-fab151b7d4c9,cdbd9207-5317-4559-b01c-33d4597866a9,0b73f4a6-add8-4f4e-a679-6cb22891f884,SOOPER,8964003594107,1,10.0,9.0,10.0,8ab1ca21-f35c-4608-9392-aa2aab76978f,Piece,1
9cc509fd-5d35-4434-a5f7-6db58dfc9e57,0bd285a3-7a80-4b89-ac44-28c942e2544f,1eca10c5-4891-4e75-8bc9-221518fac91e,Krisko Darbari,2152255622556,1,50.0,41.0,50.0,583fc009-71c4-47c6-b1d0-84701feb3920,Piece,1
8ab479d3-0d6a-43c7-a861-2b14e2f59d4e,0bd285a3-7a80-4b89-ac44-28c942e2544f,7a17eafb-adc5-4fe4-823a-276a0aef8f80,Sprite Mint 350ml,5449000283467,1,90.0,65.0,90.0,7253e00e-b639-4f94-8f55-afe8c41730f3,Piece,1
95f8a85e-9b9f-4210-807d-3e93cdfe46fc,b06d3643-6224-4596-98d3-86da690b3dc4,234c787c-e5e2-4047-bb07-95d114219d2e,AQUA DIRE 0.5 Ltr,5901234039710,1,60.0,22.0,60.0,bc7e8655-4e7a-409b-a5c5-6b9e2e262dff,Piece,1
e2be08a3-eabe-4eae-b648-08c820008b62,b06d3643-6224-4596-98d3-86da690b3dc4,6b21c075-c752-4bf7-a4c2-2a4c8441c546,sifarish khan,1232255618481,1,30.0,25.0,30.0,289e28e9-66d0-4026-9fd4-67bfa88cb04c,Piece,1
4ae67d04-c8fa-4d95-857e-2d2c286d51b1,b06d3643-6224-4596-98d3-86da690b3dc4,8af4077d-37f1-441f-936d-9507cb56ca9d,candy,1232784048698,2,5.0,3.5,10.0,7534df49-d891-461a-8b69-7d03cb9ce755,Piece,2
68f39fd5-4d0d-4775-84da-c2859b76f214,c6d9df95-0820-4b90-b2eb-df70da385143,975afaa4-6f19-4b65-b8ba-ec64f86f41cb,Lays Y&H,8964002346905,1,70.0,64.75,70.0,ed65e660-cda7-4d73-8f09-7920617be844,Piece,1
2bc19dc4-74be-43cb-ad3e-71d23f463749,f5697850-9a2a-4add-9aec-147c97b24067,8af4077d-37f1-441f-936d-9507cb56ca9d,candy,1232784048698,4,5.0,3.5,20.0,7534df49-d891-461a-8b69-7d03cb9ce755,Piece,4
aac1e46c-a12e-428a-8978-a5ca9c543105,29315bc6-9bdc-4cd0-912c-5eead52e7c52,8f421553-10c3-4fa2-9e4d-51f5bbc06cbc,KURKURAY TM,8964002347278,1,40.0,36.9,40.0,74737246-4041-42e1-b1a9-1a501d24fe22,Piece,1
a146aeac-38eb-4df0-aa8d-084327c27b76,5a32cb75-a8c2-451b-a3f0-722711577b43,8af4077d-37f1-441f-936d-9507cb56ca9d,candy,1232784048698,4,5.0,3.5,20.0,7534df49-d891-461a-8b69-7d03cb9ce755,Piece,4
721a476d-424f-4ef9-80ba-ae104836f617,a136c884-6f1d-459c-a551-8320f4b6e5d9,296944b9-ea79-469c-8425-f11d6e4b7eed,CAPSTAN RED,1230364618200,3,15.0,12.1,45.0,a1bc6a6f-ad8f-468b-afac-44ec8574811d,Piece,3
eae6f7de-fe50-43a7-b4a4-67b0ee8a3e42,a136c884-6f1d-459c-a551-8320f4b6e5d9,8af4077d-37f1-441f-936d-9507cb56ca9d,candy,1232784048698,1,5.0,3.5,5.0,7534df49-d891-461a-8b69-7d03cb9ce755,Piece,1
3075a000-a522-4d96-ba8c-1dac0fe92932,21be3253-a8dd-4ca5-91f0-1994f9d00c04,234c787c-e5e2-4047-bb07-95d114219d2e,AQUA DIRE 0.5 Ltr,5901234039710,2,60.0,22.0,120.0,bc7e8655-4e7a-409b-a5c5-6b9e2e262dff,Piece,2
d21f216a-d22a-4ea0-8930-40d9f5e66b41,21be3253-a8dd-4ca5-91f0-1994f9d00c04,8dafb2f5-7072-481b-a83c-a4b1ff1fdd97,SLING,725765020512,1,100.0,50.0,100.0,5e1ca21e-5f42-479b-be17-45caa1bc25d7,Piece,1
ab303963-6e17-47e1-9490-0d97e3e83160,21be3253-a8dd-4ca5-91f0-1994f9d00c04,53109ff7-89f7-4310-8b54-a08bcb3fe1f7,BONJOUR H$ B,725765019059,2,60.0,31.0,120.0,d4cf5872-cf25-4c27-99ba-efdf91572921,Piece,2
1b46e873-3c06-4ceb-86f4-24d31602642e,b0910f9e-21fb-4c95-bdc2-9e35ce4642ae,c16ec9c5-9f5f-45ee-9c0b-768dfa3ba355,VELO BERRY FORST 3DOT,89601365,1,250.0,146.0,250.0,6eaa0713-11cb-48b1-9949-759fd149533a,Piece,1
35ca24c7-ae82-4912-a04c-3718ef4cae54,b0910f9e-21fb-4c95-bdc2-9e35ce4642ae,ebecba97-a5dc-432a-a675-b07992cfe188,DUNHILL,89600047,40,30.0,29.5,1200.0,4d75b869-1d20-4862-9c75-0c8a26f90c5d,Box,2
cc69bf3e-8afc-4c06-89ee-6d1ae47ba7dd,686b89c5-06eb-43bf-85ec-075ed66b2009,296944b9-ea79-469c-8425-f11d6e4b7eed,CAPSTAN RED,1230364618200,3,15.0,12.1,45.0,a1bc6a6f-ad8f-468b-afac-44ec8574811d,Piece,3
f69e5149-4503-43ed-aae7-867cd253bb72,686b89c5-06eb-43bf-85ec-075ed66b2009,8af4077d-37f1-441f-936d-9507cb56ca9d,candy,1232784048698,1,5.0,3.5,5.0,7534df49-d891-461a-8b69-7d03cb9ce755,Piece,1
bcf08925-778c-489f-b65c-8673cc359a53,6ede3a50-51cb-4844-944d-47cb226cd08f,33819376-e267-418a-adf2-b6190c956759,DEW 1.5L,8964000101117,1,210.0,163.3,210.0,f669561e-4418-41a3-9cb7-31974a38d7c4,Piece,1
13699695-62e2-49da-ae2f-efa38951d094,6ede3a50-51cb-4844-944d-47cb226cd08f,49d0da8d-0715-45bb-8ed2-bfeb311f210f,lays y$h,8964000103784,1,20.0,17.0,20.0,aa53ae6a-2e7f-4333-8645-91a01ffefc95,Piece,1
8be9b724-ee1c-419a-bf97-09dca86fb54f,6ede3a50-51cb-4844-944d-47cb226cd08f,aeec8327-c8e3-49ae-830d-5ae48228671a,DISPOSIBLE GLASS,1233763958519,3,5.0,1.7,15.0,2bc021cb-4f78-4684-ad9e-7fae8bd628d9,Piece,3
616773b3-b001-4d0d-92d6-1d1b06400c18,6ede3a50-51cb-4844-944d-47cb226cd08f,8af4077d-37f1-441f-936d-9507cb56ca9d,candy,1232784048698,1,5.0,3.5,5.0,7534df49-d891-461a-8b69-7d03cb9ce755,Piece,1
c5544899-54a0-40b0-9ca3-349e105843eb,0ec73d01-ed4c-49ce-b0e2-e4267a79924a,3d735f84-59d1-4fac-805b-6cb87b2a0ec4,ice orignal refill,5060618001177,1,300.0,280.0,300.0,e0368fd5-a822-4686-b222-d4c56ebe8385,Piece,1
03542847-3c96-43c1-80c9-4ee714b1f3ac,d403581c-9c76-4d2d-9abb-92797154c06c,2f0bd3d2-d095-4cbd-a674-9d1776c2e43a,Zia Mix Nimco,8964002429936,1,50.0,41.6,50.0,60f345fa-41ee-4b27-8c95-1a22adb06e14,Piece,1
adb6f512-d429-4961-ae94-f885b774df69,d403581c-9c76-4d2d-9abb-92797154c06c,d24bbc5f-3fd1-410d-9a57-74e81ed86362,Zia Peanut,8964003813390,1,50.0,41.6,50.0,cbb97db4-8292-477b-a912-3174dca1594b,Piece,1
73e0f810-c081-44ff-9567-c263c19afc1d,d403581c-9c76-4d2d-9abb-92797154c06c,403ea510-fb07-48bc-a730-8f1f2391b3be,STING L,8964000101704,1,140.0,105.8,140.0,7b817808-9ae8-4d8f-9f89-3f3e11cfe183,Piece,1
00c993c6-9bd3-4af9-b167-9305ba383c52,d403581c-9c76-4d2d-9abb-92797154c06c,8af4077d-37f1-441f-936d-9507cb56ca9d,candy,1232784048698,2,5.0,3.5,10.0,7534df49-d891-461a-8b69-7d03cb9ce755,Piece,2
5148122f-b8f5-469c-9dc1-5b93a24a8d31,11d6e5a5-9b07-49ba-a748-9ee8850ce1f2,296944b9-ea79-469c-8425-f11d6e4b7eed,CAPSTAN RED,1230364618200,10,14.0,12.25,140.0,0ea2547b-ff52-4fd2-a713-c4c425c19caa,Half box,1
6f913ac0-25bb-44ba-b132-f86f50827c1e,e4e257a2-0fcd-4105-b46e-2c40f425bf8c,ffc003aa-21e0-490a-942f-d3f537fd624d,TASTEUP MASALA,8452624486043,1,60.0,44.0,60.0,e602fe2e-58c3-4460-a2fc-de0e3bcc595f,Piece,1
9532e4ab-37fd-48f7-aadd-f79a6f4c1d9a,e4e257a2-0fcd-4105-b46e-2c40f425bf8c,20a6b7b0-b32d-4ef7-a68f-a34e139e6aa7,Fruiten joy Mango,8964000876466,2,70.0,45.41,140.0,0e8ea209-a7c4-4e46-aaf4-45fd453bdec9,Piece,2
331194b3-6182-4b7f-887c-25a1dc2ed1d0,e4e257a2-0fcd-4105-b46e-2c40f425bf8c,63909d32-ff7d-4238-875b-2d7ebffedc72,sprite 500 ml,54491069,1,130.0,85.0,130.0,bbbc982c-4ef4-4a12-bdb5-82b369ee4edf,Piece,1
0ad333ec-17c2-4af0-8251-55fd23896af8,e4e257a2-0fcd-4105-b46e-2c40f425bf8c,3ab410a2-c572-4e62-9150-30596e155606,Sooper Soft Bakes,8964004771002,3,40.0,36.0,120.0,968c42f8-6f12-4100-8cd9-a8c15b5d2e0c,Piece,3
4f067ba5-7f34-4e92-825d-8c418fe5f134,17ec6de9-d8d9-49de-afad-1c8c4ab8cf1a,c3551759-c1ef-47f5-b230-77bce4c2f476,Brite s/pack,8886950015279,2,10.0,9.17,20.0,65d64d63-9e6f-4416-9618-7a79123a69a1,Piece,2
6571b42f-c0a2-4eb4-a8aa-50b0b8353f88,96e0a852-69e9-44ef-bec4-8751e0cac1a4,e1c7461f-fe2c-43cc-b072-ab2fcdd767ed,olper pack,8964000919934,1,100.0,85.0,100.0,610b7a9f-fa8f-480c-8da4-d5bb1121252c,Piece,1
396374d4-254f-412e-9ca8-5d5f5288dad8,96e0a852-69e9-44ef-bec4-8751e0cac1a4,3c9df82b-a8e2-49c2-a773-46edf5859135,RAHAT  4,4985925672487,1,35.0,26.1,35.0,287627b8-4e98-49f3-9268-58f71cd70eb3,Piece,1
38bd8960-6931-4c55-bf81-cd421604a19d,96e0a852-69e9-44ef-bec4-8751e0cac1a4,8af4077d-37f1-441f-936d-9507cb56ca9d,candy,1232784048698,1,5.0,3.5,5.0,7534df49-d891-461a-8b69-7d03cb9ce755,Piece,1
fa3544af-80c8-4915-bd73-60a525277532,5c683433-8f4d-4dd7-8db7-ad6ec4d06799,0383457d-1f9f-4703-983e-18bd38d2a79c,tedy,8964004771040,1,60.0,40.0,60.0,17eb82a7-363d-497b-90aa-c646a76433eb,Piece,1
aa5a33d4-f60a-401c-8302-cce1c243d8e3,5c683433-8f4d-4dd7-8db7-ad6ec4d06799,6b21c075-c752-4bf7-a4c2-2a4c8441c546,sifarish khan,1232255618481,1,30.0,25.0,30.0,289e28e9-66d0-4026-9fd4-67bfa88cb04c,Piece,1
8177e7a9-c0f0-4aaa-9f6a-fe187f500054,ac591cef-11dd-4352-9bd9-eec41413d200,6c6ccff1-14e0-4b77-884d-ac35c4441fbd,MOO,8961014017595,3,50.0,44.08,150.0,486c4a3e-978a-4702-95e2-9d661806f528,Piece,3
b2855587-cfbb-42e1-b092-59b72919a8a5,8a88e39c-d19f-4da0-90ba-ba46ee62181a,170998fd-1739-415a-b38c-1943f5edf586,bigg lychee,1860074054595,1,80.0,54.0,80.0,ae77f788-ea9e-49ac-ac6a-45a58d3e336c,Piece,1
6c2fb025-9b6e-4b9e-be95-82b7d553ec66,8a88e39c-d19f-4da0-90ba-ba46ee62181a,64a3544f-c7d2-4af5-bff5-57ab2133cf59,Dayfresh Pista Zafran,8964000816509,1,150.0,97.5,150.0,d9b92311-dc28-4369-930f-2ef418a42c67,Piece,1
13a9d2ad-30f3-4a57-becd-662717e8a05c,8a88e39c-d19f-4da0-90ba-ba46ee62181a,b3eef3ba-78b1-4007-b07d-6aed1fdcb21e,DUBAI CAKE,6033696187896,2,150.0,93.0,300.0,001e6d4f-3ee7-471a-8096-22b1d8972e25,Piece,2
96afb066-1ffa-41f7-97f3-da41b109fb05,16c06d3e-42c9-4b1d-a3c7-5ca0b05697df,0084bf1f-7beb-4c04-9848-2ce0fa28b44e,Chaunsa Mango Cup,8961014033755,1,90.0,77.55,90.0,648aa092-3ee6-4c96-87c6-5610d6e3e4dc,Piece,1
a6a40b17-5bdf-4a2c-b579-9bda3e401126,16c06d3e-42c9-4b1d-a3c7-5ca0b05697df,ebaad222-dc4f-4b0e-813d-34b46a43bdd6,Double Trouble,8721274610574,1,40.0,28.5,40.0,d4cdbb07-35fe-4ead-aa6d-66aaa1e207f6,Piece,1
bc197ff9-6625-423b-8942-1cf62864a2f7,16c06d3e-42c9-4b1d-a3c7-5ca0b05697df,3ec91c94-8be1-4717-8435-6bcd92070dc1,Feast Chocolate,8721274610406,1,100.0,86.1,100.0,b6e97872-e4be-4158-b9ca-3adb4c7c05e7,Piece,1
e53cc42a-8d0f-4a2e-8ddd-dda79795d83e,bbda42e8-8edf-48e0-bf86-5f529ba69d82,1330888d-09e3-4704-ad0e-c6910547e08b,COCATEA PEANUT,762497639377,1,50.0,41.66,50.0,6690d456-6ac5-4661-8b6d-1e96e1b9527d,Piece,1
9aef463a-2aea-4be3-9ee6-29708703a6e2,078d8720-3d86-4dd7-a99b-99db8adc00e4,6b21c075-c752-4bf7-a4c2-2a4c8441c546,sifarish khan,1232255618481,1,30.0,25.0,30.0,289e28e9-66d0-4026-9fd4-67bfa88cb04c,Piece,1
afd20fd8-b703-4a46-97bd-900c059ee022,078d8720-3d86-4dd7-a99b-99db8adc00e4,8af4077d-37f1-441f-936d-9507cb56ca9d,candy,1232784048698,4,5.0,3.5,20.0,7534df49-d891-461a-8b69-7d03cb9ce755,Piece,4
7c708c74-974c-4aa4-bcdb-f7b83ea31c3b,5deef240-e524-4bb8-9054-3a6dc1bd4d1a,a8980d61-f9e9-447e-b07c-870e64354983,envelop paper,1234633260381,2,20.0,2.0,40.0,dde7b2fd-09c8-462d-b8a8-73c8600f68b6,Piece,2
8f5d9326-cf9c-43e8-ac7c-3494928f3b22,4cd04e50-611a-41d5-baeb-2d7fbf50bae3,296944b9-ea79-469c-8425-f11d6e4b7eed,CAPSTAN RED,1230364618200,3,15.0,12.1,45.0,a1bc6a6f-ad8f-468b-afac-44ec8574811d,Piece,3
b66a18fa-66d9-4788-839c-8c09a0700f0d,4cd04e50-611a-41d5-baeb-2d7fbf50bae3,8af4077d-37f1-441f-936d-9507cb56ca9d,candy,1232784048698,1,5.0,3.5,5.0,7534df49-d891-461a-8b69-7d03cb9ce755,Piece,1
be6efd15-ff08-48ad-b588-cca7677cba92,8635e81b-52c8-403b-8245-39f500427224,0f9029ff-b0c8-401f-84ee-ffc632db2610,sweep,3152800478002,1,200.0,150.0,200.0,a23eb44d-7f2c-44fc-b8f0-1ec6ca2cf371,Piece,1
e777518d-301c-40c9-8350-6ec9b28e71e6,8635e81b-52c8-403b-8245-39f500427224,5a5154d9-6994-4dee-9011-efd865af1c8f,GOLD LEAF,1232097295550,7,30.0,25.0,210.0,ff8b0ab8-fd25-4bb6-aafb-a79e8e63a846,Piece,7
63463080-0bc1-4b73-8d37-14633bc6e2ea,8635e81b-52c8-403b-8245-39f500427224,49d0da8d-0715-45bb-8ed2-bfeb311f210f,lays y$h,8964000103784,6,20.0,17.0,120.0,aa53ae6a-2e7f-4333-8645-91a01ffefc95,Piece,6
0f7aa86c-a5ed-492e-b513-429638ddfb7b,8635e81b-52c8-403b-8245-39f500427224,8d461728-be1b-440c-86ee-f7a31b9a6d27,Chocolatto,870572008007,6,10.0,9.31,60.0,08a6ddec-263a-4d1b-9f75-5a39630e6b76,Piece,6
c9990fb4-830e-4d0e-b3b7-a862bb61b34b,8635e81b-52c8-403b-8245-39f500427224,267000c3-a7df-4376-9f3f-e4a8129ba391,frisky c c w r,8965310055787,6,60.0,52.0,360.0,23a38cfb-9dc0-46e1-b47e-5bedf315dd04,Piece,6
c604e24c-c21a-4a0d-a7e6-4a8ada1122a8,8635e81b-52c8-403b-8245-39f500427224,566c6cdf-1a6b-4414-94ec-484e69209ed1,HISS,6261149033166,2,70.0,35.0,140.0,7ba78179-a1f0-4dde-b9f8-1d91884efcfa,Piece,2
f9da7b50-3d53-49e2-996a-1d3d983b019d,8635e81b-52c8-403b-8245-39f500427224,f9e4c368-c027-4ef0-8368-aff156b4b9b2,Prince chocolate ,8961003614637,1,20.0,18.0,20.0,26f8682b-a9f1-4f34-a18d-82af20fbdc08,Piece,1
5f83b753-af39-403f-a7a0-4981686a9c3d,8635e81b-52c8-403b-8245-39f500427224,bdfbec09-02b6-43e1-834e-c6f25f2250da,egg,1239923458738,6,22.5,20.0,135.0,1a65cdb6-05dd-4c13-8555-642c6262bc4e,Piece,6
58a634e7-dd71-405b-8c90-770f5fbb9b9a,e172806f-9c1c-4611-8d5b-90367f72eb71,df83db32-d270-4a08-8f67-85f4967a923d,Red & White,89600320,1,10.0,9.5,10.0,4c010ae2-567a-4d9a-a3ee-7be8b0099de4,Piece,1
4531579d-c0c6-4b2a-bc0d-72b5ee5fe7ce,e172806f-9c1c-4611-8d5b-90367f72eb71,e55f9b15-e456-4841-9cb1-f57f07bf46b8,FRUITIEN APPLE,8964000876503,2,70.0,45.41,140.0,4eea30fe-1cb9-411a-84f7-1da5f5b3e6c2,Piece,2
1b726d24-f042-49f8-8310-745b359286d9,e172806f-9c1c-4611-8d5b-90367f72eb71,403ea510-fb07-48bc-a730-8f1f2391b3be,STING L,8964000101704,1,140.0,105.8,140.0,7b817808-9ae8-4d8f-9f89-3f3e11cfe183,Piece,1
7aa24cbd-76fd-4ff4-a946-ffd2dab40a1c,b4e0e849-bcc7-43d9-8417-b89e3a93820c,234c787c-e5e2-4047-bb07-95d114219d2e,AQUA DIRE 0.5 Ltr,5901234039710,1,60.0,22.0,60.0,bc7e8655-4e7a-409b-a5c5-6b9e2e262dff,Piece,1
801945ee-de7d-4446-935b-81283bbd6fe2,4e7d733e-e08c-4cf7-b928-0a325f14d0cb,9f61e160-7af9-471d-87df-a7c46405286f,paddle pop VANILLA CUP,8721274610468,6,40.0,34.0,240.0,15b2f430-290d-46a5-870b-99d701ce42b7,Piece,6
56146a00-fefe-4a47-a808-b5291864ad2a,4e7d733e-e08c-4cf7-b928-0a325f14d0cb,6b21c075-c752-4bf7-a4c2-2a4c8441c546,sifarish khan,1232255618481,1,30.0,25.0,30.0,289e28e9-66d0-4026-9fd4-67bfa88cb04c,Piece,1
370b106b-0d9a-4ad6-8d8a-34d53a612a4f,42bd2dc8-cf51-4e72-b8ee-d459a03fa792,3ab410a2-c572-4e62-9150-30596e155606,Sooper Soft Bakes,8964004771002,2,40.0,36.0,80.0,968c42f8-6f12-4100-8cd9-a8c15b5d2e0c,Piece,2
60027401-e074-4f4c-ae5c-85ecb2491f25,5993e869-b336-4176-8761-3ed89eb2f82b,727fb333-3c91-459b-abef-370df5b186a5,cocomo,8961103500236,5,10.0,9.16,50.0,65c14f2c-759a-4b05-aba5-23b13a2b0a6c,Piece,5
d22986d8-8690-416c-9451-f7bc4622ab8a,d28d1c22-8967-4821-b9a3-2bfdde4fa3f7,30e73934-8b1f-4e5b-8a7e-459183ab89ff,BENSON & HEDGES,95010526,1,20.0,14.0,20.0,beab7f8b-15e9-4846-b9ce-aeebad444ede,Piece,1
52a1fa06-3505-4ea2-be06-9208b5f3b80c,54d9dc80-4845-4b4e-802e-3a032b27c127,49d0da8d-0715-45bb-8ed2-bfeb311f210f,lays y$h,8964000103784,1,20.0,17.0,20.0,aa53ae6a-2e7f-4333-8645-91a01ffefc95,Piece,1
6a9e0874-202a-4892-8fa1-054c4534e82c,6f2f074b-26dc-4742-8506-a1ff55f946ce,5d2a6a9b-0a59-4325-86a4-94ecfcde48ed,VELO POLOR MINT 5DOT,89601778,2,300.0,200.0,600.0,04ea203d-aa17-4568-a358-db86c6d89950,Piece,2
49adc91e-bc63-467e-b888-41fdeb41c62e,6f2f074b-26dc-4742-8506-a1ff55f946ce,826e11bb-2fc4-4ed6-9122-1540940b44e8,ZYN BLUEBERRY 3DOT,89601969,1,220.0,120.0,220.0,7645fe95-7e1d-4dad-85f7-4474c1243244,Piece,1
fcb7b99e-55c0-4a4f-993b-efe3c8a5e134,30aae43d-2f98-42b7-a318-fc2f1da154ba,1cee72b8-e407-4d1a-a1e7-67407b80f760,Annar Next,8964001179801,1,80.0,50.83,80.0,e48fc853-dab3-4a6b-8eee-877087ffd422,Piece,1
c082c037-fc5b-4ada-a57a-a5ac10dfd339,30aae43d-2f98-42b7-a318-fc2f1da154ba,8af4077d-37f1-441f-936d-9507cb56ca9d,candy,1232784048698,4,5.0,3.5,20.0,7534df49-d891-461a-8b69-7d03cb9ce755,Piece,4
c32bbb91-4196-41af-93c0-e3dd6b49e6ae,390c7aa1-fa64-4f9d-b670-ed66b138cad0,2191b979-dc6b-4487-a5db-4f4248da979b,LAYS CLASSIC,8964002345632,5,30.0,27.66,150.0,6e04bce6-7dc2-422b-aba8-ff080af9ddae,Piece,5
23d389ef-a6f8-4e0b-88eb-9fef91af6070,390c7aa1-fa64-4f9d-b670-ed66b138cad0,20a6b7b0-b32d-4ef7-a68f-a34e139e6aa7,Fruiten joy Mango,8964000876466,2,70.0,45.41,140.0,0e8ea209-a7c4-4e46-aaf4-45fd453bdec9,Piece,2
f1ded14d-578c-449f-b927-542c148cb387,0ddd7d44-9281-427c-badf-3905cdadf6f2,5a5154d9-6994-4dee-9011-efd865af1c8f,GOLD LEAF,1232097295550,3,30.0,25.0,90.0,ff8b0ab8-fd25-4bb6-aafb-a79e8e63a846,Piece,3
51f73b43-fdff-4d67-bb0b-982c09696f22,0ddd7d44-9281-427c-badf-3905cdadf6f2,8af4077d-37f1-441f-936d-9507cb56ca9d,candy,1232784048698,2,5.0,3.5,10.0,7534df49-d891-461a-8b69-7d03cb9ce755,Piece,2
8696d8c9-b48d-4a7a-8c8b-7d8aafd99579,378ba635-707e-4b27-a7a4-7a9b3b3d5f6f,49d0da8d-0715-45bb-8ed2-bfeb311f210f,lays y$h,8964000103784,2,20.0,17.0,40.0,aa53ae6a-2e7f-4333-8645-91a01ffefc95,Piece,2
7de4bf0a-6ca8-4f6f-bc04-c842dea88986,e15ed14f-5fa8-45b8-9906-495961dd9157,3c9df82b-a8e2-49c2-a773-46edf5859135,RAHAT  4,4985925672487,1,35.0,26.1,35.0,287627b8-4e98-49f3-9268-58f71cd70eb3,Piece,1
95eda716-308d-4ef7-8570-892c32ff1443,e15ed14f-5fa8-45b8-9906-495961dd9157,975cf5aa-4ec6-4b0f-bd0b-a79640860da8,CHOICE,9254120000254,1,40.0,22.5,40.0,45baadf7-3c4f-430c-b19c-ed8a6e8538df,Piece,1
2c50e5d0-1d26-445f-bcd6-9472b3ce6f17,e15ed14f-5fa8-45b8-9906-495961dd9157,e72cc9fe-22b1-4ea0-b7ba-50b2a81ae9cc,4U Bar Beta,8964000579435,1,20.0,18.33,20.0,19cf5be3-be93-483b-a1f4-a2bb5e331f51,Piece,1
929af031-d891-42a7-a6d9-2227c9d0b7e0,e15ed14f-5fa8-45b8-9906-495961dd9157,8af4077d-37f1-441f-936d-9507cb56ca9d,candy,1232784048698,1,5.0,3.5,5.0,7534df49-d891-461a-8b69-7d03cb9ce755,Piece,1
76948afb-0bdc-48f9-a5e7-9d38d08d069e,9f2e9912-c31e-4d8a-b013-3d3d7580aada,bdfbec09-02b6-43e1-834e-c6f25f2250da,egg,1239923458738,12,22.5,20.44,270.0,bdd4c51e-e07c-42e7-b727-d85d00d994f8,dozen,1
40eb3821-6660-4883-9561-8d41f3217678,9f2e9912-c31e-4d8a-b013-3d3d7580aada,35c2dd8d-80a3-4e98-8e14-a1ae78705664,MAGNUM CLASSIC,8961014034622,1,300.0,265.0,300.0,affca17b-af34-459c-9472-6e05b0548137,Piece,1
b39b6312-3d16-438a-a4bf-7c7e9e71f340,9f2e9912-c31e-4d8a-b013-3d3d7580aada,d43a6e92-5604-44fa-b95a-d7a378b93536,Lays FC,8964002345601,1,50.0,46.0,50.0,e707af65-3e99-49c6-83b0-d861d0ecbf1e,Piece,1
12207bbf-d72c-4d59-af8f-fff1fb412685,9f2e9912-c31e-4d8a-b013-3d3d7580aada,0eb9cf00-60aa-4cd6-8066-53d5ae50744f,Krisko,1512141510502,2,50.0,41.0,100.0,26690d5c-9213-4cf6-945e-50faa2e9b147,Piece,2
7d5df1a0-ac03-4260-bbc4-a60c9c18d5dc,9f2e9912-c31e-4d8a-b013-3d3d7580aada,a737707d-c2c0-4ff7-a3fb-3b1b39f6bcef,KRISKO MIX,1512141511509,1,50.0,41.0,50.0,9f659d14-09e7-445c-a0aa-76098d202363,Piece,1
a882186f-1661-477a-8c55-e8df9735f626,9f2e9912-c31e-4d8a-b013-3d3d7580aada,6009f9e7-4e3f-468a-9747-f2a90c2bc207,dayfresh strawberry,8964000816493,1,150.0,97.5,150.0,7c0ff196-8530-453d-a609-64489abbcbcf,Piece,1
d2e30d7b-cf10-4c6a-8e87-18bd97c23f83,9f2e9912-c31e-4d8a-b013-3d3d7580aada,fd591f84-cfb8-440d-ab2f-7451d561dd44,nani cocoa cereal,6261149055878,1,70.0,37.5,70.0,2ead5d47-5874-4e66-ba95-a0e41ca39e7e,Piece,1
9b4fa1fe-f584-44da-bfee-551553352423,28cdb6f2-abf1-4310-9a67-618e7c8a0f45,0084bf1f-7beb-4c04-9848-2ce0fa28b44e,Chaunsa Mango Cup,8961014033755,1,90.0,77.55,90.0,648aa092-3ee6-4c96-87c6-5610d6e3e4dc,Piece,1
38bd35b9-aa79-47f8-9614-be10b601e8c6,28cdb6f2-abf1-4310-9a67-618e7c8a0f45,8af4077d-37f1-441f-936d-9507cb56ca9d,candy,1232784048698,2,5.0,3.5,10.0,7534df49-d891-461a-8b69-7d03cb9ce755,Piece,2
1f6830cc-f92d-4ca8-9066-7846996a219a,2be255de-af86-4f8b-a895-c37ff8b58b24,403ea510-fb07-48bc-a730-8f1f2391b3be,STING L,8964000101704,1,140.0,105.8,140.0,7b817808-9ae8-4d8f-9f89-3f3e11cfe183,Piece,1
de6342a0-a6e2-4f22-b30b-01bd3317f30f,2be255de-af86-4f8b-a895-c37ff8b58b24,8af4077d-37f1-441f-936d-9507cb56ca9d,candy,1232784048698,12,5.0,3.5,60.0,7534df49-d891-461a-8b69-7d03cb9ce755,Piece,12
b6dd6718-2ea3-4537-9933-8aadb657b113,54380154-63f1-4c6f-bdbb-2f6c80c0b7ae,e07be54a-ef99-4d68-97db-58a730462337,MILANO,815082008130,1,200.0,165.0,200.0,a85e2866-0d3f-4bd2-80f6-a598982e48e0,Box,1
0126b031-ade2-41ff-9f47-c1473dbf3926,c2a637b8-207f-43d4-94b9-7527db0c8b18,9b8a64b3-0eff-49bd-a7e9-7ae1f4c6211f,Capstan White,89600078,10,13.0,12.1,130.0,3ec2f99f-f561-417b-b39d-23da11570fbc,Half box,1
43e1b0f9-1b9a-4aba-baca-f578e7969027,1110bb5f-1ad7-43e5-8cb7-dd54f4576a81,9b8a64b3-0eff-49bd-a7e9-7ae1f4c6211f,Capstan White,89600078,20,12.5,12.1,250.0,b371a280-0cea-4bc1-87c8-4befe828f950,Box,1
72ec49ff-234d-42b1-9985-109b6df89976,7403fe76-caec-455f-a193-f0fe9c258512,382387eb-6272-4738-b2d5-3361fa6fc3ca,Potato Sticks,671866277501,1,50.0,46.25,50.0,bc63250f-fd30-4ca2-a788-3340c09f9c89,Piece,1
a8c42d2b-7338-4030-8fc4-602717dbd893,7403fe76-caec-455f-a193-f0fe9c258512,b5987cf6-eb28-453f-833d-b7adb5c351c4,rio stawberry v,8964004770517,1,50.0,45.0,50.0,9d4a3604-18f9-443d-b8da-9da694eefafe,Piece,1
4f50da88-7e2f-4deb-9d78-5b08540ba77f,7403fe76-caec-455f-a193-f0fe9c258512,b670459a-e326-4490-bf85-c717dd6912df,SLICE APPLE,8964000103104,1,80.0,43.4,80.0,962458d9-d8a4-496e-b26d-a36295416f95,Piece,1
9cf3ec53-919c-4475-abd8-a64523ad17e8,8017acb4-95d7-43cb-abf2-2169d37b2306,45c64e82-a050-4252-9c79-3abf9f3bb431,Cornetto Strawberry,8961014034271,1,100.0,69.0,100.0,6bbc7a6f-c903-42f8-a3cd-86ad593382c5,Piece,1
62ef1ce7-a3f4-4e0d-88d8-dfde90acd7d8,9028f28c-dec1-4095-9121-8f0537a681a5,c64a1504-6118-47aa-8b81-3b3ea038e37b,TOUCH IMP,8964001199021,1,200.0,75.0,200.0,41e21d2b-c555-4a98-94b5-9a584516dbac,Piece,1
97f4569b-9467-408f-b48d-f3843e42e05b,9028f28c-dec1-4095-9121-8f0537a681a5,fb9e7a2c-2f8e-4ac3-9a64-d92464b4d49e,Josh ULTRA THIN,8852961021431,2,150.0,70.0,300.0,074f774e-6012-4fe5-98cd-72169b6db00b,Piece,2
5be607a6-754a-4f48-8b61-dcc400c5d732,cbb8a507-89ec-458b-95d3-7ee49bee044e,296944b9-ea79-469c-8425-f11d6e4b7eed,CAPSTAN RED,1230364618200,3,15.0,12.1,45.0,a1bc6a6f-ad8f-468b-afac-44ec8574811d,Piece,3
de62eb5f-e755-4f89-89a7-b83035d4fa69,cbb8a507-89ec-458b-95d3-7ee49bee044e,8af4077d-37f1-441f-936d-9507cb56ca9d,candy,1232784048698,1,5.0,3.5,5.0,7534df49-d891-461a-8b69-7d03cb9ce755,Piece,1
d5945821-6583-4563-811b-ddc25785fd60,49627795-c9d3-4e45-a2ad-a2a74f13b2ef,9b8a64b3-0eff-49bd-a7e9-7ae1f4c6211f,Capstan White,89600078,1,15.0,12.5,15.0,2ee97f16-83f8-4fe8-8004-f20228fc010c,piece,1
4e7b2212-c0b4-45ba-9676-4267e54e1236,49627795-c9d3-4e45-a2ad-a2a74f13b2ef,8af4077d-37f1-441f-936d-9507cb56ca9d,candy,1232784048698,1,5.0,3.5,5.0,7534df49-d891-461a-8b69-7d03cb9ce755,Piece,1
ce7457b8-1c4c-4cfe-9910-e9d3f57ab339,b05ff5b9-de63-47b5-be23-a4260f9c94cd,df83db32-d270-4a08-8f67-85f4967a923d,Red & White,89600320,10,10.0,9.5,100.0,9906134c-2d34-42ea-8503-8a4aeb21af05,Half Box,1
a9bcc176-2999-44fd-8c46-05c9db4e2647,b05ff5b9-de63-47b5-be23-a4260f9c94cd,3f33ebc0-e7be-41b0-b301-a15466c2c1dd,4U PERI PERI,725765417138,1,50.0,45.0,50.0,0d080d43-29f4-4123-a9de-1f495e33aaa4,Piece,1
a6ef9c03-1e73-4b73-b5ba-a08675155642,b05ff5b9-de63-47b5-be23-a4260f9c94cd,403ea510-fb07-48bc-a730-8f1f2391b3be,STING L,8964000101704,1,140.0,105.8,140.0,7b817808-9ae8-4d8f-9f89-3f3e11cfe183,Piece,1
b8be3ece-1989-4e8b-bc0c-80055d309130,c84d037f-0f2c-4793-9e84-826de2760323,9b8a64b3-0eff-49bd-a7e9-7ae1f4c6211f,Capstan White,89600078,10,13.0,12.1,130.0,3ec2f99f-f561-417b-b39d-23da11570fbc,Half box,1
39216546-027a-47fe-bccc-a69f0baca134,c84d037f-0f2c-4793-9e84-826de2760323,6b21c075-c752-4bf7-a4c2-2a4c8441c546,sifarish khan,1232255618481,1,30.0,25.0,30.0,289e28e9-66d0-4026-9fd4-67bfa88cb04c,Piece,1
60283c73-3b00-47b6-b975-a0b721027885,c84d037f-0f2c-4793-9e84-826de2760323,8af4077d-37f1-441f-936d-9507cb56ca9d,candy,1232784048698,4,5.0,3.5,20.0,7534df49-d891-461a-8b69-7d03cb9ce755,Piece,4
f7f20400-d4dd-4777-80d0-d213f9c59301,78d2b10b-0d4b-4b50-be45-9809d3f2409d,5a5154d9-6994-4dee-9011-efd865af1c8f,GOLD LEAF,1232097295550,2,30.0,25.0,60.0,ff8b0ab8-fd25-4bb6-aafb-a79e8e63a846,Piece,2
01c3480c-6112-4bf9-bf7e-579037bd51fc,78d2b10b-0d4b-4b50-be45-9809d3f2409d,8af4077d-37f1-441f-936d-9507cb56ca9d,candy,1232784048698,1,5.0,3.5,5.0,7534df49-d891-461a-8b69-7d03cb9ce755,Piece,1
e67a47c6-ee5e-4a87-94f0-2870eabdd277,78d2b10b-0d4b-4b50-be45-9809d3f2409d,4ea8ab87-bf13-4523-b83d-509c89f52789,hockey match stick,9231012019358,1,5.0,3.0,5.0,21683564-a53b-4d8c-a0a6-4066d1367085,Piece,1
7612b0a6-ab62-4542-adce-0b62d3e2ee5f,0546d390-b519-438f-8e79-c106d97679a9,d708baee-e4e6-44b7-89a0-5214eeebce4f,prince chocolate,8961003612572,1,50.0,45.0,50.0,556d6997-f2ee-4658-8b85-23a47795b274,Piece,1
2626900a-cfde-459e-aeba-f6f83808be5c,29f434a6-c973-41b1-8f76-efc3e871dfc7,6b21c075-c752-4bf7-a4c2-2a4c8441c546,sifarish khan,1232255618481,1,30.0,25.0,30.0,289e28e9-66d0-4026-9fd4-67bfa88cb04c,Piece,1
b34c5200-40d7-415c-a84a-e5e9ed26ac6d,9ee4ad96-b675-413d-b57e-d225e9848a1e,bdfbec09-02b6-43e1-834e-c6f25f2250da,egg,1239923458738,12,22.5,20.44,270.0,bdd4c51e-e07c-42e7-b727-d85d00d994f8,dozen,1
e184b8a5-2387-44b2-8d05-3a820dbb790e,9ee4ad96-b675-413d-b57e-d225e9848a1e,e7bb27c1-bd26-4412-b66a-aa1baf0cb1fd,Elfy,1231473425567,1,30.0,12.0,30.0,9c05f1c3-40ab-43d3-bc49-c9c2d37a7f86,Piece,1
4e706993-9157-476a-a7c3-919ffd693a3c,9ee4ad96-b675-413d-b57e-d225e9848a1e,5a5154d9-6994-4dee-9011-efd865af1c8f,GOLD LEAF,1232097295550,3,30.0,25.0,90.0,ff8b0ab8-fd25-4bb6-aafb-a79e8e63a846,Piece,3
25593f20-3031-42af-b838-b91a74fa21d4,cc9dae42-48fc-4224-8dc5-fc2305db44b0,296944b9-ea79-469c-8425-f11d6e4b7eed,CAPSTAN RED,1230364618200,3,15.0,12.1,45.0,a1bc6a6f-ad8f-468b-afac-44ec8574811d,Piece,3
28717848-6bb2-446a-b06f-acf2ef094827,cc9dae42-48fc-4224-8dc5-fc2305db44b0,8af4077d-37f1-441f-936d-9507cb56ca9d,candy,1232784048698,3,5.0,3.5,15.0,7534df49-d891-461a-8b69-7d03cb9ce755,Piece,3
0b65e90b-1232-42fa-a708-c54cb821de51,044e6e1e-d7ad-4065-b43a-cf9a9ba3dd5e,89f084ac-a196-47fb-8e25-4e4bd3160c50,STING SMALL,8964000101551,1,100.0,73.0,100.0,24a9904c-bbbb-433e-b85c-bc70707d653c,Piece,1
93d1e74b-8e5f-4aae-8028-fcab3bd71ec0,044e6e1e-d7ad-4065-b43a-cf9a9ba3dd5e,1c72d262-1df8-429e-9986-6f2c680389d3,Snacking snacks,2972437277202,1,20.0,15.0,20.0,ffc4c732-949f-486e-a5bf-92ea8a0132c4,Piece,1
694c98d4-5f64-4f2d-9adc-ccb77880fae2,044e6e1e-d7ad-4065-b43a-cf9a9ba3dd5e,b670459a-e326-4490-bf85-c717dd6912df,SLICE APPLE,8964000103104,1,80.0,43.4,80.0,962458d9-d8a4-496e-b26d-a36295416f95,Piece,1
375175d3-6c05-4c8f-910e-94d92a993dc2,aa657d18-bd87-4167-9aa3-f3c94572ac11,296944b9-ea79-469c-8425-f11d6e4b7eed,CAPSTAN RED,1230364618200,3,15.0,12.1,45.0,a1bc6a6f-ad8f-468b-afac-44ec8574811d,Piece,3
48d8eb2a-0b36-4826-97b1-8d4e0e36e964,aa657d18-bd87-4167-9aa3-f3c94572ac11,9bd91d8b-f1d7-40b3-8f04-3002b7e3f7d0,Viva ,072576580046,1,40.0,22.0,40.0,33bb2989-7f1e-4de6-99df-3204373b2098,Piece,1
22780682-c408-4664-ac9e-8d822a8729dd,641882b0-b50e-40c1-9f58-02b7abb9ca44,89f084ac-a196-47fb-8e25-4e4bd3160c50,STING SMALL,8964000101551,1,100.0,73.0,100.0,24a9904c-bbbb-433e-b85c-bc70707d653c,Piece,1
12599ea7-56f4-4a73-86bf-fc80929f8b7b,a5c62d96-ee24-4e4b-b33f-b5857df637ec,6b21c075-c752-4bf7-a4c2-2a4c8441c546,sifarish khan,1232255618481,1,30.0,25.0,30.0,289e28e9-66d0-4026-9fd4-67bfa88cb04c,Piece,1
32d051f7-0e14-4708-ad78-aeede2cc37db,098955b7-61c1-456c-994b-2084fc1510cc,296944b9-ea79-469c-8425-f11d6e4b7eed,CAPSTAN RED,1230364618200,2,15.0,12.1,30.0,a1bc6a6f-ad8f-468b-afac-44ec8574811d,Piece,2
599228e5-fde7-433c-9a36-0cae7e245422,a5f26344-9ed0-4e23-9c96-5c0f62759c94,296944b9-ea79-469c-8425-f11d6e4b7eed,CAPSTAN RED,1230364618200,3,15.0,12.1,45.0,a1bc6a6f-ad8f-468b-afac-44ec8574811d,Piece,3
6775dd3f-9a83-4057-8e4c-68972a995c76,a5f26344-9ed0-4e23-9c96-5c0f62759c94,8af4077d-37f1-441f-936d-9507cb56ca9d,candy,1232784048698,5,5.0,3.5,25.0,7534df49-d891-461a-8b69-7d03cb9ce755,Piece,5
b155de51-a217-4d15-9eec-da1b9507c30d,f98073e1-6b3f-4925-ac77-2c45640a1c73,296944b9-ea79-469c-8425-f11d6e4b7eed,CAPSTAN RED,1230364618200,20,12.5,12.1,250.0,e9169ce5-618b-4046-9957-a321013f7b75,box,1
4115743d-7fa5-4a4c-bd7e-4a5989b143df,f98073e1-6b3f-4925-ac77-2c45640a1c73,2f955768-b5b4-43c0-ae31-94d6a7355291,SPRITE 1.5,5449000012203,1,210.0,164.0,210.0,c988a08a-4ece-4c1d-aec6-51d386f48291,Piece,1
6d042072-cf64-47b7-862f-968958200676,f98073e1-6b3f-4925-ac77-2c45640a1c73,d24bbc5f-3fd1-410d-9a57-74e81ed86362,Zia Peanut,8964003813390,1,50.0,41.6,50.0,cbb97db4-8292-477b-a912-3174dca1594b,Piece,1
7571edb6-bd42-4e7b-85c4-dfca53dfa0be,f98073e1-6b3f-4925-ac77-2c45640a1c73,8af4077d-37f1-441f-936d-9507cb56ca9d,candy,1232784048698,4,5.0,3.5,20.0,7534df49-d891-461a-8b69-7d03cb9ce755,Piece,4
2854a047-d56b-4e05-ab88-79d6230b4e7f,b2866eed-5f1d-430c-9cbd-aa975fe39910,e07be54a-ef99-4d68-97db-58a730462337,MILANO,815082008130,1,200.0,165.0,200.0,a85e2866-0d3f-4bd2-80f6-a598982e48e0,Box,1
fc0e3068-2062-488d-b231-ea620f3066a1,b2866eed-5f1d-430c-9cbd-aa975fe39910,296944b9-ea79-469c-8425-f11d6e4b7eed,CAPSTAN RED,1230364618200,11,15.0,12.1,165.0,a1bc6a6f-ad8f-468b-afac-44ec8574811d,Piece,11
d974a20a-d4f2-41ac-87e1-5cd3d3186404,b2866eed-5f1d-430c-9cbd-aa975fe39910,8af4077d-37f1-441f-936d-9507cb56ca9d,candy,1232784048698,1,5.0,3.5,5.0,7534df49-d891-461a-8b69-7d03cb9ce755,Piece,1
1f26d804-580e-442b-935c-621b8abe2e71,5da6a71c-56bd-4551-8651-6caf3a80afb0,a473c4e4-24c8-4ec9-82db-c7242daa97e0,WATER NEXT,8964001179672,1,60.0,30.83,60.0,3a50dc54-d5e4-4571-90a1-fd0b685ec012,Piece,1
468ef870-d67d-47e2-bb1e-027f8f644254,5a48436e-34a5-45df-b213-651571375262,296944b9-ea79-469c-8425-f11d6e4b7eed,CAPSTAN RED,1230364618200,2,15.0,12.1,30.0,a1bc6a6f-ad8f-468b-afac-44ec8574811d,Piece,2
2390650c-01d0-482e-9753-ae918b7c0f0a,73aa1a7b-f945-4051-bf7e-c21776aba3e6,89f084ac-a196-47fb-8e25-4e4bd3160c50,STING SMALL,8964000101551,1,100.0,73.0,100.0,24a9904c-bbbb-433e-b85c-bc70707d653c,Piece,1
057c256d-4336-4c85-ab51-aa926589afdf,73aa1a7b-f945-4051-bf7e-c21776aba3e6,296944b9-ea79-469c-8425-f11d6e4b7eed,CAPSTAN RED,1230364618200,3,15.0,12.1,45.0,a1bc6a6f-ad8f-468b-afac-44ec8574811d,Piece,3
e78880e7-8201-4e4b-b0fe-f10aa488fcbc,73aa1a7b-f945-4051-bf7e-c21776aba3e6,8af4077d-37f1-441f-936d-9507cb56ca9d,candy,1232784048698,1,5.0,3.5,5.0,7534df49-d891-461a-8b69-7d03cb9ce755,Piece,1
f8654024-8016-44d6-8298-fc92354dabab,01c1d8bd-1549-4570-954a-2a662d77232c,9b8a64b3-0eff-49bd-a7e9-7ae1f4c6211f,Capstan White,89600078,20,12.5,12.1,250.0,b371a280-0cea-4bc1-87c8-4befe828f950,Box,1
56603db8-fcc5-48f3-84eb-cd0a051c92bf,01c1d8bd-1549-4570-954a-2a662d77232c,bdfbec09-02b6-43e1-834e-c6f25f2250da,egg,1239923458738,12,22.5,20.44,270.0,bdd4c51e-e07c-42e7-b727-d85d00d994f8,dozen,1
df6636f8-bcc0-4a91-bf4d-b1e416c4dbc3,01c1d8bd-1549-4570-954a-2a662d77232c,fabd2488-92a1-4d6d-9009-870e60831897,black cobra spray,736211020673,1,510.0,340.0,510.0,133f6b8f-db47-450c-87d5-6626054ce425,Piece,1
3536bab3-bde7-4909-9f65-637be1704580,01c1d8bd-1549-4570-954a-2a662d77232c,fdc65df0-d2f4-421c-a8d7-36301c4db84f,Dew 300ml,8964000101254,1,90.0,65.0,90.0,bf1a41ca-b4d2-4417-9fd9-c774a60c54f3,Piece,1
09f129e1-5ebe-4c54-946b-0b617a56cad1,01c1d8bd-1549-4570-954a-2a662d77232c,234c787c-e5e2-4047-bb07-95d114219d2e,AQUA DIRE 0.5 Ltr,5901234039710,1,60.0,22.0,60.0,bc7e8655-4e7a-409b-a5c5-6b9e2e262dff,Piece,1
1eb7d964-2bc3-4708-8d2b-9493ab7abb77,01c1d8bd-1549-4570-954a-2a662d77232c,78564755-1ca2-44ee-a56d-8f13ab72d017,CocoMo Orange,8961103500397,4,10.0,9.3,40.0,707ce536-76a6-44d6-87ed-083e67a00c72,Piece,4
c167dfe7-081a-47ae-ba15-51d643f0ee85,01c1d8bd-1549-4570-954a-2a662d77232c,39b6d868-f391-4861-ab60-43c379a1f96f,twin cake,8964001660736,1,40.0,27.0,40.0,4c39bde1-ec58-42cf-a36d-9ca012bccfd6,Piece,1
8220301d-0802-4812-b237-1275620673b3,06daed67-989b-456a-8217-948cf554b8cf,66a64cc9-3d36-4ec9-94c4-fd0e9a56f32c,Lays Masala,8964000090602,1,20.0,18.0,20.0,c40492ef-d853-48e0-9c39-df0966445872,Piece,1
39807929-de2d-4d9a-8a3d-5dc6cacbbdb4,06daed67-989b-456a-8217-948cf554b8cf,403ea510-fb07-48bc-a730-8f1f2391b3be,STING L,8964000101704,1,140.0,105.8,140.0,7b817808-9ae8-4d8f-9f89-3f3e11cfe183,Piece,1
58d23f15-30c9-4718-a807-00da992c988d,9264bc12-87bd-49b4-9209-3b6eb4b563c8,296944b9-ea79-469c-8425-f11d6e4b7eed,CAPSTAN RED,1230364618200,2,15.0,12.1,30.0,a1bc6a6f-ad8f-468b-afac-44ec8574811d,Piece,2
a52510d2-adee-4fa1-ba9a-cd78a8e0df4f,230f232c-98e8-45f0-ba43-2134b509e7ee,296944b9-ea79-469c-8425-f11d6e4b7eed,CAPSTAN RED,1230364618200,6,15.0,12.1,90.0,a1bc6a6f-ad8f-468b-afac-44ec8574811d,Piece,6
0fac7394-f61c-4ed6-8deb-821aff5429b0,230f232c-98e8-45f0-ba43-2134b509e7ee,8af4077d-37f1-441f-936d-9507cb56ca9d,candy,1232784048698,2,5.0,3.5,10.0,7534df49-d891-461a-8b69-7d03cb9ce755,Piece,2
2ac2bacf-6cc9-4974-b9d8-5d02446ade49,255caba8-2db3-4574-968e-a91e9b3b6ca6,c6cd7ad3-c93a-477b-822c-af080fb159f3,frisky cream chocolate wafers,8965310055121,1,30.0,24.9,30.0,c82c319e-7d96-4fbd-93f5-12e516cbc4b0,Piece,1
26cda673-39b8-4ba5-9d94-437669c7fd5d,255caba8-2db3-4574-968e-a91e9b3b6ca6,a8c690d8-15f1-493e-9507-c2f9ed786483,Peanut pik,8964004770616,1,50.0,46.0,50.0,76df9348-eb2d-49e1-91c8-39c3cbfd7d3c,Piece,1
da7e80bf-bb35-449b-9529-cfa1872f4129,255caba8-2db3-4574-968e-a91e9b3b6ca6,469ab331-df94-4d2b-a505-e54ce2ead307,oreo chocolate cream,8961003026010,1,40.0,36.0,40.0,48ae1669-8e08-4758-957d-3865c26c32de,Piece,1
2720af03-eb6d-47c1-9e0c-ced7c871b509,255caba8-2db3-4574-968e-a91e9b3b6ca6,296944b9-ea79-469c-8425-f11d6e4b7eed,CAPSTAN RED,1230364618200,3,15.0,12.1,45.0,a1bc6a6f-ad8f-468b-afac-44ec8574811d,Piece,3
d9253c2f-3b4b-4cd1-90b6-304c2822b287,255caba8-2db3-4574-968e-a91e9b3b6ca6,8af4077d-37f1-441f-936d-9507cb56ca9d,candy,1232784048698,1,5.0,3.5,5.0,7534df49-d891-461a-8b69-7d03cb9ce755,Piece,1
36593453-d6c1-4be3-9ef3-ea24b820da9a,d36da406-4b42-444c-b481-b25161d98ef7,296944b9-ea79-469c-8425-f11d6e4b7eed,CAPSTAN RED,1230364618200,20,12.5,12.1,250.0,e9169ce5-618b-4046-9957-a321013f7b75,box,1
5e077b2c-f0b9-413d-a096-820eaa79d8e2,27a3d938-7f9a-4d75-92f1-1fdaba5942af,296944b9-ea79-469c-8425-f11d6e4b7eed,CAPSTAN RED,1230364618200,6,15.0,12.1,90.0,a1bc6a6f-ad8f-468b-afac-44ec8574811d,Piece,6
fe50e9bc-ab73-4863-bf43-dcfa5336aceb,27a3d938-7f9a-4d75-92f1-1fdaba5942af,8af4077d-37f1-441f-936d-9507cb56ca9d,candy,1232784048698,2,5.0,3.5,10.0,7534df49-d891-461a-8b69-7d03cb9ce755,Piece,2
f57d83ad-a849-44db-8b11-cb7a1bb2f8a7,bb94970f-116c-4013-8d4d-136d834dcc3d,86ea46f0-ada7-4089-ba74-ca14d951b2fb,Osaka tape,1236323735131,1,60.0,25.0,60.0,1a5ddad4-afa8-43ff-9112-068db838e1d1,Piece,1
95ab15e8-807c-44cd-baa2-997abf72e657,bb94970f-116c-4013-8d4d-136d834dcc3d,a95e4363-61cb-4264-9387-b8c7d56c923d,GLUCO,8964003592240,2,20.0,18.0,40.0,45b3355d-9d11-4674-87e6-5e93a48d7a68,Piece,2
d18c3672-3923-4082-b353-32c0a859ecff,6c5b9b51-7d75-4015-8aeb-4e7d47180aa0,e101e5a8-3410-4e60-af94-bbe948876ffd,CANDY ORIGINAL,8961003679759,1,50.0,44.5,50.0,1391b547-210a-4a66-a3ca-93d482b74abf,Piece,1
da6874c2-b8c4-4e51-b56e-4153ae5dfe67,79ed01f8-cd2d-47e5-b553-4ce50ce4a5c3,5e38679d-6413-4f2c-8dea-c53d50116951,Bazooka,725765020536,1,100.0,58.33,100.0,54853cdb-84f4-4f9e-9880-ce52951e8721,Piece,1
fe392381-2df1-49ee-97d0-1e3c86f2c54d,79ed01f8-cd2d-47e5-b553-4ce50ce4a5c3,5a5154d9-6994-4dee-9011-efd865af1c8f,GOLD LEAF,1232097295550,1,30.0,25.0,30.0,ff8b0ab8-fd25-4bb6-aafb-a79e8e63a846,Piece,1
76f93748-1e71-4574-b5d5-364c4144e42b,22de3999-cd59-402e-9a59-e8bf177a19f3,d332f9d9-15a6-4d44-8da6-8e9218c5e56b,VELO PURPLE GRAPE 3DOT,6253341432076,1,250.0,160.0,250.0,1a8fde90-b90f-4026-bffc-b1e758084749,Piece,1
4634a954-b3c2-4389-ae68-5c77472edc32,60054356-dab3-4a53-9f1f-288431a4905e,6b21c075-c752-4bf7-a4c2-2a4c8441c546,sifarish khan,1232255618481,1,30.0,25.0,30.0,289e28e9-66d0-4026-9fd4-67bfa88cb04c,Piece,1
d86e4f3d-84ab-4096-bd6c-bae22a1150c3,97c91854-f05b-4047-b82f-2029093cd73f,6b21c075-c752-4bf7-a4c2-2a4c8441c546,sifarish khan,1232255618481,1,30.0,25.0,30.0,289e28e9-66d0-4026-9fd4-67bfa88cb04c,Piece,1
a5340dd3-2a71-4cb4-ba24-815367147f72,9273ef9d-2629-405f-b8ec-233b7f2a775c,5d2a6a9b-0a59-4325-86a4-94ecfcde48ed,VELO POLOR MINT 5DOT,89601778,1,300.0,200.0,300.0,04ea203d-aa17-4568-a358-db86c6d89950,Piece,1
aaba2b25-9dfa-4e39-abe5-f733b814d2b8,1a351454-bd32-4821-bf1b-2ee40f77e0f2,bdfbec09-02b6-43e1-834e-c6f25f2250da,egg,1239923458738,2,22.5,20.0,45.0,1a65cdb6-05dd-4c13-8555-642c6262bc4e,Piece,2
6d0859be-9cf9-4b62-b210-9dc65c5731b8,1a351454-bd32-4821-bf1b-2ee40f77e0f2,8af4077d-37f1-441f-936d-9507cb56ca9d,candy,1232784048698,1,5.0,3.5,5.0,7534df49-d891-461a-8b69-7d03cb9ce755,Piece,1
47176ea0-3203-47e6-af39-ac2debe9bc74,c568a64d-45b6-4bd4-ae17-4810cc7234eb,216ab9f0-65b5-4cc7-93c1-8d21ecc3f3bb,Chocolatto,8961102508868,1,20.0,18.0,20.0,5103e0a4-abf3-4e1f-9116-b8f2aba5efb1,Piece,1
cd8e5caf-34ab-4932-8f69-f765239d18f5,c568a64d-45b6-4bd4-ae17-4810cc7234eb,8af4077d-37f1-441f-936d-9507cb56ca9d,candy,1232784048698,2,5.0,3.5,10.0,7534df49-d891-461a-8b69-7d03cb9ce755,Piece,2
ed56b3d1-2716-42d8-9507-eb5c47a13973,e334b718-315b-4ee1-93db-a1a655558a4f,e1c7461f-fe2c-43cc-b072-ab2fcdd767ed,olper pack,8964000919934,1,100.0,85.0,100.0,610b7a9f-fa8f-480c-8da4-d5bb1121252c,Piece,1
1a2fb0b6-94c0-461f-bf85-b6deef5a6bac,e334b718-315b-4ee1-93db-a1a655558a4f,bdfbec09-02b6-43e1-834e-c6f25f2250da,egg,1239923458738,5,22.5,20.0,112.5,1a65cdb6-05dd-4c13-8555-642c6262bc4e,Piece,5
a7bbee61-b72f-44ce-b9e1-80f27e3249e4,e334b718-315b-4ee1-93db-a1a655558a4f,7439380d-ff71-4b92-b2ff-56899ca87c0d,tridgum,9555407311019,1,10.0,4.09,10.0,b3c50399-f52e-4960-bdd6-5ef8d99c8de1,Piece,1
4dccf67a-78a4-43e4-bc55-20b922732664,e447600b-1f4d-488f-99bc-0a76bb561cd4,403ea510-fb07-48bc-a730-8f1f2391b3be,STING L,8964000101704,3,140.0,105.8,420.0,7b817808-9ae8-4d8f-9f89-3f3e11cfe183,Piece,3
6001f22a-80b2-4413-ad3c-5f2640d8a46c,68acb1c9-3f1e-4f0c-a7ce-99e66d28e27b,c75320df-735c-44fe-b32d-46b0170ef53a,Lays Masala,8964000090428,1,100.0,92.3,100.0,b77ba773-b9e7-4763-9761-47c66a223bd9,Piece,1
4ab4868e-d7a1-4f12-9b5f-49ff9d57aefe,68acb1c9-3f1e-4f0c-a7ce-99e66d28e27b,66a64cc9-3d36-4ec9-94c4-fd0e9a56f32c,Lays Masala,8964000090602,1,20.0,18.0,20.0,c40492ef-d853-48e0-9c39-df0966445872,Piece,1
3c127ad6-62cf-4221-8ed9-6373369c8d9f,68acb1c9-3f1e-4f0c-a7ce-99e66d28e27b,44689326-5a50-45a4-89c9-4f9091c4b136,KUR KURE,8964002346288,1,70.0,57.3,70.0,4ccbb2d8-26dd-4f48-82f7-2066fc07e6e5,Piece,1
ce9981d5-5391-4435-96c2-c018abc55416,68acb1c9-3f1e-4f0c-a7ce-99e66d28e27b,8f421553-10c3-4fa2-9e4d-51f5bbc06cbc,KURKURAY TM,8964002347278,1,40.0,36.9,40.0,74737246-4041-42e1-b1a9-1a501d24fe22,Piece,1
d4ce60a7-0755-4361-83e8-520e9f8edb13,68acb1c9-3f1e-4f0c-a7ce-99e66d28e27b,d43a6e92-5604-44fa-b95a-d7a378b93536,Lays FC,8964002345601,1,50.0,46.0,50.0,e707af65-3e99-49c6-83b0-d861d0ecbf1e,Piece,1
ab1f092f-0639-40d2-8542-51bee1cf64f1,68acb1c9-3f1e-4f0c-a7ce-99e66d28e27b,16362686-2492-41ca-8a06-b4a85dc639ac,PUIREFINE 1.5-Ltr,1230434764202,1,110.0,45.0,110.0,9230ea9d-4f0b-4d85-bbb3-4e890ef1891b,Piece,1
23007ea1-3f25-4060-8515-1ad4052390a0,6cd0dd5e-26f6-4b4b-8375-5866378c3334,1ef410cd-7a94-44af-b517-d8100813a45a,DONUT,8961014017564,1,100.0,91.16,100.0,9c11edf3-677c-4388-941e-807919db36a3,Piece,1
88840904-15bb-40eb-8da6-40cf397566f8,0cc51fae-389d-4161-b521-3dcf725ba420,6b21c075-c752-4bf7-a4c2-2a4c8441c546,sifarish khan,1232255618481,1,30.0,25.0,30.0,289e28e9-66d0-4026-9fd4-67bfa88cb04c,Piece,1
8054d3d3-5dd7-4b8a-9395-f0e558a90de2,0898d0a0-241d-458f-ae03-574bc5b8e8ff,d0d145d6-02df-41db-a162-1cf9cc090b5a,Kurkure CC,8964002347377,2,60.0,56.15,120.0,c47dfc18-002e-45d2-b2bb-f42b1a8d06b3,Piece,2
53763038-6b3b-4ebc-81df-c75e7c85ca9e,0898d0a0-241d-458f-ae03-574bc5b8e8ff,b670459a-e326-4490-bf85-c717dd6912df,SLICE APPLE,8964000103104,1,80.0,43.4,80.0,962458d9-d8a4-496e-b26d-a36295416f95,Piece,1
2d306568-4e41-46bc-91f7-3864bd838085,0898d0a0-241d-458f-ae03-574bc5b8e8ff,c29592e5-7d33-4be2-b0db-e2260100c5d2,Dare Next,8964001179788,1,80.0,50.83,80.0,f4fd6bb6-5b75-488b-9300-7a5e9b6f95b8,Piece,1
af5d57d2-4046-4fd2-a772-c52a74f62810,3e64f0ed-b047-44a3-b06a-fdb3b4a10b5e,44689326-5a50-45a4-89c9-4f9091c4b136,KUR KURE,8964002346288,2,70.0,57.3,140.0,4ccbb2d8-26dd-4f48-82f7-2066fc07e6e5,Piece,2
d710a201-a3e5-408e-8a57-ebfdb94625bf,3e64f0ed-b047-44a3-b06a-fdb3b4a10b5e,174870e4-ce0b-4aa4-9be0-ff3a22efc133,cappy pulpy,87126754,1,150.0,113.75,150.0,5fd1acd6-c895-40a5-ae45-8c01bc47d39f,Piece,1
41ec70e2-a3e1-4d44-a1fa-922e05c47f37,3e64f0ed-b047-44a3-b06a-fdb3b4a10b5e,382387eb-6272-4738-b2d5-3361fa6fc3ca,Potato Sticks,671866277501,1,50.0,46.25,50.0,bc63250f-fd30-4ca2-a788-3340c09f9c89,Piece,1
685fde8b-c130-4bce-a36b-c94bbb621a39,3e64f0ed-b047-44a3-b06a-fdb3b4a10b5e,7a17eafb-adc5-4fe4-823a-276a0aef8f80,Sprite Mint 350ml,5449000283467,1,90.0,65.0,90.0,7253e00e-b639-4f94-8f55-afe8c41730f3,Piece,1
e5f33f28-c174-4bcd-855f-0b4df823fa49,3e64f0ed-b047-44a3-b06a-fdb3b4a10b5e,1a9db450-bde7-4119-ba96-710c52c9a641,Tops Mango,2020042410108,1,140.0,91.6,140.0,26de4e9f-5c5a-4d98-83d4-2454e112bb9d,Piece,1
2151c7c3-c740-4b24-ab66-650e8e9bde7f,3e64f0ed-b047-44a3-b06a-fdb3b4a10b5e,052bc035-870d-4abb-8648-338b99bea7d6,MELLO,8964001435525,1,10.0,9.0,10.0,1eb8706e-7c5c-4b63-9af0-311768873056,Piece,1
0c1d75f5-f2fd-4d85-beb3-e844b86fb344,3e64f0ed-b047-44a3-b06a-fdb3b4a10b5e,6797a951-0cb4-4d2b-81f8-2c3079d91551,SNOOKER CHOCOLATE,8964002995462,1,250.0,120.0,250.0,58dfffd3-9f91-45ee-8c51-b055f64678a4,Piece,1
cea8458b-8d69-4ccb-a4ae-ea75e08c8348,3e64f0ed-b047-44a3-b06a-fdb3b4a10b5e,c29592e5-7d33-4be2-b0db-e2260100c5d2,Dare Next,8964001179788,1,80.0,50.83,80.0,f4fd6bb6-5b75-488b-9300-7a5e9b6f95b8,Piece,1
5928751c-cc53-4574-9fb3-08943ff5fabe,36996b32-990c-4a29-a06c-118cb0645f24,c3551759-c1ef-47f5-b230-77bce4c2f476,Brite s/pack,8886950015279,1,10.0,9.17,10.0,65d64d63-9e6f-4416-9618-7a79123a69a1,Piece,1
71e6b52b-8ff3-4f8b-ba00-10dfdcc44e68,36996b32-990c-4a29-a06c-118cb0645f24,b71c8677-a870-40f7-8083-7514bc778b06,pantene,8001841918570,1,5.0,4.5,5.0,b5a88c6a-82e0-4cec-8222-b9465b91e643,Piece,1
22c4e88c-7398-42ce-bbe1-1183cda5874b,1eab9c96-54db-4fbc-869e-3d1ee53c3acc,216ab9f0-65b5-4cc7-93c1-8d21ecc3f3bb,Chocolatto,8961102508868,1,20.0,18.0,20.0,5103e0a4-abf3-4e1f-9116-b8f2aba5efb1,Piece,1
66c753b3-cc42-402b-ab68-20df3505fed3,6032f63f-f75b-4678-b2a3-baae8ae5251b,d24bbc5f-3fd1-410d-9a57-74e81ed86362,Zia Peanut,8964003813390,1,50.0,41.6,50.0,cbb97db4-8292-477b-a912-3174dca1594b,Piece,1
527359de-e08a-49fc-a15d-fddecc65d20b,6032f63f-f75b-4678-b2a3-baae8ae5251b,975cf5aa-4ec6-4b0f-bd0b-a79640860da8,CHOICE,9254120000254,1,40.0,22.5,40.0,45baadf7-3c4f-430c-b19c-ed8a6e8538df,Piece,1
33ec7d91-daf3-4096-9b1a-64d1f39414a0,e13b2e5c-126e-46b8-8972-bf75e15f4f0a,8f421553-10c3-4fa2-9e4d-51f5bbc06cbc,KURKURAY TM,8964002347278,1,40.0,36.9,40.0,74737246-4041-42e1-b1a9-1a501d24fe22,Piece,1
5289340c-1772-4039-b540-9445f1e42e7c,e13b2e5c-126e-46b8-8972-bf75e15f4f0a,88103612-577a-4e83-a77b-c9e56607f88d,Biff  Land Cake,6446374180452,1,70.0,43.0,70.0,254710fc-7b42-47cc-b934-c970ad63b9e0,Piece,1
1ef637ef-c434-443d-b618-7e944cf6d485,962a27ac-0042-46f0-8d63-b72be5784adb,c3551759-c1ef-47f5-b230-77bce4c2f476,Brite s/pack,8886950015279,5,10.0,9.17,50.0,65d64d63-9e6f-4416-9618-7a79123a69a1,Piece,5
7223898d-d639-492a-895f-4a9a5b25e189,962a27ac-0042-46f0-8d63-b72be5784adb,66a64cc9-3d36-4ec9-94c4-fd0e9a56f32c,Lays Masala,8964000090602,1,20.0,18.0,20.0,c40492ef-d853-48e0-9c39-df0966445872,Piece,1
ad141a37-1f51-4125-8ec7-30eeae9169f2,962a27ac-0042-46f0-8d63-b72be5784adb,2283ba0b-9ecd-4cff-a3d2-a3eefb114b31,COLA NEXT 300ML,8964001179702,1,80.0,51.66,80.0,9f977eed-d4eb-44da-950f-ff66decd80cd,Piece,1
44d4914c-9fd6-4bfb-ac74-0fb29a3ecd30,3c8e7da8-c907-4201-b3b9-1402e1fa64f2,1185b2f2-4bc3-4b33-85c5-2cc41cb910ed,you chocolate,8961102502521,1,30.0,25.13,30.0,3bdcdadc-1554-47af-b594-99d2cb157656,Piece,1
8b8cbaa6-5bc6-4c23-8def-fe839fcace65,3c8e7da8-c907-4201-b3b9-1402e1fa64f2,49d0da8d-0715-45bb-8ed2-bfeb311f210f,lays y$h,8964000103784,1,20.0,17.0,20.0,aa53ae6a-2e7f-4333-8645-91a01ffefc95,Piece,1
9e54fcfb-f528-4967-bba6-19d251800c23,3c8e7da8-c907-4201-b3b9-1402e1fa64f2,3e5b2347-cad4-4573-ae1d-122c611fb125,CHOC STICK,8721274610499,1,50.0,32.0,50.0,ef191681-8765-4a72-b543-9cff19c60167,Piece,1
9e6768ed-21f8-4fe2-b1dd-5d237aad7c66,6a1a291a-782e-4451-8b6d-19ffb69f20f3,9b8a64b3-0eff-49bd-a7e9-7ae1f4c6211f,Capstan White,89600078,3,15.0,12.5,45.0,2ee97f16-83f8-4fe8-8004-f20228fc010c,piece,3
b0f8fe56-8484-4c51-8665-fe51bf23c8ce,6a1a291a-782e-4451-8b6d-19ffb69f20f3,8af4077d-37f1-441f-936d-9507cb56ca9d,candy,1232784048698,1,5.0,3.5,5.0,7534df49-d891-461a-8b69-7d03cb9ce755,Piece,1
9fbf4751-d5e3-49ce-90d9-54890e36f54e,4b75a7c7-4648-4152-a6cc-df5d38c3d051,9b0e4f5c-dfad-4a30-b0ff-93f8d7d378d5,COCOTEA NIMKO,762497639339,1,50.0,41.66,50.0,507e3c6c-4801-4316-bc02-b9b5d02cdb26,Piece,1
dd570f07-f8c2-420c-a292-6754269f0798,9da510b4-51c9-4353-8e03-22b079789600,d24bbc5f-3fd1-410d-9a57-74e81ed86362,Zia Peanut,8964003813390,1,50.0,41.6,50.0,cbb97db4-8292-477b-a912-3174dca1594b,Piece,1
560ee24a-146a-41ad-98eb-bcacc6ae4f1e,9dbd3f92-c412-4bc0-b3a2-5ff9c9c7d68d,6b21c075-c752-4bf7-a4c2-2a4c8441c546,sifarish khan,1232255618481,1,30.0,25.0,30.0,289e28e9-66d0-4026-9fd4-67bfa88cb04c,Piece,1
f97491c1-d91c-4bab-bfaa-f26f5d3cc365,e70885de-24c1-4d96-af7a-966eb3067198,9b8a64b3-0eff-49bd-a7e9-7ae1f4c6211f,Capstan White,89600078,3,15.0,12.5,45.0,2ee97f16-83f8-4fe8-8004-f20228fc010c,piece,3
72bfd4a0-7e2d-4c56-8aa9-26f42c8adbe9,e70885de-24c1-4d96-af7a-966eb3067198,8af4077d-37f1-441f-936d-9507cb56ca9d,candy,1232784048698,1,5.0,3.5,5.0,7534df49-d891-461a-8b69-7d03cb9ce755,Piece,1
5bc09304-6813-4e05-a1fb-5c2f0204d822,3b50cce5-0da1-4c8f-84ee-445c1365eb13,296944b9-ea79-469c-8425-f11d6e4b7eed,CAPSTAN RED,1230364618200,20,12.5,12.1,250.0,e9169ce5-618b-4046-9957-a321013f7b75,box,1
439d7f43-80e0-48b2-81a9-1480ea143fa8,3b50cce5-0da1-4c8f-84ee-445c1365eb13,c33ace92-0e48-4f53-b787-2aa56c673120,Stationery Tape,1233883775720,1,10.0,5.0,10.0,048e947d-22f1-42ca-91ba-372e59e585ad,Piece,1
a550bdf2-967b-4693-b70d-65187ecd447b,4c050279-9270-4589-944b-9ee569fc83c9,7b37c209-406d-41de-9343-0fae92902f40,ANAR 1.5L,8964001179504,1,180.0,130.0,180.0,7197978b-09a4-4b3f-ad57-936a8f9e4311,Piece,1
89f44c20-dfc2-46be-abc1-9fa9fb7e2401,4c050279-9270-4589-944b-9ee569fc83c9,b5987cf6-eb28-453f-833d-b7adb5c351c4,rio stawberry v,8964004770517,1,50.0,45.0,50.0,9d4a3604-18f9-443d-b8da-9da694eefafe,Piece,1
ed971241-ebcb-4bc3-b195-566dd5e37b34,07388200-606d-41b5-9813-5d1d9493e273,5a5154d9-6994-4dee-9011-efd865af1c8f,GOLD LEAF,1232097295550,1,30.0,25.0,30.0,ff8b0ab8-fd25-4bb6-aafb-a79e8e63a846,Piece,1
faccc5e9-828b-4613-821e-d871a566cbde,07388200-606d-41b5-9813-5d1d9493e273,8af4077d-37f1-441f-936d-9507cb56ca9d,candy,1232784048698,2,5.0,3.5,10.0,7534df49-d891-461a-8b69-7d03cb9ce755,Piece,2
64380182-266b-4a70-b116-aa2af88dd251,07388200-606d-41b5-9813-5d1d9493e273,6b21c075-c752-4bf7-a4c2-2a4c8441c546,sifarish khan,1232255618481,1,30.0,25.0,30.0,289e28e9-66d0-4026-9fd4-67bfa88cb04c,Piece,1
d5ef0395-3d4d-46bb-acf5-1b1fbf73ef5e,42fe9374-f361-4863-949d-f1391e004157,e101e5a8-3410-4e60-af94-bbe948876ffd,CANDY ORIGINAL,8961003679759,1,50.0,44.5,50.0,1391b547-210a-4a66-a3ca-93d482b74abf,Piece,1
b090f652-fa28-460e-b0fa-99de58ad9fe2,c64c4ed7-dcac-4df2-80e5-7caab6f52cbd,d708baee-e4e6-44b7-89a0-5214eeebce4f,prince chocolate,8961003612572,1,50.0,45.0,50.0,556d6997-f2ee-4658-8b85-23a47795b274,Piece,1
e9497786-7d8e-4771-a420-6a943b6bcadc,c64c4ed7-dcac-4df2-80e5-7caab6f52cbd,a0941064-a8d4-4b07-8c5e-7bb182240989,Rio Strawberry,8964002526192,1,20.0,18.0,20.0,a982b713-9cb9-4b6b-9e03-4d99fd852224,Piece,1
6d1d43b6-18b6-4c1e-bdc4-42f075a69c1b,4a7c5ffc-f119-4de7-a60b-51609c6c7301,5d2a6a9b-0a59-4325-86a4-94ecfcde48ed,VELO POLOR MINT 5DOT,89601778,1,300.0,200.0,300.0,04ea203d-aa17-4568-a358-db86c6d89950,Piece,1
8ee224f5-e7e2-4917-8e8a-61293da28287,3272380b-3ea8-42b2-89ee-ba5cc455d424,1330888d-09e3-4704-ad0e-c6910547e08b,COCATEA PEANUT,762497639377,1,50.0,41.66,50.0,6690d456-6ac5-4661-8b6d-1e96e1b9527d,Piece,1
8d88f5a2-c121-4e8f-910b-ebeb18f1d37c,3272380b-3ea8-42b2-89ee-ba5cc455d424,c3551759-c1ef-47f5-b230-77bce4c2f476,Brite s/pack,8886950015279,5,10.0,9.17,50.0,65d64d63-9e6f-4416-9618-7a79123a69a1,Piece,5
1d448f01-5398-4b78-95c3-3b82134fdb44,3272380b-3ea8-42b2-89ee-ba5cc455d424,9b0e4f5c-dfad-4a30-b0ff-93f8d7d378d5,COCOTEA NIMKO,762497639339,1,50.0,41.66,50.0,507e3c6c-4801-4316-bc02-b9b5d02cdb26,Piece,1
1e1f3ee6-78a5-435a-8089-7e5f11c965bc,c4d3bf4a-eb6a-4943-a1c0-9da6170dfd66,382387eb-6272-4738-b2d5-3361fa6fc3ca,Potato Sticks,671866277501,3,50.0,46.25,150.0,bc63250f-fd30-4ca2-a788-3340c09f9c89,Piece,3
2d90079c-bea7-4935-86b5-d779afba9d38,c4d3bf4a-eb6a-4943-a1c0-9da6170dfd66,36a30f2b-248a-4769-bc28-046500d0daf4,bar,1230421521603,2,10.0,5.0,20.0,9c505cbc-8e3d-4e6a-a8f2-96b2991c3bee,Piece,2
932be287-1494-44f8-9015-7005daf607e7,c4d3bf4a-eb6a-4943-a1c0-9da6170dfd66,8af4077d-37f1-441f-936d-9507cb56ca9d,candy,1232784048698,6,5.0,3.5,30.0,7534df49-d891-461a-8b69-7d03cb9ce755,Piece,6
189d6b36-fb72-4fa2-a8f0-77ad5a80a0fc,a2a2107a-51a6-4866-9f86-0884d8c820a8,234c787c-e5e2-4047-bb07-95d114219d2e,AQUA DIRE 0.5 Ltr,5901234039710,1,60.0,22.0,60.0,bc7e8655-4e7a-409b-a5c5-6b9e2e262dff,Piece,1
4b953203-6cbf-4040-b1cf-912df8a979cb,a2a2107a-51a6-4866-9f86-0884d8c820a8,c2c96412-231a-4358-bce0-56812108d9cd,Murree Sparkletts,1860201136811,1,60.0,36.6,60.0,4138b755-fa84-439d-8b58-a5c673938dd0,Piece,1
75f2588b-2117-48f5-ab77-23383a8290a0,502c3bcc-46b3-4d63-992d-67d2dd4764be,6b21c075-c752-4bf7-a4c2-2a4c8441c546,sifarish khan,1232255618481,1,30.0,25.0,30.0,289e28e9-66d0-4026-9fd4-67bfa88cb04c,Piece,1
ecd517f3-47ba-49ba-9a35-87053699941f,3a8521d6-5772-430d-ac1e-844769c485ec,ebaad222-dc4f-4b0e-813d-34b46a43bdd6,Double Trouble,8721274610574,5,40.0,28.5,200.0,d4cdbb07-35fe-4ead-aa6d-66aaa1e207f6,Piece,5
fbe40326-fd42-4e99-a8eb-24c6ba771548,3a8521d6-5772-430d-ac1e-844769c485ec,c7bd1ce5-d295-4e7a-8039-df18bcb4680b,Paradise,8961102502286,1,20.0,17.41,20.0,4751fd35-1514-4c67-98cc-b4759f22600f,Piece,1
8e9e6fd6-c1f4-46ea-8308-8efa1c051069,7f2d60e8-cd1a-4277-a8b5-ea110fade9c7,1c72d262-1df8-429e-9986-6f2c680389d3,Snacking snacks,2972437277202,1,20.0,15.0,20.0,ffc4c732-949f-486e-a5bf-92ea8a0132c4,Piece,1
68e9df6c-6bf6-427b-ac75-be49bf0582c2,214c62ea-c242-4a1c-be31-2ef72efaa65b,16362686-2492-41ca-8a06-b4a85dc639ac,PUIREFINE 1.5-Ltr,1230434764202,1,110.0,45.0,110.0,9230ea9d-4f0b-4d85-bbb3-4e890ef1891b,Piece,1
7036d61e-e372-4726-826f-9eadbcb7bc3d,4cb69f7a-ebeb-41e5-a264-bc7d8a4cee59,99e1bc74-22b4-456e-a729-5baabbf6dff3,krisko,1456587854243,1,20.0,15.0,20.0,887fe7ef-236c-4d4d-a225-789c008373c8,Piece,1
212dac9b-d540-4571-a233-fc81eb61a9c8,4cb69f7a-ebeb-41e5-a264-bc7d8a4cee59,3c9df82b-a8e2-49c2-a773-46edf5859135,RAHAT  4,4985925672487,1,35.0,26.1,35.0,287627b8-4e98-49f3-9268-58f71cd70eb3,Piece,1
49522a59-9774-4875-a4a1-91cd54a974c0,4cb69f7a-ebeb-41e5-a264-bc7d8a4cee59,8af4077d-37f1-441f-936d-9507cb56ca9d,candy,1232784048698,2,5.0,3.5,10.0,7534df49-d891-461a-8b69-7d03cb9ce755,Piece,2
92dcfda4-9f59-4e9d-b99d-f4d2d9be3314,db1e5a00-dc83-4dc6-bcf4-a65ecdceb561,1765bf04-3aa3-4abb-a936-eb28dc6f7d5b,COLA NEXT 1.5ML,8964001179009,1,180.0,130.0,180.0,9462ed19-512b-42b4-be94-a82d33392244,Piece,1
51567bb1-8265-4f64-afcd-61eef3c77bcc,db1e5a00-dc83-4dc6-bcf4-a65ecdceb561,aeec8327-c8e3-49ae-830d-5ae48228671a,DISPOSIBLE GLASS,1233763958519,3,5.0,1.7,15.0,2bc021cb-4f78-4684-ad9e-7fae8bd628d9,Piece,3
21eda7f3-11a0-4551-82ba-2e2b0cd49a64,991d1825-7f20-4d73-a1ab-34fb3cbc7073,e89768c3-9e0e-472e-b8fe-ca33136480e6,lemon max pouch,8886950099514,1,225.0,200.0,225.0,49d66224-083c-4065-82fa-185368c7b179,Piece,1
df3a62e3-1495-4dd4-a6a6-16e746a85377,df2f17de-d240-4ad7-8b36-24de1866cff6,b670459a-e326-4490-bf85-c717dd6912df,SLICE APPLE,8964000103104,1,80.0,43.4,80.0,962458d9-d8a4-496e-b26d-a36295416f95,Piece,1
39fc3185-9dd6-443e-9b8a-db3b81212e82,df2f17de-d240-4ad7-8b36-24de1866cff6,216ab9f0-65b5-4cc7-93c1-8d21ecc3f3bb,Chocolatto,8961102508868,1,20.0,18.0,20.0,5103e0a4-abf3-4e1f-9116-b8f2aba5efb1,Piece,1
606be412-85a8-4285-84f0-6884c6cf812f,df2f17de-d240-4ad7-8b36-24de1866cff6,1eca10c5-4891-4e75-8bc9-221518fac91e,Krisko Darbari,2152255622556,1,50.0,41.0,50.0,583fc009-71c4-47c6-b1d0-84701feb3920,Piece,1
cb00292e-aa8a-4c4f-8316-4e05d91e5b62,359ccd3e-4525-4cbf-b8c2-0aa6ce02ecfa,99e1bc74-22b4-456e-a729-5baabbf6dff3,krisko,1456587854243,1,20.0,15.0,20.0,887fe7ef-236c-4d4d-a225-789c008373c8,Piece,1
dba338d2-a2cb-4a34-8b22-e8534115bf92,25ef245a-c376-4094-ba5e-af990541aa19,372480b4-e7c0-4dc5-a6f7-2d9157b08dc7,PARTY TISSUE WHITE,1235044298901,1,250.0,120.0,250.0,c1de13ed-19fc-4ed2-8c76-583cb4c795b4,Piece,1
41f66b05-7718-4a47-8129-ec5628109092,20e14fd8-2cfc-4210-b9f7-81391e19e3e4,dc6c043a-aee3-44fe-9e69-206f74154f8b,luster rose,9812121221155,2,20.0,5.0,40.0,89eadc6e-2039-4466-85cb-2bd8ef56c0c7,Piece,2
b7b90d59-6cf1-414d-9277-1fc80a546eb5,b8ad9a62-695d-4882-b160-d74cd5ea6847,dabede9c-eb98-47b3-848d-77e6850a56e1,7UP 1.5L,0012000800337,1,210.0,163.0,210.0,f7ce623b-7879-474d-9773-f703bf0ae037,Piece,1
4f3f28a4-cb9f-4241-9618-dd4167e16ae5,b8ad9a62-695d-4882-b160-d74cd5ea6847,aeec8327-c8e3-49ae-830d-5ae48228671a,DISPOSIBLE GLASS,1233763958519,4,5.0,1.7,20.0,2bc021cb-4f78-4684-ad9e-7fae8bd628d9,Piece,4
d0a6fbf0-6636-4b36-a271-5ac5ea658cd2,2488252f-a97b-40c5-8d43-796b5c5f9b9c,4ea8ab87-bf13-4523-b83d-509c89f52789,hockey match stick,9231012019358,2,5.0,3.0,10.0,21683564-a53b-4d8c-a0a6-4066d1367085,Piece,2
8051fd80-aea5-4afb-918c-1caf2358e4e1,2488252f-a97b-40c5-8d43-796b5c5f9b9c,8af4077d-37f1-441f-936d-9507cb56ca9d,candy,1232784048698,4,5.0,3.5,20.0,7534df49-d891-461a-8b69-7d03cb9ce755,Piece,4
dfa6bdee-8aec-4aa6-88fd-d7cf2f795d26,27134f48-af3b-417c-9386-ef5b5c04909c,a473c4e4-24c8-4ec9-82db-c7242daa97e0,WATER NEXT,8964001179672,1,60.0,30.83,60.0,3a50dc54-d5e4-4571-90a1-fd0b685ec012,Piece,1
980af389-fa91-4eac-9b77-fd054d910b2d,27134f48-af3b-417c-9386-ef5b5c04909c,16362686-2492-41ca-8a06-b4a85dc639ac,PUIREFINE 1.5-Ltr,1230434764202,1,110.0,45.0,110.0,9230ea9d-4f0b-4d85-bbb3-4e890ef1891b,Piece,1
feddc8db-e6b4-4d23-b63e-480f253586b6,27134f48-af3b-417c-9386-ef5b5c04909c,aeec8327-c8e3-49ae-830d-5ae48228671a,DISPOSIBLE GLASS,1233763958519,2,5.0,1.7,10.0,2bc021cb-4f78-4684-ad9e-7fae8bd628d9,Piece,2
ea95ecd9-2806-4320-b89e-0a855d0c47e8,6c8b9897-14b1-46f6-8991-f45391abc19c,296944b9-ea79-469c-8425-f11d6e4b7eed,CAPSTAN RED,1230364618200,6,15.0,12.1,90.0,a1bc6a6f-ad8f-468b-afac-44ec8574811d,Piece,6
c37dfacf-3c18-4dc9-94e8-67f7d7e28f16,6c8b9897-14b1-46f6-8991-f45391abc19c,516f6a75-e3b0-4123-96d7-eb589e349703,dew 1000ml,8964000101100,1,170.0,133.3,170.0,483c3968-31f4-4b20-bc46-770ced8b1ab2,Piece,1
aa71e179-4975-466c-a10e-7c0a4c26a5fc,6c8b9897-14b1-46f6-8991-f45391abc19c,aeec8327-c8e3-49ae-830d-5ae48228671a,DISPOSIBLE GLASS,1233763958519,2,5.0,1.7,10.0,2bc021cb-4f78-4684-ad9e-7fae8bd628d9,Piece,2
66ef5812-e1c1-460d-84d8-886ad3f01bba,b1ec7651-5695-4a6d-ba52-a90c8e7babba,296944b9-ea79-469c-8425-f11d6e4b7eed,CAPSTAN RED,1230364618200,3,15.0,12.1,45.0,a1bc6a6f-ad8f-468b-afac-44ec8574811d,Piece,3
080b1522-faf0-4859-91bc-754bbb7da3f3,9f760614-01fd-4327-8fde-e1f22d5ce78c,5e38679d-6413-4f2c-8dea-c53d50116951,Bazooka,725765020536,1,100.0,58.33,100.0,54853cdb-84f4-4f9e-9880-ce52951e8721,Piece,1
62c7e8d2-3337-4c0b-b221-3f7fafa8cfd8,f0c2abc6-78f1-41da-8268-8ec573aee18c,403ea510-fb07-48bc-a730-8f1f2391b3be,STING L,8964000101704,1,140.0,105.8,140.0,7b817808-9ae8-4d8f-9f89-3f3e11cfe183,Piece,1
b2fbbd32-ab49-45f7-a9c7-f791badfa20d,f0c2abc6-78f1-41da-8268-8ec573aee18c,975afaa4-6f19-4b65-b8ba-ec64f86f41cb,Lays Y&H,8964002346905,1,70.0,64.75,70.0,ed65e660-cda7-4d73-8f09-7920617be844,Piece,1
c656a441-f33b-462a-8b06-c662353b8f3a,eadc0240-c12c-4e1c-93c5-05005f57ff54,8af4077d-37f1-441f-936d-9507cb56ca9d,candy,1232784048698,2,5.0,3.5,10.0,7534df49-d891-461a-8b69-7d03cb9ce755,Piece,2
08a40289-6099-4f7a-906b-56d4043e88eb,eadc0240-c12c-4e1c-93c5-05005f57ff54,36a30f2b-248a-4769-bc28-046500d0daf4,bar,1230421521603,1,10.0,5.0,10.0,9c505cbc-8e3d-4e6a-a8f2-96b2991c3bee,Piece,1
d7b06b3b-3215-4b8a-8d50-b63081d0b8e0,005776a3-b98f-4a96-ad83-163fec4268cf,af69d822-86b0-44a5-95c6-e6eb63bf046f,4U peri Per,725765417107,2,20.0,18.33,40.0,f9b1f94e-eb83-4553-ac61-9dc96aaae598,Piece,2
947d1f1a-5412-4f2d-af42-88fc6bf947a3,005776a3-b98f-4a96-ad83-163fec4268cf,e72cc9fe-22b1-4ea0-b7ba-50b2a81ae9cc,4U Bar Beta,8964000579435,1,20.0,18.33,20.0,19cf5be3-be93-483b-a1f4-a2bb5e331f51,Piece,1
0744c0a7-9b81-464f-9bd2-371fa68a804b,d8d2d371-0688-4ce1-83c9-f21817f30cb8,296944b9-ea79-469c-8425-f11d6e4b7eed,CAPSTAN RED,1230364618200,2,15.0,12.1,30.0,a1bc6a6f-ad8f-468b-afac-44ec8574811d,Piece,2
0ae1ad4b-5eba-4d7d-8ffe-14f336dc2e47,c9c26ea3-2e26-4b22-9134-d9e797b8531b,9b8a64b3-0eff-49bd-a7e9-7ae1f4c6211f,Capstan White,89600078,3,15.0,12.5,45.0,2ee97f16-83f8-4fe8-8004-f20228fc010c,piece,3
9dd7f15a-0904-48ce-a4ef-e4f9a16e939d,6130fba7-ea29-42e0-aefe-6b551e8c2a12,0084bf1f-7beb-4c04-9848-2ce0fa28b44e,Chaunsa Mango Cup,8961014033755,1,90.0,77.55,90.0,648aa092-3ee6-4c96-87c6-5610d6e3e4dc,Piece,1
244f2778-acdb-45b8-afe5-627448fcb5a0,ae1b112f-9f3c-4f61-ad41-9fe80b8b4d53,ebecba97-a5dc-432a-a675-b07992cfe188,DUNHILL,89600047,20,30.0,29.5,600.0,4d75b869-1d20-4862-9c75-0c8a26f90c5d,Box,1
22524277-5040-44dd-968c-7e4fbfe5cc05,ae1b112f-9f3c-4f61-ad41-9fe80b8b4d53,58b5e23c-2fbf-49e9-857a-fd0245e4b537,7up 500ML,8964002343959,1,130.0,91.66,130.0,9ef0b418-16b3-446f-95ba-f5c1931f9e3a,Piece,1
8b183f4a-090b-43de-8716-601eacc532a5,ae1b112f-9f3c-4f61-ad41-9fe80b8b4d53,cf4ddc79-69f8-4b07-9756-99c625450f8d,Dew 500ML,8964000101094,1,130.0,91.66,130.0,b2834b37-c0ae-46a1-a403-d2aab65cab25,Piece,1
b3bf9a73-c76f-457f-badf-5c58f6c1cfe5,ae1b112f-9f3c-4f61-ad41-9fe80b8b4d53,b8bc5305-46ae-4622-b225-f2012facd71c,BITE CAKE,6446371132850,1,70.0,43.33,70.0,f1d2d90f-dc57-4b76-bcb4-7d1c9bcc568a,Piece,1
bfea089e-f81a-4a84-bef1-f76407f4035e,ae1b112f-9f3c-4f61-ad41-9fe80b8b4d53,783035a9-76f8-4bff-8522-5e40489b1ca1,Gluco Teddy CC,8964002527380,2,40.0,36.71,80.0,f18aeec1-e815-44eb-b36d-03fc30b49961,Piece,2
c69f3f5b-7d11-4956-9ba3-b1de71ae1caa,ae1b112f-9f3c-4f61-ad41-9fe80b8b4d53,5e884914-bb41-4b1f-accc-ce0d6446028c,Cake up choclate,8964004771279,3,30.0,27.0,90.0,3e6c01eb-63f7-4c6c-a9f1-ae60afed6e96,Piece,3
030e3f6d-8ec3-4812-b25d-7108bbc64189,ae1b112f-9f3c-4f61-ad41-9fe80b8b4d53,7b37c209-406d-41de-9343-0fae92902f40,ANAR 1.5L,8964001179504,1,180.0,130.0,180.0,7197978b-09a4-4b3f-ad57-936a8f9e4311,Piece,1
adf389fe-1ddd-4996-afc0-858d9bc1944f,ae1b112f-9f3c-4f61-ad41-9fe80b8b4d53,e4a686bb-19ba-4778-90a2-e323343d0808,chocolicious,8964002759583,3,30.0,27.0,90.0,641f8c3e-0e8f-48b9-afed-00059e46c752,Piece,3
a69573e8-2521-4f13-ab08-f40e92405874,ae1b112f-9f3c-4f61-ad41-9fe80b8b4d53,dcc48fee-0445-4775-bc38-58a5490e4628,Slanty Veg,671866117586,1,50.0,46.25,50.0,07708f75-4794-460f-9a64-a898355176c2,Piece,1
aee1ca22-b5a7-4f8e-a989-e36fe3232ef9,b1632a94-69bb-4e9c-ab1e-34fffaac0ae8,33819376-e267-418a-adf2-b6190c956759,DEW 1.5L,8964000101117,1,210.0,163.3,210.0,f669561e-4418-41a3-9cb7-31974a38d7c4,Piece,1
9922d4e6-37e4-4de1-90a9-e072815907c7,b1632a94-69bb-4e9c-ab1e-34fffaac0ae8,aeec8327-c8e3-49ae-830d-5ae48228671a,DISPOSIBLE GLASS,1233763958519,4,5.0,1.7,20.0,2bc021cb-4f78-4684-ad9e-7fae8bd628d9,Piece,4
e1950fe1-327c-4b24-9994-053ab112cde7,eb58a0fd-cd8e-4f91-a388-ccdbf34c30ea,a0a5cd34-cdb1-4257-bbcf-8061295bca3a,lemon malt,1860236002037,1,120.0,79.02,120.0,5e6a96d5-81b1-4fc3-b9ca-4cde167b0c08,Piece,1
d6a8d7e6-16ef-4e62-b671-36d3dee90a46,92772ddd-9f5c-49d9-bc3a-a56ca883efaa,5a5154d9-6994-4dee-9011-efd865af1c8f,GOLD LEAF,1232097295550,2,30.0,25.0,60.0,ff8b0ab8-fd25-4bb6-aafb-a79e8e63a846,Piece,2
af4c7b80-f6aa-42a9-a6ed-d9153be0cd3d,bba4a1de-2910-4c88-8fb4-2f9aa4a4f9a5,bdfbec09-02b6-43e1-834e-c6f25f2250da,egg,1239923458738,6,22.5,20.0,135.0,1a65cdb6-05dd-4c13-8555-642c6262bc4e,Piece,6
e6175778-9db1-42dd-b4e2-022e7c80d085,bba4a1de-2910-4c88-8fb4-2f9aa4a4f9a5,e1c7461f-fe2c-43cc-b072-ab2fcdd767ed,olper pack,8964000919934,1,100.0,85.0,100.0,610b7a9f-fa8f-480c-8da4-d5bb1121252c,Piece,1
5d03a989-42da-4716-972a-cde0af78dedf,bba4a1de-2910-4c88-8fb4-2f9aa4a4f9a5,20a6b7b0-b32d-4ef7-a68f-a34e139e6aa7,Fruiten joy Mango,8964000876466,1,70.0,45.41,70.0,0e8ea209-a7c4-4e46-aaf4-45fd453bdec9,Piece,1
300f581d-c62c-46c6-9200-8999ed5f0dfc,bba4a1de-2910-4c88-8fb4-2f9aa4a4f9a5,e55f9b15-e456-4841-9cb1-f57f07bf46b8,FRUITIEN APPLE,8964000876503,2,70.0,45.41,140.0,4eea30fe-1cb9-411a-84f7-1da5f5b3e6c2,Piece,2
4611ecd9-83f8-48b1-af31-c50d8f734276,bba4a1de-2910-4c88-8fb4-2f9aa4a4f9a5,5d858261-9ada-44bd-ab18-e97ba65193ca,fruitien Red Grape ,8964000876138,2,90.0,62.08,180.0,6074cb61-2048-4775-9804-016af2a08d4f,Piece,2
9d885767-3f22-4ac6-91e0-92f5a9fe36ea,bba4a1de-2910-4c88-8fb4-2f9aa4a4f9a5,382387eb-6272-4738-b2d5-3361fa6fc3ca,Potato Sticks,671866277501,1,50.0,46.25,50.0,bc63250f-fd30-4ca2-a788-3340c09f9c89,Piece,1
1d48df41-76e6-452d-b5f0-3db7905e9779,eb28d3e1-1505-4c41-b6fa-bddae8ccdfb5,974851e3-6a77-4a75-b263-4666098c4ae5,Lays Masala,8964002346912,2,70.0,63.75,140.0,177832b6-40a2-4948-af00-6754a30a0f67,Piece,2
18bad5d3-54c2-4167-8457-44fcbd4b3075,eb28d3e1-1505-4c41-b6fa-bddae8ccdfb5,49d0da8d-0715-45bb-8ed2-bfeb311f210f,lays y$h,8964000103784,2,20.0,17.0,40.0,aa53ae6a-2e7f-4333-8645-91a01ffefc95,Piece,2
89179832-0a58-40af-aa86-f1b090ac172b,eb28d3e1-1505-4c41-b6fa-bddae8ccdfb5,66a64cc9-3d36-4ec9-94c4-fd0e9a56f32c,Lays Masala,8964000090602,2,20.0,18.0,40.0,c40492ef-d853-48e0-9c39-df0966445872,Piece,2
62336fd0-cd63-4f14-9837-864ac1f61025,eb28d3e1-1505-4c41-b6fa-bddae8ccdfb5,382387eb-6272-4738-b2d5-3361fa6fc3ca,Potato Sticks,671866277501,1,50.0,46.25,50.0,bc63250f-fd30-4ca2-a788-3340c09f9c89,Piece,1
830bead6-17de-49f9-9b2f-663cf0a4ca3a,262caec5-16f7-4b1b-9eb6-580a43c5b534,dcc48fee-0445-4775-bc38-58a5490e4628,Slanty Veg,671866117586,1,50.0,46.25,50.0,07708f75-4794-460f-9a64-a898355176c2,Piece,1
5e5fb09f-5d45-4d31-92be-feb1fc49ed71,c3eac9e1-7706-4565-8d9e-f854346cfaba,7439380d-ff71-4b92-b2ff-56899ca87c0d,tridgum,9555407311019,1,10.0,4.09,10.0,b3c50399-f52e-4960-bdd6-5ef8d99c8de1,Piece,1
e044602e-82fe-4eee-80af-505a408a7790,c3eac9e1-7706-4565-8d9e-f854346cfaba,8af4077d-37f1-441f-936d-9507cb56ca9d,candy,1232784048698,2,5.0,3.5,10.0,7534df49-d891-461a-8b69-7d03cb9ce755,Piece,2
a9ad38f8-ae17-4205-927c-c50d4a47c6ae,c3eac9e1-7706-4565-8d9e-f854346cfaba,36a30f2b-248a-4769-bc28-046500d0daf4,bar,1230421521603,1,10.0,5.0,10.0,9c505cbc-8e3d-4e6a-a8f2-96b2991c3bee,Piece,1
b787550e-73cd-4034-b01c-1823b0c5cee8,65bcd123-efa9-41e5-b5cd-5705b0de83e5,3fb71ac3-e098-4f06-a3d7-1b4525aff190,SMILY WM,6261149070864,1,150.0,47.0,150.0,15dedaf8-76cc-47d7-ba9c-522b46e6e2fb,Piece,1
ae273a50-6cd0-451d-8d8e-e10dfd9f4f4a,1fc2ca9e-3ed2-4f21-a5f1-b49dc6bbc7da,9b8a64b3-0eff-49bd-a7e9-7ae1f4c6211f,Capstan White,89600078,3,15.0,12.5,45.0,2ee97f16-83f8-4fe8-8004-f20228fc010c,piece,3
cecf0b0d-93ea-4787-ae38-355940ae3448,1fc2ca9e-3ed2-4f21-a5f1-b49dc6bbc7da,8af4077d-37f1-441f-936d-9507cb56ca9d,candy,1232784048698,1,5.0,3.5,5.0,7534df49-d891-461a-8b69-7d03cb9ce755,Piece,1
f16fe35d-b35a-4328-b3fd-7a11bd418d78,1fc2ca9e-3ed2-4f21-a5f1-b49dc6bbc7da,403ea510-fb07-48bc-a730-8f1f2391b3be,STING L,8964000101704,1,140.0,105.8,140.0,7b817808-9ae8-4d8f-9f89-3f3e11cfe183,Piece,1
dd33a2a6-4df8-443c-923b-5695462b572c,ac7f1a58-47f7-464d-bf05-96c06012b1f0,c3551759-c1ef-47f5-b230-77bce4c2f476,Brite s/pack,8886950015279,1,10.0,9.17,10.0,65d64d63-9e6f-4416-9618-7a79123a69a1,Piece,1
8073f24c-db5b-424d-a73a-073b9ba2a435,2d4158ea-7471-4814-a370-829dc9176d50,dff1cf5b-43c0-4680-8382-ae8626dc47af,lifeboy,8961014270624,1,10.0,9.0,10.0,b7a61655-08ca-49d1-8cce-7cd80df1103d,Piece,1
ae772e1a-63d4-4132-89eb-7e2eac1db1fd,9b971fef-ca41-4d1a-830e-db726d1f03da,fe37be8b-4c7f-47e4-8684-95495353b13e,COCA COLA 2L,5449000000286,1,250.0,191.0,250.0,0e8b542e-eb72-402d-babd-76084f6c6426,Piece,1
8fa3ddb9-931d-4f7a-811c-dcbbe11b098b,9b971fef-ca41-4d1a-830e-db726d1f03da,2c73a736-486c-4dbf-8528-fe9ce200d4e8,COCA COLA 1.5L,5449000051981,1,210.0,164.0,210.0,3970e731-82d1-42c7-95be-861d4545f819,Piece,1
14a960a5-b67e-4c7e-ae62-63b99722cadc,9b971fef-ca41-4d1a-830e-db726d1f03da,aeec8327-c8e3-49ae-830d-5ae48228671a,DISPOSIBLE GLASS,1233763958519,4,5.0,1.7,20.0,2bc021cb-4f78-4684-ad9e-7fae8bd628d9,Piece,4
17845743-d6b8-4e75-855f-50c7ed506672,dae1b7b6-897b-4d17-94cf-ef239598aef4,a5e6d70c-fa41-44c3-9fb5-e1370963876c,DIGISTIVE ZERO SUAGR,8961103501219,2,30.0,27.0,60.0,bc4a8701-667a-4d30-8cc8-a43eff75b6fa,Piece,2
78318d28-9d36-4ead-9e2f-968a5451e474,dae1b7b6-897b-4d17-94cf-ef239598aef4,e8d89fdc-a014-4aef-a350-286553b48eb4,frisky orange wafears,8965310055138,1,30.0,24.9,30.0,8c4feed7-26bd-44b6-9720-4f26bb14bb93,Piece,1
d332c3b7-aaad-4363-81e1-09ccca5b4f87,dae1b7b6-897b-4d17-94cf-ef239598aef4,16aaea48-fe9c-4a96-8c0e-5fa79cd3fca1,cocomo,8961103500359,3,10.0,9.5,30.0,60a15580-472f-4b42-8bb2-2863cf1872c0,Piece,3
360e79cc-acc2-4826-9007-53ae08ef9502,dae1b7b6-897b-4d17-94cf-ef239598aef4,49d0da8d-0715-45bb-8ed2-bfeb311f210f,lays y$h,8964000103784,2,20.0,17.0,40.0,aa53ae6a-2e7f-4333-8645-91a01ffefc95,Piece,2
961ad0cb-d410-4730-ad48-94444ea218a7,dae1b7b6-897b-4d17-94cf-ef239598aef4,1719f546-24f8-488a-8cc1-cc198ec43693,Carmel Crunch,8966000030169,1,70.0,63.0,70.0,03f3628c-dae1-48f8-8cf7-226c9e6fc3a0,Piece,1
7eb4c768-146b-428d-a3ce-2f83f07f03f8,dae1b7b6-897b-4d17-94cf-ef239598aef4,a84a9a45-98ff-4b74-aff8-40ff67378ccc,Cornups,8966000066052,1,50.0,45.0,50.0,6f526069-2aea-4ab1-b26e-ab37001e494a,Piece,1
f5497c73-a00c-4a18-a5bc-befd48661ce7,dae1b7b6-897b-4d17-94cf-ef239598aef4,d43a6e92-5604-44fa-b95a-d7a378b93536,Lays FC,8964002345601,1,50.0,46.0,50.0,e707af65-3e99-49c6-83b0-d861d0ecbf1e,Piece,1
ee750249-ea07-49ec-adb9-e08b5bd9dbbd,dae1b7b6-897b-4d17-94cf-ef239598aef4,113a9bd7-369e-49d6-8331-ce4d03854d07,BOUNCE,8961103503527,1,10.0,8.9,10.0,5e4f1b89-1d0b-4c9b-8a0f-d7298eafafdb,Piece,1
2c104c7a-f415-4b2b-8f6d-549e81f5ce1e,dae1b7b6-897b-4d17-94cf-ef239598aef4,0aa80e86-0e8c-4c99-9c66-fd4a30ca7abb,KURKURAY MASTI SHOTS,8964002345700,1,30.0,28.05,30.0,19089021-10fb-4a9d-97bb-8876d0b8603d,Piece,1
4441c7a6-1870-42c0-9089-c009423490d7,dae1b7b6-897b-4d17-94cf-ef239598aef4,986fdfa7-0d1f-4581-980f-f56c15fe2708,dayfresh chocolate,8964000816516,1,150.0,97.0,150.0,6922c626-8f0e-463a-aa49-2c8a8df73c59,Piece,1
a295abef-4c0b-4732-b5bb-607f74eaffdf,dae1b7b6-897b-4d17-94cf-ef239598aef4,8af4077d-37f1-441f-936d-9507cb56ca9d,candy,1232784048698,4,5.0,3.5,20.0,7534df49-d891-461a-8b69-7d03cb9ce755,Piece,4
8c2c79b6-e2e2-45d4-b635-6ff5cea91a41,4126f753-6985-4b99-8c0e-9e036648e3a5,7da3d9a4-e2c9-40ef-86c5-8253e2dc9677,IND GUAVA,2420786188309,1,300.0,150.0,300.0,a3925d3f-1b52-468b-bca0-17ce9a151c34,Piece,1
a9341762-32b1-4cb1-8b53-9bf9d8fe5352,4126f753-6985-4b99-8c0e-9e036648e3a5,aeec8327-c8e3-49ae-830d-5ae48228671a,DISPOSIBLE GLASS,1233763958519,2,5.0,1.7,10.0,2bc021cb-4f78-4684-ad9e-7fae8bd628d9,Piece,2
d02e23b8-90c5-4060-8b1b-bf3072f878ee,4126f753-6985-4b99-8c0e-9e036648e3a5,5a5154d9-6994-4dee-9011-efd865af1c8f,GOLD LEAF,1232097295550,20,25.0,24.5,500.0,38175889-2f66-461f-8e62-69907628ca63,Box,1
a59d4cd0-1e74-42da-9839-a91e1aae8e55,3deedb20-6dfe-4ae3-b56e-be0f2f3d6348,dcc48fee-0445-4775-bc38-58a5490e4628,Slanty Veg,671866117586,1,50.0,46.25,50.0,07708f75-4794-460f-9a64-a898355176c2,Piece,1
79d6b4c2-15c8-41e6-927b-ce905449c41a,3deedb20-6dfe-4ae3-b56e-be0f2f3d6348,382387eb-6272-4738-b2d5-3361fa6fc3ca,Potato Sticks,671866277501,1,50.0,46.25,50.0,bc63250f-fd30-4ca2-a788-3340c09f9c89,Piece,1
96ff3300-dfd2-44d9-81be-78c476def70d,06d5fdb4-d102-45bb-b600-7b545c0c54d7,975cf5aa-4ec6-4b0f-bd0b-a79640860da8,CHOICE,9254120000254,1,40.0,22.5,40.0,45baadf7-3c4f-430c-b19c-ed8a6e8538df,Piece,1
8d51ec1e-3019-4abc-bc02-5705834d316e,06d5fdb4-d102-45bb-b600-7b545c0c54d7,296944b9-ea79-469c-8425-f11d6e4b7eed,CAPSTAN RED,1230364618200,1,15.0,12.1,15.0,a1bc6a6f-ad8f-468b-afac-44ec8574811d,Piece,1
63a47ea0-0042-4883-8399-c743b6f2bdca,5de9f50f-4f79-4115-9058-827484a78bbd,8af4077d-37f1-441f-936d-9507cb56ca9d,candy,1232784048698,4,5.0,3.5,20.0,7534df49-d891-461a-8b69-7d03cb9ce755,Piece,4
2500ef2d-c7a7-48b4-b5a6-7bff7ab9d451,f0351a05-bd52-4f68-8527-a33e487e4ae6,401602c5-d60a-4b56-82e2-f361aaa79dc0,COLA NEXT 2.5L,8964001179030,1,250.0,185.0,250.0,23341b22-4e50-42c0-9616-9d6c81e99bfe,Piece,1
7824d515-e039-484b-8b21-825e9495e8b9,f9d978c1-5961-4f66-bba3-cd9b232542b2,e14b81d9-36fd-45ce-87ff-b990f90f387e,sunsilk,8961014266559,1,10.0,9.3,10.0,604b4a47-5d12-48f2-8b47-43638ae8894f,Piece,1
6a469c74-1d85-4a56-b345-6250750dd973,2cc4155a-6024-43d7-84f5-aa28151375b6,234c787c-e5e2-4047-bb07-95d114219d2e,AQUA DIRE 0.5 Ltr,5901234039710,2,60.0,22.0,120.0,bc7e8655-4e7a-409b-a5c5-6b9e2e262dff,Piece,2
ec76039c-475a-4d89-af41-fdab0d604842,2cc4155a-6024-43d7-84f5-aa28151375b6,79b52724-bd00-424f-a5d3-4e06d3fd6805,Red Bull,90162602,1,550.0,445.0,550.0,67b7d087-af55-4e78-b878-d7db5d2bbf2d,Piece,1
0a27a406-4ae6-419a-890b-cd07c92ad496,956564bc-6681-41ef-a15c-af330505e102,9863fa08-b141-4a19-959c-fc1dae64e577,pepsi 1.5L,012000800085,1,210.0,163.0,210.0,8e6db930-330d-46af-a62c-e673e3d938a7,Piece,1
9dc2aeec-26a3-40c6-bf26-decb48cfdc74,92602fb2-7483-4908-8c2c-75983556f39b,b5987cf6-eb28-453f-833d-b7adb5c351c4,rio stawberry v,8964004770517,1,50.0,45.0,50.0,9d4a3604-18f9-443d-b8da-9da694eefafe,Piece,1
270b6921-d69c-4fd6-821b-ec670d516b32,92602fb2-7483-4908-8c2c-75983556f39b,769e2e89-ac54-44d5-95f5-ccae70735404,TIGER,8961003694271,1,10.0,8.85,10.0,4aa89d8e-e8d9-41cd-b9dc-1ef6616d3d57,Piece,1
b4d796c8-4ce0-4394-902c-ec6ec87c16bf,2be9643d-ca94-4eb5-a884-9548c8e8dd4c,d24bbc5f-3fd1-410d-9a57-74e81ed86362,Zia Peanut,8964003813390,2,50.0,41.6,100.0,cbb97db4-8292-477b-a912-3174dca1594b,Piece,2
330aa795-e738-4e9f-8754-cbf80c1e88f9,2be9643d-ca94-4eb5-a884-9548c8e8dd4c,a7fcee9f-5f78-4516-9707-487140348ce3,Gave nector ,8964000876152,3,90.0,62.08,270.0,adc344b9-9afa-40d9-922c-5b43e2a7c43f,Piece,3
bd5f6381-4ff8-4a2f-b412-7d9012218b95,2be9643d-ca94-4eb5-a884-9548c8e8dd4c,16d5b0e0-5e90-4199-866d-78a03ad941a6,FRISKY STRAWBARRY WAFAR,8965310045276,1,150.0,126.5,150.0,8557b0fd-1102-43c6-953f-8544718a0551,Piece,1
d314947b-78fd-48f4-b611-72ef31835e6d,2be9643d-ca94-4eb5-a884-9548c8e8dd4c,a1fa266a-99df-489a-a7a9-af8ec6f7a484,Frissky choclate,8965310049533,1,200.0,167.0,200.0,f6ef44ad-0424-451a-9a85-eb88106ceef5,Piece,1
f34e2cb6-97a8-46b5-ac5b-7ca7965aaf9c,2be9643d-ca94-4eb5-a884-9548c8e8dd4c,fd591f84-cfb8-440d-ab2f-7451d561dd44,nani cocoa cereal,6261149055878,3,70.0,37.5,210.0,2ead5d47-5874-4e66-ba95-a0e41ca39e7e,Piece,3
fb54a782-d4ae-4f80-a96a-bd6114e97e82,2be9643d-ca94-4eb5-a884-9548c8e8dd4c,8af4077d-37f1-441f-936d-9507cb56ca9d,candy,1232784048698,5,5.0,3.5,25.0,7534df49-d891-461a-8b69-7d03cb9ce755,Piece,5
4d0e5674-32fc-4802-a0bf-aa9c37c215be,9fe09ecf-e5a4-4019-bb6c-2c9f32ff48d9,78038f8e-0382-450f-af32-2ff47f888236,knorr,8961014038385,1,50.0,32.0,50.0,cab2d6c1-00cd-462e-a2e7-52fbde283871,Piece,1
84631753-a3e3-4c88-a9be-5ffbe9d30f34,9fe09ecf-e5a4-4019-bb6c-2c9f32ff48d9,ac1e0ea2-b478-47af-8fe7-1bd893fed407,knoor chicken,8961014038194,1,50.0,47.0,50.0,c221e1fc-b1c7-48ba-b7c8-4aac8d1e1f57,Piece,1
a42bad6c-6ba9-4d0e-97c3-219a5d2ef402,20e568fe-5d5a-4457-a245-cf81fd6a7953,b8106d87-eb2b-4a4c-bcd9-ebd7b40708e2,lays classic,8964000090596,2,20.0,18.0,40.0,1f70884a-93dd-4a74-954a-95cc02ac4bf6,Piece,2
57f50b38-0653-4c72-9ce3-d3aac3bbce0d,20e568fe-5d5a-4457-a245-cf81fd6a7953,0b73f4a6-add8-4f4e-a679-6cb22891f884,SOOPER,8964003594107,1,10.0,9.0,10.0,8ab1ca21-f35c-4608-9392-aa2aab76978f,Piece,1
4a53eefb-ac12-4866-ab8c-3a33ff30e03a,20e568fe-5d5a-4457-a245-cf81fd6a7953,49d0da8d-0715-45bb-8ed2-bfeb311f210f,lays y$h,8964000103784,1,20.0,17.0,20.0,aa53ae6a-2e7f-4333-8645-91a01ffefc95,Piece,1
1cf64aac-3551-4227-94c8-2fb5fafff3a2,868203df-63a9-4dc1-96da-5b1334bd5953,20a6b7b0-b32d-4ef7-a68f-a34e139e6aa7,Fruiten joy Mango,8964000876466,2,70.0,45.41,140.0,0e8ea209-a7c4-4e46-aaf4-45fd453bdec9,Piece,2
30a518db-dbdb-4b34-b9f9-f4de6ac7dcc1,868203df-63a9-4dc1-96da-5b1334bd5953,5a5154d9-6994-4dee-9011-efd865af1c8f,GOLD LEAF,1232097295550,2,30.0,25.0,60.0,ff8b0ab8-fd25-4bb6-aafb-a79e8e63a846,Piece,2
866b5117-3de4-4747-863d-4be2cd46a20d,868203df-63a9-4dc1-96da-5b1334bd5953,df83db32-d270-4a08-8f67-85f4967a923d,Red & White,89600320,1,10.0,9.5,10.0,4c010ae2-567a-4d9a-a3ee-7be8b0099de4,Piece,1
3ba9a1c7-3501-4a94-8196-546dee75fa4d,9c659fab-984b-43e3-b6da-1f1bd164ad18,558f3c93-f20c-4703-9cc8-ee4786e7f0c5,pary baloon per piece,1239532480571,1,10.0,2.0,10.0,aa3bef6d-5978-46b4-9728-b18ddfd31a66,Piece,1
628b16dd-1387-4c51-96e3-c2edbaaf9b27,9c659fab-984b-43e3-b6da-1f1bd164ad18,6c6ccff1-14e0-4b77-884d-ac35c4441fbd,MOO,8961014017595,2,50.0,44.08,100.0,486c4a3e-978a-4702-95e2-9d661806f528,Piece,2
d456d6e1-4ed4-44cf-b69c-168be02cd812,48460cce-75b9-42a0-ab80-2fa6437d4608,8d461728-be1b-440c-86ee-f7a31b9a6d27,Chocolatto,870572008007,2,10.0,9.31,20.0,08a6ddec-263a-4d1b-9f75-5a39630e6b76,Piece,2
4a26dcb1-3bc3-4beb-b551-27f885d5eec3,48460cce-75b9-42a0-ab80-2fa6437d4608,af25740f-3f10-435d-88c0-a4f84dd64b0d,tuc,8961003623172,2,10.0,9.06,20.0,d03f37dc-dff5-4d8c-b8f8-7609b1a7153a,Piece,2
c87989ab-4527-4e0c-bae8-5022b9de9ed6,48460cce-75b9-42a0-ab80-2fa6437d4608,296944b9-ea79-469c-8425-f11d6e4b7eed,CAPSTAN RED,1230364618200,4,15.0,12.1,60.0,a1bc6a6f-ad8f-468b-afac-44ec8574811d,Piece,4
30276bf6-1f7f-42a4-a438-fc271451a979,73622b74-1219-473a-bc25-4cd0d68c26b5,30e73934-8b1f-4e5b-8a7e-459183ab89ff,BENSON & HEDGES,95010526,20,15.0,14.0,300.0,bd464178-34a5-4c51-ab7a-fb38e14501f9,Box,1
98ca5570-2585-4f68-ad4d-0529d2731d3c,af4a3b6c-e1f0-4541-a44c-4612bce84b25,2f3bdc70-6385-4abf-a851-c5c8c2ac7b4c,HAVEN CHOCOLATE,8965310054865,1,50.0,45.0,50.0,24c6badd-2091-4139-923a-9b05a8ef20c3,Piece,1
07a02935-a282-4241-80a8-13d29ee49b69,af4a3b6c-e1f0-4541-a44c-4612bce84b25,b670459a-e326-4490-bf85-c717dd6912df,SLICE APPLE,8964000103104,1,80.0,43.4,80.0,962458d9-d8a4-496e-b26d-a36295416f95,Piece,1
881488ed-6985-4f5a-b8b9-7ce893b34d31,af4a3b6c-e1f0-4541-a44c-4612bce84b25,8af4077d-37f1-441f-936d-9507cb56ca9d,candy,1232784048698,2,5.0,3.5,10.0,7534df49-d891-461a-8b69-7d03cb9ce755,Piece,2
04ba5b38-120a-4550-b9cb-5c35f7f5c30e,78a462c0-b25d-4cdc-a890-6dc64420aaca,403ea510-fb07-48bc-a730-8f1f2391b3be,STING L,8964000101704,1,140.0,105.8,140.0,7b817808-9ae8-4d8f-9f89-3f3e11cfe183,Piece,1
dcbf8d42-1212-4c58-9d5a-4117d0423096,78a462c0-b25d-4cdc-a890-6dc64420aaca,8af4077d-37f1-441f-936d-9507cb56ca9d,candy,1232784048698,2,5.0,3.5,10.0,7534df49-d891-461a-8b69-7d03cb9ce755,Piece,2
e8ded791-f0ff-4780-8166-2c88216e02df,6d926387-2e52-40be-b2f7-f524b44df92a,b2ee0a46-fb84-42ac-9c2f-2bb9dc67ac7e,FV CHAUNSA,8961008223513,1,90.0,62.0,90.0,7bfc2ff1-cf93-485a-bccd-ca7dfa2c7874,Piece,1
9bdd0413-7baa-4434-91e9-cdc355f4d0d1,6d926387-2e52-40be-b2f7-f524b44df92a,b5987cf6-eb28-453f-833d-b7adb5c351c4,rio stawberry v,8964004770517,1,50.0,45.0,50.0,9d4a3604-18f9-443d-b8da-9da694eefafe,Piece,1
d663ecad-8d88-49d6-9d18-c4dd14a54ec9,4d554e37-a73c-4639-892d-6be472e8d9a3,172b148c-dbb9-445c-ab19-4cdcd2316ffb,Potato Crips,8964000966570,1,60.0,45.0,60.0,a470a7a4-55cf-407d-89d7-539c4be45653,Piece,1
44f9c811-11d9-46d6-ae4e-36f9ee061fb9,4d554e37-a73c-4639-892d-6be472e8d9a3,63fe89d4-f01e-4150-ab4a-58b86b4f68f3,FV Apple,8961008223506,2,90.0,67.79,180.0,d186c76e-6990-4e3d-a2c7-61c79db536bf,Piece,2
5d34449c-4a34-4799-acc1-7a320c1ecde8,4d554e37-a73c-4639-892d-6be472e8d9a3,e8505540-bc5f-4cfc-b5ed-1665aa9e2327,COCATEA POPSI,9203457293464,1,30.0,18.33,30.0,0d016da2-c3cd-4611-bcf7-c2be5270f72a,Piece,1
12b3fb17-83b8-4627-b985-8576803a4efc,19397641-48fd-432c-98e3-a62ea3d2691b,79b52724-bd00-424f-a5d3-4e06d3fd6805,Red Bull,90162602,2,550.0,445.0,1100.0,67b7d087-af55-4e78-b878-d7db5d2bbf2d,Piece,2
282de4aa-dfa0-41ea-97ca-b84f2ae9fe12,a24ca892-8925-441a-a354-7857e8d323ca,dabede9c-eb98-47b3-848d-77e6850a56e1,7UP 1.5L,0012000800337,1,210.0,163.0,210.0,f7ce623b-7879-474d-9773-f703bf0ae037,Piece,1
b0942c80-105e-4dc2-a36f-cb93c173723c,ad714ce3-2315-4125-bcbf-3f0a34053c6c,1765bf04-3aa3-4abb-a936-eb28dc6f7d5b,COLA NEXT 1.5ML,8964001179009,1,180.0,130.0,180.0,9462ed19-512b-42b4-be94-a82d33392244,Piece,1
31066a39-ed79-426c-bfd8-f1cba632351f,2a2008f6-42f9-4bd8-9267-091d2a3b2029,3b91871c-331f-4567-9382-9d351bbbbb00,Treet 2,8964000767993,1,70.0,35.0,70.0,ad204ad5-473b-4b91-be42-383c8c979c3a,Piece,1
038d0f99-0596-4317-aa95-b392ddad9e33,2a2008f6-42f9-4bd8-9267-091d2a3b2029,20a6b7b0-b32d-4ef7-a68f-a34e139e6aa7,Fruiten joy Mango,8964000876466,1,70.0,45.41,70.0,0e8ea209-a7c4-4e46-aaf4-45fd453bdec9,Piece,1
e3a5efd2-09fb-4719-a2ba-8729f978669c,c451c9fe-5b5a-4e94-85b2-18222317ae54,172b148c-dbb9-445c-ab19-4cdcd2316ffb,Potato Crips,8964000966570,1,60.0,45.0,60.0,a470a7a4-55cf-407d-89d7-539c4be45653,Piece,1
5110e4f2-ee32-4155-aa4b-2ccc1eb1b686,c451c9fe-5b5a-4e94-85b2-18222317ae54,5f944213-1ecb-49ed-9132-155c538f653f,8964003812140,8964003812140,1,20.0,8.0,20.0,2baead40-bebd-4b19-b515-40c05758f457,Piece,1
771fc37f-d1f1-4c62-82f9-7f963a1f5c46,89f6d57f-ffed-4bdb-8dcd-54d158131a85,e101e5a8-3410-4e60-af94-bbe948876ffd,CANDY ORIGINAL,8961003679759,1,50.0,44.5,50.0,1391b547-210a-4a66-a3ca-93d482b74abf,Piece,1
8a19dfca-a6ae-461f-8723-539b81e96682,89f6d57f-ffed-4bdb-8dcd-54d158131a85,d258d862-8463-431b-ac56-5545e120c5ae,big lychee 500ml,1860074054601,1,120.0,54.1,120.0,486d58bf-cb59-4fac-9f01-5cf149100228,Piece,1
8080d01c-2307-4bba-b362-25c726e95fe8,89f6d57f-ffed-4bdb-8dcd-54d158131a85,85594582-8fac-4e45-97aa-fb017eedf3ed,Tuc,8961003622625,1,50.0,43.0,50.0,5d3f27a0-ef98-4aef-bdc0-09fb857dca97,Piece,1
56a15978-7fd2-4310-8e0e-cdbed5839fb9,89f6d57f-ffed-4bdb-8dcd-54d158131a85,a9fb56bc-72fd-431d-9e85-54211a549b92,High C 1000,1235960178691,1,20.0,17.0,20.0,aa14cd36-319b-4b97-a3fe-66df2b7e4420,Piece,1
c7cd0a49-4b88-4c2f-a84a-b1671a190611,f89f799a-defc-48eb-9ab8-649806223dcf,c3551759-c1ef-47f5-b230-77bce4c2f476,Brite s/pack,8886950015279,2,10.0,9.17,20.0,65d64d63-9e6f-4416-9618-7a79123a69a1,Piece,2
bc97ddcc-3774-4a80-96cf-7366a3380849,f89f799a-defc-48eb-9ab8-649806223dcf,296944b9-ea79-469c-8425-f11d6e4b7eed,CAPSTAN RED,1230364618200,1,15.0,12.1,15.0,a1bc6a6f-ad8f-468b-afac-44ec8574811d,Piece,1
5fc7625b-5c6f-44b9-8f1e-b008bee03783,abc1ae07-a91c-4aab-abd6-f692ce2be934,ffc003aa-21e0-490a-942f-d3f537fd624d,TASTEUP MASALA,8452624486043,1,60.0,44.0,60.0,e602fe2e-58c3-4460-a2fc-de0e3bcc595f,Piece,1
33ee8782-86d7-4695-86a2-c577ec8897e2,6dcd36c7-4a6d-43d9-ad4b-5b1e2e1fe1c7,9b8a64b3-0eff-49bd-a7e9-7ae1f4c6211f,Capstan White,89600078,2,15.0,12.5,30.0,2ee97f16-83f8-4fe8-8004-f20228fc010c,piece,2
51379b67-9b04-4fe0-80cb-f8e5df09a3b0,dc0dad86-7994-4a74-b6fe-759e4bea85a0,9b8a64b3-0eff-49bd-a7e9-7ae1f4c6211f,Capstan White,89600078,10,13.0,12.1,130.0,3ec2f99f-f561-417b-b39d-23da11570fbc,Half box,1
125fcfb8-548c-4f81-8ddc-4d95d30f07b1,a0370d17-7a82-4320-b5c9-bd2dd738a09c,9b8a64b3-0eff-49bd-a7e9-7ae1f4c6211f,Capstan White,89600078,20,12.5,12.1,250.0,b371a280-0cea-4bc1-87c8-4befe828f950,Box,1
d5689866-1015-4aa5-abf8-06d4dc39a11e,bbe46495-d9f2-40d7-93d6-f704d91d454e,c75320df-735c-44fe-b32d-46b0170ef53a,Lays Masala,8964000090428,1,100.0,92.3,100.0,b77ba773-b9e7-4763-9761-47c66a223bd9,Piece,1
43f4948c-07e0-4fef-b15c-dd5042e136db,9c60df02-b63b-4a33-b121-d07004ca3652,d0ea7687-1654-4b17-b313-1c89ac741d71,NANKHATAI,8961003669347,1,50.0,45.0,50.0,7c5574a7-3027-4066-a9a4-deb43ded924b,Piece,1
08a6a6ab-e247-4183-bd26-1bc8e6340bdb,dc9e978e-bfab-4fbb-8b9b-07189329735c,c75320df-735c-44fe-b32d-46b0170ef53a,Lays Masala,8964000090428,3,100.0,92.3,300.0,b77ba773-b9e7-4763-9761-47c66a223bd9,Piece,3
a7fac807-ae49-4539-91d8-29fe5eef64a9,ec64f36b-f980-42ed-9b4f-e9e6f879ef52,296944b9-ea79-469c-8425-f11d6e4b7eed,CAPSTAN RED,1230364618200,1,15.0,12.1,15.0,a1bc6a6f-ad8f-468b-afac-44ec8574811d,Piece,1
21a1b2bd-3d84-41cb-b6ec-b681f98756bc,3e4f9996-4620-4878-8b1b-eace5e0f2441,e7bb27c1-bd26-4412-b66a-aa1baf0cb1fd,Elfy,1231473425567,1,30.0,12.0,30.0,9c05f1c3-40ab-43d3-bc49-c9c2d37a7f86,Piece,1
168b4fde-be01-43cd-b8bf-ee0fbbc62c2c,58c7e2ce-93ab-4455-8cb8-ea0f86c5a64d,382387eb-6272-4738-b2d5-3361fa6fc3ca,Potato Sticks,671866277501,1,50.0,46.25,50.0,bc63250f-fd30-4ca2-a788-3340c09f9c89,Piece,1
ebe55cd7-97e3-417a-9977-e25183689d7c,58c7e2ce-93ab-4455-8cb8-ea0f86c5a64d,c394cc41-51cb-49e9-ac0c-65d58bafba88,tops lychee,8964004433115,1,140.0,92.0,140.0,449dfcea-6750-4c24-a42e-9eb08a4f6a25,Piece,1
fdcf6c73-ae81-4866-984f-581aace40bf0,7d462368-ac5a-427f-8d7d-a8b359fb0859,234c787c-e5e2-4047-bb07-95d114219d2e,AQUA DIRE 0.5 Ltr,5901234039710,1,60.0,22.0,60.0,bc7e8655-4e7a-409b-a5c5-6b9e2e262dff,Piece,1
958299d3-14ef-4857-849e-a95bcebd170e,89b9d2bb-7de0-4f24-b02e-aac6c125e3d1,58b5e23c-2fbf-49e9-857a-fd0245e4b537,7up 500ML,8964002343959,1,130.0,91.66,130.0,9ef0b418-16b3-446f-95ba-f5c1931f9e3a,Piece,1
cf920a21-b296-4ec3-aa5f-8af261541a83,8db13f3f-af1f-4497-bdce-f61f6b822d05,1a9db450-bde7-4119-ba96-710c52c9a641,Tops Mango,2020042410108,1,140.0,91.6,140.0,26de4e9f-5c5a-4d98-83d4-2454e112bb9d,Piece,1
c6154793-675d-47dd-82a5-12da37705831,7d5aa746-0e20-4dc7-a9ac-a2fe370cf6cc,8af4077d-37f1-441f-936d-9507cb56ca9d,candy,1232784048698,2,5.0,3.5,10.0,7534df49-d891-461a-8b69-7d03cb9ce755,Piece,2
86d9d013-5ba8-4244-b0b5-2404183c5df5,5083c537-4533-457e-8b8f-58074004980b,296944b9-ea79-469c-8425-f11d6e4b7eed,CAPSTAN RED,1230364618200,3,15.0,12.1,45.0,a1bc6a6f-ad8f-468b-afac-44ec8574811d,Piece,3
0ce59e7a-c8ab-49fa-8d49-da43758054e4,05e1400f-9067-4493-a3a0-2d7f0da51f91,ebecba97-a5dc-432a-a675-b07992cfe188,DUNHILL,89600047,3,40.0,29.0,120.0,e30bac80-5143-46a2-bc24-9d55462bcce4,Piece,3
1442b3b9-2f70-44c9-b0f4-269d5bbcae7b,0f769884-021a-43ad-bb66-6e51497a19e8,ebecba97-a5dc-432a-a675-b07992cfe188,DUNHILL,89600047,1,40.0,29.0,40.0,e30bac80-5143-46a2-bc24-9d55462bcce4,Piece,1
12191fb5-235d-472d-991f-c622fe957549,d454933f-de44-45b3-8e4b-8b578c121165,99e1bc74-22b4-456e-a729-5baabbf6dff3,krisko,1456587854243,2,20.0,15.0,40.0,887fe7ef-236c-4d4d-a225-789c008373c8,Piece,2
3673ec55-4eb3-4d12-aeb2-2f98109ed041,d454933f-de44-45b3-8e4b-8b578c121165,8af4077d-37f1-441f-936d-9507cb56ca9d,candy,1232784048698,2,5.0,3.5,10.0,7534df49-d891-461a-8b69-7d03cb9ce755,Piece,2
6cbfc5f7-25e1-4292-bcb0-a884204ef84b,32eea15e-01a5-4ba3-ba7c-37409c994e89,8af4077d-37f1-441f-936d-9507cb56ca9d,candy,1232784048698,2,5.0,3.5,10.0,7534df49-d891-461a-8b69-7d03cb9ce755,Piece,2
cfcc3173-0601-4d6d-aab9-06b8b3d0bf0d,d22fb702-cc20-4945-9827-169a71730dd2,296944b9-ea79-469c-8425-f11d6e4b7eed,CAPSTAN RED,1230364618200,3,15.0,12.1,45.0,a1bc6a6f-ad8f-468b-afac-44ec8574811d,Piece,3
2bb52716-9f1e-4f78-b37f-f97ed8004b7d,d22fb702-cc20-4945-9827-169a71730dd2,8af4077d-37f1-441f-936d-9507cb56ca9d,candy,1232784048698,1,5.0,3.5,5.0,7534df49-d891-461a-8b69-7d03cb9ce755,Piece,1
6ab98492-1124-4b92-ae2a-e50ddd389d9d,3d05202e-3007-4ea6-a7b7-eec448442955,5a5154d9-6994-4dee-9011-efd865af1c8f,GOLD LEAF,1232097295550,20,25.0,24.5,500.0,38175889-2f66-461f-8e62-69907628ca63,Box,1
6a530b0d-896e-4ef8-9681-480b2129c331,24da8f4d-08a5-4a29-9bf7-d4e260445668,3c9df82b-a8e2-49c2-a773-46edf5859135,RAHAT  4,4985925672487,2,35.0,26.1,70.0,287627b8-4e98-49f3-9268-58f71cd70eb3,Piece,2
e489c8f0-4b2d-494b-bce0-6189540abdd4,24da8f4d-08a5-4a29-9bf7-d4e260445668,e89768c3-9e0e-472e-b8fe-ca33136480e6,lemon max pouch,8886950099514,1,225.0,200.0,225.0,49d66224-083c-4065-82fa-185368c7b179,Piece,1
cad31eb8-c405-4e03-98e3-5494981a83d7,24da8f4d-08a5-4a29-9bf7-d4e260445668,296944b9-ea79-469c-8425-f11d6e4b7eed,CAPSTAN RED,1230364618200,2,15.0,12.1,30.0,a1bc6a6f-ad8f-468b-afac-44ec8574811d,Piece,2
15d6776e-ad26-43e5-a760-892b3faa2708,24da8f4d-08a5-4a29-9bf7-d4e260445668,8af4077d-37f1-441f-936d-9507cb56ca9d,candy,1232784048698,4,5.0,3.5,20.0,7534df49-d891-461a-8b69-7d03cb9ce755,Piece,4
78ceb33f-a763-4282-9f03-817e7ae6e85d,289ab27d-217d-4f0a-9501-6c5c911a2651,5f944213-1ecb-49ed-9132-155c538f653f,8964003812140,8964003812140,1,20.0,8.0,20.0,2baead40-bebd-4b19-b515-40c05758f457,Piece,1
76132088-132c-4b85-82c6-cf9272b31387,289ab27d-217d-4f0a-9501-6c5c911a2651,dff1cf5b-43c0-4680-8382-ae8626dc47af,lifeboy,8961014270624,1,10.0,9.0,10.0,b7a61655-08ca-49d1-8cce-7cd80df1103d,Piece,1
77547adc-237e-4268-af99-aaaba53238e3,289ab27d-217d-4f0a-9501-6c5c911a2651,8af4077d-37f1-441f-936d-9507cb56ca9d,candy,1232784048698,2,5.0,3.5,10.0,7534df49-d891-461a-8b69-7d03cb9ce755,Piece,2
c07a1e89-db2c-4171-b5c3-059aee16b1ee,944c4b42-6f6e-4be2-8401-df20f7dec15c,f844d6a6-b548-40f2-9e64-401dbf792669,COCOBLISS,6156294526758,1,20.0,8.75,20.0,cc0ab773-60ca-474e-9b24-a813f5b931c6,Piece,1
a8def1db-4a8b-4a22-b3e5-6e2d3587744b,b781acfc-9e8e-4c99-a5df-29846939b40e,c4951b5c-e906-4999-80f2-638263c9b31e,BAG KEYCHAIN,1231284879429,1,330.0,70.0,330.0,56ce6cb4-6d0f-4f5a-bf4e-4184e74eba6e,Piece,1
1c565e11-b051-4024-a1d8-51257fc93e82,a0f53f16-d82f-4736-b285-8dbea0359369,df83db32-d270-4a08-8f67-85f4967a923d,Red & White,89600320,1,10.0,9.5,10.0,4c010ae2-567a-4d9a-a3ee-7be8b0099de4,Piece,1
8fc5d5b3-dc84-4b30-98f1-ec3a3155e200,a70afb9b-407a-4f76-aa21-f08885984e3f,296944b9-ea79-469c-8425-f11d6e4b7eed,CAPSTAN RED,1230364618200,3,15.0,12.1,45.0,a1bc6a6f-ad8f-468b-afac-44ec8574811d,Piece,3
06c7214b-0fad-42bc-a1cc-936b6504a2d2,a70afb9b-407a-4f76-aa21-f08885984e3f,8af4077d-37f1-441f-936d-9507cb56ca9d,candy,1232784048698,1,5.0,3.5,5.0,7534df49-d891-461a-8b69-7d03cb9ce755,Piece,1
f2248e85-8d2a-4306-898d-6f6117013fbe,fd586644-a3c4-46b7-a096-ab1ff34e6342,7794b2d9-b07a-46be-8246-8961363365f9,Raniu,8964002997916,2,150.0,95.83,300.0,e31daf12-8420-4114-a15b-e870707dde0f,Piece,2
da4cc114-70c7-490a-9edc-042ac948158c,d9731b37-5c66-4db3-9404-0195ca49ca30,99e1bc74-22b4-456e-a729-5baabbf6dff3,krisko,1456587854243,12,20.0,15.0,240.0,887fe7ef-236c-4d4d-a225-789c008373c8,Piece,12
30e4e004-1785-4d46-b54a-4cf68573c4c8,d90aa230-c3e3-4c58-9025-adb4d94b58dd,e07be54a-ef99-4d68-97db-58a730462337,MILANO,815082008130,1,200.0,165.0,200.0,a85e2866-0d3f-4bd2-80f6-a598982e48e0,Box,1
a83b58e1-333f-4a9f-9612-cdf82a8658e9,d90aa230-c3e3-4c58-9025-adb4d94b58dd,6aaf112c-b5e1-40e0-8e05-6119d9979f45,Sonnet,870572004658,1,10.0,9.1,10.0,c01d21af-e0ac-4f85-afca-5c146ff8064a,Piece,1
fe83a192-d147-4453-9f0e-2ce4a2029bb8,0c707e1d-5285-4d53-b1e0-f8ec457af6d5,d725a73b-3a37-4e21-95da-7ffdc0f483b4,MAGIC CUBE TOYS,1231036087751,1,100.0,50.0,100.0,9ee6e5e5-36e6-4d2f-909f-795f3a68bc58,Piece,1
802a8fd0-0165-4145-8d49-612361fbf7f9,0c707e1d-5285-4d53-b1e0-f8ec457af6d5,648c3353-8aaf-4ac8-95bb-ecc3be6fc572,coal 313,1236036497005,6,30.0,12.2,180.0,95d3dbc9-fb5f-43a3-a40e-4722c8362969,Piece,6
374b67af-fed7-47d5-aaad-33b1c55f1242,a6ae85a3-0a6e-468f-a023-16bb311a3e08,56d5e883-e49d-4307-82ff-562afdcd1065,VIVA ICE,725765800428,1,40.0,24.0,40.0,81d3b3a9-e65a-4bf4-9c17-a37fe061261f,Piece,1
0a7e4f0a-6e7e-485b-a155-5e0a81dc8f4e,a6ae85a3-0a6e-468f-a023-16bb311a3e08,8af4077d-37f1-441f-936d-9507cb56ca9d,candy,1232784048698,2,5.0,3.5,10.0,7534df49-d891-461a-8b69-7d03cb9ce755,Piece,2
5dcc6476-dcb3-46ab-b6d9-11831f8b8680,a2ac1775-acde-412a-b05f-0c9482ee10e1,54d50e5e-c808-4bdf-ae3d-bef310784f59,EVERYDAY POCKET TISSUES,1237505540970,1,20.0,8.0,20.0,c47a9994-3f1a-4ca6-ba9d-78b4c39e02e0,Piece,1
4f9d5e18-413f-4da7-a359-cb07239a33b6,dee4f58b-8636-471a-bf2d-a1ecef840c0e,9b8a64b3-0eff-49bd-a7e9-7ae1f4c6211f,Capstan White,89600078,2,15.0,12.5,30.0,2ee97f16-83f8-4fe8-8004-f20228fc010c,piece,2
f70ebc7c-8ebf-40ce-9c47-296c9e0f1f03,dee4f58b-8636-471a-bf2d-a1ecef840c0e,296944b9-ea79-469c-8425-f11d6e4b7eed,CAPSTAN RED,1230364618200,2,15.0,12.1,30.0,a1bc6a6f-ad8f-468b-afac-44ec8574811d,Piece,2
b8f08a83-243d-414e-8080-0a8eb25e3285,2923cf37-51bb-44b9-9216-7ca38a87f7f0,296944b9-ea79-469c-8425-f11d6e4b7eed,CAPSTAN RED,1230364618200,2,15.0,12.1,30.0,a1bc6a6f-ad8f-468b-afac-44ec8574811d,Piece,2
03eafbdb-2a15-4105-b077-99b6407ae629,992146f9-a3fb-463c-8b0a-e08641bb626e,5d2a6a9b-0a59-4325-86a4-94ecfcde48ed,VELO POLOR MINT 5DOT,89601778,1,300.0,200.0,300.0,04ea203d-aa17-4568-a358-db86c6d89950,Piece,1
f0e63c10-20f2-4438-a5cf-eddd12f8771b,dab94de8-8279-4a73-b483-4750e82e223b,5a5154d9-6994-4dee-9011-efd865af1c8f,GOLD LEAF,1232097295550,2,30.0,25.0,60.0,ff8b0ab8-fd25-4bb6-aafb-a79e8e63a846,Piece,2
918d5543-99b1-40c6-831d-22e325f15458,87e1bd7b-1f7a-4563-a093-2cb0c37c2642,44900965-d077-449e-a18e-bb79c3af9c07,FANTA 1.5L,5449000052926,1,210.0,175.0,210.0,0035b914-bbf9-4938-b132-01d651859917,Piece,1
2e886a0e-5564-4a13-a8e3-de15117741ba,041fd76e-5545-4b57-934f-f2f438a678a4,41806465-61c0-4fa6-bf84-ffcadb61fcad,DOLPHIN POCKET TISSUE,8964000706268,1,20.0,8.0,20.0,0762750b-2d2f-4215-ae92-0d558c4dbab4,Piece,1
add5448b-fa75-4c94-b5a2-d332ebe8301a,041fd76e-5545-4b57-934f-f2f438a678a4,aeec8327-c8e3-49ae-830d-5ae48228671a,DISPOSIBLE GLASS,1233763958519,4,5.0,1.7,20.0,2bc021cb-4f78-4684-ad9e-7fae8bd628d9,Piece,4
9e80a205-3f93-4708-89ac-37e03e94bc78,6bd7103f-bff3-4923-a72e-f93d9b3a7f3d,6dd52d25-0a25-49e9-b225-6056ac6dfce0,Simple Cloth,1230701754080,1,120.0,35.0,120.0,bf2f7933-d4c0-4a53-b162-f6074a5e5bf8,Piece,1
8eb2dd98-785d-4a52-a5d1-3a1e8bc1bc09,5396a4b7-4672-4f87-ba33-1a3b4968a610,296944b9-ea79-469c-8425-f11d6e4b7eed,CAPSTAN RED,1230364618200,2,15.0,12.1,30.0,a1bc6a6f-ad8f-468b-afac-44ec8574811d,Piece,2
d6c6f776-fea2-4c82-bd5b-856c7a61b2cc,ab23989a-a5b5-4345-afb8-d6bffe84288e,296944b9-ea79-469c-8425-f11d6e4b7eed,CAPSTAN RED,1230364618200,10,14.0,12.25,140.0,0ea2547b-ff52-4fd2-a713-c4c425c19caa,Half box,1
cba8b5f7-cd32-423a-b8b9-f50e59e64512,ab23989a-a5b5-4345-afb8-d6bffe84288e,8af4077d-37f1-441f-936d-9507cb56ca9d,candy,1232784048698,2,5.0,3.5,10.0,7534df49-d891-461a-8b69-7d03cb9ce755,Piece,2
88441d0a-bd6f-49cf-acaa-c7f008d2f32a,8c3ec456-6ea3-42f5-930c-3dc8fa031a18,551391ea-2e60-4b5b-8f73-99b143408ff3,PEPSI 1L,012000002946,1,170.0,130.0,170.0,7e43bfc0-a40a-44f9-a03c-999237e69ff9,Piece,1
3b94499f-8d24-4ac8-abc4-3a2c57dc74ea,8c3ec456-6ea3-42f5-930c-3dc8fa031a18,d5d6372c-5ed7-4b72-998a-708be9b074c3,SUGAR 1/2 KG,1234623077739,1,80.0,72.5,80.0,5426f909-c940-4530-aff4-f6caca3a7bb0,Piece,1
4b2b0dcb-61a1-4e7d-bdaa-c3e3e6bd65eb,3e18c5c2-488a-4862-94a3-fda88807c4f6,6b21c075-c752-4bf7-a4c2-2a4c8441c546,sifarish khan,1232255618481,1,30.0,25.0,30.0,289e28e9-66d0-4026-9fd4-67bfa88cb04c,Piece,1
8919cda8-5e31-432a-8745-659ffc3d4d3a,2cc5f81f-fff4-48f9-aea3-086d7bcfee96,6b21c075-c752-4bf7-a4c2-2a4c8441c546,sifarish khan,1232255618481,1,30.0,25.0,30.0,289e28e9-66d0-4026-9fd4-67bfa88cb04c,Piece,1
c44a6a91-a8fb-4610-852b-89cd2455933c,b25aff8e-6f7e-4221-adfa-ea2e45e7b593,d5d6372c-5ed7-4b72-998a-708be9b074c3,SUGAR 1/2 KG,1234623077739,2,80.0,72.5,160.0,5426f909-c940-4530-aff4-f6caca3a7bb0,Piece,2
25d1505d-2e60-497f-808e-8411004cf588,b25aff8e-6f7e-4221-adfa-ea2e45e7b593,172b148c-dbb9-445c-ab19-4cdcd2316ffb,Potato Crips,8964000966570,1,60.0,45.0,60.0,a470a7a4-55cf-407d-89d7-539c4be45653,Piece,1
79cb59b1-82e2-496e-973b-2b6de82887bd,8a32cef9-b056-4a89-aac2-e664c641df42,296944b9-ea79-469c-8425-f11d6e4b7eed,CAPSTAN RED,1230364618200,20,12.5,12.1,250.0,e9169ce5-618b-4046-9957-a321013f7b75,box,1
22d05509-5f8d-423a-955c-60d84d3abdac,37ec520d-1bdc-4185-a5de-a45d48b32d3f,53109ff7-89f7-4310-8b54-a08bcb3fe1f7,BONJOUR H$ B,725765019059,1,60.0,31.0,60.0,d4cf5872-cf25-4c27-99ba-efdf91572921,Piece,1
82343f2d-ad66-4d39-bf4d-66d13bcd85c3,37ec520d-1bdc-4185-a5de-a45d48b32d3f,3c9df82b-a8e2-49c2-a773-46edf5859135,RAHAT  4,4985925672487,1,35.0,26.1,35.0,287627b8-4e98-49f3-9268-58f71cd70eb3,Piece,1
48e23e86-dd22-4218-acd0-38b18d665798,37ec520d-1bdc-4185-a5de-a45d48b32d3f,8af4077d-37f1-441f-936d-9507cb56ca9d,candy,1232784048698,1,5.0,3.5,5.0,7534df49-d891-461a-8b69-7d03cb9ce755,Piece,1
39f04c86-7c2d-475b-853b-cdc2b2a3d174,bf541ba5-b085-4da3-8299-562c492cee94,89f084ac-a196-47fb-8e25-4e4bd3160c50,STING SMALL,8964000101551,1,100.0,73.0,100.0,24a9904c-bbbb-433e-b85c-bc70707d653c,Piece,1
f6bce133-3c54-4dff-8c93-5cc00b8b85bd,bf541ba5-b085-4da3-8299-562c492cee94,296944b9-ea79-469c-8425-f11d6e4b7eed,CAPSTAN RED,1230364618200,1,15.0,12.1,15.0,a1bc6a6f-ad8f-468b-afac-44ec8574811d,Piece,1
a165823e-b50a-4585-ba33-e75da9072b9a,bf541ba5-b085-4da3-8299-562c492cee94,03cb2c93-1cf5-4097-9dd8-7287afaec200,Predator,5061013968225,1,70.0,53.91,70.0,5706758d-bd03-47db-b19e-4a4b7b1d547d,Piece,1
9aa9fb9f-1438-44cf-a96f-58fdb4a50477,bf541ba5-b085-4da3-8299-562c492cee94,8af4077d-37f1-441f-936d-9507cb56ca9d,candy,1232784048698,1,5.0,3.5,5.0,7534df49-d891-461a-8b69-7d03cb9ce755,Piece,1
5800c19a-d066-470e-815e-98b70539517b,1cbcbac9-22b2-4fae-81f2-9a01b9e307ae,56d5e883-e49d-4307-82ff-562afdcd1065,VIVA ICE,725765800428,1,40.0,24.0,40.0,81d3b3a9-e65a-4bf4-9c17-a37fe061261f,Piece,1
657a1672-f7be-45b6-b735-fedf0f92b162,1cbcbac9-22b2-4fae-81f2-9a01b9e307ae,5a5154d9-6994-4dee-9011-efd865af1c8f,GOLD LEAF,1232097295550,1,30.0,25.0,30.0,ff8b0ab8-fd25-4bb6-aafb-a79e8e63a846,Piece,1
7a7b0fea-b648-4bc6-a1eb-7b11d347936b,40450c13-cdbd-4e45-bf54-327567ad71e8,e389f0ba-a270-4e3b-8305-e9bcae3fe41d,COKE 500ML,54491472,1,130.0,90.0,130.0,c21f0726-fece-497e-bc1a-9bbb9ba77015,Piece,1
e0047788-3ce1-474c-8221-39ca79d9a5a3,48df84b6-d4f1-4000-8124-5cd11ecd63e5,91ffc46b-44fc-4d7b-823e-bc162c9cf24f,bigg apple,1860071012147,1,80.0,54.0,80.0,baa1a505-ea2c-44e0-8a28-0195bd62bbb6,Piece,1
6ae5a567-759a-41c6-92b4-b2a1f86800f3,48df84b6-d4f1-4000-8124-5cd11ecd63e5,8af4077d-37f1-441f-936d-9507cb56ca9d,candy,1232784048698,2,5.0,3.5,10.0,7534df49-d891-461a-8b69-7d03cb9ce755,Piece,2
1150d94b-b15f-43bd-9a99-4a516f585cac,34c4cb74-dcfd-4f3a-a854-644099952a79,89f084ac-a196-47fb-8e25-4e4bd3160c50,STING SMALL,8964000101551,1,100.0,73.0,100.0,24a9904c-bbbb-433e-b85c-bc70707d653c,Piece,1
01cda3fa-421b-4445-ae2e-e78c813a040b,34c4cb74-dcfd-4f3a-a854-644099952a79,403ea510-fb07-48bc-a730-8f1f2391b3be,STING L,8964000101704,1,140.0,105.8,140.0,7b817808-9ae8-4d8f-9f89-3f3e11cfe183,Piece,1
f6435882-bff1-45c0-8e92-bfc61b1e6beb,cd197e88-90c7-4b41-9377-751249c851b0,826e11bb-2fc4-4ed6-9122-1540940b44e8,ZYN BLUEBERRY 3DOT,89601969,1,220.0,120.0,220.0,7645fe95-7e1d-4dad-85f7-4474c1243244,Piece,1
1de21bda-f285-448d-ab29-e4fd995b4545,b577e300-fc35-4cca-b28d-e2605206aa0c,2c73a736-486c-4dbf-8528-fe9ce200d4e8,COCA COLA 1.5L,5449000051981,1,210.0,164.0,210.0,3970e731-82d1-42c7-95be-861d4545f819,Piece,1
6778fa50-f07e-49fc-98a3-14d209548c44,b577e300-fc35-4cca-b28d-e2605206aa0c,aeec8327-c8e3-49ae-830d-5ae48228671a,DISPOSIBLE GLASS,1233763958519,2,5.0,1.7,10.0,2bc021cb-4f78-4684-ad9e-7fae8bd628d9,Piece,2
d4ff6acf-ed03-4491-bd35-9c34b73b8b31,f9b4b84e-4d34-4ba7-bb39-5121c9b42b8c,1dfc4fd4-2cfd-4a1e-8791-3adf519ccacf,CEMAK STREWBARRY,9468517305321,1,150.0,83.86,150.0,e1e0aa68-f33c-4432-8545-6b7683646f82,Piece,1
f6ac525a-be5d-4b81-a9e5-8f4a43454823,bb6bb0b1-5c40-4f02-9ac7-d2562bb12b42,a473c4e4-24c8-4ec9-82db-c7242daa97e0,WATER NEXT,8964001179672,1,60.0,30.83,60.0,3a50dc54-d5e4-4571-90a1-fd0b685ec012,Piece,1
5f08dc0a-2df8-493a-8acf-06b6d5388066,bb6bb0b1-5c40-4f02-9ac7-d2562bb12b42,234c787c-e5e2-4047-bb07-95d114219d2e,AQUA DIRE 0.5 Ltr,5901234039710,2,60.0,22.0,120.0,bc7e8655-4e7a-409b-a5c5-6b9e2e262dff,Piece,2
d60134d9-f370-433c-a42e-9d397308a7f2,1d8bbef4-b994-427e-9afc-5215535d5f80,35c2dd8d-80a3-4e98-8e14-a1ae78705664,MAGNUM CLASSIC,8961014034622,2,300.0,265.0,600.0,affca17b-af34-459c-9472-6e05b0548137,Piece,2
ad67eccf-cd4e-4cdd-984c-42454c725200,1d8bbef4-b994-427e-9afc-5215535d5f80,296944b9-ea79-469c-8425-f11d6e4b7eed,CAPSTAN RED,1230364618200,10,14.0,12.25,140.0,0ea2547b-ff52-4fd2-a713-c4c425c19caa,Half box,1
8c85b0c4-474a-460c-a6c7-19b7f3c76aa4,97430878-634c-4f44-822a-93597ffa6ec6,5a5ad28c-287f-4a0f-8a55-bfd5a556b68a,pepsi 2 L,8964000103234,1,250.0,190.0,250.0,d34cf16b-e541-4ed0-815e-e61627cc5511,Piece,1
dd86c92e-c8df-49ab-9628-40faa643c90d,7482e64b-a6aa-4ebe-82f0-50514666cbe3,826e11bb-2fc4-4ed6-9122-1540940b44e8,ZYN BLUEBERRY 3DOT,89601969,1,220.0,120.0,220.0,7645fe95-7e1d-4dad-85f7-4474c1243244,Piece,1
4af5f60d-e90f-4c0e-8449-f936011b59bb,ef449dd3-107c-4b6f-abbc-f8a9f0a534bb,6b21c075-c752-4bf7-a4c2-2a4c8441c546,sifarish khan,1232255618481,2,30.0,25.0,60.0,289e28e9-66d0-4026-9fd4-67bfa88cb04c,Piece,2
79361b0f-2b34-4132-8b5c-23465985bc3b,5e475526-9d76-48f1-b624-b6cb62ff1ce4,2f955768-b5b4-43c0-ae31-94d6a7355291,SPRITE 1.5,5449000012203,1,210.0,164.0,210.0,c988a08a-4ece-4c1d-aec6-51d386f48291,Piece,1
e026b336-ee57-4ca1-90f1-ac8a3e964efa,5880ba61-72a3-429a-a294-6a08eac1de40,403ea510-fb07-48bc-a730-8f1f2391b3be,STING L,8964000101704,4,140.0,105.8,560.0,7b817808-9ae8-4d8f-9f89-3f3e11cfe183,Piece,4
703c3e38-2a22-4c1f-8366-01b2b7f045fd,5880ba61-72a3-429a-a294-6a08eac1de40,c75320df-735c-44fe-b32d-46b0170ef53a,Lays Masala,8964000090428,1,100.0,92.3,100.0,b77ba773-b9e7-4763-9761-47c66a223bd9,Piece,1
2e9c3d52-49b7-4517-bb11-20f8112c6d24,0f3531c8-2131-424f-a30c-c9c2985e7025,66a64cc9-3d36-4ec9-94c4-fd0e9a56f32c,Lays Masala,8964000090602,2,20.0,18.0,40.0,c40492ef-d853-48e0-9c39-df0966445872,Piece,2
b9c2d604-aee4-4c4d-8e71-7833d9a73305,0f3531c8-2131-424f-a30c-c9c2985e7025,49d0da8d-0715-45bb-8ed2-bfeb311f210f,lays y$h,8964000103784,2,20.0,17.0,40.0,aa53ae6a-2e7f-4333-8645-91a01ffefc95,Piece,2
bf594b12-d511-4452-bb56-aa1ceb86df17,0f3531c8-2131-424f-a30c-c9c2985e7025,8f421553-10c3-4fa2-9e4d-51f5bbc06cbc,KURKURAY TM,8964002347278,1,40.0,36.9,40.0,74737246-4041-42e1-b1a9-1a501d24fe22,Piece,1
f9534c57-3f26-46bd-8ada-92a1b5706487,0f3531c8-2131-424f-a30c-c9c2985e7025,44689326-5a50-45a4-89c9-4f9091c4b136,KUR KURE,8964002346288,1,70.0,57.3,70.0,4ccbb2d8-26dd-4f48-82f7-2066fc07e6e5,Piece,1
3293126f-cbf3-4a8b-b271-36ee1b555bd5,0f3531c8-2131-424f-a30c-c9c2985e7025,516f6a75-e3b0-4123-96d7-eb589e349703,dew 1000ml,8964000101100,2,170.0,133.3,340.0,483c3968-31f4-4b20-bc46-770ced8b1ab2,Piece,2
84a7ecf3-9a3a-49b4-8e85-5cdc3032f768,0f3531c8-2131-424f-a30c-c9c2985e7025,d43a6e92-5604-44fa-b95a-d7a378b93536,Lays FC,8964002345601,3,50.0,46.0,150.0,e707af65-3e99-49c6-83b0-d861d0ecbf1e,Piece,3
96106bc3-c0a0-4247-960b-976d202145af,0f3531c8-2131-424f-a30c-c9c2985e7025,6b21c075-c752-4bf7-a4c2-2a4c8441c546,sifarish khan,1232255618481,1,30.0,25.0,30.0,289e28e9-66d0-4026-9fd4-67bfa88cb04c,Piece,1
302a6cb3-6281-4266-9d9a-d9a590df4118,d3d9a3fd-18d8-4d41-bdcc-93c617cc38cb,974851e3-6a77-4a75-b263-4666098c4ae5,Lays Masala,8964002346912,2,70.0,63.75,140.0,177832b6-40a2-4948-af00-6754a30a0f67,Piece,2
09d3ba17-37ae-44a9-9cd5-79b7135fb9f9,86744bc8-cbbd-4c7d-9b3d-3003f428e5d8,9ff30f78-fbab-449e-bc65-893d4f9f9984,CAPSTAN ELITE,89601846,20,13.5,12.6,270.0,5b03001d-515e-468d-8efd-fe6e0c27aa97,Box,1
84bf07eb-289f-4674-a064-9cd83195c572,c839135c-2037-4bea-883d-e30b11b3e612,c16ec9c5-9f5f-45ee-9c0b-768dfa3ba355,VELO BERRY FORST 3DOT,89601365,1,250.0,146.0,250.0,6eaa0713-11cb-48b1-9949-759fd149533a,Piece,1
7c98f6e4-8e81-4d5b-ab44-61fbca89817b,b6d70b4d-4b70-4d35-9247-7f64e98daa3b,296944b9-ea79-469c-8425-f11d6e4b7eed,CAPSTAN RED,1230364618200,12,15.0,12.1,180.0,a1bc6a6f-ad8f-468b-afac-44ec8574811d,Piece,12
b9a381f3-9fae-43f1-ba04-617e4995c104,f0fd3236-f077-43d4-993c-9c003c67b506,6b21c075-c752-4bf7-a4c2-2a4c8441c546,sifarish khan,1232255618481,1,30.0,25.0,30.0,289e28e9-66d0-4026-9fd4-67bfa88cb04c,Piece,1
01c7fed7-8645-41ff-af51-981ffbe0c4b8,f0fd3236-f077-43d4-993c-9c003c67b506,8af4077d-37f1-441f-936d-9507cb56ca9d,candy,1232784048698,4,5.0,3.5,20.0,7534df49-d891-461a-8b69-7d03cb9ce755,Piece,4
b2557911-899d-4a70-9803-a4e34c51feee,b8331ef7-7b8c-4223-89a2-52e30644f580,fd87aa18-f2a4-4d1a-980d-a37d40f55ef0,durex-E Safe Imp,5052197050707,1,380.0,250.0,380.0,3ef19f7a-5560-4529-9f85-2c9574d513f3,Piece,1
6ef440c2-0728-4fd1-858f-1786ec8bc442,b8331ef7-7b8c-4223-89a2-52e30644f580,56d5e883-e49d-4307-82ff-562afdcd1065,VIVA ICE,725765800428,2,40.0,24.0,80.0,81d3b3a9-e65a-4bf4-9c17-a37fe061261f,Piece,2
4aff2675-e8b2-4fd2-b7fd-c2e9fff9ce1b,b8331ef7-7b8c-4223-89a2-52e30644f580,3ccfde9d-4a50-4710-ad0b-351c13eb65eb,PEACH JELLY,8961103501110,2,50.0,42.0,100.0,75f3d78c-f5cb-47a2-b396-aec8caf95494,Piece,2
bcbd82c1-9257-47c9-ab39-651a336b3fc9,b8331ef7-7b8c-4223-89a2-52e30644f580,17943747-e488-4771-92a8-59d8b0ddd524,MANGO JELLY,8961103501691,1,50.0,45.0,50.0,102fae69-ba00-4a14-b443-33debab82657,Piece,1
bb73e0f0-f834-4169-959c-3d8ad1ee943c,b8331ef7-7b8c-4223-89a2-52e30644f580,382387eb-6272-4738-b2d5-3361fa6fc3ca,Potato Sticks,671866277501,1,50.0,46.25,50.0,bc63250f-fd30-4ca2-a788-3340c09f9c89,Piece,1
11e77132-a81e-492c-8294-fc6770c38646,b8331ef7-7b8c-4223-89a2-52e30644f580,30e73934-8b1f-4e5b-8a7e-459183ab89ff,BENSON & HEDGES,95010526,2,20.0,14.0,40.0,beab7f8b-15e9-4846-b9ce-aeebad444ede,Piece,2
844c913d-5d02-4752-a1cc-76108008984e,aeebe6cb-f9c1-4478-8870-f3d2a948cb26,e07be54a-ef99-4d68-97db-58a730462337,MILANO,815082008130,1,200.0,165.0,200.0,a85e2866-0d3f-4bd2-80f6-a598982e48e0,Box,1
9d583828-92d0-43f1-be5d-0d1e78fa493e,e6ed9733-eca7-4ed4-b629-290908c0c16f,78564755-1ca2-44ee-a56d-8f13ab72d017,CocoMo Orange,8961103500397,5,10.0,9.3,50.0,707ce536-76a6-44d6-87ed-083e67a00c72,Piece,5
bb560cf8-ed4e-4384-a0df-498f99cf8996,e6ed9733-eca7-4ed4-b629-290908c0c16f,b8106d87-eb2b-4a4c-bcd9-ebd7b40708e2,lays classic,8964000090596,2,20.0,18.0,40.0,1f70884a-93dd-4a74-954a-95cc02ac4bf6,Piece,2
d23f9222-08fe-41d8-abb2-4d563953d454,e6ed9733-eca7-4ed4-b629-290908c0c16f,d43a6e92-5604-44fa-b95a-d7a378b93536,Lays FC,8964002345601,2,50.0,46.0,100.0,e707af65-3e99-49c6-83b0-d861d0ecbf1e,Piece,2
c540d0a7-0e92-4765-a922-676d44f14787,e6ed9733-eca7-4ed4-b629-290908c0c16f,cf9ea9f8-e152-4122-9063-0117aac4a303,DAL MOONG,8964002429363,1,50.0,43.3,50.0,b90fae7f-5e8c-49d7-9390-6799925cbf6f,Piece,1
023e1e96-11b0-465d-95c6-028e7ff1a9d7,e6ed9733-eca7-4ed4-b629-290908c0c16f,22d7ac2d-02b9-4e7d-a6f3-3ace2fa824f5,slanty sour,788364955241,2,50.0,41.0,100.0,e289c88a-d6c0-462d-a936-55ecd6c00eca,Piece,2
a29fd0ae-806e-468e-a832-bc24ea1658d7,e6ed9733-eca7-4ed4-b629-290908c0c16f,f64aa7f0-1598-426d-a80b-077c4aca96c2,Butter Puff,8964002526857,2,20.0,18.0,40.0,c5773937-375e-4c77-b1cd-07c95cb05e54,Piece,2
d5b763ba-6245-4a4d-8854-17885582a8d8,e6ed9733-eca7-4ed4-b629-290908c0c16f,d708baee-e4e6-44b7-89a0-5214eeebce4f,prince chocolate,8961003612572,2,50.0,45.0,100.0,556d6997-f2ee-4658-8b85-23a47795b274,Piece,2
c70e60ed-5fa8-42c0-9d0e-1143e4364435,e6ed9733-eca7-4ed4-b629-290908c0c16f,12b2be12-d0a6-4da3-804e-f01c740ee3e1,CakeUp D-CHOCOLATE,8964003594084,2,30.0,27.0,60.0,8126f22b-c6b4-4840-8931-403ad63735e6,Piece,2
bfbe7728-5597-47aa-880d-d1d911d84ba5,e6ed9733-eca7-4ed4-b629-290908c0c16f,ebecba97-a5dc-432a-a675-b07992cfe188,DUNHILL,89600047,2,40.0,29.0,80.0,e30bac80-5143-46a2-bc24-9d55462bcce4,Piece,2
5f10d558-2565-4fb1-9f01-5b027777c589,e6ed9733-eca7-4ed4-b629-290908c0c16f,e389f0ba-a270-4e3b-8305-e9bcae3fe41d,COKE 500ML,54491472,1,130.0,90.0,130.0,c21f0726-fece-497e-bc1a-9bbb9ba77015,Piece,1
816c2854-00d5-428e-b373-9495580d0b05,e6ed9733-eca7-4ed4-b629-290908c0c16f,382387eb-6272-4738-b2d5-3361fa6fc3ca,Potato Sticks,671866277501,1,50.0,46.25,50.0,bc63250f-fd30-4ca2-a788-3340c09f9c89,Piece,1
8feb222d-8998-49ed-bf92-b2a6ba020c04,cc2bbe2c-4755-4ef9-a06e-ed441762c151,403ea510-fb07-48bc-a730-8f1f2391b3be,STING L,8964000101704,1,140.0,105.8,140.0,7b817808-9ae8-4d8f-9f89-3f3e11cfe183,Piece,1
50bb9ce5-8c7a-492c-b1c3-941f858996b8,cc2bbe2c-4755-4ef9-a06e-ed441762c151,382387eb-6272-4738-b2d5-3361fa6fc3ca,Potato Sticks,671866277501,1,50.0,46.25,50.0,bc63250f-fd30-4ca2-a788-3340c09f9c89,Piece,1
8287e4ea-0ddc-46eb-858c-fe198da64dba,cc2bbe2c-4755-4ef9-a06e-ed441762c151,8af4077d-37f1-441f-936d-9507cb56ca9d,candy,1232784048698,2,5.0,3.5,10.0,7534df49-d891-461a-8b69-7d03cb9ce755,Piece,2
56523940-9fb3-4972-91f5-a567457d1310,95c5e67f-6692-4475-ab62-ed1e484f774e,f8ea5bc2-0349-4ced-ba63-cf9d24491bea,black cobra powder,0745125127903,1,250.0,150.0,250.0,f413f3ab-a88b-4835-a8e7-d194191fcf37,Piece,1
50e2ee74-edae-4852-93d9-3fa26f30ce6a,c3e8a401-40c6-45e5-bbaa-597a10223843,3176b246-f839-4f5c-8217-2a79db3706da,PUFFS,870572008366,2,50.0,46.0,100.0,3ec4f318-87bc-460e-9aee-25a0d47b9ef1,Piece,2
5b4f2718-a1f6-485b-9d3d-c516bbac58c8,c3e8a401-40c6-45e5-bbaa-597a10223843,44adf847-24d5-49a5-9bc9-6d10c7774bd3,chocolate vanilla,8961014037593,1,950.0,850.0,950.0,3f933544-6944-4c97-9385-54f736ddcc73,Piece,1
3dac6b52-5e15-4532-8639-4b6fc1b9b83b,c3e8a401-40c6-45e5-bbaa-597a10223843,052bc035-870d-4abb-8648-338b99bea7d6,MELLO,8964001435525,25,10.0,9.0,250.0,1eb8706e-7c5c-4b63-9af0-311768873056,Piece,25
b26d64ce-4553-4b28-be9e-30bcc5cbe33f,c3e8a401-40c6-45e5-bbaa-597a10223843,403ea510-fb07-48bc-a730-8f1f2391b3be,STING L,8964000101704,2,140.0,105.8,280.0,7b817808-9ae8-4d8f-9f89-3f3e11cfe183,Piece,2
a392f2de-0f1b-423d-b946-e8d0a162fd78,c3e8a401-40c6-45e5-bbaa-597a10223843,12a811e4-5146-4507-b706-822911adc39a,WATER NEXT,8964001179641,2,110.0,61.66,220.0,8116670e-ce80-4204-9159-f51e7cbdda77,Piece,2
29d435ad-1915-45d9-8fad-0dc2cf164c97,c3e8a401-40c6-45e5-bbaa-597a10223843,0bb8cbb4-9c81-4f94-8833-a57d54d2af5f,OREO C CREAM,8961003652318,3,40.0,35.38,120.0,aa7488c4-2281-49e7-9958-12a7f475db5a,Piece,3
7dbf5562-30bc-4abe-90f5-6987b21ba45f,c3e8a401-40c6-45e5-bbaa-597a10223843,ebecba97-a5dc-432a-a675-b07992cfe188,DUNHILL,89600047,20,30.0,29.5,600.0,4d75b869-1d20-4862-9c75-0c8a26f90c5d,Box,1
fe0f59f7-e7b5-41a9-8a2c-2aa4641d706a,c3e8a401-40c6-45e5-bbaa-597a10223843,1ef410cd-7a94-44af-b517-d8100813a45a,DONUT,8961014017564,1,100.0,91.16,100.0,9c11edf3-677c-4388-941e-807919db36a3,Piece,1
549b3873-2c8a-4656-b8ab-033ddb494e44,677b0f71-5c28-487f-922a-1708a744b753,91862a56-cbe1-4ed0-9d5a-1bf2169df192,Digestive Original,8965310055282,1,30.0,23.37,30.0,b04ec7f6-e3b7-457a-a0fa-4a8650aa623d,Piece,1
428437ca-c72b-43b3-b0e6-c087700aef1b,677b0f71-5c28-487f-922a-1708a744b753,56d5e883-e49d-4307-82ff-562afdcd1065,VIVA ICE,725765800428,2,40.0,24.0,80.0,81d3b3a9-e65a-4bf4-9c17-a37fe061261f,Piece,2
9580c489-3e32-41f8-904e-342318d355c4,677b0f71-5c28-487f-922a-1708a744b753,30e73934-8b1f-4e5b-8a7e-459183ab89ff,BENSON & HEDGES,95010526,2,20.0,14.0,40.0,beab7f8b-15e9-4846-b9ce-aeebad444ede,Piece,2
592b4a0c-dd55-4ccb-b902-73ac121d5f45,b962fafc-505a-4f1d-aaea-6c55f9f3df9d,5d16d947-4cf8-4f7e-bc32-da29febe3e06,MIX NIMCO,8964003812164,1,200.0,145.0,200.0,cffc8cef-7628-4de0-a1c0-44b4d2ac36a2,Piece,1
628fdeb4-6bd5-4d53-ad11-c1eb20ce28ed,b962fafc-505a-4f1d-aaea-6c55f9f3df9d,2f955768-b5b4-43c0-ae31-94d6a7355291,SPRITE 1.5,5449000012203,1,210.0,164.0,210.0,c988a08a-4ece-4c1d-aec6-51d386f48291,Piece,1
d4f92826-b658-45d1-8b99-9f8c74545f86,459734ff-80f8-4716-ab52-007d975397af,8f421553-10c3-4fa2-9e4d-51f5bbc06cbc,KURKURAY TM,8964002347278,1,40.0,36.9,40.0,74737246-4041-42e1-b1a9-1a501d24fe22,Piece,1
d069b517-f51b-47ad-920e-5322d14b8daa,459734ff-80f8-4716-ab52-007d975397af,8af4077d-37f1-441f-936d-9507cb56ca9d,candy,1232784048698,2,5.0,3.5,10.0,7534df49-d891-461a-8b69-7d03cb9ce755,Piece,2
b5293d35-5405-46b1-b34a-5f3a1d233e74,3f59568f-ff7f-4fa0-976b-4ba30d71d49a,9ff30f78-fbab-449e-bc65-893d4f9f9984,CAPSTAN ELITE,89601846,5,20.0,12.6,100.0,df0669b1-a0e2-459e-a2fe-e6c71a887757,piece,5
a59de743-89a6-4ff1-8061-1cecd04e50cb,3f59568f-ff7f-4fa0-976b-4ba30d71d49a,7e7de9db-a29f-44b3-8852-d8f7d604b54a,Polo Rings ,8964003812133,1,60.0,42.9,60.0,91f6b8e9-115c-4211-bbf5-70cc96e21ff9,Piece,1
e0a6fbd1-ecde-44f1-9f3c-89b0b0db0e76,3f59568f-ff7f-4fa0-976b-4ba30d71d49a,a0d9dd33-4b2f-4a0a-add6-a2057a8330c8,ZIA MIX NIMKO,8964002429943,1,100.0,83.33,100.0,70922120-c405-49ff-bafc-fe54e91fdaef,Piece,1
e03f62ea-6df7-4e1f-a2f0-c13f402523cd,3f59568f-ff7f-4fa0-976b-4ba30d71d49a,8f421553-10c3-4fa2-9e4d-51f5bbc06cbc,KURKURAY TM,8964002347278,1,40.0,36.9,40.0,74737246-4041-42e1-b1a9-1a501d24fe22,Piece,1
a29d09b4-ca5f-4a64-b4f6-aebe916112c5,3f59568f-ff7f-4fa0-976b-4ba30d71d49a,d708baee-e4e6-44b7-89a0-5214eeebce4f,prince chocolate,8961003612572,2,50.0,45.0,100.0,556d6997-f2ee-4658-8b85-23a47795b274,Piece,2
5527bcbf-33d1-4d42-9782-f5dc7c5f07fe,3f59568f-ff7f-4fa0-976b-4ba30d71d49a,36a30f2b-248a-4769-bc28-046500d0daf4,bar,1230421521603,3,10.0,5.0,30.0,9c505cbc-8e3d-4e6a-a8f2-96b2991c3bee,Piece,3
f7881e0f-158c-4aad-99fb-e97585adf655,3f59568f-ff7f-4fa0-976b-4ba30d71d49a,8af4077d-37f1-441f-936d-9507cb56ca9d,candy,1232784048698,5,5.0,3.5,25.0,7534df49-d891-461a-8b69-7d03cb9ce755,Piece,5
1827a81d-cd43-44ce-afb6-1566fc6257db,3f59568f-ff7f-4fa0-976b-4ba30d71d49a,4ea8ab87-bf13-4523-b83d-509c89f52789,hockey match stick,9231012019358,1,5.0,3.0,5.0,21683564-a53b-4d8c-a0a6-4066d1367085,Piece,1
32acee1f-158a-4ce2-9269-d6fbe796e562,b2b114f3-f6e2-43bf-9f9c-05cdfe7b761f,8af4077d-37f1-441f-936d-9507cb56ca9d,candy,1232784048698,4,5.0,3.5,20.0,7534df49-d891-461a-8b69-7d03cb9ce755,Piece,4
ab65c400-c757-44e2-a700-3ea0b83a699a,365f0598-e7e6-454e-929a-43bdb795cc56,57d27431-d69f-4c6a-8239-34974599c664,CANDI 20RS,8961003674341,1,20.0,18.06,20.0,c207660d-56f5-49ce-9140-b2a9dc710573,Piece,1
1e096bc7-b729-4765-9b04-32c2a6cc3df7,8cec51f4-49dd-4a6d-900b-77a63d8f0dd4,9b8a64b3-0eff-49bd-a7e9-7ae1f4c6211f,Capstan White,89600078,2,15.0,12.5,30.0,2ee97f16-83f8-4fe8-8004-f20228fc010c,piece,2
c4fb79ae-4ed7-4f07-a823-43a3cb95f195,b3fdb212-0f1a-4331-a916-a67349e45e82,f9e4c368-c027-4ef0-8368-aff156b4b9b2,Prince chocolate ,8961003614637,1,20.0,18.0,20.0,26f8682b-a9f1-4f34-a18d-82af20fbdc08,Piece,1
479a4b2b-88dd-4cc9-9fbc-c4342e6fa3f3,b3fdb212-0f1a-4331-a916-a67349e45e82,53f03778-6742-4faf-b4d5-a61296bc20bf,FRUTACHU ORANGE,8964003698218,1,100.0,50.0,100.0,9fe89f97-18af-4150-90b4-5096d30cbebd,Piece,1
8480a6e8-1cfc-4be7-9fd8-970f4d6c6c28,a7a27da8-76a6-4fc0-86af-6936e6c9c6ef,bdfbec09-02b6-43e1-834e-c6f25f2250da,egg,1239923458738,6,22.5,20.0,135.0,1a65cdb6-05dd-4c13-8555-642c6262bc4e,Piece,6
6b2f154c-5501-4ec9-928c-2bd06e3b7bac,a7a27da8-76a6-4fc0-86af-6936e6c9c6ef,9b8a64b3-0eff-49bd-a7e9-7ae1f4c6211f,Capstan White,89600078,10,13.0,12.1,130.0,3ec2f99f-f561-417b-b39d-23da11570fbc,Half box,1
c84dec6d-4356-4977-903f-5b53972900e9,a7a27da8-76a6-4fc0-86af-6936e6c9c6ef,8af4077d-37f1-441f-936d-9507cb56ca9d,candy,1232784048698,5,5.0,3.5,25.0,7534df49-d891-461a-8b69-7d03cb9ce755,Piece,5
941409fa-108c-4a98-9bfc-d125d4094821,166a038a-f320-4454-b305-716c43369973,b2fa9a08-2130-4d3b-a1f9-f39f694cc18c,Surf Excel S/pack,8961014264760,2,10.0,9.1,20.0,f62c8014-7e26-49a7-9f35-a5eb92f1347c,Piece,2
2a3380f7-922b-4ade-8dc6-a83c51562cc9,6c74d7df-aaeb-4c78-a280-07cd0591d5d7,4ea8ab87-bf13-4523-b83d-509c89f52789,hockey match stick,9231012019358,1,5.0,3.0,5.0,21683564-a53b-4d8c-a0a6-4066d1367085,Piece,1
07052399-daed-4910-92b4-23236f08f675,6c74d7df-aaeb-4c78-a280-07cd0591d5d7,8af4077d-37f1-441f-936d-9507cb56ca9d,candy,1232784048698,1,5.0,3.5,5.0,7534df49-d891-461a-8b69-7d03cb9ce755,Piece,1
026e5f64-d6e9-4268-824e-57513c1d3168,a9771463-c8b8-4e47-9d26-b981e633983a,8af4077d-37f1-441f-936d-9507cb56ca9d,candy,1232784048698,4,5.0,3.5,20.0,7534df49-d891-461a-8b69-7d03cb9ce755,Piece,4
f4826375-1e59-4d26-a9ec-04c184d257a5,66997bff-79e0-4851-b17a-449b39a2d434,99e1bc74-22b4-456e-a729-5baabbf6dff3,krisko,1456587854243,1,20.0,15.0,20.0,887fe7ef-236c-4d4d-a225-789c008373c8,Piece,1
852be62c-9339-4da6-8058-3323bd48c2c5,66997bff-79e0-4851-b17a-449b39a2d434,b2fa9a08-2130-4d3b-a1f9-f39f694cc18c,Surf Excel S/pack,8961014264760,2,10.0,9.1,20.0,f62c8014-7e26-49a7-9f35-a5eb92f1347c,Piece,2
cd1ef1d2-450b-48a3-916b-ea26c156bf9a,19c340dc-b8c4-40ed-b9b7-c09db61ebabf,bdfbec09-02b6-43e1-834e-c6f25f2250da,egg,1239923458738,1,22.5,20.0,22.5,1a65cdb6-05dd-4c13-8555-642c6262bc4e,Piece,1
3b707f7f-5ee0-44b8-8303-c3e16c30cb75,c980c176-1b98-4262-a227-34c8d8e3d810,c3551759-c1ef-47f5-b230-77bce4c2f476,Brite s/pack,8886950015279,5,10.0,9.17,50.0,65d64d63-9e6f-4416-9618-7a79123a69a1,Piece,5
b3e8d71e-25da-4989-8317-22abc7c292b1,c980c176-1b98-4262-a227-34c8d8e3d810,8af4077d-37f1-441f-936d-9507cb56ca9d,candy,1232784048698,2,5.0,3.5,10.0,7534df49-d891-461a-8b69-7d03cb9ce755,Piece,2
f08257a1-9c75-4aeb-aea0-a3b0b63ba02b,7e17f093-5647-4651-9ed0-b2de2bbbfff0,3c8d628b-b789-4305-adc4-a240960e227d,small Cars,1231284218068,3,100.0,45.0,300.0,52d31325-21da-4645-ac37-c325e63f3114,Piece,3
aee9f6fa-541e-4748-a931-0df9dff18480,29e4953e-7aa7-44fe-8c7f-8322411057e6,8af4077d-37f1-441f-936d-9507cb56ca9d,candy,1232784048698,2,5.0,3.5,10.0,7534df49-d891-461a-8b69-7d03cb9ce755,Piece,2
9e467d02-be6a-48d3-8e54-1d13bcdc65fb,e26aeadf-eed8-48f9-83db-912a7a2437f7,a8c690d8-15f1-493e-9507-c2f9ed786483,Peanut pik,8964004770616,1,50.0,46.0,50.0,76df9348-eb2d-49e1-91c8-39c3cbfd7d3c,Piece,1
5636f503-ab13-49eb-8639-3185d1489153,7a898805-639a-482c-82dd-d604110be85f,0641e502-0965-44db-bcf9-104cf2a42f37,FRUITIEN Peach,8964000876480,1,60.0,45.0,60.0,469fcf86-77ad-4d28-ac5d-44cace081107,Piece,1
b9e52eb5-58b9-4ce3-9fa9-96dc4ef81a4c,0fccd4b3-fcb1-41b9-b1ca-c0bc5ae6f0e3,36a30f2b-248a-4769-bc28-046500d0daf4,bar,1230421521603,1,10.0,5.0,10.0,9c505cbc-8e3d-4e6a-a8f2-96b2991c3bee,Piece,1
100bf850-9254-4329-828f-5153cfce395d,0fccd4b3-fcb1-41b9-b1ca-c0bc5ae6f0e3,d43a6e92-5604-44fa-b95a-d7a378b93536,Lays FC,8964002345601,3,50.0,46.0,150.0,e707af65-3e99-49c6-83b0-d861d0ecbf1e,Piece,3
4de0f35f-a05c-4b67-bb3c-bd2e4fb99455,0fccd4b3-fcb1-41b9-b1ca-c0bc5ae6f0e3,e5d3fcf7-39b3-4e43-a48d-63b40559c82e,Lays Wavy Y&H,8964002345816,1,70.0,63.5,70.0,9393185e-93cc-4187-9ec2-8315513ad5fc,Piece,1
a5e9a16c-abfb-47ab-b664-7d7842f33949,0fccd4b3-fcb1-41b9-b1ca-c0bc5ae6f0e3,2191b979-dc6b-4487-a5db-4f4248da979b,LAYS CLASSIC,8964002345632,4,30.0,27.66,120.0,6e04bce6-7dc2-422b-aba8-ff080af9ddae,Piece,4
fb517024-6033-4c6d-bd9c-940fc1883474,0fccd4b3-fcb1-41b9-b1ca-c0bc5ae6f0e3,4a43634d-cca6-45c0-8a35-1b6f0d94369c,NOW ,870572004641,2,10.0,8.25,20.0,830d8fa9-67de-4a96-a76f-781d3363ed4e,Piece,2
1db743ee-29fc-43a1-ae78-fd671f4798e7,68b6c6fa-b589-468b-ac5b-edddc0e1f397,0dcae41e-4dff-4326-a067-04930c4f4edd,MIRINDA 1.5L,120008001844,1,210.0,165.0,210.0,1a0e9237-57e0-454e-81ad-751f6069f460,Piece,1
3ecdeec7-a072-41fc-85c0-3d1ea54d046e,48aa048c-59d6-4055-afbf-7855fb7a9d0b,30e73934-8b1f-4e5b-8a7e-459183ab89ff,BENSON & HEDGES,95010526,1,20.0,14.0,20.0,beab7f8b-15e9-4846-b9ce-aeebad444ede,Piece,1
38112911-1587-4076-8959-b66474f259e5,48aa048c-59d6-4055-afbf-7855fb7a9d0b,2505a9e6-32d6-425c-8c5d-d31507ce904d,lighter,1236376536280,1,40.0,21.0,40.0,4b1a6d94-51e0-4c20-8be3-f4e43962efbf,Piece,1
961596ab-4258-42c0-a875-11f3c435897b,1069e96b-5cc4-492e-bf56-e676714da174,5f944213-1ecb-49ed-9132-155c538f653f,8964003812140,8964003812140,1,20.0,8.0,20.0,2baead40-bebd-4b19-b515-40c05758f457,Piece,1
49ac93df-13d9-4374-a838-bdc83cdd0b8a,1069e96b-5cc4-492e-bf56-e676714da174,6b21c075-c752-4bf7-a4c2-2a4c8441c546,sifarish khan,1232255618481,1,30.0,25.0,30.0,289e28e9-66d0-4026-9fd4-67bfa88cb04c,Piece,1
37fdf4be-6a00-4009-9e27-10f6ecd61991,fd640493-5513-4915-a686-0c6660d67dd0,e5fb358c-53bd-40df-83e4-0eb877f39b25,Mi Amor,8961102505522,1,40.0,18.0,40.0,64fb42f5-6524-4de3-a3d5-b4f1e9eef544,Piece,1
0c1e7f08-6958-470a-9876-34376b4be865,fd640493-5513-4915-a686-0c6660d67dd0,1c72d262-1df8-429e-9986-6f2c680389d3,Snacking snacks,2972437277202,1,20.0,15.0,20.0,ffc4c732-949f-486e-a5bf-92ea8a0132c4,Piece,1
9a17e826-ea21-42a1-90da-4b4f162c040c,ddde2c5e-468e-4252-8174-4e3d4a221e17,9b8a64b3-0eff-49bd-a7e9-7ae1f4c6211f,Capstan White,89600078,20,12.5,12.1,250.0,b371a280-0cea-4bc1-87c8-4befe828f950,Box,1
5d78c7c4-2db7-44b0-beb3-9062fefac0c9,9755f6b6-b85d-47a3-bd16-f651e10f0566,8af4077d-37f1-441f-936d-9507cb56ca9d,candy,1232784048698,4,5.0,3.5,20.0,7534df49-d891-461a-8b69-7d03cb9ce755,Piece,4
ac208d5a-4c26-467c-9b96-d72f8fe65ca3,d833effd-0f28-4511-8a49-e40db7eec601,9ff30f78-fbab-449e-bc65-893d4f9f9984,CAPSTAN ELITE,89601846,3,20.0,12.6,60.0,df0669b1-a0e2-459e-a2fe-e6c71a887757,piece,3
c450b2bf-01e6-4bfd-b0c3-a3d70853c694,d3db91fc-2757-4c0e-8b40-6b355bb02219,6b21c075-c752-4bf7-a4c2-2a4c8441c546,sifarish khan,1232255618481,1,30.0,25.0,30.0,289e28e9-66d0-4026-9fd4-67bfa88cb04c,Piece,1
019a25e9-ff5e-4c8d-b65c-62689261fdfa,b3f9b407-84c8-44e2-86b1-b63f00d63631,66a64cc9-3d36-4ec9-94c4-fd0e9a56f32c,Lays Masala,8964000090602,3,20.0,18.0,60.0,c40492ef-d853-48e0-9c39-df0966445872,Piece,3
3f6a9876-fea8-463c-b080-dc5b923b4d9a,b50bbc58-ed4a-44ae-9c76-7bfd4db3bb12,4b435e3a-0c1b-468c-8211-d394ff490098,lux soap,8961014268348,1,160.0,150.0,160.0,ddeecaed-7971-446d-b0c0-6da10ce32d98,Piece,1
6db8f9ff-3c26-47e4-b937-417bfdae5ab8,b50bbc58-ed4a-44ae-9c76-7bfd4db3bb12,ac7d2bdf-cfbc-473e-b5fa-35c621b68aa9,ear stick,8809058410135,1,50.0,40.0,50.0,7586565c-71a9-40b7-8dda-0c9f58b99719,Piece,1
be6b26c4-9594-4ae1-9e79-8eeac4238b78,870287a0-5997-4e11-8e3f-089de87097b8,f9e4c368-c027-4ef0-8368-aff156b4b9b2,Prince chocolate ,8961003614637,1,20.0,18.0,20.0,26f8682b-a9f1-4f34-a18d-82af20fbdc08,Piece,1
46a20fd9-3f56-40f3-85e6-79381ee6b59d,870287a0-5997-4e11-8e3f-089de87097b8,8af4077d-37f1-441f-936d-9507cb56ca9d,candy,1232784048698,2,5.0,3.5,10.0,7534df49-d891-461a-8b69-7d03cb9ce755,Piece,2
9dd29bf2-09eb-46a9-be65-658488e1ad64,68cad696-cc7c-4bb5-9883-af80758ef6f9,3576a48f-6330-4bcd-bf54-7383eca28c85,FV RED GRAPES,8961008222776,1,90.0,67.0,90.0,265a895e-8fbc-4bf6-843c-c03e044903d6,Piece,1
41639bda-480b-44d6-a273-753a9b4135ce,68cad696-cc7c-4bb5-9883-af80758ef6f9,5d858261-9ada-44bd-ab18-e97ba65193ca,fruitien Red Grape ,8964000876138,1,90.0,62.08,90.0,6074cb61-2048-4775-9804-016af2a08d4f,Piece,1
2970334e-1ebd-422d-80aa-d376ff1e02bf,68d6b5e9-cdad-4fc2-aeb1-f247927f08fa,8af4077d-37f1-441f-936d-9507cb56ca9d,candy,1232784048698,6,5.0,3.5,30.0,7534df49-d891-461a-8b69-7d03cb9ce755,Piece,6
027f7c81-8816-4320-b92e-e6f91b0ef656,a929c19d-1a3e-49da-a520-b78551307d0a,89f084ac-a196-47fb-8e25-4e4bd3160c50,STING SMALL,8964000101551,1,100.0,73.0,100.0,24a9904c-bbbb-433e-b85c-bc70707d653c,Piece,1
0e8cbbfe-b2ff-4cb3-8f40-7389ed1d3e6b,063b4283-aa48-416c-94a2-89eff91893cd,477ef534-005d-42fb-9cdb-ae0e6e0e4624,Lays Masala,8964002345595,1,50.0,46.0,50.0,3294cf9e-a80d-4e5a-bb6f-3a8fd4122ffc,Piece,1
d1c42e9f-e693-4778-89d4-803bb079a14e,063b4283-aa48-416c-94a2-89eff91893cd,974851e3-6a77-4a75-b263-4666098c4ae5,Lays Masala,8964002346912,1,70.0,63.75,70.0,177832b6-40a2-4948-af00-6754a30a0f67,Piece,1
787ef392-5c13-409d-a1b3-f7da196284c1,063b4283-aa48-416c-94a2-89eff91893cd,c75320df-735c-44fe-b32d-46b0170ef53a,Lays Masala,8964000090428,1,100.0,92.3,100.0,b77ba773-b9e7-4763-9761-47c66a223bd9,Piece,1
6e80b886-2057-43ce-8a26-7d5d54392cee,96e068aa-74c4-4351-8661-14eed4426878,382387eb-6272-4738-b2d5-3361fa6fc3ca,Potato Sticks,671866277501,1,50.0,46.25,50.0,bc63250f-fd30-4ca2-a788-3340c09f9c89,Piece,1
fc859d52-0c9e-449d-a699-233c29279739,9dd281e4-96e8-4740-b724-e109fc276994,6b21c075-c752-4bf7-a4c2-2a4c8441c546,sifarish khan,1232255618481,1,30.0,25.0,30.0,289e28e9-66d0-4026-9fd4-67bfa88cb04c,Piece,1
b3e006ae-3389-41fd-9865-d7be8bb8514a,9dd281e4-96e8-4740-b724-e109fc276994,8af4077d-37f1-441f-936d-9507cb56ca9d,candy,1232784048698,2,5.0,3.5,10.0,7534df49-d891-461a-8b69-7d03cb9ce755,Piece,2
b6144e48-e9f5-4e40-af2b-8f4608f7081a,aaa57593-8637-47dd-a7c4-97960bc3aa3e,8af4077d-37f1-441f-936d-9507cb56ca9d,candy,1232784048698,2,5.0,3.5,10.0,7534df49-d891-461a-8b69-7d03cb9ce755,Piece,2
0955eb62-834f-49f7-9603-7b6a3d153907,ef147ab4-dd9a-4ff2-acec-11cf1216fd27,8af4077d-37f1-441f-936d-9507cb56ca9d,candy,1232784048698,2,5.0,3.5,10.0,7534df49-d891-461a-8b69-7d03cb9ce755,Piece,2
fd4f3966-6b21-47e9-ba26-442bd35a21cd,53bd2d9a-5a7f-4113-b43a-30cf78dfdf94,8af4077d-37f1-441f-936d-9507cb56ca9d,candy,1232784048698,2,5.0,3.5,10.0,7534df49-d891-461a-8b69-7d03cb9ce755,Piece,2
a08b8e83-1386-46f8-8afb-be2369702565,95fcff04-5554-476f-adc9-d59a84aa9e95,296944b9-ea79-469c-8425-f11d6e4b7eed,CAPSTAN RED,1230364618200,3,15.0,12.1,45.0,a1bc6a6f-ad8f-468b-afac-44ec8574811d,Piece,3
38ae72f2-9b29-4f25-8737-97af97c32234,4a0584b6-5628-4709-8c52-2f1d4a35e087,53109ff7-89f7-4310-8b54-a08bcb3fe1f7,BONJOUR H$ B,725765019059,1,60.0,31.0,60.0,d4cf5872-cf25-4c27-99ba-efdf91572921,Piece,1
2e1dec96-40d1-4745-bb45-87dd6eda3e93,dbdc7bfa-4626-4b96-8295-21d963957b5e,7794b2d9-b07a-46be-8246-8961363365f9,Raniu,8964002997916,3,150.0,95.83,450.0,e31daf12-8420-4114-a15b-e870707dde0f,Piece,3
a463babf-cf8d-4a6c-a38f-75666a6e2c62,dbdc7bfa-4626-4b96-8295-21d963957b5e,6b21c075-c752-4bf7-a4c2-2a4c8441c546,sifarish khan,1232255618481,1,30.0,25.0,30.0,289e28e9-66d0-4026-9fd4-67bfa88cb04c,Piece,1
32ff78f9-a6e6-4b2c-8f0f-c6baebda1069,dbdc7bfa-4626-4b96-8295-21d963957b5e,8af4077d-37f1-441f-936d-9507cb56ca9d,candy,1232784048698,2,5.0,3.5,10.0,7534df49-d891-461a-8b69-7d03cb9ce755,Piece,2
377a38b4-d58a-4ec0-9a74-45762cca9c6a,4af5bd68-3390-4584-b6b6-a92968e63b1e,a0941064-a8d4-4b07-8c5e-7bb182240989,Rio Strawberry,8964002526192,2,20.0,18.0,40.0,a982b713-9cb9-4b6b-9e03-4d99fd852224,Piece,2
617a83ab-5077-4c97-a7fc-afa7ec783344,4af5bd68-3390-4584-b6b6-a92968e63b1e,8d461728-be1b-440c-86ee-f7a31b9a6d27,Chocolatto,870572008007,1,10.0,9.31,10.0,08a6ddec-263a-4d1b-9f75-5a39630e6b76,Piece,1
0ddf02cf-ecee-471c-aee0-ee27562ba7f2,39910428-4438-40d4-a076-04f52d764aa8,403ea510-fb07-48bc-a730-8f1f2391b3be,STING L,8964000101704,1,140.0,105.8,140.0,7b817808-9ae8-4d8f-9f89-3f3e11cfe183,Piece,1
dfd4c81b-354c-419b-9e84-e5e4af3135bd,6d7fe112-5501-48c4-9d34-647edbcdbfc5,6b21c075-c752-4bf7-a4c2-2a4c8441c546,sifarish khan,1232255618481,1,30.0,25.0,30.0,289e28e9-66d0-4026-9fd4-67bfa88cb04c,Piece,1
029650e3-2b10-44b0-9d4d-41917024f8c1,6d7fe112-5501-48c4-9d34-647edbcdbfc5,9b8a64b3-0eff-49bd-a7e9-7ae1f4c6211f,Capstan White,89600078,2,15.0,12.5,30.0,2ee97f16-83f8-4fe8-8004-f20228fc010c,piece,2
1d60461f-50d3-4114-8099-92b611c60a16,1d17b479-b30f-4f2e-9d6e-f91a8d8a8acb,dff1cf5b-43c0-4680-8382-ae8626dc47af,lifeboy,8961014270624,2,10.0,9.0,20.0,b7a61655-08ca-49d1-8cce-7cd80df1103d,Piece,2
b18f377b-1896-4e43-8917-c006cbb25113,0ef0b798-7c1c-4d24-b881-1645ead3449e,20a6b7b0-b32d-4ef7-a68f-a34e139e6aa7,Fruiten joy Mango,8964000876466,1,70.0,45.41,70.0,0e8ea209-a7c4-4e46-aaf4-45fd453bdec9,Piece,1
866f793a-1918-4416-8064-919c1e83900e,0ef0b798-7c1c-4d24-b881-1645ead3449e,e433e9b7-af19-4259-880e-b957f60e9ace,Yums Sour,870572007444,1,10.0,9.0,10.0,0277bb75-afa1-4184-bb47-605280ed541e,Piece,1
e2248705-37f7-408a-92a0-52af7bdd865b,2930ef32-95a2-45bf-aebf-11513585bcfd,a0941064-a8d4-4b07-8c5e-7bb182240989,Rio Strawberry,8964002526192,1,20.0,18.0,20.0,a982b713-9cb9-4b6b-9e03-4d99fd852224,Piece,1
2048c945-a270-47ff-961c-8848b6c619aa,39e6297c-f2a9-4a77-a67d-2be8a88f3b3c,403ea510-fb07-48bc-a730-8f1f2391b3be,STING L,8964000101704,1,140.0,105.8,140.0,7b817808-9ae8-4d8f-9f89-3f3e11cfe183,Piece,1
a11be8f0-18cc-4375-a5ea-7cfef34b1fc1,3470a079-0122-4424-86e3-8128c32e86e2,df83db32-d270-4a08-8f67-85f4967a923d,Red & White,89600320,1,10.0,9.5,10.0,4c010ae2-567a-4d9a-a3ee-7be8b0099de4,Piece,1
084bcdde-70ee-49ea-af30-fd76ca891b42,7c00e0e8-1b8f-429b-9521-9e77bc57b038,6c6ccff1-14e0-4b77-884d-ac35c4441fbd,MOO,8961014017595,1,50.0,44.08,50.0,486c4a3e-978a-4702-95e2-9d661806f528,Piece,1
a231d9df-17a4-4f63-b3c1-845a30b850a3,de2c52e9-d6d9-4729-8376-98a63bbcd1ca,46a55ba1-d0e3-4a06-bca8-bd7b60bc7aff,MORVEN,89602041,1,15.0,11.6,15.0,39b9f93d-55f2-41ce-96ad-5f1af4a345ff,Piece,1
70efc4db-1576-4c93-b729-df69aaee250a,702947de-3751-442f-a7f7-a0a329089ef8,8f421553-10c3-4fa2-9e4d-51f5bbc06cbc,KURKURAY TM,8964002347278,1,40.0,36.9,40.0,74737246-4041-42e1-b1a9-1a501d24fe22,Piece,1
cbc2920a-8bff-4940-9140-99c65a1ac306,702947de-3751-442f-a7f7-a0a329089ef8,d258d862-8463-431b-ac56-5545e120c5ae,big lychee 500ml,1860074054601,1,120.0,54.1,120.0,486d58bf-cb59-4fac-9f01-5cf149100228,Piece,1
c795aa3f-00e8-40ad-a497-ac43fa7bbb55,702947de-3751-442f-a7f7-a0a329089ef8,ebecba97-a5dc-432a-a675-b07992cfe188,DUNHILL,89600047,1,40.0,29.0,40.0,e30bac80-5143-46a2-bc24-9d55462bcce4,Piece,1
44afa17d-bd1e-4edb-94e4-0dd47ff5cc93,702947de-3751-442f-a7f7-a0a329089ef8,c7614e12-3e74-41fb-b031-d1dcff3ce34d,sandwich lemon,8964002526376,1,20.0,18.0,20.0,9a5799c0-68cc-4f17-99d8-9419b7df8de1,Piece,1
32b61e37-47e9-452d-bacd-07112fab5228,702947de-3751-442f-a7f7-a0a329089ef8,56d5e883-e49d-4307-82ff-562afdcd1065,VIVA ICE,725765800428,1,40.0,24.0,40.0,81d3b3a9-e65a-4bf4-9c17-a37fe061261f,Piece,1
e9e8a9ac-1702-4f89-8f60-8c3e4080b74a,32aae952-0eab-4dc6-955a-8b7a6856b804,e00b6186-90a0-4108-98fe-2bcee3d5fb15,POWER FULL,5904003285240,1,250.0,142.0,250.0,85c31903-56af-4373-9159-2fa28c2ebf37,Piece,1
cd859bb6-1d7c-48ee-8f32-519685bb0ad4,32aae952-0eab-4dc6-955a-8b7a6856b804,79b52724-bd00-424f-a5d3-4e06d3fd6805,Red Bull,90162602,1,550.0,445.0,550.0,67b7d087-af55-4e78-b878-d7db5d2bbf2d,Piece,1
e101df21-7bfd-4195-914a-8558c0f9f332,32aae952-0eab-4dc6-955a-8b7a6856b804,46a55ba1-d0e3-4a06-bca8-bd7b60bc7aff,MORVEN,89602041,20,12.5,11.6,250.0,5c3d014c-cee5-4e15-9fbc-969c73bbb53d,Box,1
42ec8c16-8b24-4c36-be95-02f4fa567f36,b617ead0-06fd-4f44-a594-42991cf4b123,b670459a-e326-4490-bf85-c717dd6912df,SLICE APPLE,8964000103104,2,80.0,43.4,160.0,962458d9-d8a4-496e-b26d-a36295416f95,Piece,2
1b3812d5-0551-437c-a19c-518a7af77a54,b617ead0-06fd-4f44-a594-42991cf4b123,a8c690d8-15f1-493e-9507-c2f9ed786483,Peanut pik,8964004770616,2,50.0,46.0,100.0,76df9348-eb2d-49e1-91c8-39c3cbfd7d3c,Piece,2
06face04-b18e-41ec-96a3-0a75e3fd5578,155580a4-eb93-4f1c-92ca-ba941bbae361,296944b9-ea79-469c-8425-f11d6e4b7eed,CAPSTAN RED,1230364618200,20,12.5,12.1,250.0,e9169ce5-618b-4046-9957-a321013f7b75,box,1
4b7e1d4b-76ea-42e9-960b-8eafd3eb11d7,e6653075-0cf3-42a5-b0df-09f648a60fda,172b148c-dbb9-445c-ab19-4cdcd2316ffb,Potato Crips,8964000966570,1,60.0,45.0,60.0,a470a7a4-55cf-407d-89d7-539c4be45653,Piece,1
3c16fbda-353e-42cb-b5e0-8f5f93716a26,e6653075-0cf3-42a5-b0df-09f648a60fda,ffc003aa-21e0-490a-942f-d3f537fd624d,TASTEUP MASALA,8452624486043,1,60.0,44.0,60.0,e602fe2e-58c3-4460-a2fc-de0e3bcc595f,Piece,1
0e27fdf0-ce24-4693-8db1-4fecd7b6ce46,e6653075-0cf3-42a5-b0df-09f648a60fda,85681bdc-ee0e-4592-bf40-94b1d13d0e85,candi,8961003674228,2,10.0,9.0,20.0,b848b8b4-36fc-4af7-bd0d-f7258c18b02c,Piece,2
d77211c6-393c-4534-88aa-c3e62f300651,e6653075-0cf3-42a5-b0df-09f648a60fda,5d16d947-4cf8-4f7e-bc32-da29febe3e06,MIX NIMCO,8964003812164,1,200.0,145.0,200.0,cffc8cef-7628-4de0-a1c0-44b4d2ac36a2,Piece,1
4b4a542d-cccc-41ad-b99a-5800bc511e37,e6653075-0cf3-42a5-b0df-09f648a60fda,3c8d628b-b789-4305-adc4-a240960e227d,small Cars,1231284218068,1,100.0,45.0,100.0,52d31325-21da-4645-ac37-c325e63f3114,Piece,1
700e8137-a92c-418e-bcd5-eab27b711736,d5158b6b-7c89-42d5-98fe-4cce8295df53,3c9df82b-a8e2-49c2-a773-46edf5859135,RAHAT  4,4985925672487,2,35.0,26.1,70.0,287627b8-4e98-49f3-9268-58f71cd70eb3,Piece,2
0d98663a-5c70-4bd6-8357-e1f88e64f158,d5158b6b-7c89-42d5-98fe-4cce8295df53,7439380d-ff71-4b92-b2ff-56899ca87c0d,tridgum,9555407311019,2,10.0,4.09,20.0,b3c50399-f52e-4960-bdd6-5ef8d99c8de1,Piece,2
d7241b96-c9e1-42ca-8e10-8a304b4a1efb,df4f8d5f-955c-4e50-ab89-7f096a3cc7f8,e101e5a8-3410-4e60-af94-bbe948876ffd,CANDY ORIGINAL,8961003679759,1,50.0,44.5,50.0,1391b547-210a-4a66-a3ca-93d482b74abf,Piece,1
6e08c2c0-5cb8-473c-aeee-eedca8f4ee1b,df4f8d5f-955c-4e50-ab89-7f096a3cc7f8,8f421553-10c3-4fa2-9e4d-51f5bbc06cbc,KURKURAY TM,8964002347278,1,40.0,36.9,40.0,74737246-4041-42e1-b1a9-1a501d24fe22,Piece,1
e6cacb7a-db2e-4f94-a4a7-7bd199e71098,df4f8d5f-955c-4e50-ab89-7f096a3cc7f8,b8106d87-eb2b-4a4c-bcd9-ebd7b40708e2,lays classic,8964000090596,1,20.0,18.0,20.0,1f70884a-93dd-4a74-954a-95cc02ac4bf6,Piece,1
83228763-5c5c-4c18-b3ed-a45dbb49e470,df4f8d5f-955c-4e50-ab89-7f096a3cc7f8,66a64cc9-3d36-4ec9-94c4-fd0e9a56f32c,Lays Masala,8964000090602,1,20.0,18.0,20.0,c40492ef-d853-48e0-9c39-df0966445872,Piece,1
b7ec4447-3066-4569-a11c-213d15abdac7,df4f8d5f-955c-4e50-ab89-7f096a3cc7f8,49d0da8d-0715-45bb-8ed2-bfeb311f210f,lays y$h,8964000103784,1,20.0,17.0,20.0,aa53ae6a-2e7f-4333-8645-91a01ffefc95,Piece,1
e9d46673-f38e-49a4-8af8-35d5a38d6cf6,df4f8d5f-955c-4e50-ab89-7f096a3cc7f8,8af4077d-37f1-441f-936d-9507cb56ca9d,candy,1232784048698,10,5.0,3.5,50.0,7534df49-d891-461a-8b69-7d03cb9ce755,Piece,10
cca12590-ff5a-4115-b4f9-dde582aa9055,e8cf219f-dc06-4b03-8b33-382789a95320,35c2dd8d-80a3-4e98-8e14-a1ae78705664,MAGNUM CLASSIC,8961014034622,1,300.0,265.0,300.0,affca17b-af34-459c-9472-6e05b0548137,Piece,1
d54788f0-c5ed-4bce-9563-9d2daa1d0e38,e8cf219f-dc06-4b03-8b33-382789a95320,9f61e160-7af9-471d-87df-a7c46405286f,paddle pop VANILLA CUP,8721274610468,1,40.0,34.0,40.0,15b2f430-290d-46a5-870b-99d701ce42b7,Piece,1
0bd7883d-420a-414f-b6ac-d8b93f5ec90e,e8cf219f-dc06-4b03-8b33-382789a95320,f2bbd782-884e-492c-ba3b-30bbb22514f9,anytime snacks,8964002429752,1,20.0,17.5,20.0,4a9f1b8b-9754-4350-9f0e-787cfa591129,Piece,1
fdeec5cd-f837-47ac-b269-334cd0f9ac75,0b423b6e-8f4b-4af2-a43f-13c7b367c30a,9b8a64b3-0eff-49bd-a7e9-7ae1f4c6211f,Capstan White,89600078,3,15.0,12.5,45.0,2ee97f16-83f8-4fe8-8004-f20228fc010c,piece,3
01800c7d-c50e-401a-a0d5-33a27d65924b,182e4983-fec1-48b1-8b00-2679362fe630,296944b9-ea79-469c-8425-f11d6e4b7eed,CAPSTAN RED,1230364618200,2,15.0,12.1,30.0,a1bc6a6f-ad8f-468b-afac-44ec8574811d,Piece,2
e6e165ed-c7ae-4cc4-a1ba-2a556ae44c03,a43c36fc-be2a-43b7-9224-8795868c5afc,6b21c075-c752-4bf7-a4c2-2a4c8441c546,sifarish khan,1232255618481,1,30.0,25.0,30.0,289e28e9-66d0-4026-9fd4-67bfa88cb04c,Piece,1
4027140b-2aa4-430b-8ef7-38f1afe5028a,a43c36fc-be2a-43b7-9224-8795868c5afc,fdc65df0-d2f4-421c-a8d7-36301c4db84f,Dew 300ml,8964000101254,1,90.0,65.0,90.0,bf1a41ca-b4d2-4417-9fd9-c774a60c54f3,Piece,1
95844c98-144d-409b-ae05-c1a4f92d9c13,a43c36fc-be2a-43b7-9224-8795868c5afc,36a30f2b-248a-4769-bc28-046500d0daf4,bar,1230421521603,2,10.0,5.0,20.0,9c505cbc-8e3d-4e6a-a8f2-96b2991c3bee,Piece,2
26a2e016-5f49-4aa4-a267-08b7b944b3f7,ca388a80-732d-4a8a-b70b-1fe590f49381,403ea510-fb07-48bc-a730-8f1f2391b3be,STING L,8964000101704,1,140.0,105.8,140.0,7b817808-9ae8-4d8f-9f89-3f3e11cfe183,Piece,1
c842b2ce-e51a-4fb9-9d12-adfe127e8fc2,ca388a80-732d-4a8a-b70b-1fe590f49381,2f0bd3d2-d095-4cbd-a674-9d1776c2e43a,Zia Mix Nimco,8964002429936,1,50.0,41.6,50.0,60f345fa-41ee-4b27-8c95-1a22adb06e14,Piece,1
1c5b2941-6adb-4bf0-9596-994f09295f16,ca388a80-732d-4a8a-b70b-1fe590f49381,8af4077d-37f1-441f-936d-9507cb56ca9d,candy,1232784048698,2,5.0,3.5,10.0,7534df49-d891-461a-8b69-7d03cb9ce755,Piece,2
34d2be97-a0af-4fc4-9090-6610f79170a8,ac1c0f70-0f16-469d-a82a-4faf3dc3175d,6b21c075-c752-4bf7-a4c2-2a4c8441c546,sifarish khan,1232255618481,1,30.0,25.0,30.0,289e28e9-66d0-4026-9fd4-67bfa88cb04c,Piece,1
67d0bbb7-222f-403d-bb1a-791da7f4fa19,ac1c0f70-0f16-469d-a82a-4faf3dc3175d,8af4077d-37f1-441f-936d-9507cb56ca9d,candy,1232784048698,4,5.0,3.5,20.0,7534df49-d891-461a-8b69-7d03cb9ce755,Piece,4
8eb42943-52c4-4a97-8d33-78d3ba0ad756,580c9124-dbba-488d-b63c-8560c2058744,216ab9f0-65b5-4cc7-93c1-8d21ecc3f3bb,Chocolatto,8961102508868,1,20.0,18.0,20.0,5103e0a4-abf3-4e1f-9116-b8f2aba5efb1,Piece,1
fc920a30-974a-449b-84c6-51e3bb6885bb,580c9124-dbba-488d-b63c-8560c2058744,fdc65df0-d2f4-421c-a8d7-36301c4db84f,Dew 300ml,8964000101254,1,90.0,65.0,90.0,bf1a41ca-b4d2-4417-9fd9-c774a60c54f3,Piece,1
492d32e1-61f8-4844-ba36-75fddc67e6fb,580c9124-dbba-488d-b63c-8560c2058744,296944b9-ea79-469c-8425-f11d6e4b7eed,CAPSTAN RED,1230364618200,1,15.0,12.1,15.0,a1bc6a6f-ad8f-468b-afac-44ec8574811d,Piece,1
fd340f60-60e7-4412-bdec-8ae2208e2c05,c7bd8e6a-a845-40de-b11d-7dde574fb813,7439380d-ff71-4b92-b2ff-56899ca87c0d,tridgum,9555407311019,2,10.0,4.09,20.0,b3c50399-f52e-4960-bdd6-5ef8d99c8de1,Piece,2
374a534b-4344-41a3-9135-ba24df05fd0e,00220c4a-967d-4d98-8f1b-7040afa04d1a,170998fd-1739-415a-b38c-1943f5edf586,bigg lychee,1860074054595,1,80.0,54.0,80.0,ae77f788-ea9e-49ac-ac6a-45a58d3e336c,Piece,1
443dd51a-ccb6-4337-8cbb-95d4bfcce049,01b247d9-1a3c-4afd-8406-3fd783eed089,296944b9-ea79-469c-8425-f11d6e4b7eed,CAPSTAN RED,1230364618200,2,15.0,12.1,30.0,a1bc6a6f-ad8f-468b-afac-44ec8574811d,Piece,2
08e916cb-b445-4470-985f-c3e4db871be5,cd2d5e62-d563-44d0-8d86-be347c7cb950,e1c7461f-fe2c-43cc-b072-ab2fcdd767ed,olper pack,8964000919934,1,100.0,85.0,100.0,610b7a9f-fa8f-480c-8da4-d5bb1121252c,Piece,1
7eae3546-1be2-4820-83b9-37d7bdbbb790,cd2d5e62-d563-44d0-8d86-be347c7cb950,4276cb15-7ab5-4090-9a33-f37c947bddf2,umdah tea,8964004543180,2,10.0,8.5,20.0,f6b0242d-633c-4904-abe4-19f33873c70c,Piece,2
60ad6cda-daa5-437f-b2d4-fe8ae50799d0,4e58415a-801c-4848-8280-dafda9e97a5e,7439380d-ff71-4b92-b2ff-56899ca87c0d,tridgum,9555407311019,2,10.0,4.09,20.0,b3c50399-f52e-4960-bdd6-5ef8d99c8de1,Piece,2
99124742-1361-40e9-81d5-ffe9d01b2c7f,fc15150a-f8fc-461d-a930-e9501847cf2a,183f01fb-73db-4261-83e7-b3b8fa486321,gala,8961003632617,1,40.0,36.0,40.0,6a550706-cf63-4362-a239-b293046932b3,Piece,1
aa3f87bf-e0aa-41ad-90ff-4754d4a7da60,7c236d0f-5705-4dd9-be6f-b14d0705847f,89f084ac-a196-47fb-8e25-4e4bd3160c50,STING SMALL,8964000101551,1,100.0,73.0,100.0,24a9904c-bbbb-433e-b85c-bc70707d653c,Piece,1
6d01ac81-32d4-4bf7-8fe5-061bbba4ed1d,7c236d0f-5705-4dd9-be6f-b14d0705847f,234c787c-e5e2-4047-bb07-95d114219d2e,AQUA DIRE 0.5 Ltr,5901234039710,1,60.0,22.0,60.0,bc7e8655-4e7a-409b-a5c5-6b9e2e262dff,Piece,1
713d5615-f70d-4a7c-8678-b3b7bfd0ee5a,17d0abce-bb62-4b52-bc9f-c4481c93b3bd,c394cc41-51cb-49e9-ac0c-65d58bafba88,tops lychee,8964004433115,2,140.0,92.0,280.0,449dfcea-6750-4c24-a42e-9eb08a4f6a25,Piece,2
5e90b779-deff-4f44-8c0f-a07a4cbd8809,17d0abce-bb62-4b52-bc9f-c4481c93b3bd,296944b9-ea79-469c-8425-f11d6e4b7eed,CAPSTAN RED,1230364618200,1,15.0,12.1,15.0,a1bc6a6f-ad8f-468b-afac-44ec8574811d,Piece,1
6098ec1c-7a62-49e3-b64c-3a41211e7f80,513874fc-7519-4371-9375-5082c260b142,9b8a64b3-0eff-49bd-a7e9-7ae1f4c6211f,Capstan White,89600078,2,15.0,12.5,30.0,2ee97f16-83f8-4fe8-8004-f20228fc010c,piece,2
9dff04e6-21ac-45be-90cc-414a64f08e7c,523822ac-fcdb-450d-86c7-7004db464ae4,36a30f2b-248a-4769-bc28-046500d0daf4,bar,1230421521603,2,10.0,5.0,20.0,9c505cbc-8e3d-4e6a-a8f2-96b2991c3bee,Piece,2
25faf106-986a-4987-a1b8-45be94a58b57,742a55fe-0d5c-4ab5-9507-2bae4d786109,6b21c075-c752-4bf7-a4c2-2a4c8441c546,sifarish khan,1232255618481,1,30.0,25.0,30.0,289e28e9-66d0-4026-9fd4-67bfa88cb04c,Piece,1
9763bc18-b3e4-46c8-869d-8260cc784376,ee2801a2-effd-4e7b-af61-5a549e136bff,dabede9c-eb98-47b3-848d-77e6850a56e1,7UP 1.5L,0012000800337,1,210.0,163.0,210.0,f7ce623b-7879-474d-9773-f703bf0ae037,Piece,1
aeccd42b-42e4-423e-939a-f53e1ff07ce7,ee2801a2-effd-4e7b-af61-5a549e136bff,aeec8327-c8e3-49ae-830d-5ae48228671a,DISPOSIBLE GLASS,1233763958519,4,5.0,1.7,20.0,2bc021cb-4f78-4684-ad9e-7fae8bd628d9,Piece,4
6f9c9c6f-df3e-48c1-924a-1b29f2b27230,ee2801a2-effd-4e7b-af61-5a549e136bff,91ffc46b-44fc-4d7b-823e-bc162c9cf24f,bigg apple,1860071012147,1,80.0,54.0,80.0,baa1a505-ea2c-44e0-8a28-0195bd62bbb6,Piece,1
8dc05703-e700-4343-9263-931c0e39465f,d82d046a-16a6-4130-a74a-650db7cca671,234c787c-e5e2-4047-bb07-95d114219d2e,AQUA DIRE 0.5 Ltr,5901234039710,1,60.0,22.0,60.0,bc7e8655-4e7a-409b-a5c5-6b9e2e262dff,Piece,1
9570bf3d-1143-4ffb-af7a-5fd877885af2,4241e6b9-633a-4f56-8677-886e9d00708c,1a9db450-bde7-4119-ba96-710c52c9a641,Tops Mango,2020042410108,2,140.0,91.6,280.0,26de4e9f-5c5a-4d98-83d4-2454e112bb9d,Piece,2
956fca16-a3e6-4590-b765-b47f933be08e,8cb74147-6ad5-4d68-8740-a9699103713d,33819376-e267-418a-adf2-b6190c956759,DEW 1.5L,8964000101117,1,210.0,163.3,210.0,f669561e-4418-41a3-9cb7-31974a38d7c4,Piece,1
71dc560b-2418-404c-b5bc-8e2d313f1a71,8cb74147-6ad5-4d68-8740-a9699103713d,aeec8327-c8e3-49ae-830d-5ae48228671a,DISPOSIBLE GLASS,1233763958519,4,5.0,1.7,20.0,2bc021cb-4f78-4684-ad9e-7fae8bd628d9,Piece,4
0eb32214-9ba2-4bb2-8b2c-0ca01f094eeb,da1b1e0f-30b6-4e75-b274-d375c4ea5784,89f084ac-a196-47fb-8e25-4e4bd3160c50,STING SMALL,8964000101551,1,100.0,73.0,100.0,24a9904c-bbbb-433e-b85c-bc70707d653c,Piece,1
cfc8a45d-213d-4951-80d9-887810396493,da1b1e0f-30b6-4e75-b274-d375c4ea5784,477ef534-005d-42fb-9cdb-ae0e6e0e4624,Lays Masala,8964002345595,1,50.0,46.0,50.0,3294cf9e-a80d-4e5a-bb6f-3a8fd4122ffc,Piece,1
cf61d087-58a3-4060-81b0-14566ed98d6d,f9e0871c-2110-45a8-97b7-417e0e34232a,32b65c6c-6dff-4be9-9819-022bef1bbd0b,DARE NEXT,8964001179344,1,110.0,66.0,110.0,87294a60-486b-43cf-ac5f-e423926b8257,Piece,1
3b35f72c-f97a-4f07-8ecb-ea0d7ae6102f,fc7a3a3d-14a4-4ec7-b885-2cc0f5caa965,738252f1-b7d4-4472-a2cf-6012dd3595a8,VELO ELAICHI 3DOT,6253341407784,1,250.0,160.0,250.0,f795c816-95df-4f72-8131-78a93aff7061,Piece,1
ecf8530d-2f16-4c5d-ab00-99c3aa27eb23,aff022ff-b9be-4d11-9387-501edd3d451d,685beee5-7d49-44b4-bc94-5de5f8bb99a6,COKE 350ML,42117131,1,90.0,67.0,90.0,071aa6c8-0343-4f9f-bf93-9ac7ac35a72d,Piece,1
f19d38ef-1367-408a-ad77-fcd0e763980e,aff022ff-b9be-4d11-9387-501edd3d451d,66a64cc9-3d36-4ec9-94c4-fd0e9a56f32c,Lays Masala,8964000090602,1,20.0,18.0,20.0,c40492ef-d853-48e0-9c39-df0966445872,Piece,1
b02531d4-c041-44ab-9f6d-d572f081ed86,5ee609fe-0d6e-47bc-b03d-bdfa94666f2b,2283ba0b-9ecd-4cff-a3d2-a3eefb114b31,COLA NEXT 300ML,8964001179702,1,80.0,51.66,80.0,9f977eed-d4eb-44da-950f-ff66decd80cd,Piece,1
a6ec5cd2-5a6f-4847-a8d6-9c5d0a640ba1,5ee609fe-0d6e-47bc-b03d-bdfa94666f2b,49d0da8d-0715-45bb-8ed2-bfeb311f210f,lays y$h,8964000103784,1,20.0,17.0,20.0,aa53ae6a-2e7f-4333-8645-91a01ffefc95,Piece,1
88d34879-8038-4c7e-a6bf-69ef7e46910e,660f7752-903b-49c4-8ded-c24add88fab3,296944b9-ea79-469c-8425-f11d6e4b7eed,CAPSTAN RED,1230364618200,3,15.0,12.1,45.0,a1bc6a6f-ad8f-468b-afac-44ec8574811d,Piece,3
ce521bb0-cc6d-4804-a5ba-bc1be1ca0e6d,660f7752-903b-49c4-8ded-c24add88fab3,8af4077d-37f1-441f-936d-9507cb56ca9d,candy,1232784048698,1,5.0,3.5,5.0,7534df49-d891-461a-8b69-7d03cb9ce755,Piece,1
b69ce098-53c7-4e8f-a1a0-3f714715078c,56b4feaa-339c-4631-879d-2c78c9888c77,dff1cf5b-43c0-4680-8382-ae8626dc47af,lifeboy,8961014270624,1,10.0,9.0,10.0,b7a61655-08ca-49d1-8cce-7cd80df1103d,Piece,1
b4af0e70-2963-4a11-b63e-6a432251eb1c,56b4feaa-339c-4631-879d-2c78c9888c77,2191b979-dc6b-4487-a5db-4f4248da979b,LAYS CLASSIC,8964002345632,1,30.0,27.66,30.0,6e04bce6-7dc2-422b-aba8-ff080af9ddae,Piece,1
16e03841-d528-47a8-9867-3b093d815990,56b4feaa-339c-4631-879d-2c78c9888c77,53950024-b47b-42d2-8eeb-120b982ce922,clear,8961014269239,2,5.0,4.6,10.0,7642bbb8-9769-41ca-b06c-1523d8dcee3c,Piece,2
c1818d0f-5d7f-4a95-864e-de7aa2c5762b,56b4feaa-339c-4631-879d-2c78c9888c77,e7f52d36-4cb9-434f-92f5-9a9cc3b241d4,SUNSILK,8961014266542,2,5.0,2.5,10.0,0dc43a87-d820-4044-b929-de91c0571eff,Piece,2
cfaa5d6a-d103-4ebd-af3e-fcd304eae266,56b4feaa-339c-4631-879d-2c78c9888c77,6b21c075-c752-4bf7-a4c2-2a4c8441c546,sifarish khan,1232255618481,1,30.0,25.0,30.0,289e28e9-66d0-4026-9fd4-67bfa88cb04c,Piece,1
4ac3b8e2-4179-417b-8983-18b543335206,56b4feaa-339c-4631-879d-2c78c9888c77,e2b00889-79e8-4662-b987-707945408228,ABC jally,0870572004924,1,10.0,9.0,10.0,901717ca-35f5-4101-9f75-2fcbd24a5a1a,Piece,1
fecdda88-07ae-471b-a204-4c037f8964ab,5c657b3c-21b4-48a8-8ee5-463fe43a8896,9b8a64b3-0eff-49bd-a7e9-7ae1f4c6211f,Capstan White,89600078,2,15.0,12.5,30.0,2ee97f16-83f8-4fe8-8004-f20228fc010c,piece,2
2c6e406f-5d2f-4762-9a16-e7c0c6d84a7c,5c657b3c-21b4-48a8-8ee5-463fe43a8896,dff1cf5b-43c0-4680-8382-ae8626dc47af,lifeboy,8961014270624,1,10.0,9.0,10.0,b7a61655-08ca-49d1-8cce-7cd80df1103d,Piece,1
9c668f74-b7a4-4e8b-8113-100ebc28d045,ed177f1a-3eac-4eb5-9045-5646ef84c2e5,c04374cc-7bb3-429b-9dbb-21eda76aed5e,Coated Peanuts Cheese,8964003812171,1,50.0,41.0,50.0,56706665-ca8a-44bd-a35e-85afee47e7bb,Piece,1
75254739-6f7a-4b93-809b-c8e5aa708753,f4b65e1f-6234-43b9-826e-ae333d3a7bd9,e07be54a-ef99-4d68-97db-58a730462337,MILANO,815082008130,1,200.0,165.0,200.0,a85e2866-0d3f-4bd2-80f6-a598982e48e0,Box,1
43e49739-df55-4352-a74c-6bd2fd443798,a9303266-9a76-4ecc-80e1-2f0013817aec,821da543-538c-44dd-bb73-5734877b8878,Cake Up,ZIC6883102095,3,30.0,27.0,90.0,306f6a7e-870b-4233-9a71-d6d95964d55b,Piece,3
a951e1c3-fca5-453e-9a4e-d9662489a580,a9303266-9a76-4ecc-80e1-2f0013817aec,727fb333-3c91-459b-abef-370df5b186a5,cocomo,8961103500236,3,10.0,9.16,30.0,65c14f2c-759a-4b05-aba5-23b13a2b0a6c,Piece,3
7722804c-bb00-4aa9-a60e-8cfa681e7e7f,a9303266-9a76-4ecc-80e1-2f0013817aec,bdfbec09-02b6-43e1-834e-c6f25f2250da,egg,1239923458738,12,22.5,20.44,270.0,bdd4c51e-e07c-42e7-b727-d85d00d994f8,dozen,1
d19114a7-4ffd-4879-8c21-d73d9bdc04e4,73bd2322-3803-4041-8ba4-e629f2c221c0,e76e19e5-ca3c-4ff3-b7b7-4949885b860e,Choc Bar,8721274610581,2,50.0,40.0,100.0,a4fb8af0-18c1-4dc5-a88a-59255effa804,Piece,2
dd77446e-0d5a-4ff3-9603-9c1dd67c4612,73bd2322-3803-4041-8ba4-e629f2c221c0,1ee9644a-ed90-4704-b230-aad125a02878,paradise,8961102504556,2,50.0,41.67,100.0,80f8cdf3-36fb-4dd6-ab2a-b96485a358ef,Piece,2
4603adb7-ff21-43c4-9fbe-5ce7e214d38e,73bd2322-3803-4041-8ba4-e629f2c221c0,e7f52d36-4cb9-434f-92f5-9a9cc3b241d4,SUNSILK,8961014266542,2,5.0,2.5,10.0,0dc43a87-d820-4044-b929-de91c0571eff,Piece,2
6e908e1b-04cd-40f6-a316-3f3a01039ffe,0e996f3d-e297-4c03-990c-b255db730c04,234c787c-e5e2-4047-bb07-95d114219d2e,AQUA DIRE 0.5 Ltr,5901234039710,1,60.0,22.0,60.0,bc7e8655-4e7a-409b-a5c5-6b9e2e262dff,Piece,1
9636ca1d-803b-4752-89a6-5e7cd016d822,0e996f3d-e297-4c03-990c-b255db730c04,b670459a-e326-4490-bf85-c717dd6912df,SLICE APPLE,8964000103104,1,80.0,43.4,80.0,962458d9-d8a4-496e-b26d-a36295416f95,Piece,1
a5986566-4eac-4ccc-94f0-978eddcf91b8,219ca0da-6759-49ef-a7c0-a20caddac54d,1bee7b7d-236e-469a-a255-44a3e71a8282,Cola Next 1L,8964001179016,1,160.0,111.67,160.0,38d9a3e7-6452-4d45-809b-5597e9bfbb7a,Piece,1
e0628549-5bf5-4427-9a8c-5167e94ce11b,335d01f7-947a-4cbd-93b9-4975fdfda1f9,aeec8327-c8e3-49ae-830d-5ae48228671a,DISPOSIBLE GLASS,1233763958519,4,5.0,1.7,20.0,2bc021cb-4f78-4684-ad9e-7fae8bd628d9,Piece,4
8e45161e-1147-442d-a63a-1fd276daaa14,335d01f7-947a-4cbd-93b9-4975fdfda1f9,7439380d-ff71-4b92-b2ff-56899ca87c0d,tridgum,9555407311019,1,10.0,4.09,10.0,b3c50399-f52e-4960-bdd6-5ef8d99c8de1,Piece,1
88cae55a-0d47-4bb5-9206-855ef89b76fe,b8f4d584-8ea8-4887-a0ef-02b929ba6709,53109ff7-89f7-4310-8b54-a08bcb3fe1f7,BONJOUR H$ B,725765019059,1,60.0,31.0,60.0,d4cf5872-cf25-4c27-99ba-efdf91572921,Piece,1
6b30337c-86ee-44ea-82b5-36bd62560570,e06029c5-93e7-4087-9f3e-ebbd05dcbb09,9b8a64b3-0eff-49bd-a7e9-7ae1f4c6211f,Capstan White,89600078,2,15.0,12.5,30.0,2ee97f16-83f8-4fe8-8004-f20228fc010c,piece,2
f6bdea52-7607-4c6c-8e49-3e91428ad9d2,59e27ee5-f918-4b1e-80df-e6076bac41b1,7439380d-ff71-4b92-b2ff-56899ca87c0d,tridgum,9555407311019,1,10.0,4.09,10.0,b3c50399-f52e-4960-bdd6-5ef8d99c8de1,Piece,1
4c1b3e9b-f413-48de-94cc-58a8776ac48a,a34643b2-7c1a-4a37-95d0-d9426308dcf9,382387eb-6272-4738-b2d5-3361fa6fc3ca,Potato Sticks,671866277501,1,50.0,46.25,50.0,bc63250f-fd30-4ca2-a788-3340c09f9c89,Piece,1
962b0d66-68db-40ab-abaf-329af3aeab06,9216ddfb-db10-4701-bc11-fc399e4fe41a,3f550dac-b5c1-4fe5-a86a-e846e4e42f47,Lays FC,8964000090435,1,100.0,91.6,100.0,f2a38d82-ace0-44e5-a46a-ea432df7e748,Piece,1
8b5d763f-4da9-4dc8-9c27-3308a75d6764,ec3a7ccf-cc88-4761-a4a7-bae3c156e384,06634899-2be3-4211-ab2e-7c87f40c8375,bigg apple,1860074054502,1,200.0,155.0,200.0,5081e981-a36e-40de-a0dd-05eb8e03dd9b,Piece,1
47f03dac-223e-4df9-83f5-1415a88d73f1,ec3a7ccf-cc88-4761-a4a7-bae3c156e384,df83db32-d270-4a08-8f67-85f4967a923d,Red & White,89600320,1,10.0,9.5,10.0,4c010ae2-567a-4d9a-a3ee-7be8b0099de4,Piece,1
17699cad-4776-4c57-84dc-5008b79cf387,76371df8-6930-46ca-9b8e-ad69b061d1ea,382387eb-6272-4738-b2d5-3361fa6fc3ca,Potato Sticks,671866277501,1,50.0,46.25,50.0,bc63250f-fd30-4ca2-a788-3340c09f9c89,Piece,1
2b55c178-7132-49f5-a599-efd12f532b9c,76371df8-6930-46ca-9b8e-ad69b061d1ea,cf4ddc79-69f8-4b07-9756-99c625450f8d,Dew 500ML,8964000101094,1,130.0,91.66,130.0,b2834b37-c0ae-46a1-a403-d2aab65cab25,Piece,1
92955eb1-c447-4447-8a81-76aced128e26,881e34a4-21b7-4437-ab5d-21002ad5e1c6,e72cc9fe-22b1-4ea0-b7ba-50b2a81ae9cc,4U Bar Beta,8964000579435,2,20.0,18.33,40.0,19cf5be3-be93-483b-a1f4-a2bb5e331f51,Piece,2
7a9f3e6d-044c-451f-b869-aee3c65c0e88,59a9387d-129d-40ce-9cea-b90b34091b21,477ef534-005d-42fb-9cdb-ae0e6e0e4624,Lays Masala,8964002345595,1,50.0,46.0,50.0,3294cf9e-a80d-4e5a-bb6f-3a8fd4122ffc,Piece,1
530b7055-dc02-4984-8580-f5fd60965da9,59a9387d-129d-40ce-9cea-b90b34091b21,ebecba97-a5dc-432a-a675-b07992cfe188,DUNHILL,89600047,3,40.0,29.0,120.0,e30bac80-5143-46a2-bc24-9d55462bcce4,Piece,3
41edf8e3-804f-41a4-bef1-5caafdedf332,59a9387d-129d-40ce-9cea-b90b34091b21,d8f89ad3-02ac-4798-bd1b-2d1d17aa2b54,kite match stick,745178816045,1,5.0,3.0,5.0,052b3a03-75fd-4be6-97f3-c90634e0f3df,Piece,1
d0bdba79-01b2-41b0-8949-8c32121c2732,6dfbb7e3-0232-4042-b836-4a3520ce605b,296944b9-ea79-469c-8425-f11d6e4b7eed,CAPSTAN RED,1230364618200,3,15.0,12.1,45.0,a1bc6a6f-ad8f-468b-afac-44ec8574811d,Piece,3
bbc7337d-690d-477c-a6be-9a5f43db167b,ab598fa5-e845-40bc-8ca3-1f7aa3926a49,9b8a64b3-0eff-49bd-a7e9-7ae1f4c6211f,Capstan White,89600078,3,15.0,12.5,45.0,2ee97f16-83f8-4fe8-8004-f20228fc010c,piece,3
b874e6db-c0b3-49df-ab74-87ae57a9c4c1,9fd4361b-7cc1-460b-8f4f-25a204032298,b2fa9a08-2130-4d3b-a1f9-f39f694cc18c,Surf Excel S/pack,8961014264760,1,10.0,9.1,10.0,f62c8014-7e26-49a7-9f35-a5eb92f1347c,Piece,1
e1234cde-ce25-4baa-8b1f-9db3c4403163,9fd4361b-7cc1-460b-8f4f-25a204032298,c3551759-c1ef-47f5-b230-77bce4c2f476,Brite s/pack,8886950015279,1,10.0,9.17,10.0,65d64d63-9e6f-4416-9618-7a79123a69a1,Piece,1
ce5cb6f6-16d0-413d-a9ba-368e5b30c253,940e0aa0-c251-4d48-aa6f-091feeef8214,e8505540-bc5f-4cfc-b5ed-1665aa9e2327,COCATEA POPSI,9203457293464,1,30.0,18.33,30.0,0d016da2-c3cd-4611-bcf7-c2be5270f72a,Piece,1
60b20023-7f0d-4773-813a-8879dfe1260c,940e0aa0-c251-4d48-aa6f-091feeef8214,174870e4-ce0b-4aa4-9be0-ff3a22efc133,cappy pulpy,87126754,1,150.0,113.75,150.0,5fd1acd6-c895-40a5-ae45-8c01bc47d39f,Piece,1
52506635-fc36-4196-bb9e-186ff44a813e,b1b2ba4f-0eb8-47d1-9580-a705f3e4d4f8,b670459a-e326-4490-bf85-c717dd6912df,SLICE APPLE,8964000103104,3,80.0,43.4,240.0,962458d9-d8a4-496e-b26d-a36295416f95,Piece,3
0407bc82-c1c2-4013-a88a-6967f9980f7a,a9838641-5157-4a88-bdfc-b8c6b365cd42,296944b9-ea79-469c-8425-f11d6e4b7eed,CAPSTAN RED,1230364618200,1,15.0,12.1,15.0,a1bc6a6f-ad8f-468b-afac-44ec8574811d,Piece,1
d25dafd3-ed65-4eaf-9f6c-5a51b2ed750c,a9838641-5157-4a88-bdfc-b8c6b365cd42,d8f89ad3-02ac-4798-bd1b-2d1d17aa2b54,kite match stick,745178816045,1,5.0,3.0,5.0,052b3a03-75fd-4be6-97f3-c90634e0f3df,Piece,1
bc648864-67ab-4e01-ba37-6066c0c0b077,60cb7917-2e09-449a-abdb-d4dc97a57cd1,8af4077d-37f1-441f-936d-9507cb56ca9d,candy,1232784048698,2,5.0,3.5,10.0,7534df49-d891-461a-8b69-7d03cb9ce755,Piece,2
a3204759-b402-4a4d-b820-f201c4c5b7f3,c27fd1bd-9f8f-4ce9-aaa7-3d60d6a2addf,22d7ac2d-02b9-4e7d-a6f3-3ace2fa824f5,slanty sour,788364955241,1,50.0,41.0,50.0,e289c88a-d6c0-462d-a936-55ecd6c00eca,Piece,1
af4f38fa-816c-4208-845a-861250b6e44d,c27fd1bd-9f8f-4ce9-aaa7-3d60d6a2addf,1c2a3cfc-7953-437c-abf0-008b3405e78c,abc jelly,870572005228,2,5.0,4.5,10.0,887ae168-ea91-4a5e-b5de-68b69583689d,Piece,2
8e92cfec-cc30-4f2f-94c9-3cccd9f78d0c,c27fd1bd-9f8f-4ce9-aaa7-3d60d6a2addf,b2ee0a46-fb84-42ac-9c2f-2bb9dc67ac7e,FV CHAUNSA,8961008223513,1,90.0,62.0,90.0,7bfc2ff1-cf93-485a-bccd-ca7dfa2c7874,Piece,1
a9fa3b29-71d5-44af-bcdc-202078c29c1d,c27fd1bd-9f8f-4ce9-aaa7-3d60d6a2addf,ebecba97-a5dc-432a-a675-b07992cfe188,DUNHILL,89600047,10,40.0,29.0,400.0,e30bac80-5143-46a2-bc24-9d55462bcce4,Piece,10
c136ef7d-d2fd-4677-9f10-57c77706816a,c27fd1bd-9f8f-4ce9-aaa7-3d60d6a2addf,3c8d628b-b789-4305-adc4-a240960e227d,small Cars,1231284218068,1,100.0,45.0,100.0,52d31325-21da-4645-ac37-c325e63f3114,Piece,1
82ef9093-9015-4817-b1e6-3a0fd6f0c407,07282a8e-7b9d-48f9-b193-a9e7545ffc27,e89768c3-9e0e-472e-b8fe-ca33136480e6,lemon max pouch,8886950099514,1,225.0,200.0,225.0,49d66224-083c-4065-82fa-185368c7b179,Piece,1
c8ddeae7-c7e9-41a3-ab64-6688821e0129,07282a8e-7b9d-48f9-b193-a9e7545ffc27,8af4077d-37f1-441f-936d-9507cb56ca9d,candy,1232784048698,1,5.0,3.5,5.0,7534df49-d891-461a-8b69-7d03cb9ce755,Piece,1
c070aad8-7cc5-4f56-8bbf-43390ba7f40e,07282a8e-7b9d-48f9-b193-a9e7545ffc27,af25740f-3f10-435d-88c0-a4f84dd64b0d,tuc,8961003623172,1,10.0,9.06,10.0,d03f37dc-dff5-4d8c-b8f8-7609b1a7153a,Piece,1
e87f6c85-4524-4726-8465-15a27346f4b1,0ca6be09-aa96-43af-9dc8-549d419fa20b,ef701e7b-6537-402c-b1a6-7c7d5dd51c24,gun keychain,ZIC4299008992,1,150.0,31.0,150.0,e5992ad4-74e5-4930-b21c-a32c34e3e4be,Piece,1
dbc2e19e-18b3-4f24-87ad-4238b59fffd3,250e21bb-2818-4d32-bbc3-9e9b1de5523a,5a5154d9-6994-4dee-9011-efd865af1c8f,GOLD LEAF,1232097295550,4,30.0,25.0,120.0,ff8b0ab8-fd25-4bb6-aafb-a79e8e63a846,Piece,4
abf8e295-016a-4d52-bcf7-0b8a064d9ec2,5c815757-d3fb-4417-bc79-8010bad58449,174870e4-ce0b-4aa4-9be0-ff3a22efc133,cappy pulpy,87126754,1,150.0,113.75,150.0,5fd1acd6-c895-40a5-ae45-8c01bc47d39f,Piece,1
4092c7e5-0a3f-4448-9f17-d5e89271bf4d,5c815757-d3fb-4417-bc79-8010bad58449,469ab331-df94-4d2b-a505-e54ce2ead307,oreo chocolate cream,8961003026010,1,40.0,36.0,40.0,48ae1669-8e08-4758-957d-3865c26c32de,Piece,1
48b596fb-b958-4457-8845-67e275cef31d,4a01cae5-7e62-4df8-8b05-87c670ca1382,e1c7461f-fe2c-43cc-b072-ab2fcdd767ed,olper pack,8964000919934,1,100.0,85.0,100.0,610b7a9f-fa8f-480c-8da4-d5bb1121252c,Piece,1
8389fd00-bc6a-4427-a932-25c55622313d,4a01cae5-7e62-4df8-8b05-87c670ca1382,6d5767c4-fdbd-42fa-893e-41ddde84601b,Rahat Pamper 3,4985925672456,2,35.0,22.23,70.0,164a6171-0c52-4883-928f-fba982f24094,Piece,2
0576a412-d076-41c6-aa85-7cca0500ab49,a79554c7-7996-4f06-912d-b9d2f7116221,172b148c-dbb9-445c-ab19-4cdcd2316ffb,Potato Crips,8964000966570,1,60.0,45.0,60.0,a470a7a4-55cf-407d-89d7-539c4be45653,Piece,1
4a2e1479-cc9a-4ed2-bb18-bee8536e95af,a79554c7-7996-4f06-912d-b9d2f7116221,c04374cc-7bb3-429b-9dbb-21eda76aed5e,Coated Peanuts Cheese,8964003812171,1,50.0,41.0,50.0,56706665-ca8a-44bd-a35e-85afee47e7bb,Piece,1
83db7e23-4f9e-48b1-9335-7b1db4be0596,5aa1b6f1-3b88-4550-828c-28c4ca92b548,b774485e-d9ac-4d19-83fd-38f4fbd186be,Ringli,745240202097,1,60.0,45.83,60.0,f34784af-8398-4785-ba46-8eec841cc57d,Piece,1
90e06c66-3d7b-4b11-94bc-d565f34b1433,73203dad-f526-4cb9-b682-620e9ddd847c,8f421553-10c3-4fa2-9e4d-51f5bbc06cbc,KURKURAY TM,8964002347278,2,40.0,36.9,80.0,74737246-4041-42e1-b1a9-1a501d24fe22,Piece,2
8dfd0855-bb5a-4cf8-963f-61ce38ecf6d3,73203dad-f526-4cb9-b682-620e9ddd847c,49d0da8d-0715-45bb-8ed2-bfeb311f210f,lays y$h,8964000103784,1,20.0,17.0,20.0,aa53ae6a-2e7f-4333-8645-91a01ffefc95,Piece,1
e427a227-e27a-4647-bad7-3249bb474148,16479925-3cca-4486-9b11-c8f683514be7,91cf8c74-6420-4655-987f-f80dac76d044,KAINO,958514852427,1,450.0,400.0,450.0,9f0c8108-2868-4bfa-95e0-6584dfe93ce5,Piece,1
2967423d-f413-43db-8750-a44f5cf70d9f,16479925-3cca-4486-9b11-c8f683514be7,36a30f2b-248a-4769-bc28-046500d0daf4,bar,1230421521603,2,10.0,5.0,20.0,9c505cbc-8e3d-4e6a-a8f2-96b2991c3bee,Piece,2
ed267041-d66c-4cca-8b6e-4e6709c2108a,16479925-3cca-4486-9b11-c8f683514be7,052bc035-870d-4abb-8648-338b99bea7d6,MELLO,8964001435525,1,10.0,9.0,10.0,1eb8706e-7c5c-4b63-9af0-311768873056,Piece,1
fe3de15e-5621-41c5-b39f-50fb9532c824,16479925-3cca-4486-9b11-c8f683514be7,85681bdc-ee0e-4592-bf40-94b1d13d0e85,candi,8961003674228,1,10.0,9.0,10.0,b848b8b4-36fc-4af7-bd0d-f7258c18b02c,Piece,1
cf6e0037-9218-4ccd-823d-49401806738d,16479925-3cca-4486-9b11-c8f683514be7,7439380d-ff71-4b92-b2ff-56899ca87c0d,tridgum,9555407311019,1,10.0,4.09,10.0,b3c50399-f52e-4960-bdd6-5ef8d99c8de1,Piece,1
7c549ee8-161d-4ada-a3c6-429eae5f9863,48b876a6-3ae1-4d67-8c84-8244a0eefa0a,296944b9-ea79-469c-8425-f11d6e4b7eed,CAPSTAN RED,1230364618200,3,15.0,12.1,45.0,a1bc6a6f-ad8f-468b-afac-44ec8574811d,Piece,3
db529f38-b3d5-4d4d-8298-ffde1814f84c,48b876a6-3ae1-4d67-8c84-8244a0eefa0a,8af4077d-37f1-441f-936d-9507cb56ca9d,candy,1232784048698,1,5.0,3.5,5.0,7534df49-d891-461a-8b69-7d03cb9ce755,Piece,1
120e4637-9ee2-43a3-a8b3-8adfaba27269,82ee91f3-1f1e-4952-8f3f-721676eb3b75,c75320df-735c-44fe-b32d-46b0170ef53a,Lays Masala,8964000090428,1,100.0,92.3,100.0,b77ba773-b9e7-4763-9761-47c66a223bd9,Piece,1
5eb1bc9b-7c70-4132-9b9f-38eed5974f10,82ee91f3-1f1e-4952-8f3f-721676eb3b75,d708baee-e4e6-44b7-89a0-5214eeebce4f,prince chocolate,8961003612572,1,50.0,45.0,50.0,556d6997-f2ee-4658-8b85-23a47795b274,Piece,1
9073c421-8e35-4b60-925f-2341f6c1a1dc,b0ff6485-8882-4086-8d6d-023b65715fb9,36a30f2b-248a-4769-bc28-046500d0daf4,bar,1230421521603,1,10.0,5.0,10.0,9c505cbc-8e3d-4e6a-a8f2-96b2991c3bee,Piece,1
d67d91a8-6fc1-43c7-b731-29cd7e2c6403,bcd2295c-0b9c-421c-994b-5d14c2f44e00,b125f227-3151-4399-8be1-efc6e40f8f8d,COMB DJ /PIECE,1233543353572,1,30.0,15.0,30.0,e2eca011-e263-4edf-9c9e-bfb94951abef,Piece,1
9ea47ac5-536b-44f6-8f44-89e650a0b15e,bcd2295c-0b9c-421c-994b-5d14c2f44e00,53109ff7-89f7-4310-8b54-a08bcb3fe1f7,BONJOUR H$ B,725765019059,1,60.0,31.0,60.0,d4cf5872-cf25-4c27-99ba-efdf91572921,Piece,1
81ee4a55-eb73-414f-8a0f-ad34817503bd,bcd2295c-0b9c-421c-994b-5d14c2f44e00,5e884914-bb41-4b1f-accc-ce0d6446028c,Cake up choclate,8964004771279,2,30.0,27.0,60.0,3e6c01eb-63f7-4c6c-a9f1-ae60afed6e96,Piece,2
0aea55c0-18d6-46f0-bd02-32b936bd2bcd,bbdfe49b-ba26-405f-8e0a-4290c287cf55,58b5e23c-2fbf-49e9-857a-fd0245e4b537,7up 500ML,8964002343959,1,130.0,91.66,130.0,9ef0b418-16b3-446f-95ba-f5c1931f9e3a,Piece,1
eeefce59-e0dd-438b-84c0-90ed09ce5135,8da31854-a7cf-4ebd-846b-fa11f7ab03ca,aa97af7c-004a-4d47-9db3-a3ba00ee7511,SATEENSOFT TISSUE,8964001596073,1,175.0,150.0,175.0,4c558015-540b-452d-831f-84c3e273b258,Piece,1
5badaea6-525c-41f9-b73f-a3977cf0b927,f3fadd17-775f-477e-ae3c-1ff6ef7826b2,234c787c-e5e2-4047-bb07-95d114219d2e,AQUA DIRE 0.5 Ltr,5901234039710,2,60.0,22.0,120.0,bc7e8655-4e7a-409b-a5c5-6b9e2e262dff,Piece,2
8ee1340e-d041-4e8c-bdd9-cc86c580e823,f3fadd17-775f-477e-ae3c-1ff6ef7826b2,296944b9-ea79-469c-8425-f11d6e4b7eed,CAPSTAN RED,1230364618200,4,15.0,12.1,60.0,a1bc6a6f-ad8f-468b-afac-44ec8574811d,Piece,4
37488426-2680-4f5a-8cf6-19fc3df5db42,addb4b8f-8b8d-4889-9c0f-35f98967a8ab,f9fcff19-aa41-40ab-918f-acc6a74adfbe,envelop card,1236889351851,1,50.0,11.0,50.0,cb9fa7e3-994c-4528-a2b8-1dd5b42f2a10,Piece,1
b576e50e-d0f9-496b-96ee-78808a4a3a91,addb4b8f-8b8d-4889-9c0f-35f98967a8ab,c3551759-c1ef-47f5-b230-77bce4c2f476,Brite s/pack,8886950015279,4,10.0,9.17,40.0,65d64d63-9e6f-4416-9618-7a79123a69a1,Piece,4
2407c26e-8c06-43e7-90a7-bc34a8a76065,addb4b8f-8b8d-4889-9c0f-35f98967a8ab,dff1cf5b-43c0-4680-8382-ae8626dc47af,lifeboy,8961014270624,2,10.0,9.0,20.0,b7a61655-08ca-49d1-8cce-7cd80df1103d,Piece,2
cac50074-41c5-4a5e-9bd2-da8e0aa6062c,81dc26e8-7e57-4c6b-84a1-8f16ad738835,33819376-e267-418a-adf2-b6190c956759,DEW 1.5L,8964000101117,1,210.0,163.3,210.0,f669561e-4418-41a3-9cb7-31974a38d7c4,Piece,1
6ec391be-56c1-40ab-91cc-a76507179727,81dc26e8-7e57-4c6b-84a1-8f16ad738835,aeec8327-c8e3-49ae-830d-5ae48228671a,DISPOSIBLE GLASS,1233763958519,4,5.0,1.7,20.0,2bc021cb-4f78-4684-ad9e-7fae8bd628d9,Piece,4
ca97457b-6c16-4391-adcd-1b474b3a4d58,1631b497-af04-4cc0-9143-5003693ced64,20a6b7b0-b32d-4ef7-a68f-a34e139e6aa7,Fruiten joy Mango,8964000876466,1,70.0,45.41,70.0,0e8ea209-a7c4-4e46-aaf4-45fd453bdec9,Piece,1
24fc2e7b-afd7-443d-8175-9279f8a30a77,1631b497-af04-4cc0-9143-5003693ced64,b8106d87-eb2b-4a4c-bcd9-ebd7b40708e2,lays classic,8964000090596,1,20.0,18.0,20.0,1f70884a-93dd-4a74-954a-95cc02ac4bf6,Piece,1
105a7ed1-7240-41b2-a9af-937213e9d0bc,1631b497-af04-4cc0-9143-5003693ced64,2191b979-dc6b-4487-a5db-4f4248da979b,LAYS CLASSIC,8964002345632,1,30.0,27.66,30.0,6e04bce6-7dc2-422b-aba8-ff080af9ddae,Piece,1
12d742c7-014e-4cdb-b02f-0653d2372c20,1631b497-af04-4cc0-9143-5003693ced64,d0ea7687-1654-4b17-b313-1c89ac741d71,NANKHATAI,8961003669347,1,50.0,45.0,50.0,7c5574a7-3027-4066-a9a4-deb43ded924b,Piece,1
0d359d1c-5e42-4773-b26f-393c25a6f253,891cba83-95c5-4639-84e1-ac06f65a49ef,61208acb-3d9e-41b2-a1ed-a65aef55d3da,knorr chattpatta,8961014038200,2,50.0,47.0,100.0,6911d27f-a24a-40c5-8761-c6954c0a797b,Piece,2
130c84f3-969f-47e5-84b8-f264b4cf10f0,891cba83-95c5-4639-84e1-ac06f65a49ef,7439380d-ff71-4b92-b2ff-56899ca87c0d,tridgum,9555407311019,2,10.0,4.09,20.0,b3c50399-f52e-4960-bdd6-5ef8d99c8de1,Piece,2
3e89128f-a1f1-43ab-9663-fc0fc0b1e21c,730e95a0-90b8-4a71-b6a8-d46220610779,64a3544f-c7d2-4af5-bff5-57ab2133cf59,Dayfresh Pista Zafran,8964000816509,2,150.0,97.5,300.0,d9b92311-dc28-4369-930f-2ef418a42c67,Piece,2
44026c72-ef3c-4802-951c-f5e40d6b4e33,730e95a0-90b8-4a71-b6a8-d46220610779,986fdfa7-0d1f-4581-980f-f56c15fe2708,dayfresh chocolate,8964000816516,1,150.0,97.0,150.0,6922c626-8f0e-463a-aa49-2c8a8df73c59,Piece,1
94bbbaa2-a5a2-4547-bdab-eee754bef1cd,730e95a0-90b8-4a71-b6a8-d46220610779,08d613ea-4400-4b70-a0c4-5b7aa2cb0b66,coke 1 ltr,5449000054227,1,170.0,135.0,170.0,719afd03-f700-4a34-ad24-e310603521cc,Piece,1
2938ce3a-d801-4e83-a3ef-b51439b5e890,730e95a0-90b8-4a71-b6a8-d46220610779,dff1cf5b-43c0-4680-8382-ae8626dc47af,lifeboy,8961014270624,1,10.0,9.0,10.0,b7a61655-08ca-49d1-8cce-7cd80df1103d,Piece,1
3ef26c6c-cd77-4461-bce7-90731da05200,730e95a0-90b8-4a71-b6a8-d46220610779,54d50e5e-c808-4bdf-ae3d-bef310784f59,EVERYDAY POCKET TISSUES,1237505540970,1,20.0,8.0,20.0,c47a9994-3f1a-4ca6-ba9d-78b4c39e02e0,Piece,1
50b65f57-e1ac-417d-ae4c-f6c8a652ca5a,e5429978-c557-4011-9a8a-3f44463e650d,3ec91c94-8be1-4717-8435-6bcd92070dc1,Feast Chocolate,8721274610406,3,100.0,86.1,300.0,b6e97872-e4be-4158-b9ca-3adb4c7c05e7,Piece,3
e88e582d-77c5-4b69-a343-c18aebd8ee89,9c312073-fd2d-4987-ab95-747d0ea3dbab,296944b9-ea79-469c-8425-f11d6e4b7eed,CAPSTAN RED,1230364618200,5,15.0,12.1,75.0,a1bc6a6f-ad8f-468b-afac-44ec8574811d,Piece,5
e44acbcb-37f5-44eb-9c6c-319bdcf6df8a,9c312073-fd2d-4987-ab95-747d0ea3dbab,8af4077d-37f1-441f-936d-9507cb56ca9d,candy,1232784048698,1,5.0,3.5,5.0,7534df49-d891-461a-8b69-7d03cb9ce755,Piece,1
15a0bf89-5661-45f5-a2c2-22fe916e543a,229f65d5-ade7-4772-84ff-24d797be4f04,296944b9-ea79-469c-8425-f11d6e4b7eed,CAPSTAN RED,1230364618200,10,14.0,12.25,140.0,0ea2547b-ff52-4fd2-a713-c4c425c19caa,Half box,1
fcaed50f-7475-4239-add3-54a98af9ffc5,229f65d5-ade7-4772-84ff-24d797be4f04,8af4077d-37f1-441f-936d-9507cb56ca9d,candy,1232784048698,2,5.0,3.5,10.0,7534df49-d891-461a-8b69-7d03cb9ce755,Piece,2
44cb9ecb-d9bc-4c38-8db3-78553038024c,d38c2fee-f8f5-4d8e-852b-634145e99bf8,0b73f4a6-add8-4f4e-a679-6cb22891f884,SOOPER,8964003594107,1,10.0,9.0,10.0,8ab1ca21-f35c-4608-9392-aa2aab76978f,Piece,1
5676d1ec-59c4-4fd7-b567-57ef5e404011,d38c2fee-f8f5-4d8e-852b-634145e99bf8,8d461728-be1b-440c-86ee-f7a31b9a6d27,Chocolatto,870572008007,1,10.0,9.31,10.0,08a6ddec-263a-4d1b-9f75-5a39630e6b76,Piece,1
1b9cad08-d34a-4950-b354-931750e0ffcf,16349ff4-84b3-4835-b0d5-4f902b24af90,8af4077d-37f1-441f-936d-9507cb56ca9d,candy,1232784048698,2,5.0,3.5,10.0,7534df49-d891-461a-8b69-7d03cb9ce755,Piece,2
0d57b292-b6eb-4013-a5ef-0442c3c3ee5f,16349ff4-84b3-4835-b0d5-4f902b24af90,296944b9-ea79-469c-8425-f11d6e4b7eed,CAPSTAN RED,1230364618200,3,15.0,12.1,45.0,a1bc6a6f-ad8f-468b-afac-44ec8574811d,Piece,3
3110c4e4-ca67-41fe-92b3-74efbe50b8e9,16349ff4-84b3-4835-b0d5-4f902b24af90,4ea8ab87-bf13-4523-b83d-509c89f52789,hockey match stick,9231012019358,1,5.0,3.0,5.0,21683564-a53b-4d8c-a0a6-4066d1367085,Piece,1
79db8397-f0ba-42ec-8ce9-88ff5c48adae,b48f79c9-952f-4216-a767-9ff255f2cabd,a887cf42-05fa-4884-bf71-2d0d34f151b7,saba soap,073982200461,1,80.0,72.0,80.0,05a3d16c-6c33-44f2-87ff-71c99621f8b0,Piece,1
22c8b8dc-a353-443d-8eb6-b079eb6aadb4,a3c4a63b-9e11-4777-a75c-949d6b5b466b,2191b979-dc6b-4487-a5db-4f4248da979b,LAYS CLASSIC,8964002345632,1,30.0,27.66,30.0,6e04bce6-7dc2-422b-aba8-ff080af9ddae,Piece,1
df04b235-c92b-461b-a011-460e048e4299,a3c4a63b-9e11-4777-a75c-949d6b5b466b,b8106d87-eb2b-4a4c-bcd9-ebd7b40708e2,lays classic,8964000090596,4,20.0,18.0,80.0,1f70884a-93dd-4a74-954a-95cc02ac4bf6,Piece,4
f350446a-e5ce-4bde-a989-e6929c5d1bc5,a3c4a63b-9e11-4777-a75c-949d6b5b466b,63f00a80-cb39-4cd7-ad56-99bead38d732,Cornetto D CHOCOLATE,8961014033458,1,140.0,122.0,140.0,a8cc5828-8eaf-4462-8806-1c915ddeb88f,Piece,1
b38db4a0-88b8-415a-9de7-73c87b334887,a3c4a63b-9e11-4777-a75c-949d6b5b466b,986fdfa7-0d1f-4581-980f-f56c15fe2708,dayfresh chocolate,8964000816516,1,150.0,97.0,150.0,6922c626-8f0e-463a-aa49-2c8a8df73c59,Piece,1
f9a534bc-b86d-4ff3-b9d5-b35b35f51bb0,a3c4a63b-9e11-4777-a75c-949d6b5b466b,382387eb-6272-4738-b2d5-3361fa6fc3ca,Potato Sticks,671866277501,1,50.0,46.25,50.0,bc63250f-fd30-4ca2-a788-3340c09f9c89,Piece,1
38eef0dd-11c8-43a2-b609-a16d304ecd35,a3c4a63b-9e11-4777-a75c-949d6b5b466b,e8d7abb2-a62f-4b64-8f27-598e40a8513b,COLA NEXT,8964001179023,1,120.0,71.0,120.0,dee6ef51-b227-4a7f-ba38-63878e47fb6d,Piece,1
1ea95017-712a-4969-90e2-bb4c9430ca12,a3c4a63b-9e11-4777-a75c-949d6b5b466b,1185b2f2-4bc3-4b33-85c5-2cc41cb910ed,you chocolate,8961102502521,1,30.0,25.13,30.0,3bdcdadc-1554-47af-b594-99d2cb157656,Piece,1
a1eccb44-5569-49a5-bea9-610867eaa8ca,a3c4a63b-9e11-4777-a75c-949d6b5b466b,39905ed3-9f89-4613-a137-ace26f488a8f,WATERMELON JELLY,8961103501059,1,50.0,45.0,50.0,508f43a1-6b23-4bb2-93c7-890b6c3c5678,Piece,1
ca387661-db87-4fa8-af5b-17aec914185a,db1b7110-fe09-403f-952c-7c383ebf30df,bdfbec09-02b6-43e1-834e-c6f25f2250da,egg,1239923458738,16,22.5,20.0,360.0,1a65cdb6-05dd-4c13-8555-642c6262bc4e,Piece,16
9c14dc5c-c6cc-4b5a-83f7-52e0d165534d,db1b7110-fe09-403f-952c-7c383ebf30df,0f9029ff-b0c8-401f-84ee-ffc632db2610,sweep,3152800478002,2,200.0,150.0,400.0,a23eb44d-7f2c-44fc-b8f0-1ec6ca2cf371,Piece,2
85f06e7e-b814-483a-9fdb-1e11cb17fc30,db1b7110-fe09-403f-952c-7c383ebf30df,ecd1742d-1674-45ad-89c9-dfc55ecd4b8b,head n shoulder,8001841503042,1,470.0,420.0,470.0,84ad7e96-d343-40e9-b78b-5e0c8f91a9b7,Piece,1
732ba0e0-c758-48bf-97c0-6a8cfd1bacd8,db1b7110-fe09-403f-952c-7c383ebf30df,c6e78aa4-a247-4421-9083-0d5ec0a5f914,power plus cell per piece,6924429863487,4,40.0,30.0,160.0,3ca9a970-b002-4cc1-bab5-b5d54d70f6f7,Piece,4
bf77fb64-6d72-4aa5-acfe-eae570fe92cf,db1b7110-fe09-403f-952c-7c383ebf30df,524bdd08-a3a7-4952-ac37-bf36663c0847,Gooral Tooth Brush,6972919086205,1,180.0,100.0,180.0,4a36a861-17f1-4e70-af96-e2f7a4935eae,Piece,1
5627ec78-e0d5-46f9-97fc-317057db983c,db1b7110-fe09-403f-952c-7c383ebf30df,937ced9c-f0ed-4137-bd16-10d9767657cc,turky soop,9235315516262,1,120.0,70.0,120.0,d0e4b023-0512-4c94-bdfd-42860ef5172e,Piece,1
699374c6-c0c0-4268-8592-f01d93dbdd4d,db1b7110-fe09-403f-952c-7c383ebf30df,27ecaf84-a59c-45de-afc8-17d3424cfed9,Earphone small,1233478952567,1,220.0,120.0,220.0,68fa242d-ced7-4d4a-aacd-1efa8d8fcde8,Piece,1
e5e7931a-0c58-471b-b710-381d81b383ab,db1b7110-fe09-403f-952c-7c383ebf30df,5405e3a5-971e-4479-a1ef-553f39774c41,Dr.john Brush,8964001048466,1,200.0,120.0,200.0,09143dbb-24db-40b3-a994-51dc1ac41aed,Piece,1
a327a7f8-7e8b-45d9-963f-8e847314fc65,db1b7110-fe09-403f-952c-7c383ebf30df,9d766c91-c234-49ff-a444-dc9979ba923f,BITE LAYER CAKE,6423116329966,2,60.0,43.3,120.0,b7e9abab-7698-4120-b644-393d3b35bfad,Piece,2
b4afd736-6978-47c6-af9b-540489f2b9e9,db1b7110-fe09-403f-952c-7c383ebf30df,727fb333-3c91-459b-abef-370df5b186a5,cocomo,8961103500236,2,10.0,9.16,20.0,65c14f2c-759a-4b05-aba5-23b13a2b0a6c,Piece,2
e5dd824e-9ee2-4786-a4c4-8608301b4bd4,db1b7110-fe09-403f-952c-7c383ebf30df,052bc035-870d-4abb-8648-338b99bea7d6,MELLO,8964001435525,2,10.0,9.0,20.0,1eb8706e-7c5c-4b63-9af0-311768873056,Piece,2
1560532f-f1ec-44c9-969f-7faa51eea31a,db1b7110-fe09-403f-952c-7c383ebf30df,91cf8c74-6420-4655-987f-f80dac76d044,KAINO,958514852427,1,450.0,400.0,450.0,9f0c8108-2868-4bfa-95e0-6584dfe93ce5,Piece,1
982dd590-db5e-465a-b670-0e34176b0ab6,db1b7110-fe09-403f-952c-7c383ebf30df,9dfba812-5973-41a4-86e5-028f3a56ef0b,Chaunsa Mango HS,8721274610840,1,450.0,360.0,450.0,63e2c6a3-1a94-46fb-a0d4-db8bda413979,Piece,1
9d704749-93eb-45e0-800c-42c92be2bc3d,db1b7110-fe09-403f-952c-7c383ebf30df,dbe69729-2979-45b1-a60e-82260e368587,chocolate,8721274610857,1,500.0,450.0,500.0,7d321e51-c752-4bf0-a1c8-4fbe031da445,Piece,1
69f48696-41fb-4bc3-9fa7-f3728656696a,2c66909c-0e2c-4608-a7af-5d0d0cb5e337,d708baee-e4e6-44b7-89a0-5214eeebce4f,prince chocolate,8961003612572,1,50.0,45.0,50.0,556d6997-f2ee-4658-8b85-23a47795b274,Piece,1
c0beb129-2b6f-47da-996e-019421ce5469,6d9e69aa-9d40-4682-aac5-ca02e0139b22,6b21c075-c752-4bf7-a4c2-2a4c8441c546,sifarish khan,1232255618481,1,30.0,25.0,30.0,289e28e9-66d0-4026-9fd4-67bfa88cb04c,Piece,1
0ac57a25-ec48-4ceb-b3f1-cef063d9bfa4,d4e1a2dc-0887-4bdc-badb-ccd42abf814b,b21064d9-07ce-42e8-8bdf-a7c61df06adb,jet spoort,8721274610482,2,40.0,29.38,80.0,347ee8ca-b35c-456e-a2d3-8c9b2417b33e,Piece,2
bd7d5ddb-e243-416a-89ba-3649efd6606e,42488fa6-64f0-47c6-b75c-7bc78d95fa70,403ea510-fb07-48bc-a730-8f1f2391b3be,STING L,8964000101704,1,140.0,105.8,140.0,7b817808-9ae8-4d8f-9f89-3f3e11cfe183,Piece,1
af93bcf2-4c8f-43f1-89d3-a471dac30f56,46026a3c-08be-407d-9f29-9889d65f3bc6,5a5154d9-6994-4dee-9011-efd865af1c8f,GOLD LEAF,1232097295550,1,30.0,25.0,30.0,ff8b0ab8-fd25-4bb6-aafb-a79e8e63a846,Piece,1
2d2e6148-e3d6-4070-89cd-f053f424c26b,46026a3c-08be-407d-9f29-9889d65f3bc6,6b21c075-c752-4bf7-a4c2-2a4c8441c546,sifarish khan,1232255618481,1,30.0,25.0,30.0,289e28e9-66d0-4026-9fd4-67bfa88cb04c,Piece,1
73da78ac-188e-4c63-9a0f-fe2b5e956ce5,0fce34c8-3e25-4e90-955b-8bdf5c50b470,296944b9-ea79-469c-8425-f11d6e4b7eed,CAPSTAN RED,1230364618200,2,15.0,12.1,30.0,a1bc6a6f-ad8f-468b-afac-44ec8574811d,Piece,2
b76e422d-5939-4da0-a57a-f8a0cd1af18b,4902f388-a1f6-4f1f-9f8b-e112db131546,5a5154d9-6994-4dee-9011-efd865af1c8f,GOLD LEAF,1232097295550,5,30.0,25.0,150.0,ff8b0ab8-fd25-4bb6-aafb-a79e8e63a846,Piece,5
8fc936de-46f9-4fe9-a914-a02821997be8,8f072e89-23ee-434c-9ff0-174fc913b620,e1c7461f-fe2c-43cc-b072-ab2fcdd767ed,olper pack,8964000919934,1,100.0,85.0,100.0,610b7a9f-fa8f-480c-8da4-d5bb1121252c,Piece,1
b984d83a-2f4a-4b03-98f8-bb0920686a76,8f072e89-23ee-434c-9ff0-174fc913b620,477ef534-005d-42fb-9cdb-ae0e6e0e4624,Lays Masala,8964002345595,1,50.0,46.0,50.0,3294cf9e-a80d-4e5a-bb6f-3a8fd4122ffc,Piece,1
10feedd6-bb72-42d5-824d-f3efc58f61aa,8f072e89-23ee-434c-9ff0-174fc913b620,99e1bc74-22b4-456e-a729-5baabbf6dff3,krisko,1456587854243,1,20.0,15.0,20.0,887fe7ef-236c-4d4d-a225-789c008373c8,Piece,1
1b3ae33b-f98e-4b42-8299-2251f17de1a8,8f072e89-23ee-434c-9ff0-174fc913b620,45938d03-d164-4e1c-9912-b5ce93ffd99b,CUP KAKE STREW....,8961101787578,1,20.0,17.1,20.0,8979d3cd-7fa6-4f7c-809c-8812e27f9031,Piece,1
549d1a82-9024-484b-93ad-6162b6983fb6,f5085ede-959b-4a2f-8207-2afe38ddf1c9,9b8a64b3-0eff-49bd-a7e9-7ae1f4c6211f,Capstan White,89600078,2,15.0,12.5,30.0,2ee97f16-83f8-4fe8-8004-f20228fc010c,piece,2
61e335f8-7671-46ee-8cce-adff16561b69,131d74fb-2b65-48f0-aee0-67307becdf2d,b670459a-e326-4490-bf85-c717dd6912df,SLICE APPLE,8964000103104,1,80.0,43.4,80.0,962458d9-d8a4-496e-b26d-a36295416f95,Piece,1
30d4b9f3-d525-414a-a67d-b3c9b88b96d0,131d74fb-2b65-48f0-aee0-67307becdf2d,f90716c0-c257-43d7-bd86-41d0c90f56db,MILCOLU,8961003602016,1,40.0,35.38,40.0,117ff4ac-0b90-4025-a4dc-63af9aabaef5,Piece,1
edc443c4-e454-4456-a516-a74755e5b6e7,ba06f3b2-2423-4794-8f1b-11b39ba87369,296944b9-ea79-469c-8425-f11d6e4b7eed,CAPSTAN RED,1230364618200,3,15.0,12.1,45.0,a1bc6a6f-ad8f-468b-afac-44ec8574811d,Piece,3
7f449289-ea57-4147-936a-fc93c3c43b46,ba06f3b2-2423-4794-8f1b-11b39ba87369,4ea8ab87-bf13-4523-b83d-509c89f52789,hockey match stick,9231012019358,1,5.0,3.0,5.0,21683564-a53b-4d8c-a0a6-4066d1367085,Piece,1
bfaba1cc-1f97-49af-a8ae-22387230100d,d7eed6bc-42f2-4ace-821c-974453a6cacf,296944b9-ea79-469c-8425-f11d6e4b7eed,CAPSTAN RED,1230364618200,3,15.0,12.1,45.0,a1bc6a6f-ad8f-468b-afac-44ec8574811d,Piece,3
8b5bd501-0983-48fe-b62b-242cc144e6b9,d7eed6bc-42f2-4ace-821c-974453a6cacf,8af4077d-37f1-441f-936d-9507cb56ca9d,candy,1232784048698,1,5.0,3.5,5.0,7534df49-d891-461a-8b69-7d03cb9ce755,Piece,1
ea968e05-6d01-4dad-8dee-2dafdd6e98e5,16e93ec8-48f7-4259-aa94-5e549ce26d06,44689326-5a50-45a4-89c9-4f9091c4b136,KUR KURE,8964002346288,1,70.0,57.3,70.0,4ccbb2d8-26dd-4f48-82f7-2066fc07e6e5,Piece,1
bdd025fb-060f-42f4-83d4-d74656021f2c,16e93ec8-48f7-4259-aa94-5e549ce26d06,403ea510-fb07-48bc-a730-8f1f2391b3be,STING L,8964000101704,1,140.0,105.8,140.0,7b817808-9ae8-4d8f-9f89-3f3e11cfe183,Piece,1
5de8d7ca-2a80-4fb8-b6ce-78438f12a526,1f83978d-347e-49e3-ae69-86835cc431a9,5a5154d9-6994-4dee-9011-efd865af1c8f,GOLD LEAF,1232097295550,6,30.0,25.0,180.0,ff8b0ab8-fd25-4bb6-aafb-a79e8e63a846,Piece,6
efc960c6-cbe6-40b7-9b79-1d10bf53fa72,bc727114-de9b-4557-a659-712a1e263ec4,c64a1504-6118-47aa-8b81-3b3ea038e37b,TOUCH IMP,8964001199021,1,200.0,75.0,200.0,41e21d2b-c555-4a98-94b5-9a584516dbac,Piece,1
088b744a-c67e-48fb-a424-463330ba609c,ef3e7a03-a175-4de7-a2e6-f2e6fcd25fe0,c2c67da4-a52c-482a-9e17-571f55926926,KRISKO,1512141511004,1,100.0,83.0,100.0,87f5d5e7-0c8a-44e5-9587-57a6e3aba032,Piece,1
3ac78e40-afa4-49b2-8155-f91fc4852cf8,ef3e7a03-a175-4de7-a2e6-f2e6fcd25fe0,3e3c4190-ca61-4bd3-b80a-57c2f93a130a,4 U YOGURT,8964000579527,2,50.0,45.0,100.0,c69ca59f-2ecc-4e0d-bea8-71af04322f34,Piece,2
85672276-6eb8-4f4b-b60b-ac9ab601180d,ef3e7a03-a175-4de7-a2e6-f2e6fcd25fe0,a0d9dd33-4b2f-4a0a-add6-a2057a8330c8,ZIA MIX NIMKO,8964002429943,1,100.0,83.33,100.0,70922120-c405-49ff-bafc-fe54e91fdaef,Piece,1
7f809062-c25f-4c09-ac58-9c2f3378afc8,ef3e7a03-a175-4de7-a2e6-f2e6fcd25fe0,5a5154d9-6994-4dee-9011-efd865af1c8f,GOLD LEAF,1232097295550,5,30.0,25.0,150.0,ff8b0ab8-fd25-4bb6-aafb-a79e8e63a846,Piece,5
3b2cc349-576d-4cdb-bc4f-2e8a03cfcb25,ef3e7a03-a175-4de7-a2e6-f2e6fcd25fe0,b774485e-d9ac-4d19-83fd-38f4fbd186be,Ringli,745240202097,1,60.0,45.83,60.0,f34784af-8398-4785-ba46-8eec841cc57d,Piece,1
c571790c-f867-47c5-a158-db50e33c8fc5,bf0697ee-8ceb-4d99-8a3f-cb17814a0a0a,9b8a64b3-0eff-49bd-a7e9-7ae1f4c6211f,Capstan White,89600078,10,13.0,12.1,130.0,3ec2f99f-f561-417b-b39d-23da11570fbc,Half box,1
a7bbe0d4-fafa-47ec-ae06-2f40fe3b646b,bf0697ee-8ceb-4d99-8a3f-cb17814a0a0a,029a9f22-4932-419c-a897-ffe97b6ed059,sprite mint 500ml,5449000253736,1,120.0,90.0,120.0,b03babdb-9804-4c55-bfd7-ff9199515128,Piece,1
9a7d2dc6-5f4f-4112-8c19-d8c90cdcdc56,bf0697ee-8ceb-4d99-8a3f-cb17814a0a0a,8af4077d-37f1-441f-936d-9507cb56ca9d,candy,1232784048698,4,5.0,3.5,20.0,7534df49-d891-461a-8b69-7d03cb9ce755,Piece,4
67dfbec4-6f53-41c4-8681-d388d7d48e39,b58578af-243c-4eca-975d-c0622527f1b9,18badf92-2ff8-4305-b212-d4d01799a09b,mountain Dew 2.5,8964000101124,1,260.0,225.0,260.0,46343243-f566-44b1-aead-ef6428a24ab6,Piece,1
b036e366-a0fd-4f8f-b24e-d78bc9c4b9bc,9ed275aa-3155-4e48-9c21-51741005a2e0,df83db32-d270-4a08-8f67-85f4967a923d,Red & White,89600320,10,10.0,9.5,100.0,9906134c-2d34-42ea-8503-8a4aeb21af05,Half Box,1
5601aa7a-f1a1-4f61-b5c0-223647429e80,9ed275aa-3155-4e48-9c21-51741005a2e0,8f421553-10c3-4fa2-9e4d-51f5bbc06cbc,KURKURAY TM,8964002347278,1,40.0,36.9,40.0,74737246-4041-42e1-b1a9-1a501d24fe22,Piece,1
ba9533b7-7f23-4ba0-a253-d9d50e19c42a,9ed275aa-3155-4e48-9c21-51741005a2e0,a0941064-a8d4-4b07-8c5e-7bb182240989,Rio Strawberry,8964002526192,1,20.0,18.0,20.0,a982b713-9cb9-4b6b-9e03-4d99fd852224,Piece,1
26b21d10-9044-40f1-a23c-1927a0e806ea,9ed275aa-3155-4e48-9c21-51741005a2e0,f9e4c368-c027-4ef0-8368-aff156b4b9b2,Prince chocolate ,8961003614637,1,20.0,18.0,20.0,26f8682b-a9f1-4f34-a18d-82af20fbdc08,Piece,1
d57e1f7b-c95a-4897-a2be-ab1fa230cd95,9ed275aa-3155-4e48-9c21-51741005a2e0,403ea510-fb07-48bc-a730-8f1f2391b3be,STING L,8964000101704,1,140.0,105.8,140.0,7b817808-9ae8-4d8f-9f89-3f3e11cfe183,Piece,1
6717237c-8573-4077-a8f2-1a879d44d94a,25b897ee-2281-45cb-9334-5192f44d3f68,a7fcee9f-5f78-4516-9707-487140348ce3,Gave nector ,8964000876152,2,90.0,62.08,180.0,adc344b9-9afa-40d9-922c-5b43e2a7c43f,Piece,2
2acd91c7-0b6b-42a2-a765-f780223a1c75,25b897ee-2281-45cb-9334-5192f44d3f68,3576a48f-6330-4bcd-bf54-7383eca28c85,FV RED GRAPES,8961008222776,1,90.0,67.0,90.0,265a895e-8fbc-4bf6-843c-c03e044903d6,Piece,1
7fbbb7c6-7412-4dd4-b606-68c9693532f9,25b897ee-2281-45cb-9334-5192f44d3f68,3ab410a2-c572-4e62-9150-30596e155606,Sooper Soft Bakes,8964004771002,3,40.0,36.0,120.0,968c42f8-6f12-4100-8cd9-a8c15b5d2e0c,Piece,3
ef66ce48-2245-4b35-9fb8-6d013772cfa1,25b897ee-2281-45cb-9334-5192f44d3f68,6b21c075-c752-4bf7-a4c2-2a4c8441c546,sifarish khan,1232255618481,1,30.0,25.0,30.0,289e28e9-66d0-4026-9fd4-67bfa88cb04c,Piece,1
c7f7f1d0-b076-4802-a42c-888822e19c1d,09850efa-a8a0-4ca7-b166-8c956a28b07f,7794b2d9-b07a-46be-8246-8961363365f9,Raniu,8964002997916,1,150.0,95.83,150.0,e31daf12-8420-4114-a15b-e870707dde0f,Piece,1
91bb65eb-747d-4204-8d4f-cf08da219197,09850efa-a8a0-4ca7-b166-8c956a28b07f,296944b9-ea79-469c-8425-f11d6e4b7eed,CAPSTAN RED,1230364618200,1,15.0,12.1,15.0,a1bc6a6f-ad8f-468b-afac-44ec8574811d,Piece,1
49bab722-632a-4246-8572-ffb4a4551f03,09850efa-a8a0-4ca7-b166-8c956a28b07f,5a5154d9-6994-4dee-9011-efd865af1c8f,GOLD LEAF,1232097295550,3,30.0,25.0,90.0,ff8b0ab8-fd25-4bb6-aafb-a79e8e63a846,Piece,3
9ff0434a-cd86-4f9c-977c-a62393561fb6,09850efa-a8a0-4ca7-b166-8c956a28b07f,8af4077d-37f1-441f-936d-9507cb56ca9d,candy,1232784048698,1,5.0,3.5,5.0,7534df49-d891-461a-8b69-7d03cb9ce755,Piece,1
8f45cafe-b1d9-4deb-950f-56899686513d,5bdb9359-f558-49b9-9389-937c73dcdf18,296944b9-ea79-469c-8425-f11d6e4b7eed,CAPSTAN RED,1230364618200,20,12.5,12.1,250.0,e9169ce5-618b-4046-9957-a321013f7b75,box,1
9b820c0a-2ed2-4d4c-b253-86076788fdfd,dd51d4db-2cb1-42e8-8e23-f1bfe61fc73d,c394cc41-51cb-49e9-ac0c-65d58bafba88,tops lychee,8964004433115,1,140.0,92.0,140.0,449dfcea-6750-4c24-a42e-9eb08a4f6a25,Piece,1
e2643042-0b63-4bac-b6a2-2ed3bc137292,dd51d4db-2cb1-42e8-8e23-f1bfe61fc73d,12b2be12-d0a6-4da3-804e-f01c740ee3e1,CakeUp D-CHOCOLATE,8964003594084,2,30.0,27.0,60.0,8126f22b-c6b4-4840-8931-403ad63735e6,Piece,2
050ff96b-16f8-47a6-860a-8ca97459d4cc,dd51d4db-2cb1-42e8-8e23-f1bfe61fc73d,19fb2202-9dfc-4599-a043-6cb86016dcf3,cake up triple CHOCO.......,8964003592004,1,50.0,45.66,50.0,15d2421f-7ec6-4110-a1e6-d3c37df25d10,Piece,1
2486d743-e0a2-457d-bf88-2c749c2bc4a0,dd51d4db-2cb1-42e8-8e23-f1bfe61fc73d,727fb333-3c91-459b-abef-370df5b186a5,cocomo,8961103500236,8,10.0,9.16,80.0,65c14f2c-759a-4b05-aba5-23b13a2b0a6c,Piece,8
bedba7ff-bdd6-414d-a439-0bf568a559b7,dd51d4db-2cb1-42e8-8e23-f1bfe61fc73d,dbe69729-2979-45b1-a60e-82260e368587,chocolate,8721274610857,1,500.0,450.0,500.0,7d321e51-c752-4bf0-a1c8-4fbe031da445,Piece,1
aaa5d0d4-fae1-4080-b015-b6eea5cf6019,d82e47bc-b292-48b3-afd9-5a93491820e2,029a9f22-4932-419c-a897-ffe97b6ed059,sprite mint 500ml,5449000253736,1,120.0,90.0,120.0,b03babdb-9804-4c55-bfd7-ff9199515128,Piece,1
cba46ced-6c55-4c60-81b1-2550258e38ae,d82e47bc-b292-48b3-afd9-5a93491820e2,a0d9dd33-4b2f-4a0a-add6-a2057a8330c8,ZIA MIX NIMKO,8964002429943,1,100.0,83.33,100.0,70922120-c405-49ff-bafc-fe54e91fdaef,Piece,1
6def9812-2ab5-408f-8234-7da34e86f014,d82e47bc-b292-48b3-afd9-5a93491820e2,d24bbc5f-3fd1-410d-9a57-74e81ed86362,Zia Peanut,8964003813390,1,50.0,41.6,50.0,cbb97db4-8292-477b-a912-3174dca1594b,Piece,1
92f8fb76-7b9f-4100-85cf-28d53d783b99,d82e47bc-b292-48b3-afd9-5a93491820e2,296944b9-ea79-469c-8425-f11d6e4b7eed,CAPSTAN RED,1230364618200,1,15.0,12.1,15.0,a1bc6a6f-ad8f-468b-afac-44ec8574811d,Piece,1
07e5c4c6-f0d2-49b0-b637-6fbba9eeb767,d82e47bc-b292-48b3-afd9-5a93491820e2,8af4077d-37f1-441f-936d-9507cb56ca9d,candy,1232784048698,1,5.0,3.5,5.0,7534df49-d891-461a-8b69-7d03cb9ce755,Piece,1
67b6bda6-1e1f-42a2-b2b6-d7be3e504a40,c1e353e7-6728-4751-b10f-378def34be8e,296944b9-ea79-469c-8425-f11d6e4b7eed,CAPSTAN RED,1230364618200,2,15.0,12.1,30.0,a1bc6a6f-ad8f-468b-afac-44ec8574811d,Piece,2
91f47197-fce1-4eb5-adee-4b0af5b4a215,c1e353e7-6728-4751-b10f-378def34be8e,56d5e883-e49d-4307-82ff-562afdcd1065,VIVA ICE,725765800428,1,40.0,24.0,40.0,81d3b3a9-e65a-4bf4-9c17-a37fe061261f,Piece,1
e7ab7666-5112-4847-ae25-961f94165ea9,63949cca-174e-4183-9ed0-1394e8bbfc07,16aaea48-fe9c-4a96-8c0e-5fa79cd3fca1,cocomo,8961103500359,1,10.0,9.5,10.0,60a15580-472f-4b42-8bb2-2863cf1872c0,Piece,1
366cfbda-8460-47ad-a5b8-97cb9d6c3ad6,63949cca-174e-4183-9ed0-1394e8bbfc07,36a30f2b-248a-4769-bc28-046500d0daf4,bar,1230421521603,1,10.0,5.0,10.0,9c505cbc-8e3d-4e6a-a8f2-96b2991c3bee,Piece,1
c3285b81-3bbb-48df-85d1-3979bf7de421,63949cca-174e-4183-9ed0-1394e8bbfc07,e101e5a8-3410-4e60-af94-bbe948876ffd,CANDY ORIGINAL,8961003679759,1,50.0,44.5,50.0,1391b547-210a-4a66-a3ca-93d482b74abf,Piece,1
18f9effb-ffa2-4b06-b4c4-d2ce66263e7f,a4fac7c8-d6f3-485b-a225-bcd40e366854,296944b9-ea79-469c-8425-f11d6e4b7eed,CAPSTAN RED,1230364618200,6,15.0,12.1,90.0,a1bc6a6f-ad8f-468b-afac-44ec8574811d,Piece,6
ffe57a1e-ce5e-42ff-87e6-ad2965cc7a41,2dc20bfb-6ab5-4425-9e86-6daf70f5dc19,5f944213-1ecb-49ed-9132-155c538f653f,8964003812140,8964003812140,2,20.0,8.0,40.0,2baead40-bebd-4b19-b515-40c05758f457,Piece,2
51d82d54-ae3b-4740-88b1-ec30c00e1887,360d0cee-05fc-4883-9708-585a20367fa9,296944b9-ea79-469c-8425-f11d6e4b7eed,CAPSTAN RED,1230364618200,20,12.5,12.1,250.0,e9169ce5-618b-4046-9957-a321013f7b75,box,1
6eb87ad9-0080-400e-8b4f-8c9a13e706c6,b69d10f0-f65e-4cb9-810e-638f628ae701,3ab410a2-c572-4e62-9150-30596e155606,Sooper Soft Bakes,8964004771002,2,40.0,36.0,80.0,968c42f8-6f12-4100-8cd9-a8c15b5d2e0c,Piece,2
5c4dd1bd-9085-499c-97ff-d9847d918c98,b69d10f0-f65e-4cb9-810e-638f628ae701,e8d89fdc-a014-4aef-a350-286553b48eb4,frisky orange wafears,8965310055138,2,30.0,24.9,60.0,8c4feed7-26bd-44b6-9720-4f26bb14bb93,Piece,2
33c7d33e-7c8f-484b-84f5-caf544f1239a,b69d10f0-f65e-4cb9-810e-638f628ae701,727fb333-3c91-459b-abef-370df5b186a5,cocomo,8961103500236,2,10.0,9.16,20.0,65c14f2c-759a-4b05-aba5-23b13a2b0a6c,Piece,2
1a4e9c9f-6b9d-459b-a823-019131cd5bec,b69d10f0-f65e-4cb9-810e-638f628ae701,8af4077d-37f1-441f-936d-9507cb56ca9d,candy,1232784048698,4,5.0,3.5,20.0,7534df49-d891-461a-8b69-7d03cb9ce755,Piece,4
f860c8e2-a0f3-47b3-96a6-d6a885a4793a,df788d83-ed7d-4665-a011-916e6d7b51d9,5a5154d9-6994-4dee-9011-efd865af1c8f,GOLD LEAF,1232097295550,20,25.0,24.5,500.0,38175889-2f66-461f-8e62-69907628ca63,Box,1
8fcacb7c-e320-401b-8fbf-1cc505a35054,df788d83-ed7d-4665-a011-916e6d7b51d9,e00b6186-90a0-4108-98fe-2bcee3d5fb15,POWER FULL,5904003285240,2,250.0,142.0,500.0,85c31903-56af-4373-9159-2fa28c2ebf37,Piece,2
a8e918ff-3da2-4439-b4aa-1af3781006bc,df788d83-ed7d-4665-a011-916e6d7b51d9,0030e6f8-ce9d-4dcb-b07d-b979d0eacb40,lighter g,1235472321332,1,50.0,25.0,50.0,117efac9-2e8f-457b-a08e-e3c4794fe368,Piece,1
30fc4578-9172-4441-9d18-6450531ea0d4,8cf7dea3-a48c-4c6d-9628-04b8c86ed242,e07be54a-ef99-4d68-97db-58a730462337,MILANO,815082008130,1,200.0,165.0,200.0,a85e2866-0d3f-4bd2-80f6-a598982e48e0,Box,1
408a0ed9-5052-4f3d-a1a4-5b3f08256c46,5e9b6417-5355-45b1-ab16-8189498fdc66,8af4077d-37f1-441f-936d-9507cb56ca9d,candy,1232784048698,2,5.0,3.5,10.0,7534df49-d891-461a-8b69-7d03cb9ce755,Piece,2
f80a4af1-05d7-4427-b4b9-84d18a9fdbcd,c51a7190-7ea5-4926-b07c-2c3888443725,91ffc46b-44fc-4d7b-823e-bc162c9cf24f,bigg apple,1860071012147,1,80.0,54.0,80.0,baa1a505-ea2c-44e0-8a28-0195bd62bbb6,Piece,1
6fcfa3bc-a1af-4064-b201-6dc53082ab6f,c51a7190-7ea5-4926-b07c-2c3888443725,d43a6e92-5604-44fa-b95a-d7a378b93536,Lays FC,8964002345601,1,50.0,46.0,50.0,e707af65-3e99-49c6-83b0-d861d0ecbf1e,Piece,1
fcdf0ff9-b870-4ae7-9517-f41db0fae5c1,c51a7190-7ea5-4926-b07c-2c3888443725,6009f9e7-4e3f-468a-9747-f2a90c2bc207,dayfresh strawberry,8964000816493,1,150.0,97.5,150.0,7c0ff196-8530-453d-a609-64489abbcbcf,Piece,1
f92077ed-752d-42f4-a9bc-ad253cd1d98c,c51a7190-7ea5-4926-b07c-2c3888443725,934bac57-0746-440b-abc8-5913b5919788,bistiks,8961003024016,1,40.0,37.36,40.0,2051ee12-91bc-4418-b071-0f15a5f5944b,Piece,1
4d0d0faf-9466-4eff-b2a9-de178a5b575a,c51a7190-7ea5-4926-b07c-2c3888443725,03cb2c93-1cf5-4097-9dd8-7287afaec200,Predator,5061013968225,1,70.0,53.91,70.0,5706758d-bd03-47db-b19e-4a4b7b1d547d,Piece,1
b924fcda-1468-47f1-8f32-cd5be94ffb38,c51a7190-7ea5-4926-b07c-2c3888443725,5a5154d9-6994-4dee-9011-efd865af1c8f,GOLD LEAF,1232097295550,2,30.0,25.0,60.0,ff8b0ab8-fd25-4bb6-aafb-a79e8e63a846,Piece,2
aca143c1-c15f-4d54-b961-42dcc4884a2c,f5521394-e606-4272-be40-688707e857df,188b0bc1-c811-435d-9cd7-84a6e7787fe1,Zeera plus,8961003642166,1,50.0,43.0,50.0,daae7360-e661-4316-9b57-e301e684f423,Piece,1
023dac35-c597-479b-a91f-591b640affcb,f5521394-e606-4272-be40-688707e857df,df83db32-d270-4a08-8f67-85f4967a923d,Red & White,89600320,1,10.0,9.5,10.0,4c010ae2-567a-4d9a-a3ee-7be8b0099de4,Piece,1
c2b34951-a230-4217-96dc-4d1cf77e13e9,149b728a-0d9b-436b-9068-7d6a1d3905fe,296944b9-ea79-469c-8425-f11d6e4b7eed,CAPSTAN RED,1230364618200,20,12.5,12.1,250.0,e9169ce5-618b-4046-9957-a321013f7b75,box,1
2ec1af84-3f04-4edc-9881-08593c442467,89e770d3-8525-46f3-8ecb-5c8a09052f0e,170998fd-1739-415a-b38c-1943f5edf586,bigg lychee,1860074054595,1,80.0,54.0,80.0,ae77f788-ea9e-49ac-ac6a-45a58d3e336c,Piece,1
b9fb0c34-fc04-47c1-b836-6d4ecc8b6142,89e770d3-8525-46f3-8ecb-5c8a09052f0e,6e7e75f1-4da8-466a-bb9d-538dfae49f5c,golden jotus,8965310055732,1,50.0,41.0,50.0,c4b107ee-31ef-4223-957d-01eaf5eb8d59,Piece,1
b6c865b0-a9f0-412b-9af1-f0617d2c8c28,89e770d3-8525-46f3-8ecb-5c8a09052f0e,36a30f2b-248a-4769-bc28-046500d0daf4,bar,1230421521603,1,10.0,5.0,10.0,9c505cbc-8e3d-4e6a-a8f2-96b2991c3bee,Piece,1
373ebad4-97f2-4268-90cc-cb94e0e02cb0,89e770d3-8525-46f3-8ecb-5c8a09052f0e,85681bdc-ee0e-4592-bf40-94b1d13d0e85,candi,8961003674228,1,10.0,9.0,10.0,b848b8b4-36fc-4af7-bd0d-f7258c18b02c,Piece,1
b1a4795c-ddea-4b84-94da-7bce00bc7874,c4a8ec0e-3ef6-43c4-9de2-d92e4f82bf51,934bac57-0746-440b-abc8-5913b5919788,bistiks,8961003024016,1,40.0,37.36,40.0,2051ee12-91bc-4418-b071-0f15a5f5944b,Piece,1
53420e8d-294b-457a-a9fb-c5624684fb74,c4a8ec0e-3ef6-43c4-9de2-d92e4f82bf51,8af4077d-37f1-441f-936d-9507cb56ca9d,candy,1232784048698,2,5.0,3.5,10.0,7534df49-d891-461a-8b69-7d03cb9ce755,Piece,2
3e3a5a3b-7c24-41c5-9228-c7a44042df8a,90472a74-5026-464d-b7b6-34fde474d597,bdfbec09-02b6-43e1-834e-c6f25f2250da,egg,1239923458738,1,22.5,20.0,22.5,1a65cdb6-05dd-4c13-8555-642c6262bc4e,Piece,1
5180fa2a-a773-4317-945b-528ed350f85e,90472a74-5026-464d-b7b6-34fde474d597,2505a9e6-32d6-425c-8c5d-d31507ce904d,lighter,1236376536280,1,40.0,21.0,40.0,4b1a6d94-51e0-4c20-8be3-f4e43962efbf,Piece,1
a90673d1-2e1e-4d4a-afd4-76ed2573377f,33893cda-4a19-46d4-8075-bba1ab58ee31,12a811e4-5146-4507-b706-822911adc39a,WATER NEXT,8964001179641,1,110.0,61.66,110.0,8116670e-ce80-4204-9159-f51e7cbdda77,Piece,1
0a6d3fb2-b697-46bd-8692-4f5e6eacc263,33893cda-4a19-46d4-8075-bba1ab58ee31,aeec8327-c8e3-49ae-830d-5ae48228671a,DISPOSIBLE GLASS,1233763958519,2,5.0,1.7,10.0,2bc021cb-4f78-4684-ad9e-7fae8bd628d9,Piece,2
0570791f-6b67-4591-8766-9b8a2cc184e8,8ece7f42-0500-48e7-b04b-f2e35f1ab3c2,99e1bc74-22b4-456e-a729-5baabbf6dff3,krisko,1456587854243,1,20.0,15.0,20.0,887fe7ef-236c-4d4d-a225-789c008373c8,Piece,1
e7d01ffa-5145-4d6d-a332-e4d170bca049,8ece7f42-0500-48e7-b04b-f2e35f1ab3c2,af25740f-3f10-435d-88c0-a4f84dd64b0d,tuc,8961003623172,1,10.0,9.06,10.0,d03f37dc-dff5-4d8c-b8f8-7609b1a7153a,Piece,1
ca15e0b4-3885-4cd5-a64d-e3992f4ae75a,8ece7f42-0500-48e7-b04b-f2e35f1ab3c2,1c72d262-1df8-429e-9986-6f2c680389d3,Snacking snacks,2972437277202,1,20.0,15.0,20.0,ffc4c732-949f-486e-a5bf-92ea8a0132c4,Piece,1
2521949d-839d-43f3-9d47-a16f36671262,5e53335f-2f32-4853-b9f7-2290fa7c4b7c,5a5154d9-6994-4dee-9011-efd865af1c8f,GOLD LEAF,1232097295550,1,30.0,25.0,30.0,ff8b0ab8-fd25-4bb6-aafb-a79e8e63a846,Piece,1
143c4181-4226-49cb-ac44-e6755447b141,14ca1f0a-b777-4005-a231-4d856ddc1e13,8af4077d-37f1-441f-936d-9507cb56ca9d,candy,1232784048698,10,5.0,3.5,50.0,7534df49-d891-461a-8b69-7d03cb9ce755,Piece,10
5439d4ee-6ef2-49f4-b582-8905d3968bfb,edc15765-8cb0-4a66-8cee-6955b9cd7831,d8f89ad3-02ac-4798-bd1b-2d1d17aa2b54,kite match stick,745178816045,1,5.0,3.0,5.0,052b3a03-75fd-4be6-97f3-c90634e0f3df,Piece,1
90cce3e7-b099-4569-9f40-b09497ce32d0,edc15765-8cb0-4a66-8cee-6955b9cd7831,9b8a64b3-0eff-49bd-a7e9-7ae1f4c6211f,Capstan White,89600078,3,15.0,12.5,45.0,2ee97f16-83f8-4fe8-8004-f20228fc010c,piece,3
31d29faf-c027-4abb-a625-f6c6c37c224d,77e4f7bf-dd9e-4801-9e6d-529865441f0c,b8106d87-eb2b-4a4c-bcd9-ebd7b40708e2,lays classic,8964000090596,1,20.0,18.0,20.0,1f70884a-93dd-4a74-954a-95cc02ac4bf6,Piece,1
524c6fd2-c066-4ba4-8855-afc1faba83c5,77e4f7bf-dd9e-4801-9e6d-529865441f0c,12b2be12-d0a6-4da3-804e-f01c740ee3e1,CakeUp D-CHOCOLATE,8964003594084,1,30.0,27.0,30.0,8126f22b-c6b4-4840-8931-403ad63735e6,Piece,1
addf223e-6c04-47fb-bfdf-351ebaa3b71d,77e4f7bf-dd9e-4801-9e6d-529865441f0c,727fb333-3c91-459b-abef-370df5b186a5,cocomo,8961103500236,2,10.0,9.16,20.0,65c14f2c-759a-4b05-aba5-23b13a2b0a6c,Piece,2
7ef4c237-245b-4fc6-9dea-8ae3bf16897b,77e4f7bf-dd9e-4801-9e6d-529865441f0c,b8d346e3-9757-4536-b898-55430d1e1041,Rite,8961102508967,1,20.0,18.0,20.0,b6a8eb92-bef0-43df-9d3d-18eeadac5f4b,Piece,1
8f32f975-d04f-45ff-b7ef-227b68e48f5e,77e4f7bf-dd9e-4801-9e6d-529865441f0c,e433e9b7-af19-4259-880e-b957f60e9ace,Yums Sour,870572007444,1,10.0,9.0,10.0,0277bb75-afa1-4184-bb47-605280ed541e,Piece,1
f48db2d4-73d4-41ce-8b50-c3db714f00ca,158f0b21-dc3d-47ce-b2cf-f987c02f49f2,8af4077d-37f1-441f-936d-9507cb56ca9d,candy,1232784048698,4,5.0,3.5,20.0,7534df49-d891-461a-8b69-7d03cb9ce755,Piece,4
83b84f18-8386-4c0b-b486-495f8bf4ed16,c4c27c30-5b8a-4aa8-86dd-f889f942e538,296944b9-ea79-469c-8425-f11d6e4b7eed,CAPSTAN RED,1230364618200,3,15.0,12.1,45.0,a1bc6a6f-ad8f-468b-afac-44ec8574811d,Piece,3
742f5054-0817-4555-8133-b841c769e9bc,c4c27c30-5b8a-4aa8-86dd-f889f942e538,e1afcdc7-c0a6-4f1f-84c2-581f3ba8bac7,CHILLIMILLI,8961103502971,1,50.0,45.1,50.0,2abb5018-a48d-4108-9e06-8d6a5293da2e,Piece,1
14f328bc-428f-44d8-9f3c-01b3ef9b082b,c4c27c30-5b8a-4aa8-86dd-f889f942e538,a473c4e4-24c8-4ec9-82db-c7242daa97e0,WATER NEXT,8964001179672,1,60.0,30.83,60.0,3a50dc54-d5e4-4571-90a1-fd0b685ec012,Piece,1
5415cced-4f37-4afe-98aa-4fe21e8c7ac3,c4c27c30-5b8a-4aa8-86dd-f889f942e538,c5bad393-0791-4cdd-bba3-0b910aef38e0,CHILLIMILLI,8961103500991,2,50.0,45.0,100.0,f32b5fb2-72e8-451f-a4d1-22621e21a03d,Piece,2
3a353cd6-9cba-478a-b749-0405b8c675a8,e88a1e57-1c52-48b8-bc98-a3057839ef5e,53109ff7-89f7-4310-8b54-a08bcb3fe1f7,BONJOUR H$ B,725765019059,1,60.0,31.0,60.0,d4cf5872-cf25-4c27-99ba-efdf91572921,Piece,1
88b39e31-f9c0-4902-a44c-8d35c6aad460,e88a1e57-1c52-48b8-bc98-a3057839ef5e,b5987cf6-eb28-453f-833d-b7adb5c351c4,rio stawberry v,8964004770517,1,50.0,45.0,50.0,9d4a3604-18f9-443d-b8da-9da694eefafe,Piece,1
debed493-1017-4b59-b9f1-84eb08570b9c,84f5a586-2f46-4cbb-8068-a18276baa31f,8af4077d-37f1-441f-936d-9507cb56ca9d,candy,1232784048698,2,5.0,3.5,10.0,7534df49-d891-461a-8b69-7d03cb9ce755,Piece,2
a4885409-596d-4dbd-9bc3-8ec529605655,84f5a586-2f46-4cbb-8068-a18276baa31f,ba790275-119d-4f7a-b9d6-2228bf0d7226,badam makkan,095742223213,1,10.0,4.1,10.0,43a1d058-e491-40ad-a268-fc88b700be34,Piece,1
4c80433b-9c5e-4b2d-87ce-a5498c4a63b8,dae8b02f-f6e3-40f2-808c-390d2b49536c,b5987cf6-eb28-453f-833d-b7adb5c351c4,rio stawberry v,8964004770517,3,50.0,45.0,150.0,9d4a3604-18f9-443d-b8da-9da694eefafe,Piece,3
2581a6c1-72cf-499d-b1a6-24b786b40b12,5cabb8af-ac28-4640-aa6e-47b93f9d02ac,9b8a64b3-0eff-49bd-a7e9-7ae1f4c6211f,Capstan White,89600078,2,15.0,12.5,30.0,2ee97f16-83f8-4fe8-8004-f20228fc010c,piece,2
3e44008a-1dd5-45fe-a4a6-1a0794547143,5cabb8af-ac28-4640-aa6e-47b93f9d02ac,d8f89ad3-02ac-4798-bd1b-2d1d17aa2b54,kite match stick,745178816045,2,5.0,3.0,10.0,052b3a03-75fd-4be6-97f3-c90634e0f3df,Piece,2
ea045905-41b4-41df-82eb-4b13fa3386b1,5cabb8af-ac28-4640-aa6e-47b93f9d02ac,8af4077d-37f1-441f-936d-9507cb56ca9d,candy,1232784048698,2,5.0,3.5,10.0,7534df49-d891-461a-8b69-7d03cb9ce755,Piece,2
4ea15555-798d-45df-88ae-477064b83f6f,db60d376-523f-4a0d-a82a-8465fee1c9a2,d0ea7687-1654-4b17-b313-1c89ac741d71,NANKHATAI,8961003669347,1,50.0,45.0,50.0,7c5574a7-3027-4066-a9a4-deb43ded924b,Piece,1
df171b3f-3ae6-42a6-851a-03df18b68fa1,dddffc49-f760-4127-98f0-5b3f62059fe7,9b8a64b3-0eff-49bd-a7e9-7ae1f4c6211f,Capstan White,89600078,3,15.0,12.5,45.0,2ee97f16-83f8-4fe8-8004-f20228fc010c,piece,3
d62425de-8b3e-40b3-a53b-a0191837754f,dddffc49-f760-4127-98f0-5b3f62059fe7,8af4077d-37f1-441f-936d-9507cb56ca9d,candy,1232784048698,1,5.0,3.5,5.0,7534df49-d891-461a-8b69-7d03cb9ce755,Piece,1
4595a03c-fd3a-452e-9b8a-a8a87f45b9ff,ea4f52d5-8cdf-43a4-979b-4d979002dded,5a5154d9-6994-4dee-9011-efd865af1c8f,GOLD LEAF,1232097295550,1,30.0,25.0,30.0,ff8b0ab8-fd25-4bb6-aafb-a79e8e63a846,Piece,1
bf2f821b-1925-4020-929f-ebc7771beeb2,ea4f52d5-8cdf-43a4-979b-4d979002dded,8af4077d-37f1-441f-936d-9507cb56ca9d,candy,1232784048698,2,5.0,3.5,10.0,7534df49-d891-461a-8b69-7d03cb9ce755,Piece,2
cca88030-83a3-4638-bbf0-cfd9ff887e38,12cd17a4-d9a6-4349-a3a0-209a52597180,516f6a75-e3b0-4123-96d7-eb589e349703,dew 1000ml,8964000101100,1,170.0,133.3,170.0,483c3968-31f4-4b20-bc46-770ced8b1ab2,Piece,1
ad0d4ef7-aefa-4ab3-bfd2-227d621b3547,0b013b86-c9fa-4c0d-bc09-8d75389937c9,b774485e-d9ac-4d19-83fd-38f4fbd186be,Ringli,745240202097,1,60.0,45.83,60.0,f34784af-8398-4785-ba46-8eec841cc57d,Piece,1
77d53f15-7f6a-4ba5-b0d7-6f03cf4c2716,0b013b86-c9fa-4c0d-bc09-8d75389937c9,e7bb27c1-bd26-4412-b66a-aa1baf0cb1fd,Elfy,1231473425567,1,30.0,12.0,30.0,9c05f1c3-40ab-43d3-bc49-c9c2d37a7f86,Piece,1
d5c2696a-4d9a-4128-a73c-bd27ecb4d404,0b013b86-c9fa-4c0d-bc09-8d75389937c9,14b503d3-18f4-4069-9643-d9de9dd703e7,every day original,8961008217604,1,800.0,725.0,800.0,03c69d70-ffac-4a7e-906a-016fe1fcbacf,Piece,1
a5ccc364-7147-4da8-8cef-7d2e0f36f0a6,fdbaaeaf-d4ce-4b2e-9823-1390788f3152,1a9db450-bde7-4119-ba96-710c52c9a641,Tops Mango,2020042410108,2,140.0,91.6,280.0,26de4e9f-5c5a-4d98-83d4-2454e112bb9d,Piece,2
942c34ee-42aa-4675-90af-d98076f8d3e2,483caa31-a150-44ab-ad31-1b01f54309d2,08d613ea-4400-4b70-a0c4-5b7aa2cb0b66,coke 1 ltr,5449000054227,1,170.0,135.0,170.0,719afd03-f700-4a34-ad24-e310603521cc,Piece,1
c3e199d4-6071-4e02-8110-353ec06f19cb,483caa31-a150-44ab-ad31-1b01f54309d2,296944b9-ea79-469c-8425-f11d6e4b7eed,CAPSTAN RED,1230364618200,4,15.0,12.1,60.0,a1bc6a6f-ad8f-468b-afac-44ec8574811d,Piece,4
2f86efb9-c18e-4ef9-9a4d-8482fe13baed,d94548f0-0305-4393-b1da-e94d544b7cd6,b21064d9-07ce-42e8-8bdf-a7c61df06adb,jet spoort,8721274610482,3,40.0,29.38,120.0,347ee8ca-b35c-456e-a2d3-8c9b2417b33e,Piece,3
a09cc61e-1f46-4e36-8e97-4ed3345bfd2c,949a8243-91da-453d-a7e1-25b21ce856d0,bdfbec09-02b6-43e1-834e-c6f25f2250da,egg,1239923458738,12,22.5,20.44,270.0,bdd4c51e-e07c-42e7-b727-d85d00d994f8,dozen,1
c08cbb2c-8e66-4c5f-9780-7bc552f2a387,39e34896-54c0-4176-aaf8-065af1a96ba7,4404add7-650b-495c-a430-eaa9a8279e83,milk pak,ZIC1031267056,1,100.0,89.0,100.0,b9cbf414-1a8e-4204-84e2-160fdf652088,Piece,1
7b8977fa-1673-44c7-b3ae-ac5b82666684,39e34896-54c0-4176-aaf8-065af1a96ba7,234c787c-e5e2-4047-bb07-95d114219d2e,AQUA DIRE 0.5 Ltr,5901234039710,1,60.0,22.0,60.0,bc7e8655-4e7a-409b-a5c5-6b9e2e262dff,Piece,1
7566733a-3bd3-4afe-8ac8-ddae74c61066,e0875b40-4db9-499b-858d-ac6cd27de463,a0f38cba-bf11-4b24-a46c-4e57dc17f0bb,lemon max dish-w bar,8886950072432,1,35.0,33.0,35.0,474aa89a-74fa-49ca-a0be-bb3102d11f0b,Piece,1
6405df46-436b-4aac-aaae-e9cf9c8794b5,f6082e86-d283-4c24-bd2a-9f3c5f5288a2,be44b289-416b-44a0-8b0b-a8fa12224b0c,bigg apple 500 ml ,1860074051716,1,120.0,79.0,120.0,a0286e3b-c325-40da-999b-ec304d221333,Piece,1
8eb648a5-9362-48a4-8924-0a64ef557013,f6082e86-d283-4c24-bd2a-9f3c5f5288a2,8af4077d-37f1-441f-936d-9507cb56ca9d,candy,1232784048698,4,5.0,3.5,20.0,7534df49-d891-461a-8b69-7d03cb9ce755,Piece,4
e3b80a90-acdb-47bb-a877-8adecfd47aa1,b9a4ad12-7f44-4353-8e49-a0431242da17,b71c8677-a870-40f7-8083-7514bc778b06,pantene,8001841918570,2,5.0,4.5,10.0,b5a88c6a-82e0-4cec-8222-b9465b91e643,Piece,2
25cd9710-06fe-4cf1-b358-e56153cc3b35,b9a4ad12-7f44-4353-8e49-a0431242da17,a0f38cba-bf11-4b24-a46c-4e57dc17f0bb,lemon max dish-w bar,8886950072432,1,35.0,33.0,35.0,474aa89a-74fa-49ca-a0be-bb3102d11f0b,Piece,1
1eed9e49-9643-40f9-97a9-191218c14e80,b9a4ad12-7f44-4353-8e49-a0431242da17,c3551759-c1ef-47f5-b230-77bce4c2f476,Brite s/pack,8886950015279,2,10.0,9.17,20.0,65d64d63-9e6f-4416-9618-7a79123a69a1,Piece,2
1c523aa3-c429-4522-a55c-727d24c29b78,f582927f-7958-4d48-8a4d-b968afbe5205,296944b9-ea79-469c-8425-f11d6e4b7eed,CAPSTAN RED,1230364618200,2,15.0,12.1,30.0,a1bc6a6f-ad8f-468b-afac-44ec8574811d,Piece,2
735c6f17-1af5-48e5-9456-6b6194b7b1c2,554bf723-5887-4259-a866-a80656b309d2,08d613ea-4400-4b70-a0c4-5b7aa2cb0b66,coke 1 ltr,5449000054227,1,170.0,135.0,170.0,719afd03-f700-4a34-ad24-e310603521cc,Piece,1
4510a15b-b7e0-418e-90d3-932c48b1d964,554bf723-5887-4259-a866-a80656b309d2,9e73246d-b818-48a5-ab53-17dba5978e4c,GALA,8961003020520,1,30.0,27.0,30.0,c25c4be2-e397-401a-9b3c-294470d6e84b,Piece,1
8428c1ec-4c57-4376-a31b-0609fab9c761,554bf723-5887-4259-a866-a80656b309d2,188b0bc1-c811-435d-9cd7-84a6e7787fe1,Zeera plus,8961003642166,1,50.0,43.0,50.0,daae7360-e661-4316-9b57-e301e684f423,Piece,1
ac4cd648-3487-4ac6-8904-26e18f1b9f40,554bf723-5887-4259-a866-a80656b309d2,aeec8327-c8e3-49ae-830d-5ae48228671a,DISPOSIBLE GLASS,1233763958519,4,5.0,1.7,20.0,2bc021cb-4f78-4684-ad9e-7fae8bd628d9,Piece,4
40721087-d48c-499a-aee7-225cdca982d4,5092569e-ecd0-4df1-940d-c54ad1c5a084,8af4077d-37f1-441f-936d-9507cb56ca9d,candy,1232784048698,2,5.0,3.5,10.0,7534df49-d891-461a-8b69-7d03cb9ce755,Piece,2
81a0c027-7a87-44ec-a875-1bc06d35d120,02cf6f08-2d22-4177-817c-665a34e8e330,64a3544f-c7d2-4af5-bff5-57ab2133cf59,Dayfresh Pista Zafran,8964000816509,2,150.0,97.5,300.0,d9b92311-dc28-4369-930f-2ef418a42c67,Piece,2
22219fa1-7ced-47e1-8d95-eef5f090e598,3539c083-72d1-40fa-affe-527e58386e71,99e1bc74-22b4-456e-a729-5baabbf6dff3,krisko,1456587854243,2,20.0,15.0,40.0,887fe7ef-236c-4d4d-a225-789c008373c8,Piece,2
713e2227-03fa-4cba-ac26-b1567fc7db85,3539c083-72d1-40fa-affe-527e58386e71,8d461728-be1b-440c-86ee-f7a31b9a6d27,Chocolatto,870572008007,1,10.0,9.31,10.0,08a6ddec-263a-4d1b-9f75-5a39630e6b76,Piece,1
b55eeeee-1feb-4b42-a8e4-3a5e3a792794,d93e0b5a-3805-4e35-98bc-f184e4b73468,c3551759-c1ef-47f5-b230-77bce4c2f476,Brite s/pack,8886950015279,3,10.0,9.17,30.0,65d64d63-9e6f-4416-9618-7a79123a69a1,Piece,3
21cca508-6bc9-4af3-bbd1-43cefee4b7a1,d93e0b5a-3805-4e35-98bc-f184e4b73468,587b9449-c4ea-44cf-8126-8c8a34925d23,goodday razor,ZIC2251223154,1,40.0,30.0,40.0,f4c2eb9a-370f-4888-9943-cf63cec62438,piece,1
a20c649d-66d6-4293-8829-713532996a05,8563a7cc-90bf-48bd-af15-c7c928dcbe39,e8d7abb2-a62f-4b64-8f27-598e40a8513b,COLA NEXT,8964001179023,1,120.0,71.0,120.0,dee6ef51-b227-4a7f-ba38-63878e47fb6d,Piece,1
a5ebe088-bef7-4109-81e0-7b36031f02fd,95e99f99-1709-402d-8105-f49a93fefcea,30e73934-8b1f-4e5b-8a7e-459183ab89ff,BENSON & HEDGES,95010526,20,15.0,14.0,300.0,bd464178-34a5-4c51-ab7a-fb38e14501f9,Box,1
518b112a-b050-47d3-b458-0f7a1835649e,69fb2055-61d8-4af3-b7b3-90f2523760e9,9b8a64b3-0eff-49bd-a7e9-7ae1f4c6211f,Capstan White,89600078,3,15.0,12.5,45.0,2ee97f16-83f8-4fe8-8004-f20228fc010c,piece,3
53c2d4b1-c7da-491d-be4f-0dc409d16d3b,69fb2055-61d8-4af3-b7b3-90f2523760e9,d8f89ad3-02ac-4798-bd1b-2d1d17aa2b54,kite match stick,745178816045,1,5.0,3.0,5.0,052b3a03-75fd-4be6-97f3-c90634e0f3df,Piece,1
6ca3ddd8-70c9-49ab-a9c0-73cdc3c30947,f6c0745a-6e45-4bad-94a5-719f925bc42a,88103612-577a-4e83-a77b-c9e56607f88d,Biff  Land Cake,6446374180452,1,70.0,43.0,70.0,254710fc-7b42-47cc-b934-c970ad63b9e0,Piece,1
ea1759ff-7fab-4ffa-8b9d-c1c02a391ce2,f6c0745a-6e45-4bad-94a5-719f925bc42a,8f421553-10c3-4fa2-9e4d-51f5bbc06cbc,KURKURAY TM,8964002347278,1,40.0,36.9,40.0,74737246-4041-42e1-b1a9-1a501d24fe22,Piece,1
d4b24417-eeca-450f-9049-de8e1148b1fb,f6c0745a-6e45-4bad-94a5-719f925bc42a,8af4077d-37f1-441f-936d-9507cb56ca9d,candy,1232784048698,2,5.0,3.5,10.0,7534df49-d891-461a-8b69-7d03cb9ce755,Piece,2
bd9114b4-a958-4f41-8ec4-4771f8f02f12,8a8781e5-504e-4d94-baae-22c5288ec275,e07be54a-ef99-4d68-97db-58a730462337,MILANO,815082008130,1,200.0,165.0,200.0,a85e2866-0d3f-4bd2-80f6-a598982e48e0,Box,1
d77f9e5a-8f59-442a-8380-cbfc90e59d5a,72543d35-5b03-42dc-80f2-304618f07119,e101e5a8-3410-4e60-af94-bbe948876ffd,CANDY ORIGINAL,8961003679759,1,50.0,44.5,50.0,1391b547-210a-4a66-a3ca-93d482b74abf,Piece,1
4b8c7efe-66bd-4864-936f-15a6dba27da9,e084d4c5-d8c7-437e-9b1b-89cfc1c5184b,df83db32-d270-4a08-8f67-85f4967a923d,Red & White,89600320,10,10.0,9.5,100.0,9906134c-2d34-42ea-8503-8a4aeb21af05,Half Box,1
b552e2d0-a119-4bf1-a9ff-09955f229765,47096932-cde2-4cba-bed5-fd7480281062,0598f36f-238a-4506-8951-fe60be7df3ee,FUDGE BROWNIE,8961103502773,1,50.0,45.0,50.0,53ef4e3d-eaf3-4057-9164-50a3bf2e6bba,Piece,1
b134b43b-3c95-464a-bb06-2892164dd947,2ef26bfd-0a50-4729-b40f-0b4c9477fb90,d708baee-e4e6-44b7-89a0-5214eeebce4f,prince chocolate,8961003612572,1,50.0,45.0,50.0,556d6997-f2ee-4658-8b85-23a47795b274,Piece,1
db24d2d3-bd4b-4414-9eca-89e3ba047286,2ef26bfd-0a50-4729-b40f-0b4c9477fb90,d43a6e92-5604-44fa-b95a-d7a378b93536,Lays FC,8964002345601,1,50.0,46.0,50.0,e707af65-3e99-49c6-83b0-d861d0ecbf1e,Piece,1
2b51ff6e-1f86-44ce-819c-3349117f4f7b,bcf7da78-86dc-4114-b935-cccc78ad7233,296944b9-ea79-469c-8425-f11d6e4b7eed,CAPSTAN RED,1230364618200,1,15.0,12.1,15.0,a1bc6a6f-ad8f-468b-afac-44ec8574811d,Piece,1
d2fe8d52-3174-4795-8c5b-699960877fd9,bcf7da78-86dc-4114-b935-cccc78ad7233,8af4077d-37f1-441f-936d-9507cb56ca9d,candy,1232784048698,1,5.0,3.5,5.0,7534df49-d891-461a-8b69-7d03cb9ce755,Piece,1
f3c00e50-415e-4e18-b7d6-604d993d6b9b,610d902e-f6e1-474a-9e35-c041caf0eefb,a53ad854-8545-44f3-8147-1b275cce0b86,Glace Peanuts,745240202554,1,50.0,45.0,50.0,24cec4be-aae6-4a8c-89f4-31515df3a896,Piece,1
2a258dd7-524d-4e08-b080-24af574764bb,c6010908-8240-423e-bc55-9420760b2863,e76e19e5-ca3c-4ff3-b7b7-4949885b860e,Choc Bar,8721274610581,4,50.0,40.0,200.0,a4fb8af0-18c1-4dc5-a88a-59255effa804,Piece,4
d7983e61-699d-40d4-8d11-be5e1a4a1f84,96f72fcd-0c03-496c-af19-51e669ae43b7,3ec91c94-8be1-4717-8435-6bcd92070dc1,Feast Chocolate,8721274610406,2,100.0,86.1,200.0,b6e97872-e4be-4158-b9ca-3adb4c7c05e7,Piece,2
ba380388-2b11-45a2-ac5b-53969af2d4c9,7f0cae34-99f5-4264-a7d5-5b98353aad0d,ffc003aa-21e0-490a-942f-d3f537fd624d,TASTEUP MASALA,8452624486043,1,60.0,44.0,60.0,e602fe2e-58c3-4460-a2fc-de0e3bcc595f,Piece,1
85b2bfa7-e16d-43eb-a578-183c5afbae5f,7f0cae34-99f5-4264-a7d5-5b98353aad0d,00f57e87-f340-4c93-bc4e-58e5a27a42ac,JAMBO POPS,5920808549202,1,60.0,41.66,60.0,17a4ea76-9c53-44b6-afa8-13aede67eb6e,Piece,1
3a8c03a4-56d1-450a-b7a9-1672d02b32d2,2257c65e-d27f-44b7-a225-6a365f0464cc,0030e6f8-ce9d-4dcb-b07d-b979d0eacb40,lighter g,1235472321332,3,50.0,25.0,150.0,117efac9-2e8f-457b-a08e-e3c4794fe368,Piece,3
174be323-1e63-475d-aeec-ada410260f80,885c2a4f-3f0b-44a1-8517-012ac6ae5821,30e73934-8b1f-4e5b-8a7e-459183ab89ff,BENSON & HEDGES,95010526,20,15.0,14.0,300.0,bd464178-34a5-4c51-ab7a-fb38e14501f9,Box,1
1b28106f-6e6f-4c04-9569-ff5fe621d3fa,70ddd80e-b968-42f7-8e26-2eb6731952ea,99e1bc74-22b4-456e-a729-5baabbf6dff3,krisko,1456587854243,2,20.0,15.0,40.0,887fe7ef-236c-4d4d-a225-789c008373c8,Piece,2
6b6db301-651a-446a-871a-b4c888250441,70ddd80e-b968-42f7-8e26-2eb6731952ea,6c638712-ec0a-46e1-b10b-4c87c1aafbd1,Rio D chocolate,8964003593889,1,20.0,18.0,20.0,3cb151df-f867-4d51-a94f-ecee7a230789,Piece,1
f4eac99f-6eae-4324-ae28-9bc1bbc7ff4f,858e3ef6-df48-452e-a452-e0ae1c2c8832,986fdfa7-0d1f-4581-980f-f56c15fe2708,dayfresh chocolate,8964000816516,1,150.0,97.0,150.0,6922c626-8f0e-463a-aa49-2c8a8df73c59,Piece,1
f555f4bf-35de-443b-871e-4048216d33c3,858e3ef6-df48-452e-a452-e0ae1c2c8832,ba790275-119d-4f7a-b9d6-2228bf0d7226,badam makkan,095742223213,5,10.0,4.1,50.0,43a1d058-e491-40ad-a268-fc88b700be34,Piece,5
450cb213-f672-4272-b71b-d97deadfa152,e347ddb8-198f-4184-8a77-bbe1b3898fce,e89768c3-9e0e-472e-b8fe-ca33136480e6,lemon max pouch,8886950099514,1,225.0,200.0,225.0,49d66224-083c-4065-82fa-185368c7b179,Piece,1
4a786c42-1cd5-48d4-981e-24e661f3655d,b3d90afe-86e5-426f-a24d-2b5bfe61bb12,234c787c-e5e2-4047-bb07-95d114219d2e,AQUA DIRE 0.5 Ltr,5901234039710,1,60.0,22.0,60.0,bc7e8655-4e7a-409b-a5c5-6b9e2e262dff,Piece,1
51d648b4-e5ea-47a0-8476-418a115ec9ae,b9def668-83c9-4336-aef3-645930320d87,ba790275-119d-4f7a-b9d6-2228bf0d7226,badam makkan,095742223213,4,10.0,4.1,40.0,43a1d058-e491-40ad-a268-fc88b700be34,Piece,4
1f3540e0-005e-46f0-8391-13c168a7019a,f14048e5-93d1-4852-8e0e-c4c14e17e8be,54e72247-f21b-444b-b530-fcbe9e402c2b,Rio Strawberry,8964002526215,12,10.0,9.42,120.0,a135d185-4b0b-4d52-bb54-d74e2f0e1ad1,Piece,12
48aaac76-48cf-4a4f-8ba8-d7ad8376a051,f14048e5-93d1-4852-8e0e-c4c14e17e8be,cc49bda6-5824-490a-85be-8aadbe023d08,BAJAY,1235587560107,1,100.0,30.0,100.0,02f5f41e-f87f-48f8-b7c5-9c084a9ce817,Piece,1
df6bb299-eecf-4930-8460-a196d2f77322,439b2f81-8239-4d3e-b61f-9627ed15308c,c3551759-c1ef-47f5-b230-77bce4c2f476,Brite s/pack,8886950015279,1,10.0,9.17,10.0,65d64d63-9e6f-4416-9618-7a79123a69a1,Piece,1
b373aecc-fcdf-453a-b649-958aed60df0f,439b2f81-8239-4d3e-b61f-9627ed15308c,dff1cf5b-43c0-4680-8382-ae8626dc47af,lifeboy,8961014270624,2,10.0,9.0,20.0,b7a61655-08ca-49d1-8cce-7cd80df1103d,Piece,2
001fba93-3394-4897-85e3-d923ef363fb9,439b2f81-8239-4d3e-b61f-9627ed15308c,99e1bc74-22b4-456e-a729-5baabbf6dff3,krisko,1456587854243,1,20.0,15.0,20.0,887fe7ef-236c-4d4d-a225-789c008373c8,Piece,1
017f7c6c-458f-491a-ab65-2c4d7b717a56,ee9a47db-344a-4ac3-968b-ce3eb91242ff,9b8a64b3-0eff-49bd-a7e9-7ae1f4c6211f,Capstan White,89600078,6,15.0,12.5,90.0,2ee97f16-83f8-4fe8-8004-f20228fc010c,piece,6
cad2d0cc-58a2-450b-b42f-9bc7990c1d99,ee9a47db-344a-4ac3-968b-ce3eb91242ff,8af4077d-37f1-441f-936d-9507cb56ca9d,candy,1232784048698,2,5.0,3.5,10.0,7534df49-d891-461a-8b69-7d03cb9ce755,Piece,2
2011a65f-543c-47ae-9941-8e46f35b97b5,aef8f112-bdc6-4524-8d35-b32087f5c990,b2ee0a46-fb84-42ac-9c2f-2bb9dc67ac7e,FV CHAUNSA,8961008223513,1,90.0,62.0,90.0,7bfc2ff1-cf93-485a-bccd-ca7dfa2c7874,Piece,1
6fd38668-9d6a-407b-aa89-85c0d7125f3a,d678f7e3-c6eb-4ff0-8be0-939d71949473,9b8a64b3-0eff-49bd-a7e9-7ae1f4c6211f,Capstan White,89600078,2,15.0,12.5,30.0,2ee97f16-83f8-4fe8-8004-f20228fc010c,piece,2
09b806b5-e295-474c-b069-d97ac41e78ab,c9f8e062-933c-4ed9-8377-640320b7ddee,16362686-2492-41ca-8a06-b4a85dc639ac,PUIREFINE 1.5-Ltr,1230434764202,1,110.0,45.0,110.0,9230ea9d-4f0b-4d85-bbb3-4e890ef1891b,Piece,1
9a38666d-6c9b-4484-a8c9-336f751e0f9f,c9f8e062-933c-4ed9-8377-640320b7ddee,8af4077d-37f1-441f-936d-9507cb56ca9d,candy,1232784048698,8,5.0,3.5,40.0,7534df49-d891-461a-8b69-7d03cb9ce755,Piece,8
0f8c47ff-c817-4820-b82b-faf7c81cb4c6,f1f54393-4734-4f7f-9cd6-0e739a2d30a8,9ed06880-e15b-44ae-876b-3fcca222bad2,sooper,8964004770456,1,50.0,45.0,50.0,f3625b26-f234-4633-b395-5d2ebc6a6cc8,Piece,1
8e93fa0c-181e-4732-a316-845b57a3fb09,994ee32e-4ce4-48de-bc8d-9a199e57cf99,0dcae41e-4dff-4326-a067-04930c4f4edd,MIRINDA 1.5L,120008001844,1,210.0,165.0,210.0,1a0e9237-57e0-454e-81ad-751f6069f460,Piece,1
2937fe0a-34e6-4379-8da1-7a699784d896,994ee32e-4ce4-48de-bc8d-9a199e57cf99,3ec91c94-8be1-4717-8435-6bcd92070dc1,Feast Chocolate,8721274610406,1,100.0,86.1,100.0,b6e97872-e4be-4158-b9ca-3adb4c7c05e7,Piece,1
10fb434c-8fce-42db-ad6f-e5798fccb5e5,994ee32e-4ce4-48de-bc8d-9a199e57cf99,aeec8327-c8e3-49ae-830d-5ae48228671a,DISPOSIBLE GLASS,1233763958519,4,5.0,1.7,20.0,2bc021cb-4f78-4684-ad9e-7fae8bd628d9,Piece,4
1cf1f183-4e0e-49f5-97e2-72074cd37012,54d9d9ca-63f3-48c1-af33-a522108fde54,91ffc46b-44fc-4d7b-823e-bc162c9cf24f,bigg apple,1860071012147,1,80.0,54.0,80.0,baa1a505-ea2c-44e0-8a28-0195bd62bbb6,Piece,1
67047e13-3c48-491c-8d6d-62d8084a9291,54d9d9ca-63f3-48c1-af33-a522108fde54,49d0da8d-0715-45bb-8ed2-bfeb311f210f,lays y$h,8964000103784,1,20.0,17.0,20.0,aa53ae6a-2e7f-4333-8645-91a01ffefc95,Piece,1
c590aa0f-e599-4773-a24c-21698b5d6988,7c623a42-6fa5-4345-8311-9843f679c44a,3ec91c94-8be1-4717-8435-6bcd92070dc1,Feast Chocolate,8721274610406,1,100.0,86.1,100.0,b6e97872-e4be-4158-b9ca-3adb4c7c05e7,Piece,1
bd4593db-a206-4318-b0c9-2174ff1defdd,816e2c8b-d288-4288-8d50-4f446ed3be99,96b9f631-6ccd-4daa-bf03-d63ad93ce1f7,dayfresh malae kulfi,796554817477,2,150.0,98.75,300.0,8d79a904-f31e-4137-95f2-582301fa33bc,Piece,2
c31c8a59-1025-47b4-8ad8-198db817376c,816e2c8b-d288-4288-8d50-4f446ed3be99,3576a48f-6330-4bcd-bf54-7383eca28c85,FV RED GRAPES,8961008222776,3,90.0,67.0,270.0,265a895e-8fbc-4bf6-843c-c03e044903d6,Piece,3
373b6c65-52dd-4529-92df-6b60e9cb0eaf,a080c37d-7d6f-4959-9401-750edf3c588a,296944b9-ea79-469c-8425-f11d6e4b7eed,CAPSTAN RED,1230364618200,6,15.0,12.1,90.0,a1bc6a6f-ad8f-468b-afac-44ec8574811d,Piece,6
af23eabc-71d9-40d0-a80a-8b8ee1b8d0d2,0f2a89de-f2d1-4223-9580-9bacb32414bc,66a64cc9-3d36-4ec9-94c4-fd0e9a56f32c,Lays Masala,8964000090602,1,60.0,55.0,60.0,f1cf0b1c-c84a-427c-a937-2cda709b13dc,piece Rs60,1
34c4998a-fc17-4c7f-b18d-ae1f3d4aa9a6,0f2a89de-f2d1-4223-9580-9bacb32414bc,477ef534-005d-42fb-9cdb-ae0e6e0e4624,Lays Masala,8964002345595,3,50.0,46.0,150.0,3294cf9e-a80d-4e5a-bb6f-3a8fd4122ffc,Piece,3
129df37b-3406-4c93-a8f6-0cc68d779106,507e84ed-1382-4804-a07e-cbb9aa2aab22,234c787c-e5e2-4047-bb07-95d114219d2e,AQUA DIRE 0.5 Ltr,5901234039710,2,60.0,22.0,120.0,bc7e8655-4e7a-409b-a5c5-6b9e2e262dff,Piece,2
f48411f4-cf96-4500-9d15-5a54e933c295,507e84ed-1382-4804-a07e-cbb9aa2aab22,54d50e5e-c808-4bdf-ae3d-bef310784f59,EVERYDAY POCKET TISSUES,1237505540970,1,20.0,8.0,20.0,c47a9994-3f1a-4ca6-ba9d-78b4c39e02e0,Piece,1
ed8b8cde-c331-479e-ab1d-ac297c426085,5bcb8b08-1ffa-4842-981b-a33679dac8a1,5a5154d9-6994-4dee-9011-efd865af1c8f,GOLD LEAF,1232097295550,1,30.0,25.0,30.0,ff8b0ab8-fd25-4bb6-aafb-a79e8e63a846,Piece,1
7e9d6eb7-61fc-44aa-a622-a14f80680a59,f264a755-7d4e-4831-97ce-be1eb9f1e862,3ec91c94-8be1-4717-8435-6bcd92070dc1,Feast Chocolate,8721274610406,4,100.0,86.1,400.0,b6e97872-e4be-4158-b9ca-3adb4c7c05e7,Piece,4
4215de44-6d9a-4832-8c70-be1a5d32ebcc,afc695ab-eabb-44ca-a781-3b014e7e4b99,296944b9-ea79-469c-8425-f11d6e4b7eed,CAPSTAN RED,1230364618200,1,15.0,12.1,15.0,a1bc6a6f-ad8f-468b-afac-44ec8574811d,Piece,1
5463bb6b-c560-4577-be1a-40649a71c21d,afc695ab-eabb-44ca-a781-3b014e7e4b99,8af4077d-37f1-441f-936d-9507cb56ca9d,candy,1232784048698,1,5.0,3.5,5.0,7534df49-d891-461a-8b69-7d03cb9ce755,Piece,1
b98c5dcf-265e-41df-bfad-648fe009d383,33d9d563-716a-436d-ba7e-205d004545c4,9b8a64b3-0eff-49bd-a7e9-7ae1f4c6211f,Capstan White,89600078,4,15.0,12.5,60.0,2ee97f16-83f8-4fe8-8004-f20228fc010c,piece,4
a29f8097-8883-4cf6-abf0-f7e8136f82cd,d7540353-e98d-4a77-8366-7de77b3f755f,8d461728-be1b-440c-86ee-f7a31b9a6d27,Chocolatto,870572008007,2,10.0,9.31,20.0,08a6ddec-263a-4d1b-9f75-5a39630e6b76,Piece,2
31727e09-e452-47d8-9ecb-aff965ee52c1,ec24d1ab-a52e-431d-b649-ba22b872c411,975cf5aa-4ec6-4b0f-bd0b-a79640860da8,CHOICE,9254120000254,2,40.0,22.5,80.0,45baadf7-3c4f-430c-b19c-ed8a6e8538df,Piece,2
63150249-f94f-4fd0-bca1-2bc6772a73c2,ec24d1ab-a52e-431d-b649-ba22b872c411,8af4077d-37f1-441f-936d-9507cb56ca9d,candy,1232784048698,4,5.0,3.5,20.0,7534df49-d891-461a-8b69-7d03cb9ce755,Piece,4
de0f62f4-54a3-455e-93f7-d6310d9da4f7,bd51d5c3-bf8b-4068-909b-72d04fab827e,e76e19e5-ca3c-4ff3-b7b7-4949885b860e,Choc Bar,8721274610581,1,50.0,40.0,50.0,a4fb8af0-18c1-4dc5-a88a-59255effa804,Piece,1
dc5ef19d-5099-4e7e-ad40-31cb5ff5a639,862b4655-9619-4a43-86d6-3ddaf2788720,c3551759-c1ef-47f5-b230-77bce4c2f476,Brite s/pack,8886950015279,1,10.0,9.17,10.0,65d64d63-9e6f-4416-9618-7a79123a69a1,Piece,1
8691fe24-4fe8-43d7-bc95-2332846b61b5,ce31dceb-e8d5-4dd1-a4c7-ade1ac26b21f,296944b9-ea79-469c-8425-f11d6e4b7eed,CAPSTAN RED,1230364618200,20,12.5,12.1,250.0,e9169ce5-618b-4046-9957-a321013f7b75,box,1
f1ccf2f0-d7d4-40aa-8303-793c90982b5e,5d1f341e-41ca-49f5-8742-391e2f902986,35c2dd8d-80a3-4e98-8e14-a1ae78705664,MAGNUM CLASSIC,8961014034622,1,300.0,265.0,300.0,affca17b-af34-459c-9472-6e05b0548137,Piece,1
89f725f7-d3fc-4a71-b8f6-e144384d18a9,8428c62e-36d9-49c2-ade7-e17c1217fbae,b21064d9-07ce-42e8-8bdf-a7c61df06adb,jet spoort,8721274610482,1,40.0,29.38,40.0,347ee8ca-b35c-456e-a2d3-8c9b2417b33e,Piece,1
fb69be7b-c034-403a-ac72-42dcab6e3325,4c3a2f5f-89bd-4a04-8408-d5386d11083a,df83db32-d270-4a08-8f67-85f4967a923d,Red & White,89600320,2,10.0,9.5,20.0,4c010ae2-567a-4d9a-a3ee-7be8b0099de4,Piece,2
0f265132-4eb2-406b-b696-2914283dfced,51757382-9d70-43cc-b292-53c7a1a0e38e,99e1bc74-22b4-456e-a729-5baabbf6dff3,krisko,1456587854243,1,20.0,15.0,20.0,887fe7ef-236c-4d4d-a225-789c008373c8,Piece,1
3d89a848-8553-4c68-977b-fbc61559e5db,51757382-9d70-43cc-b292-53c7a1a0e38e,296944b9-ea79-469c-8425-f11d6e4b7eed,CAPSTAN RED,1230364618200,6,15.0,12.1,90.0,a1bc6a6f-ad8f-468b-afac-44ec8574811d,Piece,6
b87ee03b-3717-4888-8475-aae5c706dfde,51757382-9d70-43cc-b292-53c7a1a0e38e,8af4077d-37f1-441f-936d-9507cb56ca9d,candy,1232784048698,4,5.0,3.5,20.0,7534df49-d891-461a-8b69-7d03cb9ce755,Piece,4
447c29a5-9e0e-4f2a-a8ad-9be5bc706c01,680010ad-ac8b-4019-a2eb-d28fd7daa058,10ebe327-96fb-4e2c-9292-ee7ccf3b8127,local fry,8964000695555,3,10.0,8.0,30.0,ca63db85-6796-4904-8894-101cfc6813be,Piece,3
32b4a2b1-4f8f-4f21-89d0-77d35c85e1fb,880f660f-2b04-47aa-b6b9-ba5746a06658,7a17eafb-adc5-4fe4-823a-276a0aef8f80,Sprite Mint 350ml,5449000283467,1,90.0,65.0,90.0,7253e00e-b639-4f94-8f55-afe8c41730f3,Piece,1
969486bc-b403-42c7-b632-9138f976b138,0feef3c7-3aae-4934-a8dc-7ca57ec2b8aa,3ec91c94-8be1-4717-8435-6bcd92070dc1,Feast Chocolate,8721274610406,1,100.0,86.1,100.0,b6e97872-e4be-4158-b9ca-3adb4c7c05e7,Piece,1
c1c1e1a3-6f1a-4acb-bd73-d57e6c91afbc,7c489200-a69c-4972-9f84-fb091e873b95,dff1cf5b-43c0-4680-8382-ae8626dc47af,lifeboy,8961014270624,5,10.0,9.0,50.0,b7a61655-08ca-49d1-8cce-7cd80df1103d,Piece,5
57b46091-ae50-4bf5-9c25-cfe6f5b68e26,2b380598-1204-4dbe-b70d-1bfd7a13703f,296944b9-ea79-469c-8425-f11d6e4b7eed,CAPSTAN RED,1230364618200,2,15.0,12.1,30.0,a1bc6a6f-ad8f-468b-afac-44ec8574811d,Piece,2
703cc3c2-effb-47ee-a9b2-f44ad6e21438,c63731dc-bf78-4c8d-b349-042655958930,c3551759-c1ef-47f5-b230-77bce4c2f476,Brite s/pack,8886950015279,1,10.0,9.17,10.0,65d64d63-9e6f-4416-9618-7a79123a69a1,Piece,1
948e1653-ec71-41cd-a6bb-4e5964d78de3,0da3800f-a60b-4f13-a9e8-6b0f58b45d70,769e2e89-ac54-44d5-95f5-ccae70735404,TIGER,8961003694271,2,10.0,8.85,20.0,4aa89d8e-e8d9-41cd-b9dc-1ef6616d3d57,Piece,2
005f7b4a-38ed-4be9-8364-ccfa894131cf,e030d8ed-2ca1-4354-8084-1ca8149f091a,e89768c3-9e0e-472e-b8fe-ca33136480e6,lemon max pouch,8886950099514,1,225.0,200.0,225.0,49d66224-083c-4065-82fa-185368c7b179,Piece,1
1e09995d-9eb3-4716-a5fc-cc01e675a80e,afaa971b-9d9c-497b-890b-4131514fdf50,9b8a64b3-0eff-49bd-a7e9-7ae1f4c6211f,Capstan White,89600078,3,15.0,12.5,45.0,2ee97f16-83f8-4fe8-8004-f20228fc010c,piece,3
e989e960-a820-456b-b10f-0c94d6c5383b,afaa971b-9d9c-497b-890b-4131514fdf50,d8f89ad3-02ac-4798-bd1b-2d1d17aa2b54,kite match stick,745178816045,1,5.0,3.0,5.0,052b3a03-75fd-4be6-97f3-c90634e0f3df,Piece,1
adbf8eee-7102-4f70-8708-ffc64f2cf522,a63c10eb-00e8-40c2-92b1-028e01d68cac,6b21c075-c752-4bf7-a4c2-2a4c8441c546,sifarish khan,1232255618481,1,30.0,25.0,30.0,289e28e9-66d0-4026-9fd4-67bfa88cb04c,Piece,1
6c9f7894-b123-42a3-b577-5a49809d503d,b3979ccf-f55d-4202-827a-6d0277ed616e,66a64cc9-3d36-4ec9-94c4-fd0e9a56f32c,Lays Masala,8964000090602,1,60.0,55.0,60.0,f1cf0b1c-c84a-427c-a937-2cda709b13dc,piece Rs60,1
a56c65d9-b39e-47c4-b346-f32fe4843f5c,9d22c4da-605f-4d0f-8879-d490ee793c95,3ec91c94-8be1-4717-8435-6bcd92070dc1,Feast Chocolate,8721274610406,2,100.0,86.1,200.0,b6e97872-e4be-4158-b9ca-3adb4c7c05e7,Piece,2
a96612b5-69cc-4192-b9e6-eb68cb4b5433,259c718d-7220-4c7b-ae89-f04c211b0c77,a737707d-c2c0-4ff7-a3fb-3b1b39f6bcef,KRISKO MIX,1512141511509,1,50.0,41.0,50.0,9f659d14-09e7-445c-a0aa-76098d202363,Piece,1
88868c94-9a2a-4f81-8526-5a019ec59335,259c718d-7220-4c7b-ae89-f04c211b0c77,8af4077d-37f1-441f-936d-9507cb56ca9d,candy,1232784048698,2,5.0,3.5,10.0,7534df49-d891-461a-8b69-7d03cb9ce755,Piece,2
6d94e967-cfdb-4e9c-a3a2-8c06fedfc503,73d7ba66-8d42-46a3-a1d5-9580f3da801d,5a5154d9-6994-4dee-9011-efd865af1c8f,GOLD LEAF,1232097295550,6,30.0,25.0,180.0,ff8b0ab8-fd25-4bb6-aafb-a79e8e63a846,Piece,6
ed4fae34-3966-49e5-b542-784538e51c77,ee63e5de-1f11-47b3-899f-e6d9adc80416,937ced9c-f0ed-4137-bd16-10d9767657cc,turky soop,9235315516262,1,120.0,70.0,120.0,d0e4b023-0512-4c94-bdfd-42860ef5172e,Piece,1
32b46943-3be7-4633-966b-b41b6b98fcf2,def044fc-fc21-4ce7-b4c0-cbe43b5d34eb,89f084ac-a196-47fb-8e25-4e4bd3160c50,STING SMALL,8964000101551,1,100.0,73.0,100.0,24a9904c-bbbb-433e-b85c-bc70707d653c,Piece,1
26006c81-fa07-4083-aa17-a20db685d111,def044fc-fc21-4ce7-b4c0-cbe43b5d34eb,1330888d-09e3-4704-ad0e-c6910547e08b,COCATEA PEANUT,762497639377,1,50.0,41.66,50.0,6690d456-6ac5-4661-8b6d-1e96e1b9527d,Piece,1
dfe06601-9e58-4803-9bda-e76ea1c62f53,def044fc-fc21-4ce7-b4c0-cbe43b5d34eb,cdb81930-67a7-4ee9-b89a-f6d0aef5d131,Lays Wavy Y&H,8964002345809,1,50.0,45.5,50.0,def32295-544e-4cd9-9216-32e217c2571b,Piece,1
ca8ecac8-bd13-4b0c-8f6d-316b0f60cb88,2ded79e3-a230-45c8-b81e-8dd57b983607,c3551759-c1ef-47f5-b230-77bce4c2f476,Brite s/pack,8886950015279,2,10.0,9.17,20.0,65d64d63-9e6f-4416-9618-7a79123a69a1,Piece,2
06276233-c0f5-4b57-97ea-f58bcbc7afe7,4fd1a028-f34c-4336-9c8b-b5f2ac6845a9,8af4077d-37f1-441f-936d-9507cb56ca9d,candy,1232784048698,4,5.0,3.5,20.0,7534df49-d891-461a-8b69-7d03cb9ce755,Piece,4
38fea0e1-d39a-461a-b7d6-ba9e83fc5e67,68a7814d-952a-4ee9-b71b-39ecee1a5cc1,32b65c6c-6dff-4be9-9819-022bef1bbd0b,DARE NEXT,8964001179344,1,110.0,66.0,110.0,87294a60-486b-43cf-ac5f-e423926b8257,Piece,1
3f2237f1-5e9e-4a4d-864d-4d7c90a269f8,beefae88-962e-416e-afeb-d119eb718dae,7e7de9db-a29f-44b3-8852-d8f7d604b54a,Polo Rings ,8964003812133,1,60.0,42.9,60.0,91f6b8e9-115c-4211-bbf5-70cc96e21ff9,Piece,1
0dbdad0f-b747-4ec1-aa9c-665e87c0df84,beefae88-962e-416e-afeb-d119eb718dae,1ee9644a-ed90-4704-b230-aad125a02878,paradise,8961102504556,1,50.0,41.67,50.0,80f8cdf3-36fb-4dd6-ab2a-b96485a358ef,Piece,1
460db723-4259-4d64-893f-a0b58e06979e,beefae88-962e-416e-afeb-d119eb718dae,49794596-aa57-4b63-b91c-ff5d3c55ab02,fresh up,ZIC3705852532,1,60.0,48.2,60.0,f9597713-f9e1-4f11-aebd-e23efe09b9ac,Piece,1
04b82942-39eb-4248-92c0-b00936d18fea,beefae88-962e-416e-afeb-d119eb718dae,3c8d628b-b789-4305-adc4-a240960e227d,small Cars,1231284218068,1,100.0,45.0,100.0,52d31325-21da-4645-ac37-c325e63f3114,Piece,1
bc8d51f0-142b-4aae-92ab-4c55e0faba7f,beefae88-962e-416e-afeb-d119eb718dae,c73a7248-1dbc-4c33-a0e1-6b5b920057fe,cocomo,8961103500274,1,50.0,38.85,50.0,0cf70d5a-dbcb-4dc4-8590-b7608b577ce2,Piece,1
f3e6584f-1f28-4b32-b3a1-f76d66260a18,beefae88-962e-416e-afeb-d119eb718dae,b8106d87-eb2b-4a4c-bcd9-ebd7b40708e2,lays classic,8964000090596,1,20.0,18.0,20.0,1f70884a-93dd-4a74-954a-95cc02ac4bf6,Piece,1
d60b27aa-d874-4997-8077-f42226dfc2ce,beefae88-962e-416e-afeb-d119eb718dae,8af4077d-37f1-441f-936d-9507cb56ca9d,candy,1232784048698,2,5.0,3.5,10.0,7534df49-d891-461a-8b69-7d03cb9ce755,Piece,2
a1767189-702c-4c60-82fe-d6d5a9d005c0,4ed66fa3-8b4d-4aab-82dd-cd6e43cf9d7e,08d613ea-4400-4b70-a0c4-5b7aa2cb0b66,coke 1 ltr,5449000054227,1,170.0,135.0,170.0,719afd03-f700-4a34-ad24-e310603521cc,Piece,1
2fc40925-097e-41cd-96a6-0cac6558d950,4ed66fa3-8b4d-4aab-82dd-cd6e43cf9d7e,e1c7461f-fe2c-43cc-b072-ab2fcdd767ed,olper pack,8964000919934,1,100.0,85.0,100.0,610b7a9f-fa8f-480c-8da4-d5bb1121252c,Piece,1
9bf3a9d7-3dfd-42e3-ad1a-f9755d869008,4ed66fa3-8b4d-4aab-82dd-cd6e43cf9d7e,3c9df82b-a8e2-49c2-a773-46edf5859135,RAHAT  4,4985925672487,2,35.0,26.1,70.0,287627b8-4e98-49f3-9268-58f71cd70eb3,Piece,2
75bf3068-8b6f-4d7b-9038-b0a4593ac407,2439ade0-f291-4376-aa6a-64a7dbba0213,63f00a80-cb39-4cd7-ad56-99bead38d732,Cornetto D CHOCOLATE,8961014033458,1,140.0,122.0,140.0,a8cc5828-8eaf-4462-8806-1c915ddeb88f,Piece,1
7b71f2f7-ddb9-4ef0-9bfa-7b58690b0580,e9a90a0f-6538-4c8a-ab73-34f673db38d0,b21064d9-07ce-42e8-8bdf-a7c61df06adb,jet spoort,8721274610482,1,40.0,29.38,40.0,347ee8ca-b35c-456e-a2d3-8c9b2417b33e,Piece,1
f0ec8265-2d89-4377-9556-6abf5089407f,e9a90a0f-6538-4c8a-ab73-34f673db38d0,3ec91c94-8be1-4717-8435-6bcd92070dc1,Feast Chocolate,8721274610406,1,100.0,86.1,100.0,b6e97872-e4be-4158-b9ca-3adb4c7c05e7,Piece,1
b90c9344-75e4-424e-8c4b-2880b3c59590,936254c8-9e35-4d47-99db-154e8dd93dff,63f00a80-cb39-4cd7-ad56-99bead38d732,Cornetto D CHOCOLATE,8961014033458,1,140.0,122.0,140.0,a8cc5828-8eaf-4462-8806-1c915ddeb88f,Piece,1
2219863b-cef7-46a3-91c8-ad95e38d300c,936254c8-9e35-4d47-99db-154e8dd93dff,1c72d262-1df8-429e-9986-6f2c680389d3,Snacking snacks,2972437277202,2,20.0,15.0,40.0,ffc4c732-949f-486e-a5bf-92ea8a0132c4,Piece,2
41c22cdd-2800-48b7-a0ab-71c59b9c68d0,936254c8-9e35-4d47-99db-154e8dd93dff,e433e9b7-af19-4259-880e-b957f60e9ace,Yums Sour,870572007444,1,10.0,9.0,10.0,0277bb75-afa1-4184-bb47-605280ed541e,Piece,1
c5fb2aeb-d63f-4f83-adf3-a92a2cd9ce46,9b0a294b-5f08-466d-9733-da89d4b9ee9e,20a6b7b0-b32d-4ef7-a68f-a34e139e6aa7,Fruiten joy Mango,8964000876466,1,70.0,45.41,70.0,0e8ea209-a7c4-4e46-aaf4-45fd453bdec9,Piece,1
34efb853-ae74-4822-872b-d5cc1bb583b3,9b0a294b-5f08-466d-9733-da89d4b9ee9e,1648b5c5-0770-4e30-98c4-5fb5cbb1cc75,cafe biscuits,8964002444441,2,10.0,8.0,20.0,3f4d3212-8f1c-4570-bd07-a9a5a1a41fa7,Piece,2
23010c62-95ad-4b8c-82b5-91f9d634e1bd,9b0a294b-5f08-466d-9733-da89d4b9ee9e,769e2e89-ac54-44d5-95f5-ccae70735404,TIGER,8961003694271,2,10.0,8.85,20.0,4aa89d8e-e8d9-41cd-b9dc-1ef6616d3d57,Piece,2
8298db86-17b2-4533-aa54-7a428d38bd2a,9b0a294b-5f08-466d-9733-da89d4b9ee9e,63f00a80-cb39-4cd7-ad56-99bead38d732,Cornetto D CHOCOLATE,8961014033458,1,140.0,122.0,140.0,a8cc5828-8eaf-4462-8806-1c915ddeb88f,Piece,1
058b5373-d79c-4ce8-a801-7e502d721013,9b0a294b-5f08-466d-9733-da89d4b9ee9e,cc49bda6-5824-490a-85be-8aadbe023d08,BAJAY,1235587560107,1,100.0,30.0,100.0,02f5f41e-f87f-48f8-b7c5-9c084a9ce817,Piece,1
1e394442-8442-4001-b4a4-9a6500b93f4b,9b0a294b-5f08-466d-9733-da89d4b9ee9e,172b148c-dbb9-445c-ab19-4cdcd2316ffb,Potato Crips,8964000966570,1,60.0,45.0,60.0,a470a7a4-55cf-407d-89d7-539c4be45653,Piece,1
14faf1e1-a067-412f-a826-6af7df2395ea,ba757d74-d42a-440b-a2ac-a7c533affd5d,296944b9-ea79-469c-8425-f11d6e4b7eed,CAPSTAN RED,1230364618200,6,15.0,12.1,90.0,a1bc6a6f-ad8f-468b-afac-44ec8574811d,Piece,6
c65a3d80-f919-4d3d-8e88-114722709d9c,ba757d74-d42a-440b-a2ac-a7c533affd5d,d8f89ad3-02ac-4798-bd1b-2d1d17aa2b54,kite match stick,745178816045,1,5.0,3.0,5.0,052b3a03-75fd-4be6-97f3-c90634e0f3df,Piece,1
697eb551-653e-432c-9476-5c57df390ed4,2086deea-9dbf-42e4-baea-d69d2c1feff4,0eb9cf00-60aa-4cd6-8066-53d5ae50744f,Krisko,1512141510502,1,50.0,41.0,50.0,26690d5c-9213-4cf6-945e-50faa2e9b147,Piece,1
29fe0264-0117-49d8-9968-6bef7edfa363,2086deea-9dbf-42e4-baea-d69d2c1feff4,8845956e-b9eb-4935-a785-b670f21f8023,Divine,8961103503640,2,40.0,36.0,80.0,16c3c46e-3594-4d9d-a1d2-9e9c94245102,Piece,2
93e83bdf-2e85-4b1d-862b-81873224bc3d,2086deea-9dbf-42e4-baea-d69d2c1feff4,6e7e75f1-4da8-466a-bb9d-538dfae49f5c,golden jotus,8965310055732,1,50.0,41.0,50.0,c4b107ee-31ef-4223-957d-01eaf5eb8d59,Piece,1
501a7cb2-e65f-4171-b29c-e68a88c45f64,2086deea-9dbf-42e4-baea-d69d2c1feff4,08d613ea-4400-4b70-a0c4-5b7aa2cb0b66,coke 1 ltr,5449000054227,1,170.0,135.0,170.0,719afd03-f700-4a34-ad24-e310603521cc,Piece,1
148b93c8-fbc4-4ebe-924b-fdface68185a,2086deea-9dbf-42e4-baea-d69d2c1feff4,d24bbc5f-3fd1-410d-9a57-74e81ed86362,Zia Peanut,8964003813390,1,50.0,41.6,50.0,cbb97db4-8292-477b-a912-3174dca1594b,Piece,1
b8ff5af3-68fa-42b6-860b-b4ef16dd92fb,2086deea-9dbf-42e4-baea-d69d2c1feff4,ccf49827-e6f5-4bff-aa08-0b921c426c2a,chipso classic bbq,721688696032,1,100.0,81.0,100.0,87b87e39-27c9-45c4-be47-8bcca67fb6b8,Piece,1
5805ca20-f6c4-4cd9-98dd-5181a15bcadf,2caafa65-c64f-4f5b-bac6-d7fb1c389c69,2505a9e6-32d6-425c-8c5d-d31507ce904d,lighter,1236376536280,1,40.0,21.0,40.0,4b1a6d94-51e0-4c20-8be3-f4e43962efbf,Piece,1
4268c681-11d0-44ce-ab6f-1d093157f4d4,2caafa65-c64f-4f5b-bac6-d7fb1c389c69,df83db32-d270-4a08-8f67-85f4967a923d,Red & White,89600320,1,10.0,9.5,10.0,4c010ae2-567a-4d9a-a3ee-7be8b0099de4,Piece,1
9b0ed3b5-3c90-47cb-a125-5e1ffe8a3b33,756ab000-2d33-4c8f-bc5e-0ba118910fdd,5bc46fc5-2561-4cfd-956b-e95a9f9320af,Flamingo Injector cleaner,6959375199922,1,650.0,280.0,650.0,af57aee8-9e4a-4b2c-96b3-29e9d768b721,Piece,1
6de10beb-4007-4902-aa87-ae4c03e43cfc,3a59b5eb-e9b5-4075-9691-0a5beaf56626,0eb9cf00-60aa-4cd6-8066-53d5ae50744f,Krisko,1512141510502,1,50.0,41.0,50.0,26690d5c-9213-4cf6-945e-50faa2e9b147,Piece,1
e28d500f-6ad9-45f1-9d3b-b8342d397cae,672e3336-5174-4dd9-9000-b32ee5e735d0,46fcc52a-54e1-47b8-bef1-78bb52b29da2,FIZUP NEXT,8964001179429,1,160.0,111.67,160.0,c8f6e100-57d8-4a27-b7e1-f22b1c116851,Piece,1
48e575bb-b1df-4280-b458-3322ddb73b60,672e3336-5174-4dd9-9000-b32ee5e735d0,36a30f2b-248a-4769-bc28-046500d0daf4,bar,1230421521603,1,10.0,5.0,10.0,9c505cbc-8e3d-4e6a-a8f2-96b2991c3bee,Piece,1
60725b7c-fbfe-49c6-acb4-7503ec4dd448,3a560219-f960-4011-be62-b64780e6cfa1,403ea510-fb07-48bc-a730-8f1f2391b3be,STING L,8964000101704,1,140.0,105.8,140.0,7b817808-9ae8-4d8f-9f89-3f3e11cfe183,Piece,1
7876a11f-891b-4f0f-a6da-f85716f4dfcc,c04bd3f5-16e2-4500-8807-7d353401705a,99e1bc74-22b4-456e-a729-5baabbf6dff3,krisko,1456587854243,1,20.0,15.0,20.0,887fe7ef-236c-4d4d-a225-789c008373c8,Piece,1
ab8daf17-06fd-487a-8437-cdccbdcde411,c04bd3f5-16e2-4500-8807-7d353401705a,296944b9-ea79-469c-8425-f11d6e4b7eed,CAPSTAN RED,1230364618200,2,15.0,12.1,30.0,a1bc6a6f-ad8f-468b-afac-44ec8574811d,Piece,2
130060d4-01c5-470a-97cb-b1a88e81abb7,7e6ed567-c5d8-41fa-82bf-38cbd2a10bd9,dabede9c-eb98-47b3-848d-77e6850a56e1,7UP 1.5L,0012000800337,1,210.0,163.0,210.0,f7ce623b-7879-474d-9773-f703bf0ae037,Piece,1
efdde5ce-5c5a-47d8-97be-8f557d92616c,7e6ed567-c5d8-41fa-82bf-38cbd2a10bd9,aeec8327-c8e3-49ae-830d-5ae48228671a,DISPOSIBLE GLASS,1233763958519,2,5.0,1.7,10.0,2bc021cb-4f78-4684-ad9e-7fae8bd628d9,Piece,2
0443dec7-01d0-4a5a-9464-db7d8df5976a,01c14be9-2e5a-4fa9-b5fd-dc59f970e8b9,a3a59790-1077-4cd9-aede-92d943c21f12,Cake UP Golden,8964004771316,1,30.0,27.0,30.0,92d334ef-c743-4af6-abfa-e4b07a7c19ba,Piece,1
ce228fcb-fd83-4b60-a609-d0ac33c9b32b,dba10db8-e7c5-4e4b-97ba-118938b268a6,c8cc8181-cef3-497d-9cfe-b934c5c3c594,max,8886950072272,1,60.0,45.0,60.0,ab739a05-f5fd-42b7-bd47-69867b63b4c0,Piece,1
d5a76ae5-ca10-40a6-97c5-265f60bfd9b6,dba10db8-e7c5-4e4b-97ba-118938b268a6,a887cf42-05fa-4884-bf71-2d0d34f151b7,saba soap,073982200461,1,80.0,72.0,80.0,05a3d16c-6c33-44f2-87ff-71c99621f8b0,Piece,1
801f476a-787f-4a43-9d98-0125e3ae55b9,dba10db8-e7c5-4e4b-97ba-118938b268a6,c3551759-c1ef-47f5-b230-77bce4c2f476,Brite s/pack,8886950015279,5,10.0,9.17,50.0,65d64d63-9e6f-4416-9618-7a79123a69a1,Piece,5
721cc6f9-47ae-4b32-a73c-5f95e454fce0,913b1835-7cd8-4c8a-9ab6-f694342bb6ce,94dfb024-8c6c-405a-96d6-b55f7533632f,SPRITE 350ML,40822099,1,90.0,58.67,90.0,f6f3d17b-323d-46a3-b7a4-41b79602b907,Piece,1
f80d87e1-c5e4-47f5-8e4d-d5af50140a5e,913b1835-7cd8-4c8a-9ab6-f694342bb6ce,b21064d9-07ce-42e8-8bdf-a7c61df06adb,jet spoort,8721274610482,1,40.0,29.38,40.0,347ee8ca-b35c-456e-a2d3-8c9b2417b33e,Piece,1
fc7abce7-bd67-441d-922b-81988defb0d4,913b1835-7cd8-4c8a-9ab6-f694342bb6ce,296944b9-ea79-469c-8425-f11d6e4b7eed,CAPSTAN RED,1230364618200,4,15.0,12.1,60.0,a1bc6a6f-ad8f-468b-afac-44ec8574811d,Piece,4
761aeb2e-0942-4676-8eec-6af46ca5e0ac,913b1835-7cd8-4c8a-9ab6-f694342bb6ce,af69d822-86b0-44a5-95c6-e6eb63bf046f,4U peri Per,725765417107,1,20.0,18.33,20.0,f9b1f94e-eb83-4553-ac61-9dc96aaae598,Piece,1
30125321-caca-417e-9747-05ba5dd5ddc7,913b1835-7cd8-4c8a-9ab6-f694342bb6ce,8af4077d-37f1-441f-936d-9507cb56ca9d,candy,1232784048698,2,5.0,3.5,10.0,7534df49-d891-461a-8b69-7d03cb9ce755,Piece,2
f273329d-b651-4685-af17-5b29e3fb1e36,343cdf7f-7c38-43a7-a79c-d870e4721e6e,92f16b27-36e8-4924-b95e-bc25a2fcace5,Coated Peanuts C&H,8964003813796,1,50.0,41.0,50.0,df68a421-fa68-44c5-8ff4-3293564237a8,Piece,1
b1ff4280-4405-4f85-986b-233199e77c4b,88670f18-f320-48ba-a9bc-92864ab73999,296944b9-ea79-469c-8425-f11d6e4b7eed,CAPSTAN RED,1230364618200,10,14.0,12.25,140.0,0ea2547b-ff52-4fd2-a713-c4c425c19caa,Half box,1
4aa87da4-9e3c-4944-8a13-09aa7a23e3c3,88670f18-f320-48ba-a9bc-92864ab73999,2505a9e6-32d6-425c-8c5d-d31507ce904d,lighter,1236376536280,1,40.0,21.0,40.0,4b1a6d94-51e0-4c20-8be3-f4e43962efbf,Piece,1
9b568b28-d1db-4bed-9daa-04099c98081d,2f925c4d-99d2-4e3e-8c4f-5ee649735c2f,296944b9-ea79-469c-8425-f11d6e4b7eed,CAPSTAN RED,1230364618200,3,15.0,12.1,45.0,a1bc6a6f-ad8f-468b-afac-44ec8574811d,Piece,3
be5365c7-e11a-4fcc-900a-fe0f42783195,2f925c4d-99d2-4e3e-8c4f-5ee649735c2f,cc49bda6-5824-490a-85be-8aadbe023d08,BAJAY,1235587560107,2,100.0,30.0,200.0,02f5f41e-f87f-48f8-b7c5-9c084a9ce817,Piece,2
e6642774-a2e4-4aec-8653-90c571659f43,2f925c4d-99d2-4e3e-8c4f-5ee649735c2f,8af4077d-37f1-441f-936d-9507cb56ca9d,candy,1232784048698,1,5.0,3.5,5.0,7534df49-d891-461a-8b69-7d03cb9ce755,Piece,1
98cd749f-7b50-4a0f-86e8-1d3c518cb250,fcf79045-d666-4e44-a545-d41637adf062,6d5767c4-fdbd-42fa-893e-41ddde84601b,Rahat Pamper 3,4985925672456,2,35.0,22.23,70.0,164a6171-0c52-4883-928f-fba982f24094,Piece,2
207161ab-4f46-4f3d-aaef-213b91982b5b,fcf79045-d666-4e44-a545-d41637adf062,53109ff7-89f7-4310-8b54-a08bcb3fe1f7,BONJOUR H$ B,725765019059,1,60.0,31.0,60.0,d4cf5872-cf25-4c27-99ba-efdf91572921,Piece,1
5e7fb05c-552b-449a-abc5-902c765abe19,fcf79045-d666-4e44-a545-d41637adf062,5e884914-bb41-4b1f-accc-ce0d6446028c,Cake up choclate,8964004771279,1,30.0,27.0,30.0,3e6c01eb-63f7-4c6c-a9f1-ae60afed6e96,Piece,1
fe24d65c-bfe5-4e86-8eea-092ee6307c00,bfdd5e27-9244-49ab-b681-5c822354ee56,975cf5aa-4ec6-4b0f-bd0b-a79640860da8,CHOICE,9254120000254,2,40.0,22.5,80.0,45baadf7-3c4f-430c-b19c-ed8a6e8538df,Piece,2
2e2240bc-397d-4f66-8836-2acfe71d0902,e6054aff-2998-481a-8e71-cf45eecf54f5,9b8a64b3-0eff-49bd-a7e9-7ae1f4c6211f,Capstan White,89600078,2,15.0,12.5,30.0,2ee97f16-83f8-4fe8-8004-f20228fc010c,piece,2
b274d4c6-44eb-404b-ba5d-c8c848b14389,e6054aff-2998-481a-8e71-cf45eecf54f5,10ebe327-96fb-4e2c-9292-ee7ccf3b8127,local fry,8964000695555,2,10.0,8.0,20.0,ca63db85-6796-4904-8894-101cfc6813be,Piece,2
f5afae5d-0eb6-4b84-8f69-be07322465a7,32ebbc86-3244-49e7-b295-658a4b7d4f7c,401602c5-d60a-4b56-82e2-f361aaa79dc0,COLA NEXT 2.5L,8964001179030,1,250.0,185.0,250.0,23341b22-4e50-42c0-9616-9d6c81e99bfe,Piece,1
103edebb-c3f4-4eba-8600-a1cb2c9a06b6,c6318c45-d33a-4ade-8b96-7df2e1fedc6d,c3551759-c1ef-47f5-b230-77bce4c2f476,Brite s/pack,8886950015279,1,10.0,9.17,10.0,65d64d63-9e6f-4416-9618-7a79123a69a1,Piece,1
8bf8805e-d737-4641-bab1-8e43bcc8aab8,d43aad2e-2ff0-4c20-9005-9ee3a25b1cf8,d43a6e92-5604-44fa-b95a-d7a378b93536,Lays FC,8964002345601,1,50.0,46.0,50.0,e707af65-3e99-49c6-83b0-d861d0ecbf1e,Piece,1
120f6ed2-0998-4f4d-be19-b15eada1072a,be43e8e4-3390-4ccd-bd11-07bc23f5aaf6,170998fd-1739-415a-b38c-1943f5edf586,bigg lychee,1860074054595,1,80.0,54.0,80.0,ae77f788-ea9e-49ac-ac6a-45a58d3e336c,Piece,1
9cadfdd2-6ff2-40f7-9155-59f9c4814037,be43e8e4-3390-4ccd-bd11-07bc23f5aaf6,296944b9-ea79-469c-8425-f11d6e4b7eed,CAPSTAN RED,1230364618200,1,15.0,12.1,15.0,a1bc6a6f-ad8f-468b-afac-44ec8574811d,Piece,1
f78b7d0d-4b07-4da3-94f0-58ff6abede29,be43e8e4-3390-4ccd-bd11-07bc23f5aaf6,8af4077d-37f1-441f-936d-9507cb56ca9d,candy,1232784048698,1,5.0,3.5,5.0,7534df49-d891-461a-8b69-7d03cb9ce755,Piece,1
cb2be6f2-f80f-4cc3-b33e-30ed378b7553,5cf9cddc-126f-4a4a-88f9-2dbf057a12ec,2191b979-dc6b-4487-a5db-4f4248da979b,LAYS CLASSIC,8964002345632,1,30.0,27.66,30.0,6e04bce6-7dc2-422b-aba8-ff080af9ddae,Piece,1
7b5bda46-17e7-4fa8-9b8d-9949e15a2f17,5cf9cddc-126f-4a4a-88f9-2dbf057a12ec,ab0ee9ea-76e9-408c-a665-c0315ced438e,CAKE STRAWBERRY,6106554014518,2,30.0,17.5,60.0,2a59134a-f760-4fea-b3f4-7a11a3df2679,Piece,2
318ab956-6671-4751-a8b4-3151e4abf08d,5cf9cddc-126f-4a4a-88f9-2dbf057a12ec,66a64cc9-3d36-4ec9-94c4-fd0e9a56f32c,Lays Masala,8964000090602,1,20.0,18.0,20.0,c40492ef-d853-48e0-9c39-df0966445872,Piece,1
43348d61-2d80-411a-b695-1d207725b67d,5cf9cddc-126f-4a4a-88f9-2dbf057a12ec,41806465-61c0-4fa6-bf84-ffcadb61fcad,DOLPHIN POCKET TISSUE,8964000706268,1,20.0,8.0,20.0,0762750b-2d2f-4215-ae92-0d558c4dbab4,Piece,1
03ec4ea8-6fb3-4fa1-a4fb-a180b3829362,b6d1a603-23f6-4ddf-bda5-2fb852fc2eb6,170998fd-1739-415a-b38c-1943f5edf586,bigg lychee,1860074054595,1,80.0,54.0,80.0,ae77f788-ea9e-49ac-ac6a-45a58d3e336c,Piece,1
76feca57-ee8b-402f-8c80-7cc66ffb737f,7257ee33-95d3-4d40-8f62-2dc626e41d4f,5a5154d9-6994-4dee-9011-efd865af1c8f,GOLD LEAF,1232097295550,10,28.0,24.5,280.0,0ce2a6a7-3270-4538-b7f1-cd118f2cb423,Half Box,1
6da0aef0-a4c0-4e43-acbb-229b4e3ac866,7257ee33-95d3-4d40-8f62-2dc626e41d4f,eb25f47f-5fd5-4877-9f39-b2913c8556b0,YC 40,6971568790402,1,400.0,120.0,400.0,9c0cc182-f920-46d8-9ccb-940c41f33866,Piece,1
5e0230c5-cb7b-4a8b-8549-1cd855e70a1f,7257ee33-95d3-4d40-8f62-2dc626e41d4f,61208acb-3d9e-41b2-a1ed-a65aef55d3da,knorr chattpatta,8961014038200,3,50.0,47.0,150.0,6911d27f-a24a-40c5-8761-c6954c0a797b,Piece,3
768adfa5-52e9-4123-b360-1a1358b06f77,7257ee33-95d3-4d40-8f62-2dc626e41d4f,2191b979-dc6b-4487-a5db-4f4248da979b,LAYS CLASSIC,8964002345632,2,30.0,27.66,60.0,6e04bce6-7dc2-422b-aba8-ff080af9ddae,Piece,2
ea31c457-e321-4640-bd90-e09579536528,7257ee33-95d3-4d40-8f62-2dc626e41d4f,04f7eecf-613c-42df-a256-34e6f9edfd87,Chocolate brownie,8961103503787,2,50.0,45.0,100.0,5f9c8dc7-20ff-4919-b8b6-ec536409c9c6,Piece,2
f8ce9f6f-7e42-4e05-a18e-cf0471dae415,7257ee33-95d3-4d40-8f62-2dc626e41d4f,e4a686bb-19ba-4778-90a2-e323343d0808,chocolicious,8964002759583,2,30.0,27.0,60.0,641f8c3e-0e8f-48b9-afed-00059e46c752,Piece,2
7700577b-9d7b-439e-b682-2811d6a70a08,7257ee33-95d3-4d40-8f62-2dc626e41d4f,826c0da6-b0aa-4c8a-a024-a17c10878f2f,milk pack,8961008022185,2,100.0,87.7,200.0,fab81662-9567-4d14-93ef-507465b7294c,Piece,2
bb245156-a9fd-4b33-beaa-f159f6741ce7,7257ee33-95d3-4d40-8f62-2dc626e41d4f,91cf8c74-6420-4655-987f-f80dac76d044,KAINO,958514852427,1,450.0,400.0,450.0,9f0c8108-2868-4bfa-95e0-6584dfe93ce5,Piece,1
21973e09-f159-4e2c-bb67-baeb541bed4f,7257ee33-95d3-4d40-8f62-2dc626e41d4f,d5d6372c-5ed7-4b72-998a-708be9b074c3,SUGAR 1/2 KG,1234623077739,1,80.0,72.5,80.0,5426f909-c940-4530-aff4-f6caca3a7bb0,Piece,1
83f95017-7c06-4e56-b10e-ed5d6d598e50,7257ee33-95d3-4d40-8f62-2dc626e41d4f,cc49bda6-5824-490a-85be-8aadbe023d08,BAJAY,1235587560107,1,100.0,30.0,100.0,02f5f41e-f87f-48f8-b7c5-9c084a9ce817,Piece,1
96da96bb-3138-4ba1-8723-9453fb4ab1f7,7257ee33-95d3-4d40-8f62-2dc626e41d4f,3c9df82b-a8e2-49c2-a773-46edf5859135,RAHAT  4,4985925672487,3,35.0,26.1,105.0,287627b8-4e98-49f3-9268-58f71cd70eb3,Piece,3
4412ce25-3fd4-48d8-96a3-94dbdb000931,7257ee33-95d3-4d40-8f62-2dc626e41d4f,e8505540-bc5f-4cfc-b5ed-1665aa9e2327,COCATEA POPSI,9203457293464,2,30.0,18.33,60.0,0d016da2-c3cd-4611-bcf7-c2be5270f72a,Piece,2
f3c62f69-ff51-4562-a59f-5beaab077817,7257ee33-95d3-4d40-8f62-2dc626e41d4f,094dcb4f-7627-49c6-b658-abe05e123ef1,very strabwerry,8961103501929,2,40.0,36.0,80.0,57bf8a2b-610e-46a9-add0-5930cfcbd636,Piece,2
edec69b9-4362-461f-b24e-542eb91ff0d0,7257ee33-95d3-4d40-8f62-2dc626e41d4f,8d461728-be1b-440c-86ee-f7a31b9a6d27,Chocolatto,870572008007,2,10.0,9.31,20.0,08a6ddec-263a-4d1b-9f75-5a39630e6b76,Piece,2
4dee2d30-f78b-404c-87e2-a72c2b2b29d7,a34a7590-c6f9-415c-baa1-de49d1802697,296944b9-ea79-469c-8425-f11d6e4b7eed,CAPSTAN RED,1230364618200,6,15.0,12.1,90.0,a1bc6a6f-ad8f-468b-afac-44ec8574811d,Piece,6
8798b651-f742-4dd7-ae71-9d1a4c52936a,a34a7590-c6f9-415c-baa1-de49d1802697,2505a9e6-32d6-425c-8c5d-d31507ce904d,lighter,1236376536280,1,40.0,21.0,40.0,4b1a6d94-51e0-4c20-8be3-f4e43962efbf,Piece,1
3bb020a5-01e2-4ef0-a702-7dda91be4164,a34a7590-c6f9-415c-baa1-de49d1802697,7794b2d9-b07a-46be-8246-8961363365f9,Raniu,8964002997916,1,150.0,95.83,150.0,e31daf12-8420-4114-a15b-e870707dde0f,Piece,1
95c48a92-55e2-42f6-b9be-49996d2920d1,a34a7590-c6f9-415c-baa1-de49d1802697,7a17eafb-adc5-4fe4-823a-276a0aef8f80,Sprite Mint 350ml,5449000283467,1,90.0,65.0,90.0,7253e00e-b639-4f94-8f55-afe8c41730f3,Piece,1
b7f1f11d-5e11-452c-a93a-4c9c21aa6bfc,c7fcc292-3f85-4711-8322-43f2cdb06710,0383457d-1f9f-4703-983e-18bd38d2a79c,tedy,8964004771040,1,60.0,40.0,60.0,17eb82a7-363d-497b-90aa-c646a76433eb,Piece,1
ea34c9e9-7e18-42f0-b96a-fc90917f8227,b4bb084d-e8fa-4b21-a40c-9a35d5d9fc07,975afaa4-6f19-4b65-b8ba-ec64f86f41cb,Lays Y&H,8964002346905,1,70.0,64.75,70.0,ed65e660-cda7-4d73-8f09-7920617be844,Piece,1
13494d75-3428-4505-8a85-4b9a602469dc,76ea7304-6b13-4e38-8ad1-c003541866a1,296944b9-ea79-469c-8425-f11d6e4b7eed,CAPSTAN RED,1230364618200,5,15.0,12.1,75.0,a1bc6a6f-ad8f-468b-afac-44ec8574811d,Piece,5
d6de2d35-c945-4971-883b-f8137f4f22f9,76ea7304-6b13-4e38-8ad1-c003541866a1,49d0da8d-0715-45bb-8ed2-bfeb311f210f,lays y$h,8964000103784,2,20.0,17.0,40.0,aa53ae6a-2e7f-4333-8645-91a01ffefc95,Piece,2
1f5baf72-67d9-4704-94b4-62b46609c728,76ea7304-6b13-4e38-8ad1-c003541866a1,4ea8ab87-bf13-4523-b83d-509c89f52789,hockey match stick,9231012019358,1,5.0,3.0,5.0,21683564-a53b-4d8c-a0a6-4066d1367085,Piece,1
ebd7da1d-f5fc-4041-8a22-80e47098dae3,cee0030c-37b9-4984-a0e4-64ab96d032e2,170998fd-1739-415a-b38c-1943f5edf586,bigg lychee,1860074054595,1,80.0,54.0,80.0,ae77f788-ea9e-49ac-ac6a-45a58d3e336c,Piece,1
c2b891b8-8dab-460a-ba55-050892683906,cee0030c-37b9-4984-a0e4-64ab96d032e2,91cf72ea-8332-44c7-8a4b-ba4147071a68,choco licious,8964002759545,1,30.0,27.0,30.0,5845e40b-16fc-4198-9e90-c171092ac1aa,Piece,1
9ebc8f21-c419-4f13-bdcd-3626f8d57f3a,cee0030c-37b9-4984-a0e4-64ab96d032e2,216ab9f0-65b5-4cc7-93c1-8d21ecc3f3bb,Chocolatto,8961102508868,1,20.0,18.0,20.0,5103e0a4-abf3-4e1f-9116-b8f2aba5efb1,Piece,1
7eba5f71-7150-4b5e-a9c9-85944a826562,cee0030c-37b9-4984-a0e4-64ab96d032e2,99e1bc74-22b4-456e-a729-5baabbf6dff3,krisko,1456587854243,1,20.0,15.0,20.0,887fe7ef-236c-4d4d-a225-789c008373c8,Piece,1
6a13ef06-9ab9-4ac6-b80d-cbba12dce348,6e8d2a3f-fe5a-4448-96a3-b050268c3ed4,296944b9-ea79-469c-8425-f11d6e4b7eed,CAPSTAN RED,1230364618200,20,12.5,12.1,250.0,e9169ce5-618b-4046-9957-a321013f7b75,box,1
4c33295f-72c7-4572-a98e-eb33c08d8875,6e8d2a3f-fe5a-4448-96a3-b050268c3ed4,6b21c075-c752-4bf7-a4c2-2a4c8441c546,sifarish khan,1232255618481,1,30.0,25.0,30.0,289e28e9-66d0-4026-9fd4-67bfa88cb04c,Piece,1
74f52151-0a6b-4198-bc00-58efc6f18ba2,a4160ff3-17db-4db7-9b64-da0d5358e6a5,06634899-2be3-4211-ab2e-7c87f40c8375,bigg apple,1860074054502,1,200.0,155.0,200.0,5081e981-a36e-40de-a0dd-05eb8e03dd9b,Piece,1
23cb0d22-1096-4366-9d51-8c359d49ee21,a4160ff3-17db-4db7-9b64-da0d5358e6a5,296944b9-ea79-469c-8425-f11d6e4b7eed,CAPSTAN RED,1230364618200,10,14.0,12.25,140.0,0ea2547b-ff52-4fd2-a713-c4c425c19caa,Half box,1
622ea146-ec5e-41cb-b9ae-cacebaad983b,a4160ff3-17db-4db7-9b64-da0d5358e6a5,975cf5aa-4ec6-4b0f-bd0b-a79640860da8,CHOICE,9254120000254,1,40.0,22.5,40.0,45baadf7-3c4f-430c-b19c-ed8a6e8538df,Piece,1
8dd82dc6-6ae7-4a66-825c-b894238bc726,d34c6a5d-cbf4-4d82-8dbc-19eabc63a8d1,e1c7461f-fe2c-43cc-b072-ab2fcdd767ed,olper pack,8964000919934,1,100.0,85.0,100.0,610b7a9f-fa8f-480c-8da4-d5bb1121252c,Piece,1
92f18f26-0cad-4b78-b51b-fb9fd79c7e94,d34c6a5d-cbf4-4d82-8dbc-19eabc63a8d1,e55f9b15-e456-4841-9cb1-f57f07bf46b8,FRUITIEN APPLE,8964000876503,1,70.0,45.41,70.0,4eea30fe-1cb9-411a-84f7-1da5f5b3e6c2,Piece,1
44b3e402-fda9-46ae-a011-756264e815d7,315342c3-9139-4447-82ba-d95fe3670b41,d5d6372c-5ed7-4b72-998a-708be9b074c3,SUGAR 1/2 KG,1234623077739,1,80.0,72.5,80.0,5426f909-c940-4530-aff4-f6caca3a7bb0,Piece,1
c8d0cd09-e87e-47c7-a67d-db581525d799,452364d5-0d0c-4d3c-8efe-95cccf8f4a67,1a9db450-bde7-4119-ba96-710c52c9a641,Tops Mango,2020042410108,1,140.0,91.6,140.0,26de4e9f-5c5a-4d98-83d4-2454e112bb9d,Piece,1
af529f10-7c9a-4437-8d9f-31a2994440b6,452364d5-0d0c-4d3c-8efe-95cccf8f4a67,49794596-aa57-4b63-b91c-ff5d3c55ab02,fresh up,ZIC3705852532,2,60.0,48.2,120.0,f9597713-f9e1-4f11-aebd-e23efe09b9ac,Piece,2
288f8145-68b6-4e6c-8d60-7dc08566b5fc,3f4b8440-f759-4857-9c07-8d7d341f90a4,e8d89fdc-a014-4aef-a350-286553b48eb4,frisky orange wafears,8965310055138,2,30.0,24.9,60.0,8c4feed7-26bd-44b6-9720-4f26bb14bb93,Piece,2
11aab886-bfa3-4cbb-a30a-2689c1c8a67f,3f4b8440-f759-4857-9c07-8d7d341f90a4,3ab410a2-c572-4e62-9150-30596e155606,Sooper Soft Bakes,8964004771002,2,40.0,36.0,80.0,968c42f8-6f12-4100-8cd9-a8c15b5d2e0c,Piece,2
250849ac-c9b7-45aa-bf17-b1cb2bc4aca3,3f4b8440-f759-4857-9c07-8d7d341f90a4,727fb333-3c91-459b-abef-370df5b186a5,cocomo,8961103500236,2,10.0,9.16,20.0,65c14f2c-759a-4b05-aba5-23b13a2b0a6c,Piece,2
92e59b61-506e-47ef-bf65-6848a53203da,3f4b8440-f759-4857-9c07-8d7d341f90a4,296944b9-ea79-469c-8425-f11d6e4b7eed,CAPSTAN RED,1230364618200,3,15.0,12.1,45.0,a1bc6a6f-ad8f-468b-afac-44ec8574811d,Piece,3
7c921d75-7080-4cf9-98c1-590d5e61bd48,3f4b8440-f759-4857-9c07-8d7d341f90a4,8af4077d-37f1-441f-936d-9507cb56ca9d,candy,1232784048698,1,5.0,3.5,5.0,7534df49-d891-461a-8b69-7d03cb9ce755,Piece,1
8cd15408-014c-417b-8610-d407789d3451,c624e368-5283-498d-a6f8-4b2059a6f967,5a5154d9-6994-4dee-9011-efd865af1c8f,GOLD LEAF,1232097295550,2,30.0,25.0,60.0,ff8b0ab8-fd25-4bb6-aafb-a79e8e63a846,Piece,2
4cc9bf4d-945b-4dc7-9e21-bad2be06f18b,d4df9898-4f94-4dd2-ae21-397efa1e5739,296944b9-ea79-469c-8425-f11d6e4b7eed,CAPSTAN RED,1230364618200,20,12.5,12.1,250.0,e9169ce5-618b-4046-9957-a321013f7b75,box,1
ce3a25ac-c75d-4d5d-97d3-a148602036bc,d4df9898-4f94-4dd2-ae21-397efa1e5739,403ea510-fb07-48bc-a730-8f1f2391b3be,STING L,8964000101704,1,140.0,105.8,140.0,7b817808-9ae8-4d8f-9f89-3f3e11cfe183,Piece,1
f8ecffc4-2648-4980-9a96-512a9ac1c28c,d4df9898-4f94-4dd2-ae21-397efa1e5739,66a64cc9-3d36-4ec9-94c4-fd0e9a56f32c,Lays Masala,8964000090602,1,20.0,18.0,20.0,c40492ef-d853-48e0-9c39-df0966445872,Piece,1
76ef20fc-ab9b-4428-b4e3-cdf86ac48d8c,d4df9898-4f94-4dd2-ae21-397efa1e5739,44689326-5a50-45a4-89c9-4f9091c4b136,KUR KURE,8964002346288,1,70.0,57.3,70.0,4ccbb2d8-26dd-4f48-82f7-2066fc07e6e5,Piece,1
24f3fc71-e160-4420-bcdb-cb13fee8fef7,d4df9898-4f94-4dd2-ae21-397efa1e5739,d0ea7687-1654-4b17-b313-1c89ac741d71,NANKHATAI,8961003669347,1,50.0,45.0,50.0,7c5574a7-3027-4066-a9a4-deb43ded924b,Piece,1
1d73f115-bed6-4f3b-a0ac-0ccc6cbf16c3,d4df9898-4f94-4dd2-ae21-397efa1e5739,109f0961-2390-4f0e-95c9-77552f711ec0,nimko mix,8964003812157,2,20.0,18.0,40.0,ab9e7059-c60b-45c9-bcbb-069352fd3477,Piece,2
1cbb9b96-2120-4eb0-9110-0b72576a7cb2,d4df9898-4f94-4dd2-ae21-397efa1e5739,8af4077d-37f1-441f-936d-9507cb56ca9d,candy,1232784048698,6,5.0,3.5,30.0,7534df49-d891-461a-8b69-7d03cb9ce755,Piece,6
f616e0ff-a890-422d-ad37-d6c80a44100d,9c0f8bbe-aec4-46b3-aeef-4e7a881f4984,e389f0ba-a270-4e3b-8305-e9bcae3fe41d,COKE 500ML,54491472,1,130.0,90.0,130.0,c21f0726-fece-497e-bc1a-9bbb9ba77015,Piece,1
7dbbbcca-fd6a-4c33-9e61-00fba88f5ad6,a88a4917-f15b-4bd1-8889-c260600a25c0,b2ee0a46-fb84-42ac-9c2f-2bb9dc67ac7e,FV CHAUNSA,8961008223513,1,90.0,62.0,90.0,7bfc2ff1-cf93-485a-bccd-ca7dfa2c7874,Piece,1
9ced9ec6-516c-4fd6-a840-b275100c65d5,a88a4917-f15b-4bd1-8889-c260600a25c0,af25740f-3f10-435d-88c0-a4f84dd64b0d,tuc,8961003623172,1,10.0,9.06,10.0,d03f37dc-dff5-4d8c-b8f8-7609b1a7153a,Piece,1
04e0597d-f6dd-4530-b05e-2d185d95432a,37a7941c-d53b-4f41-b828-9d5aaf2d179e,5a5154d9-6994-4dee-9011-efd865af1c8f,GOLD LEAF,1232097295550,2,30.0,25.0,60.0,ff8b0ab8-fd25-4bb6-aafb-a79e8e63a846,Piece,2
fdb6b96b-2b4f-4645-aee1-0ebb7df88f3a,76168624-f344-45d6-9b5d-284642d65308,6b21c075-c752-4bf7-a4c2-2a4c8441c546,sifarish khan,1232255618481,1,30.0,25.0,30.0,289e28e9-66d0-4026-9fd4-67bfa88cb04c,Piece,1
554e5c1a-b2c7-4a44-8f88-1b0d76fc3938,302f4ade-ffac-4672-93c5-9f28b4e062e4,e00b6186-90a0-4108-98fe-2bcee3d5fb15,POWER FULL,5904003285240,1,250.0,142.0,250.0,85c31903-56af-4373-9159-2fa28c2ebf37,Piece,1
507de3d3-914a-42ba-a886-cdee61d57c33,302f4ade-ffac-4672-93c5-9f28b4e062e4,2505a9e6-32d6-425c-8c5d-d31507ce904d,lighter,1236376536280,1,40.0,21.0,40.0,4b1a6d94-51e0-4c20-8be3-f4e43962efbf,Piece,1
8e040208-23df-4a7c-b87d-9886acdd37a9,e10d5dfb-c615-4bd5-8aa7-c122c00090c5,91ffc46b-44fc-4d7b-823e-bc162c9cf24f,bigg apple,1860071012147,1,80.0,54.0,80.0,baa1a505-ea2c-44e0-8a28-0195bd62bbb6,Piece,1
51551198-45a4-46ca-bca0-23b2d901ec8c,e10d5dfb-c615-4bd5-8aa7-c122c00090c5,72e47950-6614-41dc-9895-007e57d44ff2,HASH SLANTY,6632548785237,1,30.0,18.33,30.0,b03d13bb-3f10-4ed7-a83d-d3c2c05aebf9,Piece,1
21ef645e-91a0-4680-93c2-bb03283d511d,e10d5dfb-c615-4bd5-8aa7-c122c00090c5,2f0bd3d2-d095-4cbd-a674-9d1776c2e43a,Zia Mix Nimco,8964002429936,1,50.0,41.6,50.0,60f345fa-41ee-4b27-8c95-1a22adb06e14,Piece,1
50fcf605-2e78-4b7a-8f0e-8378b067f45a,e1900dab-5cf2-4f29-99fd-9d0f29654c06,9dfba812-5973-41a4-86e5-028f3a56ef0b,Chaunsa Mango HS,8721274610840,1,450.0,360.0,450.0,63e2c6a3-1a94-46fb-a0d4-db8bda413979,Piece,1
d63de6ba-1f4d-4ad5-9f3e-3c637be483be,15aa00ca-4ae6-47e3-b00b-5173c7a052b0,85594582-8fac-4e45-97aa-fb017eedf3ed,Tuc,8961003622625,3,50.0,43.0,150.0,5d3f27a0-ef98-4aef-bdc0-09fb857dca97,Piece,3
232a8cc8-47ba-4901-8423-19e683fb3393,e940d777-baa9-4322-8ce1-189bb51b7255,296944b9-ea79-469c-8425-f11d6e4b7eed,CAPSTAN RED,1230364618200,20,12.5,12.1,250.0,e9169ce5-618b-4046-9957-a321013f7b75,box,1
f99ffeb4-364b-4fc9-805b-e662e4527798,e0051b4a-2f34-4efe-a2af-a96f8c0498e6,296944b9-ea79-469c-8425-f11d6e4b7eed,CAPSTAN RED,1230364618200,4,15.0,12.1,60.0,a1bc6a6f-ad8f-468b-afac-44ec8574811d,Piece,4
01352e10-95cc-48b2-b187-cd4d0568466c,9e064028-9189-40fa-a457-4136a36fdf8c,934bac57-0746-440b-abc8-5913b5919788,bistiks,8961003024016,1,40.0,37.36,40.0,2051ee12-91bc-4418-b071-0f15a5f5944b,Piece,1
f2692e72-a1a9-40b6-89d0-7b686b0dbac9,9e064028-9189-40fa-a457-4136a36fdf8c,f90716c0-c257-43d7-bd86-41d0c90f56db,MILCOLU,8961003602016,1,40.0,35.38,40.0,117ff4ac-0b90-4025-a4dc-63af9aabaef5,Piece,1
68825a56-090f-4c99-bd1f-b77e1ddb2264,9e064028-9189-40fa-a457-4136a36fdf8c,975cf5aa-4ec6-4b0f-bd0b-a79640860da8,CHOICE,9254120000254,1,40.0,22.5,40.0,45baadf7-3c4f-430c-b19c-ed8a6e8538df,Piece,1
3b363424-38e6-450b-a7ba-2a629831fcee,bf95dfcd-d9f2-43b4-a0b8-d0f741ecc08e,296944b9-ea79-469c-8425-f11d6e4b7eed,CAPSTAN RED,1230364618200,10,14.0,12.25,140.0,0ea2547b-ff52-4fd2-a713-c4c425c19caa,Half box,1
ea98a923-c5b7-4a23-9c89-0791a387aee1,f97144b4-fab1-4172-a3a6-87508a49b58a,170998fd-1739-415a-b38c-1943f5edf586,bigg lychee,1860074054595,1,80.0,54.0,80.0,ae77f788-ea9e-49ac-ac6a-45a58d3e336c,Piece,1
e35b1300-634a-4949-8ef2-1651fbd00d9f,f97144b4-fab1-4172-a3a6-87508a49b58a,5f944213-1ecb-49ed-9132-155c538f653f,8964003812140,8964003812140,3,20.0,8.0,60.0,2baead40-bebd-4b19-b515-40c05758f457,Piece,3
671c48a8-62d2-40c4-a314-b290198daa45,ba752f2e-d758-475d-bcec-18ecc107b52f,e1c7461f-fe2c-43cc-b072-ab2fcdd767ed,olper pack,8964000919934,1,100.0,85.0,100.0,610b7a9f-fa8f-480c-8da4-d5bb1121252c,Piece,1
b569590a-c6c2-49e9-8aef-086b58ffe5c6,121a54bb-2121-4172-a24d-006b9a08b5b7,6b21c075-c752-4bf7-a4c2-2a4c8441c546,sifarish khan,1232255618481,1,30.0,25.0,30.0,289e28e9-66d0-4026-9fd4-67bfa88cb04c,Piece,1
72e8d612-5452-4a73-a956-8654acac6e3e,51c9757d-6256-47a8-868c-eb2aa008b713,91cf8c74-6420-4655-987f-f80dac76d044,KAINO,958514852427,1,450.0,400.0,450.0,9f0c8108-2868-4bfa-95e0-6584dfe93ce5,Piece,1
7c449dce-eeed-491c-8813-03aaf31fbb25,51c9757d-6256-47a8-868c-eb2aa008b713,9b8a64b3-0eff-49bd-a7e9-7ae1f4c6211f,Capstan White,89600078,2,15.0,12.5,30.0,2ee97f16-83f8-4fe8-8004-f20228fc010c,piece,2
2edf1ae3-e461-4244-abc8-3a1379c399a3,31279a43-b257-4c76-9675-098e5d9a7943,9b8a64b3-0eff-49bd-a7e9-7ae1f4c6211f,Capstan White,89600078,10,13.0,12.1,130.0,3ec2f99f-f561-417b-b39d-23da11570fbc,Half box,1
476589a3-baed-4eb5-bfde-21c98d512c99,31279a43-b257-4c76-9675-098e5d9a7943,2505a9e6-32d6-425c-8c5d-d31507ce904d,lighter,1236376536280,1,40.0,21.0,40.0,4b1a6d94-51e0-4c20-8be3-f4e43962efbf,Piece,1
a16ff514-6491-4719-90ba-213e66aa79b7,5acf64db-2a9d-4353-9a6b-75d4110cf8ea,ba790275-119d-4f7a-b9d6-2228bf0d7226,badam makkan,095742223213,3,10.0,4.1,30.0,43a1d058-e491-40ad-a268-fc88b700be34,Piece,3
e8f17b3d-9f16-427a-a2fc-fa71840c8809,5acf64db-2a9d-4353-9a6b-75d4110cf8ea,e72cc9fe-22b1-4ea0-b7ba-50b2a81ae9cc,4U Bar Beta,8964000579435,1,20.0,18.33,20.0,19cf5be3-be93-483b-a1f4-a2bb5e331f51,Piece,1
d21df3e6-f679-4961-bb93-2058158c301a,408c0794-53c8-4d0f-9c33-279fff0cc9c5,9b8a64b3-0eff-49bd-a7e9-7ae1f4c6211f,Capstan White,89600078,20,12.5,12.1,250.0,b371a280-0cea-4bc1-87c8-4befe828f950,Box,1
8377f13d-6eac-4669-bd67-84e2489a30b7,408c0794-53c8-4d0f-9c33-279fff0cc9c5,6b21c075-c752-4bf7-a4c2-2a4c8441c546,sifarish khan,1232255618481,1,30.0,25.0,30.0,289e28e9-66d0-4026-9fd4-67bfa88cb04c,Piece,1
859e60f4-64d9-489e-aca4-2ac545afefb5,41f09612-7db1-483a-a404-9ec1dcef6d4e,9b8a64b3-0eff-49bd-a7e9-7ae1f4c6211f,Capstan White,89600078,3,15.0,12.5,45.0,2ee97f16-83f8-4fe8-8004-f20228fc010c,piece,3
974aea53-e843-4cdf-b011-efa46f9a7ffa,41f09612-7db1-483a-a404-9ec1dcef6d4e,4ea8ab87-bf13-4523-b83d-509c89f52789,hockey match stick,9231012019358,1,5.0,3.0,5.0,21683564-a53b-4d8c-a0a6-4066d1367085,Piece,1
4a7d1e2f-5a19-458a-a0d5-cbe03232a49a,ffed1a52-d6e1-44bd-9977-a6b6747875c2,296944b9-ea79-469c-8425-f11d6e4b7eed,CAPSTAN RED,1230364618200,4,15.0,12.1,60.0,a1bc6a6f-ad8f-468b-afac-44ec8574811d,Piece,4
4a7fe58e-8fbe-41b8-b340-f30b4cd50c1b,73ed672a-7675-4bc0-b220-4796e70834c6,3ec91c94-8be1-4717-8435-6bcd92070dc1,Feast Chocolate,8721274610406,5,100.0,86.1,500.0,b6e97872-e4be-4158-b9ca-3adb4c7c05e7,Piece,5
c9ca04e7-2c18-4630-89d4-df8f1c0572e4,35b7ad8f-9dcc-4d70-92ed-ef9f9f4e4759,c7bec8e4-0852-4b8a-aeef-bf6aa4477395,ROSE PETAL,8961006010054,1,420.0,363.0,420.0,92672235-067f-406f-b604-b20b1b7097f9,Piece,1
8e919d14-cfaa-454f-98fc-dd747066713c,9d705818-2338-41b5-9d72-0e36a1b6f91f,d24bbc5f-3fd1-410d-9a57-74e81ed86362,Zia Peanut,8964003813390,1,50.0,41.6,50.0,cbb97db4-8292-477b-a912-3174dca1594b,Piece,1
e20b5be0-c897-41c8-81f7-d090ef697e5d,9d705818-2338-41b5-9d72-0e36a1b6f91f,e7bb27c1-bd26-4412-b66a-aa1baf0cb1fd,Elfy,1231473425567,1,30.0,12.0,30.0,9c05f1c3-40ab-43d3-bc49-c9c2d37a7f86,Piece,1
120301a6-a82e-4d48-93a5-c7bb45bd3357,00991abd-7166-4fb5-a6d9-3118f6edec15,10ebe327-96fb-4e2c-9292-ee7ccf3b8127,local fry,8964000695555,1,10.0,8.0,10.0,ca63db85-6796-4904-8894-101cfc6813be,Piece,1
37893536-c109-4f38-b8f8-7c5bd9bfbd78,00991abd-7166-4fb5-a6d9-3118f6edec15,1c72d262-1df8-429e-9986-6f2c680389d3,Snacking snacks,2972437277202,1,20.0,15.0,20.0,ffc4c732-949f-486e-a5bf-92ea8a0132c4,Piece,1
3fd09f75-c516-470b-9f33-ea3aa7da6c61,00991abd-7166-4fb5-a6d9-3118f6edec15,5f944213-1ecb-49ed-9132-155c538f653f,8964003812140,8964003812140,1,20.0,8.0,20.0,2baead40-bebd-4b19-b515-40c05758f457,Piece,1
c5b788d4-a275-4760-882f-e3a82bc812ef,014e54bc-fdab-4907-b976-af54c3e787a0,9b8a64b3-0eff-49bd-a7e9-7ae1f4c6211f,Capstan White,89600078,2,15.0,12.5,30.0,2ee97f16-83f8-4fe8-8004-f20228fc010c,piece,2
08d1d03f-d2a1-4b9c-a00e-747719105d35,014e54bc-fdab-4907-b976-af54c3e787a0,8af4077d-37f1-441f-936d-9507cb56ca9d,candy,1232784048698,2,5.0,3.5,10.0,7534df49-d891-461a-8b69-7d03cb9ce755,Piece,2
8cf93b26-f98f-423b-9703-09eb4378ab8a,026bbbcb-421b-4e90-8bfc-31dc9fdb7980,296944b9-ea79-469c-8425-f11d6e4b7eed,CAPSTAN RED,1230364618200,4,15.0,12.1,60.0,a1bc6a6f-ad8f-468b-afac-44ec8574811d,Piece,4
a2471dab-9f28-4fa4-8ba6-28807a86f7ee,029d42ed-8555-4be7-a3f8-76b5661d6b1d,e1c7461f-fe2c-43cc-b072-ab2fcdd767ed,olper pack,8964000919934,1,100.0,85.0,100.0,610b7a9f-fa8f-480c-8da4-d5bb1121252c,Piece,1
a0b55f39-fbc7-4a3b-b99f-dc955a7cccf1,0386f88a-5934-4cce-ad10-7a7113e78feb,b670459a-e326-4490-bf85-c717dd6912df,SLICE APPLE,8964000103104,1,80.0,43.4,80.0,962458d9-d8a4-496e-b26d-a36295416f95,Piece,1
c18cf49c-329e-40c7-9e11-9a2603bcf546,0386f88a-5934-4cce-ad10-7a7113e78feb,a887cf42-05fa-4884-bf71-2d0d34f151b7,saba soap,073982200461,1,80.0,72.0,80.0,05a3d16c-6c33-44f2-87ff-71c99621f8b0,Piece,1
59f67c11-c5ba-4da1-a98c-8bc9efb7ee2e,05277db3-d5b3-4396-8cdb-09350a7f691e,b21064d9-07ce-42e8-8bdf-a7c61df06adb,jet spoort,8721274610482,1,40.0,29.38,40.0,347ee8ca-b35c-456e-a2d3-8c9b2417b33e,Piece,1
88e6fefd-a015-44a4-be43-a2cbd6ec8240,0893789c-dc03-4685-a6f5-78e160fb2acf,63f00a80-cb39-4cd7-ad56-99bead38d732,Cornetto D CHOCOLATE,8961014033458,1,140.0,122.0,140.0,a8cc5828-8eaf-4462-8806-1c915ddeb88f,Piece,1
69275610-846c-47a7-af96-49e21cc55e9b,0893789c-dc03-4685-a6f5-78e160fb2acf,41fb2652-333a-4047-867e-bf751a305e0b,Jango,745240202462,1,60.0,45.83,60.0,3a339136-09c7-4248-8013-e3466592f762,Piece,1
3d38c67c-d528-4f31-b00c-c26fc38264df,0afd03af-c0f3-425c-8819-6215828fd326,d258d862-8463-431b-ac56-5545e120c5ae,big lychee 500ml,1860074054601,1,120.0,54.1,120.0,486d58bf-cb59-4fac-9f01-5cf149100228,Piece,1
d6c5f619-127a-44f1-a040-6a5b4350e706,0f1f9401-b7d2-4032-be5e-4e751084263f,9b8a64b3-0eff-49bd-a7e9-7ae1f4c6211f,Capstan White,89600078,2,15.0,12.5,30.0,2ee97f16-83f8-4fe8-8004-f20228fc010c,piece,2
b5f13821-080a-4dfc-9acc-a87db29bf7c8,0f20365f-f46c-46ec-b9c1-01c6ad5470b7,66a64cc9-3d36-4ec9-94c4-fd0e9a56f32c,Lays Masala,8964000090602,1,20.0,18.0,20.0,c40492ef-d853-48e0-9c39-df0966445872,Piece,1
6570291d-1b93-4d8e-8409-4370e5ecebb4,0f20365f-f46c-46ec-b9c1-01c6ad5470b7,fdc65df0-d2f4-421c-a8d7-36301c4db84f,Dew 300ml,8964000101254,1,90.0,65.0,90.0,bf1a41ca-b4d2-4417-9fd9-c774a60c54f3,Piece,1
ad1538f2-42b6-4fd8-bb73-34055941eb81,0f20365f-f46c-46ec-b9c1-01c6ad5470b7,cdb81930-67a7-4ee9-b89a-f6d0aef5d131,Lays Wavy Y&H,8964002345809,1,50.0,45.5,50.0,def32295-544e-4cd9-9216-32e217c2571b,Piece,1
4c86b87e-da46-4cda-ad8a-5cf6c0503207,0f20365f-f46c-46ec-b9c1-01c6ad5470b7,477ef534-005d-42fb-9cdb-ae0e6e0e4624,Lays Masala,8964002345595,1,50.0,46.0,50.0,3294cf9e-a80d-4e5a-bb6f-3a8fd4122ffc,Piece,1
3bfe126b-cdb9-4a65-9da4-67fd9c47882c,0f20365f-f46c-46ec-b9c1-01c6ad5470b7,0641e502-0965-44db-bcf9-104cf2a42f37,FRUITIEN Peach,8964000876480,1,60.0,45.0,60.0,469fcf86-77ad-4d28-ac5d-44cace081107,Piece,1
3c8dd308-50e4-4553-bad5-4df2a408a9a7,0f20365f-f46c-46ec-b9c1-01c6ad5470b7,8af4077d-37f1-441f-936d-9507cb56ca9d,candy,1232784048698,2,5.0,3.5,10.0,7534df49-d891-461a-8b69-7d03cb9ce755,Piece,2
497f46f5-7d15-41c0-b43f-3c69b41ab961,0f6e6e35-417b-4179-9438-822ae21c775f,b21064d9-07ce-42e8-8bdf-a7c61df06adb,jet spoort,8721274610482,1,40.0,29.38,40.0,347ee8ca-b35c-456e-a2d3-8c9b2417b33e,Piece,1
827723ff-5b53-4d6e-b2e3-41bb2e463632,0f6e6e35-417b-4179-9438-822ae21c775f,e76e19e5-ca3c-4ff3-b7b7-4949885b860e,Choc Bar,8721274610581,1,50.0,40.0,50.0,a4fb8af0-18c1-4dc5-a88a-59255effa804,Piece,1
ad253f1d-cba1-4a9d-99b9-64d0d547f801,10537196-04a6-4caa-854e-e33866889302,296944b9-ea79-469c-8425-f11d6e4b7eed,CAPSTAN RED,1230364618200,3,15.0,12.1,45.0,a1bc6a6f-ad8f-468b-afac-44ec8574811d,Piece,3
0db39607-30f0-4805-9ba1-0557b68a36cd,129d86a4-bcbc-44c1-b33a-712370402a28,bcbfb413-a2aa-4b4b-aa6e-51227d61ac74,FIZUP 1.5L,8964001179412,1,180.0,130.0,180.0,a46a0498-3708-46b8-93a2-7e1719aaeac2,Piece,1
8ef998ef-0f81-45b3-8ccd-cc69406261d1,14d67020-b458-4165-a5fc-ba588bfd78c1,9b8a64b3-0eff-49bd-a7e9-7ae1f4c6211f,Capstan White,89600078,2,15.0,12.5,30.0,2ee97f16-83f8-4fe8-8004-f20228fc010c,piece,2
0bf283ad-bfc2-41dc-9048-9c52eda7d39a,171db100-42da-4377-95cb-54b6e32f520d,e89768c3-9e0e-472e-b8fe-ca33136480e6,lemon max pouch,8886950099514,1,225.0,200.0,225.0,49d66224-083c-4065-82fa-185368c7b179,Piece,1
0ad93061-5da2-4de0-ba7f-4b5972baea29,171db100-42da-4377-95cb-54b6e32f520d,f2bbd782-884e-492c-ba3b-30bbb22514f9,anytime snacks,8964002429752,1,20.0,17.5,20.0,4a9f1b8b-9754-4350-9f0e-787cfa591129,Piece,1
863d1aa8-2111-493a-84db-47ffe8d70233,171db100-42da-4377-95cb-54b6e32f520d,8af4077d-37f1-441f-936d-9507cb56ca9d,candy,1232784048698,1,5.0,3.5,5.0,7534df49-d891-461a-8b69-7d03cb9ce755,Piece,1
ed8cae90-6b70-4f68-affa-d66aa0c87ab4,1837e671-6841-4fb7-aa8c-ff48fde65713,df83db32-d270-4a08-8f67-85f4967a923d,Red & White,89600320,1,10.0,9.5,10.0,4c010ae2-567a-4d9a-a3ee-7be8b0099de4,Piece,1
8eae0652-9c78-4af5-89c9-9a2bb6f3fff4,1837e671-6841-4fb7-aa8c-ff48fde65713,8af4077d-37f1-441f-936d-9507cb56ca9d,candy,1232784048698,2,5.0,3.5,10.0,7534df49-d891-461a-8b69-7d03cb9ce755,Piece,2
26f748f8-40f0-4801-a378-e5df35cbfa1d,186468f2-7d85-4df1-a258-c60f1e139d8d,0598f36f-238a-4506-8951-fe60be7df3ee,FUDGE BROWNIE,8961103502773,1,50.0,45.0,50.0,53ef4e3d-eaf3-4057-9164-50a3bf2e6bba,Piece,1
589d32d2-2fd7-40a3-ae9e-e91099f1d0aa,186468f2-7d85-4df1-a258-c60f1e139d8d,5f944213-1ecb-49ed-9132-155c538f653f,8964003812140,8964003812140,2,20.0,8.0,40.0,2baead40-bebd-4b19-b515-40c05758f457,Piece,2
e48fa5b9-3aaf-4632-9deb-fa20f4d8c92e,186468f2-7d85-4df1-a258-c60f1e139d8d,ba790275-119d-4f7a-b9d6-2228bf0d7226,badam makkan,095742223213,1,10.0,4.1,10.0,43a1d058-e491-40ad-a268-fc88b700be34,Piece,1
e33901f0-bda9-453d-b822-7d62bec297e7,1baa7a29-2803-4a4b-a53e-1b1703b72394,e76e19e5-ca3c-4ff3-b7b7-4949885b860e,Choc Bar,8721274610581,1,50.0,40.0,50.0,a4fb8af0-18c1-4dc5-a88a-59255effa804,Piece,1
e39f1987-97cf-4535-bb69-4a4b730205e0,1baa7a29-2803-4a4b-a53e-1b1703b72394,9b8a64b3-0eff-49bd-a7e9-7ae1f4c6211f,Capstan White,89600078,1,15.0,12.5,15.0,2ee97f16-83f8-4fe8-8004-f20228fc010c,piece,1
aab0da1c-6a29-4396-bf3c-3ed1c4f8a158,1edacf9a-4eb1-4c91-b2f8-12b860c5309f,6c6ccff1-14e0-4b77-884d-ac35c4441fbd,MOO,8961014017595,1,50.0,44.08,50.0,486c4a3e-978a-4702-95e2-9d661806f528,Piece,1
17d099eb-27b3-4fdb-b9b2-c73fdb4896bd,1faace4f-8ffd-4f94-a184-207af9142a92,403ea510-fb07-48bc-a730-8f1f2391b3be,STING L,8964000101704,6,140.0,105.8,840.0,7b817808-9ae8-4d8f-9f89-3f3e11cfe183,Piece,6
3d8ac28e-4b12-404d-8475-637a567de581,20da2c9b-08a7-4f2c-8148-421be72d0708,188b0bc1-c811-435d-9cd7-84a6e7787fe1,Zeera plus,8961003642166,1,50.0,43.0,50.0,daae7360-e661-4316-9b57-e301e684f423,Piece,1
f905d460-d48b-4e10-b4f2-80a87d90271a,20da2c9b-08a7-4f2c-8148-421be72d0708,2f955768-b5b4-43c0-ae31-94d6a7355291,SPRITE 1.5,5449000012203,1,210.0,164.0,210.0,c988a08a-4ece-4c1d-aec6-51d386f48291,Piece,1
23a520be-caed-4da9-b770-e8b2f492e7f8,2183c4df-7f1a-4e9e-85ca-cdf94eaa6e05,f844d6a6-b548-40f2-9e64-401dbf792669,COCOBLISS,6156294526758,5,20.0,8.75,100.0,cc0ab773-60ca-474e-9b24-a813f5b931c6,Piece,5
669bf539-43a4-479e-ac77-e6cad43ad054,2270fb88-c78a-4295-ad21-a7296cf46bea,477ef534-005d-42fb-9cdb-ae0e6e0e4624,Lays Masala,8964002345595,1,50.0,46.0,50.0,3294cf9e-a80d-4e5a-bb6f-3a8fd4122ffc,Piece,1
d4e4527d-7936-47cb-981f-b683f0f3157f,230292b5-3716-4e24-9ad1-a8b7bddd57b4,9b8a64b3-0eff-49bd-a7e9-7ae1f4c6211f,Capstan White,89600078,3,15.0,12.5,45.0,2ee97f16-83f8-4fe8-8004-f20228fc010c,piece,3
249f6956-318b-4a22-896c-3a8d44c3e3c4,298528b7-0d2e-49aa-b091-d407bae213ec,30e73934-8b1f-4e5b-8a7e-459183ab89ff,BENSON & HEDGES,95010526,3,20.0,14.0,60.0,beab7f8b-15e9-4846-b9ce-aeebad444ede,Piece,3
20cd2bb8-361b-4674-b5e9-093cace033f9,298dae1c-7ab2-4f98-9960-4c6b7069f87c,9b8a64b3-0eff-49bd-a7e9-7ae1f4c6211f,Capstan White,89600078,1,15.0,12.5,15.0,2ee97f16-83f8-4fe8-8004-f20228fc010c,piece,1
1bd26ebf-6f9f-4c33-bde8-72af2b1ccc15,2f474e2a-e73b-42c8-aeea-6a4e087a7e97,49d0da8d-0715-45bb-8ed2-bfeb311f210f,lays y$h,8964000103784,5,20.0,17.0,100.0,aa53ae6a-2e7f-4333-8645-91a01ffefc95,Piece,5
22790652-4a33-45f8-b26d-b4718a3de625,2f474e2a-e73b-42c8-aeea-6a4e087a7e97,9d766c91-c234-49ff-a444-dc9979ba923f,BITE LAYER CAKE,6423116329966,1,60.0,43.3,60.0,b7e9abab-7698-4120-b644-393d3b35bfad,Piece,1
27b6d617-cae4-4955-b59d-247106e7a7ee,2f474e2a-e73b-42c8-aeea-6a4e087a7e97,d708baee-e4e6-44b7-89a0-5214eeebce4f,prince chocolate,8961003612572,1,50.0,45.0,50.0,556d6997-f2ee-4658-8b85-23a47795b274,Piece,1
02d132d7-73b0-4687-ac67-6002f688f527,2f47fb3d-513d-44fa-8bab-95f1d25210b5,6b21c075-c752-4bf7-a4c2-2a4c8441c546,sifarish khan,1232255618481,1,30.0,25.0,30.0,289e28e9-66d0-4026-9fd4-67bfa88cb04c,Piece,1
baf6485b-8f21-4112-b51b-c9179480396d,2f4ce268-afd5-40ff-9451-a7a1eda30d60,89f4f035-f9a1-4494-a13d-25aea03393fc,Cornetto Strawberry,8961014032239,1,90.0,76.5,90.0,8f48d8d3-dbb8-4cd5-9d62-c9ae8c01c33b,Piece,1
9d0636a9-47d1-45b5-9bdc-286aa29f0e18,32ce8a4d-f94d-4ff0-823d-20ce0d1862f6,403ea510-fb07-48bc-a730-8f1f2391b3be,STING L,8964000101704,1,140.0,105.8,140.0,7b817808-9ae8-4d8f-9f89-3f3e11cfe183,Piece,1
c22c2b05-154b-49df-8d50-519e3f81450d,32ce8a4d-f94d-4ff0-823d-20ce0d1862f6,e8505540-bc5f-4cfc-b5ed-1665aa9e2327,COCATEA POPSI,9203457293464,5,30.0,18.33,150.0,0d016da2-c3cd-4611-bcf7-c2be5270f72a,Piece,5
05bdc7ac-51ba-49a5-9be7-e1dbcd76461f,32ce8a4d-f94d-4ff0-823d-20ce0d1862f6,b8106d87-eb2b-4a4c-bcd9-ebd7b40708e2,lays classic,8964000090596,1,20.0,18.0,20.0,1f70884a-93dd-4a74-954a-95cc02ac4bf6,Piece,1
737835e0-a10c-4418-b0ce-b98e2e23deff,32ce8a4d-f94d-4ff0-823d-20ce0d1862f6,296944b9-ea79-469c-8425-f11d6e4b7eed,CAPSTAN RED,1230364618200,3,15.0,12.1,45.0,a1bc6a6f-ad8f-468b-afac-44ec8574811d,Piece,3
4f3b1697-7f04-4b1c-9470-ab32b52e9d38,32ce8a4d-f94d-4ff0-823d-20ce0d1862f6,8af4077d-37f1-441f-936d-9507cb56ca9d,candy,1232784048698,2,5.0,3.5,10.0,7534df49-d891-461a-8b69-7d03cb9ce755,Piece,2
62645287-1138-46d1-a959-fffa7921bdd6,32ce8a4d-f94d-4ff0-823d-20ce0d1862f6,4ea8ab87-bf13-4523-b83d-509c89f52789,hockey match stick,9231012019358,1,5.0,3.0,5.0,21683564-a53b-4d8c-a0a6-4066d1367085,Piece,1
31c9493d-c0ee-4749-95ab-cf2e40bd42bf,32db5cc2-26b9-43da-8714-a0c93bbfd840,a0d9dd33-4b2f-4a0a-add6-a2057a8330c8,ZIA MIX NIMKO,8964002429943,2,100.0,83.33,200.0,70922120-c405-49ff-bafc-fe54e91fdaef,Piece,2
480abf12-691a-43a2-8398-bfeac3228a8d,336cfd3d-bf1b-4179-bcee-427ed7a65b90,5a5154d9-6994-4dee-9011-efd865af1c8f,GOLD LEAF,1232097295550,4,30.0,25.0,120.0,ff8b0ab8-fd25-4bb6-aafb-a79e8e63a846,Piece,4
f7b011e2-650e-4664-8f74-4d2a0ae07a8e,350355fc-5227-44c7-b68f-994182490426,0aa80e86-0e8c-4c99-9c66-fd4a30ca7abb,KURKURAY MASTI SHOTS,8964002345700,1,30.0,28.05,30.0,19089021-10fb-4a9d-97bb-8876d0b8603d,Piece,1
efbbc8e1-31e9-4f05-879f-5cd78f030560,350355fc-5227-44c7-b68f-994182490426,738252f1-b7d4-4472-a2cf-6012dd3595a8,VELO ELAICHI 3DOT,6253341407784,1,250.0,160.0,250.0,f795c816-95df-4f72-8131-78a93aff7061,Piece,1
ad60194e-925e-4f45-a7ca-9789412b8e9a,350355fc-5227-44c7-b68f-994182490426,66a64cc9-3d36-4ec9-94c4-fd0e9a56f32c,Lays Masala,8964000090602,1,20.0,18.0,20.0,c40492ef-d853-48e0-9c39-df0966445872,Piece,1
677826d4-ed6a-42db-a45c-7264516b4f72,350355fc-5227-44c7-b68f-994182490426,dc1ee16f-7d26-464f-9aee-6909c7b304b7,peach malt,1860236002044,1,120.0,80.0,120.0,9ea92509-1503-4b5c-a72a-a851dfdc503c,Piece,1
9e783b32-4675-4a98-9e91-7d03ce6616f7,366941ff-f6b9-489b-bd47-c5013c9fde38,296944b9-ea79-469c-8425-f11d6e4b7eed,CAPSTAN RED,1230364618200,1,15.0,12.1,15.0,a1bc6a6f-ad8f-468b-afac-44ec8574811d,Piece,1
6fa04f1a-88ea-43cf-bb60-897d2075bca5,37d39b29-4531-4bf4-8aec-44a21311fe2e,6b21c075-c752-4bf7-a4c2-2a4c8441c546,sifarish khan,1232255618481,1,30.0,25.0,30.0,289e28e9-66d0-4026-9fd4-67bfa88cb04c,Piece,1
377d3f59-48c6-4371-bf97-334a8dcccf8e,3b2e5a37-771e-4a73-9822-fe1a0034d19f,9b8a64b3-0eff-49bd-a7e9-7ae1f4c6211f,Capstan White,89600078,2,15.0,12.5,30.0,2ee97f16-83f8-4fe8-8004-f20228fc010c,piece,2
8115a1ba-5d29-4e8d-a298-c0ffa52d3aa0,3b5dff9e-6986-4cac-b2ba-6eb7d2c4bf6f,296944b9-ea79-469c-8425-f11d6e4b7eed,CAPSTAN RED,1230364618200,10,14.0,12.25,140.0,0ea2547b-ff52-4fd2-a713-c4c425c19caa,Half box,1
9f20cafa-b1d7-44b2-8870-572d25a298f7,3b5dff9e-6986-4cac-b2ba-6eb7d2c4bf6f,8af4077d-37f1-441f-936d-9507cb56ca9d,candy,1232784048698,2,5.0,3.5,10.0,7534df49-d891-461a-8b69-7d03cb9ce755,Piece,2
0493b10d-5fc8-4183-822f-36966fd53983,3b6f89c4-abd5-4cc7-a0c4-1bcfcb2f3a92,e8a7c3a5-a50a-4998-a654-c58b46116d4a,cornetto c,8721274610437,2,140.0,130.0,280.0,4013238f-d403-4755-a2d3-e73fc6730f6c,Piece,2
9931effb-8260-4607-9d48-a8a01c6b89e7,3c2c4334-75ea-44b4-bcf5-2d9db5397049,33819376-e267-418a-adf2-b6190c956759,DEW 1.5L,8964000101117,1,210.0,163.3,210.0,f669561e-4418-41a3-9cb7-31974a38d7c4,Piece,1
eeb7ff62-5102-4133-b22a-eb2f00d83652,3c85f0f1-1eea-41ca-afae-34b4a3abfc80,f4ce704a-50ae-40da-ab55-b93efcf3e6de,FRISKEY CREEM WAFERS,8965310055411,5,50.0,43.7,250.0,6fa2325e-a15f-409b-9564-668bd5313526,Piece,5
e5e55629-e74a-46d7-9380-739beca65a02,3cbd8034-b157-4bc8-bde9-389373b96c00,2f0bd3d2-d095-4cbd-a674-9d1776c2e43a,Zia Mix Nimco,8964002429936,1,50.0,41.6,50.0,60f345fa-41ee-4b27-8c95-1a22adb06e14,Piece,1
cc89cfc2-013e-4738-a226-c6bce8ee020e,3cbd8034-b157-4bc8-bde9-389373b96c00,9f61e160-7af9-471d-87df-a7c46405286f,paddle pop VANILLA CUP,8721274610468,2,40.0,34.0,80.0,15b2f430-290d-46a5-870b-99d701ce42b7,Piece,2
42b5c4ea-ac69-406a-a5f9-03ed5e8ca416,3cbd8034-b157-4bc8-bde9-389373b96c00,8c7f6d6a-e322-4288-a670-4414a8a98916,MIRINDA 345ML,8964000103319,1,90.0,65.0,90.0,b74ab95f-e6b2-4273-aabd-fb4a21df03a1,Piece,1
ea86e748-a618-433d-aaa8-b006547248fe,3f348a40-5616-4d26-8acd-686dece40a21,bdfbec09-02b6-43e1-834e-c6f25f2250da,egg,1239923458738,24,22.5,20.44,540.0,bdd4c51e-e07c-42e7-b727-d85d00d994f8,dozen,2
c8d292fa-964e-4de9-904c-d94166b63646,3f348a40-5616-4d26-8acd-686dece40a21,61208acb-3d9e-41b2-a1ed-a65aef55d3da,knorr chattpatta,8961014038200,4,50.0,47.0,200.0,6911d27f-a24a-40c5-8761-c6954c0a797b,Piece,4
93b58850-2034-4862-a060-8bad93185c46,3f348a40-5616-4d26-8acd-686dece40a21,f7459f16-44f0-4a12-a09b-074a694c2709,channa,1236448153230,1,220.0,190.0,220.0,d2a87aca-719e-4b37-ae32-8e935ce0d14e,Piece,1
0b0157b2-1033-417e-b6b5-ba99f85c0f15,3f348a40-5616-4d26-8acd-686dece40a21,ae973236-8bea-4d7c-bcfc-2e96b5e5964f,flash magic,9874584425457,1,60.0,50.0,60.0,dbb836de-6e4f-4d4b-a1b8-efe793bb333a,Piece,1
3dd52d0b-69c8-4bed-bda6-30006024df5e,3f348a40-5616-4d26-8acd-686dece40a21,07656a28-45c4-4da2-9701-c175887c82b5,Chaunsa mango nector,8964000876084,2,90.0,62.08,180.0,9b1ee20c-6a35-495d-bf76-dd0c4c74e379,Piece,2
b1ab45fa-eaf6-4864-ad9b-96abea0e5928,3f348a40-5616-4d26-8acd-686dece40a21,b3eef3ba-78b1-4007-b07d-6aed1fdcb21e,DUBAI CAKE,6033696187896,2,150.0,93.0,300.0,001e6d4f-3ee7-471a-8096-22b1d8972e25,Piece,2
4b6758ef-78bc-4956-8d24-00ce97512b67,3f348a40-5616-4d26-8acd-686dece40a21,7ed42805-38c4-44c2-805e-9649ba76fdf2,TWIN CAKE,6446371285174,2,100.0,43.3,200.0,67f5fa01-7d31-4318-97de-2b84a2b16a48,Piece,2
464bd58a-1852-4e3a-aae5-b86d54e927bb,3f348a40-5616-4d26-8acd-686dece40a21,045336a9-6e35-481f-bc73-7a5720d220cc,MELLO,8964001435518,2,10.0,9.0,20.0,beb04b66-8168-4ad7-b046-02c8feb0459b,Piece,2
1feeed85-5377-44a3-9ad8-72764b4efeb0,3f348a40-5616-4d26-8acd-686dece40a21,b670459a-e326-4490-bf85-c717dd6912df,SLICE APPLE,8964000103104,2,80.0,43.4,160.0,962458d9-d8a4-496e-b26d-a36295416f95,Piece,2
d4a43393-36ae-464a-8502-3d1adfdf85f7,3f348a40-5616-4d26-8acd-686dece40a21,ab0ee9ea-76e9-408c-a665-c0315ced438e,CAKE STRAWBERRY,6106554014518,2,30.0,17.5,60.0,2a59134a-f760-4fea-b3f4-7a11a3df2679,Piece,2
5680a1f3-150c-4c9d-80d8-22dee3f4e7d0,3f348a40-5616-4d26-8acd-686dece40a21,382387eb-6272-4738-b2d5-3361fa6fc3ca,Potato Sticks,671866277501,2,50.0,46.25,100.0,bc63250f-fd30-4ca2-a788-3340c09f9c89,Piece,2
ee65c364-b5df-42e4-9492-cbfc5273911f,3f348a40-5616-4d26-8acd-686dece40a21,738252f1-b7d4-4472-a2cf-6012dd3595a8,VELO ELAICHI 3DOT,6253341407784,1,250.0,160.0,250.0,f795c816-95df-4f72-8131-78a93aff7061,Piece,1
977ba788-77f0-472b-aace-c2889ee1525d,3f348a40-5616-4d26-8acd-686dece40a21,4ea8ab87-bf13-4523-b83d-509c89f52789,hockey match stick,9231012019358,10,5.0,3.0,50.0,21683564-a53b-4d8c-a0a6-4066d1367085,Piece,10
e7b8078e-c000-4472-bca3-79d3d3f75990,3f348a40-5616-4d26-8acd-686dece40a21,36457024-7d12-4c56-9544-18674a4e8faf,King Kulfa  SLICE,8721274610949,1,80.0,70.52,80.0,3643e13e-635a-4583-97ac-5341bf0edbc0,Piece,1
525ca40c-3843-4f62-a42d-83d7c0f04ca6,41f8d705-1246-49f0-93b5-84a54a3f6d70,6b21c075-c752-4bf7-a4c2-2a4c8441c546,sifarish khan,1232255618481,1,30.0,25.0,30.0,289e28e9-66d0-4026-9fd4-67bfa88cb04c,Piece,1
164c1400-5cd6-45d5-b3e1-9079728e9b34,43060df9-64f6-43b5-80d5-1b8a314f5348,986fdfa7-0d1f-4581-980f-f56c15fe2708,dayfresh chocolate,8964000816516,1,150.0,97.0,150.0,6922c626-8f0e-463a-aa49-2c8a8df73c59,Piece,1
a855d5d9-dabf-4717-a460-61ea5e3c19a0,43060df9-64f6-43b5-80d5-1b8a314f5348,216ab9f0-65b5-4cc7-93c1-8d21ecc3f3bb,Chocolatto,8961102508868,1,20.0,18.0,20.0,5103e0a4-abf3-4e1f-9116-b8f2aba5efb1,Piece,1
f5197c46-723b-466f-9b37-82c083be6541,45e93695-c2db-4fb0-b02e-6dd401eb06d6,9b8a64b3-0eff-49bd-a7e9-7ae1f4c6211f,Capstan White,89600078,2,15.0,12.5,30.0,2ee97f16-83f8-4fe8-8004-f20228fc010c,piece,2
9f8926a1-49f6-4fe8-b095-e13ca09ed883,475dcba9-e872-4ecd-bbec-773ad87af005,b8a09231-1bf3-4dc3-b3d6-92a1fcd5f3b8,bigg lychee,1860074054618,1,200.0,155.0,200.0,c4bf8736-e202-4b78-b05c-00f5bfa32213,Piece,1
0ca73a16-6e51-4cda-bff3-73333e498d0c,47a65f2d-1ef2-40b0-a9ed-384ca36e970f,7b37c209-406d-41de-9343-0fae92902f40,ANAR 1.5L,8964001179504,1,180.0,130.0,180.0,7197978b-09a4-4b3f-ad57-936a8f9e4311,Piece,1
35fb27dd-8875-4129-a4d6-f734878c60ff,489e303a-e86f-4768-8c2f-0a7e477da49c,9f61e160-7af9-471d-87df-a7c46405286f,paddle pop VANILLA CUP,8721274610468,1,40.0,34.0,40.0,15b2f430-290d-46a5-870b-99d701ce42b7,Piece,1
efdff745-55d9-4543-88fb-75af20171656,4c06dd3e-77bd-4365-a536-2cc02024debc,af69d822-86b0-44a5-95c6-e6eb63bf046f,4U peri Per,725765417107,2,20.0,18.33,40.0,f9b1f94e-eb83-4553-ac61-9dc96aaae598,Piece,2
130b8ade-2b3a-4298-9db2-ab5f90542caa,4c06dd3e-77bd-4365-a536-2cc02024debc,9dfba812-5973-41a4-86e5-028f3a56ef0b,Chaunsa Mango HS,8721274610840,1,450.0,360.0,450.0,63e2c6a3-1a94-46fb-a0d4-db8bda413979,Piece,1
141a1c9f-a6db-4997-a3c8-38920a5685dd,4c06dd3e-77bd-4365-a536-2cc02024debc,1185b2f2-4bc3-4b33-85c5-2cc41cb910ed,you chocolate,8961102502521,2,30.0,25.13,60.0,3bdcdadc-1554-47af-b594-99d2cb157656,Piece,2
c0432cb3-efe8-4a09-b893-1ceaac2299f8,4d47c8da-db03-4ace-ae3a-9065df319a22,5a5154d9-6994-4dee-9011-efd865af1c8f,GOLD LEAF,1232097295550,3,30.0,25.0,90.0,ff8b0ab8-fd25-4bb6-aafb-a79e8e63a846,Piece,3
1952906b-9fbd-4e62-b4ec-f16735270c94,4d78650d-2de3-4e63-a5bf-9ab3047005fb,1ef410cd-7a94-44af-b517-d8100813a45a,DONUT,8961014017564,2,100.0,91.16,200.0,9c11edf3-677c-4388-941e-807919db36a3,Piece,2
bf3a537a-8d6f-46a4-9e29-143072bbffcc,4d78650d-2de3-4e63-a5bf-9ab3047005fb,a53ad854-8545-44f3-8147-1b275cce0b86,Glace Peanuts,745240202554,1,50.0,45.0,50.0,24cec4be-aae6-4a8c-89f4-31515df3a896,Piece,1
0ad4d453-77a6-485f-bc2a-35ebade84606,4d8d202d-849e-4570-b893-d39111eb92e5,dc6c043a-aee3-44fe-9e69-206f74154f8b,luster rose,9812121221155,2,20.0,5.0,40.0,89eadc6e-2039-4466-85cb-2bd8ef56c0c7,Piece,2
f7ed84d5-dd82-4ae9-8467-805ee6f846ec,50fabe7c-7d3b-4ae6-888f-b93fe0211223,403ea510-fb07-48bc-a730-8f1f2391b3be,STING L,8964000101704,1,140.0,105.8,140.0,7b817808-9ae8-4d8f-9f89-3f3e11cfe183,Piece,1
bd965cc7-bc9c-4f04-b96f-af5cd2a4399b,50fabe7c-7d3b-4ae6-888f-b93fe0211223,89f084ac-a196-47fb-8e25-4e4bd3160c50,STING SMALL,8964000101551,1,100.0,73.0,100.0,24a9904c-bbbb-433e-b85c-bc70707d653c,Piece,1
63ddaa7b-d3b8-49e0-a858-8874e01641fc,53353e80-0455-4a3b-8788-318bf9e31bc3,524bdd08-a3a7-4952-ac37-bf36663c0847,Gooral Tooth Brush,6972919086205,1,180.0,100.0,180.0,4a36a861-17f1-4e70-af96-e2f7a4935eae,Piece,1
ee99635e-0253-4f89-9b40-fbba5ada999b,55e4fe44-6b09-450b-a6c2-c3158c28bf8f,c3551759-c1ef-47f5-b230-77bce4c2f476,Brite s/pack,8886950015279,5,10.0,9.17,50.0,65d64d63-9e6f-4416-9618-7a79123a69a1,Piece,5
b9ecfa9a-d181-4942-891f-cf4c6a9152a1,561de933-2dc3-4161-a89b-344da034892c,0641e502-0965-44db-bcf9-104cf2a42f37,FRUITIEN Peach,8964000876480,1,60.0,45.0,60.0,469fcf86-77ad-4d28-ac5d-44cace081107,Piece,1
6a3f76be-edc8-49b9-8720-8e5c1293e795,561de933-2dc3-4161-a89b-344da034892c,91cf72ea-8332-44c7-8a4b-ba4147071a68,choco licious,8964002759545,1,30.0,27.0,30.0,5845e40b-16fc-4198-9e90-c171092ac1aa,Piece,1
205c9e06-ff05-4c96-a9ef-b25eccab5603,561de933-2dc3-4161-a89b-344da034892c,8d461728-be1b-440c-86ee-f7a31b9a6d27,Chocolatto,870572008007,1,10.0,9.31,10.0,08a6ddec-263a-4d1b-9f75-5a39630e6b76,Piece,1
c80aafb9-b472-45b3-84b7-e35a484a8b24,58d4f249-e05b-4ce5-89ae-31192950f836,bdfbec09-02b6-43e1-834e-c6f25f2250da,egg,1239923458738,12,22.5,20.44,270.0,bdd4c51e-e07c-42e7-b727-d85d00d994f8,dozen,1
93ea1156-d3b8-400a-8da4-07760e5ec91f,590fa54c-2f92-4be6-ad3f-1c6bc8d1af08,9b8a64b3-0eff-49bd-a7e9-7ae1f4c6211f,Capstan White,89600078,3,15.0,12.5,45.0,2ee97f16-83f8-4fe8-8004-f20228fc010c,piece,3
a7cd201f-6c43-4f94-8949-2438d45f9682,590fa54c-2f92-4be6-ad3f-1c6bc8d1af08,8af4077d-37f1-441f-936d-9507cb56ca9d,candy,1232784048698,1,5.0,3.5,5.0,7534df49-d891-461a-8b69-7d03cb9ce755,Piece,1
cba26835-18dc-4e00-b94d-4ff0e3e37f58,59bd5606-5021-453b-bf3a-8d0f84c9c987,c3551759-c1ef-47f5-b230-77bce4c2f476,Brite s/pack,8886950015279,2,10.0,9.17,20.0,65d64d63-9e6f-4416-9618-7a79123a69a1,Piece,2
d6c64d4c-96b2-4830-ba6e-cbacf399c04d,5a0d9fe8-a59c-4c59-8270-32ab133ca067,66cc367a-8cda-4e43-b94b-92874aacfd3a,Nesfruta apple,8961008215662,1,70.0,53.41,70.0,60c75bca-958a-44ed-b590-54f39474dd9a,Piece,1
dbf59a0b-0278-422c-8a26-6ad68f335c9c,5a0d9fe8-a59c-4c59-8270-32ab133ca067,af25740f-3f10-435d-88c0-a4f84dd64b0d,tuc,8961003623172,1,10.0,9.06,10.0,d03f37dc-dff5-4d8c-b8f8-7609b1a7153a,Piece,1
3ac5697c-bac4-4d96-8871-09101a9a7c17,5a0d9fe8-a59c-4c59-8270-32ab133ca067,6b21c075-c752-4bf7-a4c2-2a4c8441c546,sifarish khan,1232255618481,1,30.0,25.0,30.0,289e28e9-66d0-4026-9fd4-67bfa88cb04c,Piece,1
a25f0aaa-b5b8-47d8-bf65-2d5bb14fb500,5b80131b-5f5c-4cb4-a4a2-299b820caaee,296944b9-ea79-469c-8425-f11d6e4b7eed,CAPSTAN RED,1230364618200,4,15.0,12.1,60.0,a1bc6a6f-ad8f-468b-afac-44ec8574811d,Piece,4
2c3f6d37-d392-4609-ab24-6d7c30895dec,5b80131b-5f5c-4cb4-a4a2-299b820caaee,d708baee-e4e6-44b7-89a0-5214eeebce4f,prince chocolate,8961003612572,1,50.0,45.0,50.0,556d6997-f2ee-4658-8b85-23a47795b274,Piece,1
bfc75f44-2be9-4c37-b399-ae8461d7b671,5c0cce38-1b37-4616-afaf-e00661437ffb,408b17df-a9a7-4523-b596-196ff6354b8f,dayfresh Vanillaaa,796554817385,1,150.0,97.5,150.0,587c3841-18d4-498a-8667-e1051bc325f4,Piece,1
258fe54e-862b-4230-a46a-04a4eaa5f535,5c0cce38-1b37-4616-afaf-e00661437ffb,986fdfa7-0d1f-4581-980f-f56c15fe2708,dayfresh chocolate,8964000816516,1,150.0,97.0,150.0,6922c626-8f0e-463a-aa49-2c8a8df73c59,Piece,1
39c98479-646c-497f-ab09-c1177581a585,5c0cce38-1b37-4616-afaf-e00661437ffb,16362686-2492-41ca-8a06-b4a85dc639ac,PUIREFINE 1.5-Ltr,1230434764202,1,110.0,45.0,110.0,9230ea9d-4f0b-4d85-bbb3-4e890ef1891b,Piece,1
993ffdfa-e268-4edd-8618-f718835edf13,5c0cce38-1b37-4616-afaf-e00661437ffb,aeec8327-c8e3-49ae-830d-5ae48228671a,DISPOSIBLE GLASS,1233763958519,2,5.0,1.7,10.0,2bc021cb-4f78-4684-ad9e-7fae8bd628d9,Piece,2
6df04f83-f4d1-44f5-9c51-5f551bc0e3a1,5c0cce38-1b37-4616-afaf-e00661437ffb,30e73934-8b1f-4e5b-8a7e-459183ab89ff,BENSON & HEDGES,ZIC2321183204,6,20.0,14.0,120.0,beab7f8b-15e9-4846-b9ce-aeebad444ede,Piece,6
31788fcd-5165-447f-bc5b-60b247470174,5c0cce38-1b37-4616-afaf-e00661437ffb,89f084ac-a196-47fb-8e25-4e4bd3160c50,STING SMALL,8964000101551,1,100.0,73.0,100.0,24a9904c-bbbb-433e-b85c-bc70707d653c,Piece,1
4f262b4a-7868-47e8-9b37-e12e7111a745,5cabe6ea-5646-4b5c-98a2-86a20f14e7f5,2c73a736-486c-4dbf-8528-fe9ce200d4e8,COCA COLA 1.5L,5449000051981,1,210.0,164.0,210.0,3970e731-82d1-42c7-95be-861d4545f819,Piece,1
02016807-e372-41c2-a114-516647a43821,5f453a8b-abe3-4219-980e-a2082b048829,234c787c-e5e2-4047-bb07-95d114219d2e,AQUA DIRE 0.5 Ltr,5901234039710,1,60.0,22.0,60.0,bc7e8655-4e7a-409b-a5c5-6b9e2e262dff,Piece,1
0decfbd4-2c09-426f-bbca-0560287221fd,5f4d5d5a-aba7-4491-b182-b0d80636e1fc,5a5154d9-6994-4dee-9011-efd865af1c8f,GOLD LEAF,1232097295550,1,30.0,25.0,30.0,ff8b0ab8-fd25-4bb6-aafb-a79e8e63a846,Piece,1
2301fcb9-14df-44d9-ba0b-19403692d603,616d30ed-1911-4fed-b798-0a73a1c2b536,6b21c075-c752-4bf7-a4c2-2a4c8441c546,sifarish khan,1232255618481,1,30.0,25.0,30.0,289e28e9-66d0-4026-9fd4-67bfa88cb04c,Piece,1
0665309a-9913-40fb-8b24-a4b0c92ae69d,62a92cb6-d45f-45c1-8d50-caf699e7929e,8af4077d-37f1-441f-936d-9507cb56ca9d,candy,1232784048698,2,5.0,3.5,10.0,7534df49-d891-461a-8b69-7d03cb9ce755,Piece,2
4e7b7025-c5f5-4488-bff4-0a6a2952ce59,6367d405-5803-4bc2-ac25-356524b7daee,dad43c0e-ab20-415f-bfa4-3b8ba2ab591c,FV Kinnow,8961008223483,1,90.0,67.79,90.0,ee280e5c-61a1-4aaf-8454-1ed47cf32cfe,Piece,1
228d5cc6-f7b9-4e30-afd2-baa0d9b4c8dd,6367d405-5803-4bc2-ac25-356524b7daee,5d858261-9ada-44bd-ab18-e97ba65193ca,fruitien Red Grape ,8964000876138,1,90.0,62.08,90.0,6074cb61-2048-4775-9804-016af2a08d4f,Piece,1
ce24c3c1-83d7-4db0-b2fb-403190861378,6367d405-5803-4bc2-ac25-356524b7daee,e55f9b15-e456-4841-9cb1-f57f07bf46b8,FRUITIEN APPLE,8964000876503,1,70.0,45.41,70.0,4eea30fe-1cb9-411a-84f7-1da5f5b3e6c2,Piece,1
223fe14b-9dd1-4e4f-ab5b-d3334e78d807,6367d405-5803-4bc2-ac25-356524b7daee,91ffc46b-44fc-4d7b-823e-bc162c9cf24f,bigg apple,1860071012147,1,80.0,54.0,80.0,baa1a505-ea2c-44e0-8a28-0195bd62bbb6,Piece,1
8c2903e9-8467-4083-b1b6-f26561217b61,64a33e62-30a1-4228-a006-87714546e707,7794b2d9-b07a-46be-8246-8961363365f9,Raniu,8964002997916,1,150.0,95.83,150.0,e31daf12-8420-4114-a15b-e870707dde0f,Piece,1
73f867d3-39ab-433d-bbc3-4fa2d38dd6e9,64a33e62-30a1-4228-a006-87714546e707,faca038c-a083-435d-a433-3024e08a7f3e,spark,6121420648949,1,20.0,13.3,20.0,3ec69693-93bd-4a23-be57-bb14e100f14c,Piece,1
ee21cd37-5cce-4ec5-a549-fb14b57a9086,64a33e62-30a1-4228-a006-87714546e707,b2ee0a46-fb84-42ac-9c2f-2bb9dc67ac7e,FV CHAUNSA,8961008223513,1,90.0,62.0,90.0,7bfc2ff1-cf93-485a-bccd-ca7dfa2c7874,Piece,1
da932797-654e-4235-a746-ad9405c7a661,654b913d-9078-453f-a82b-da12d85e7255,b21064d9-07ce-42e8-8bdf-a7c61df06adb,jet spoort,8721274610482,1,40.0,29.38,40.0,347ee8ca-b35c-456e-a2d3-8c9b2417b33e,Piece,1
204baae5-cf9f-49c4-ac53-b0aae8c95755,654b913d-9078-453f-a82b-da12d85e7255,8ebe1861-fdc8-44f9-947e-92577c55f498,yums,8961102502903,2,50.0,45.0,100.0,b02205d3-8e6a-4677-a5ed-9daa92beb126,Piece,2
7f1ef51e-58da-45f1-8c28-2aef097f5002,654b913d-9078-453f-a82b-da12d85e7255,8af4077d-37f1-441f-936d-9507cb56ca9d,candy,1232784048698,3,5.0,3.5,15.0,7534df49-d891-461a-8b69-7d03cb9ce755,Piece,3
6cff9d1f-3ec8-4273-9aee-60910310cc8b,654b913d-9078-453f-a82b-da12d85e7255,9b8a64b3-0eff-49bd-a7e9-7ae1f4c6211f,Capstan White,89600078,3,15.0,12.5,45.0,2ee97f16-83f8-4fe8-8004-f20228fc010c,piece,3
36e90ac7-592b-45fd-bf0d-cb163acd736d,66043db7-10c8-485e-abcd-1fcc6005fefd,0b73f4a6-add8-4f4e-a679-6cb22891f884,SOOPER,8964003594107,2,10.0,9.0,20.0,8ab1ca21-f35c-4608-9392-aa2aab76978f,Piece,2
2221b45f-2e66-4836-88bf-8de67061e794,66043db7-10c8-485e-abcd-1fcc6005fefd,769e2e89-ac54-44d5-95f5-ccae70735404,TIGER,8961003694271,2,10.0,8.85,20.0,4aa89d8e-e8d9-41cd-b9dc-1ef6616d3d57,Piece,2
6622a3e0-f04c-4a96-bbe3-90e500c69621,660aed05-5add-4c30-a78f-dafc23293f3e,975afaa4-6f19-4b65-b8ba-ec64f86f41cb,Lays Y&H,8964002346905,1,70.0,64.75,70.0,ed65e660-cda7-4d73-8f09-7920617be844,Piece,1
82f84ef4-b1cf-4b9f-b268-ece80fc46683,66994478-bbc9-44b6-8101-1b52ce182ca7,af69d822-86b0-44a5-95c6-e6eb63bf046f,4U peri Per,725765417107,2,20.0,18.33,40.0,f9b1f94e-eb83-4553-ac61-9dc96aaae598,Piece,2
d75f0ee3-554a-4f42-a14d-1d0960c713be,66994478-bbc9-44b6-8101-1b52ce182ca7,8af4077d-37f1-441f-936d-9507cb56ca9d,candy,1232784048698,2,5.0,3.5,10.0,7534df49-d891-461a-8b69-7d03cb9ce755,Piece,2
7431140a-56ba-471c-b25b-324e7ecba4f9,6754e349-620a-4637-bbc1-66d92a09d8d9,9b8a64b3-0eff-49bd-a7e9-7ae1f4c6211f,Capstan White,89600078,2,15.0,12.5,30.0,2ee97f16-83f8-4fe8-8004-f20228fc010c,piece,2
7259921b-e18f-4bdd-8193-62ed3d40b0c8,6971a02d-9424-4eb8-9972-f6027b88c993,d8f89ad3-02ac-4798-bd1b-2d1d17aa2b54,kite match stick,745178816045,2,5.0,3.0,10.0,052b3a03-75fd-4be6-97f3-c90634e0f3df,Piece,2
b84545fd-8252-45a8-8eb0-7e1d1b5ad39b,6971a02d-9424-4eb8-9972-f6027b88c993,d0ea7687-1654-4b17-b313-1c89ac741d71,NANKHATAI,8961003669347,1,50.0,45.0,50.0,7c5574a7-3027-4066-a9a4-deb43ded924b,Piece,1
6b9c9f95-6726-4867-b411-932685a9b8ac,698fc363-4126-495c-b690-e3348a6e50ca,e89768c3-9e0e-472e-b8fe-ca33136480e6,lemon max pouch,8886950099514,1,225.0,200.0,225.0,49d66224-083c-4065-82fa-185368c7b179,Piece,1
525864c4-44ac-481b-9cce-9e1fe2f9b85e,698fc363-4126-495c-b690-e3348a6e50ca,5a5154d9-6994-4dee-9011-efd865af1c8f,GOLD LEAF,1232097295550,1,30.0,25.0,30.0,ff8b0ab8-fd25-4bb6-aafb-a79e8e63a846,Piece,1
334b1bdb-bcb5-4768-8f89-99f83964f5b4,6c47da8e-9731-4cf5-b5c7-2525f3fa9906,174870e4-ce0b-4aa4-9be0-ff3a22efc133,cappy pulpy,87126754,1,150.0,113.75,150.0,5fd1acd6-c895-40a5-ae45-8c01bc47d39f,Piece,1
ee052fba-b2ae-42c9-8339-13b085e76873,6cf44a74-3b56-46d9-ba0b-21c9f1152c60,f2bbd782-884e-492c-ba3b-30bbb22514f9,anytime snacks,8964002429752,1,20.0,17.5,20.0,4a9f1b8b-9754-4350-9f0e-787cfa591129,Piece,1
485abc77-3533-4409-981e-1ce61e3278ca,7036becf-7a32-4725-b6de-a976a09ea0ec,8af4077d-37f1-441f-936d-9507cb56ca9d,candy,1232784048698,2,5.0,3.5,10.0,7534df49-d891-461a-8b69-7d03cb9ce755,Piece,2
17ac3aec-e879-47ff-ab75-4bba2f83ade9,72b37005-8964-4e3a-8743-a4469a4a2167,296944b9-ea79-469c-8425-f11d6e4b7eed,CAPSTAN RED,1230364618200,3,15.0,12.1,45.0,a1bc6a6f-ad8f-468b-afac-44ec8574811d,Piece,3
b43e9b2b-79f3-4de3-bae5-d8d5ff666268,72b37005-8964-4e3a-8743-a4469a4a2167,8af4077d-37f1-441f-936d-9507cb56ca9d,candy,1232784048698,1,5.0,3.5,5.0,7534df49-d891-461a-8b69-7d03cb9ce755,Piece,1
ee02f8e4-801d-491b-b594-15f834446b8f,73f92751-79a9-4897-87d4-f532b4a395a5,79fc63b1-c564-43ab-8f73-4d3702515b4a,COCA ZERO SUGER,5449000131836,1,130.0,70.0,130.0,f8affc07-07eb-455b-b047-1628d7a0f194,Piece,1
80dbc228-bb6f-430b-8481-f116cef7e87b,73f92751-79a9-4897-87d4-f532b4a395a5,faca038c-a083-435d-a433-3024e08a7f3e,spark,6121420648949,3,20.0,13.3,60.0,3ec69693-93bd-4a23-be57-bb14e100f14c,Piece,3
4bd2e349-b1dc-4975-966d-30cde5ad7270,73f92751-79a9-4897-87d4-f532b4a395a5,3f33ebc0-e7be-41b0-b301-a15466c2c1dd,4U PERI PERI,725765417138,1,50.0,45.0,50.0,0d080d43-29f4-4123-a9de-1f495e33aaa4,Piece,1
450e5310-a087-4dbd-8535-b71bea2a3c98,73f92751-79a9-4897-87d4-f532b4a395a5,c04374cc-7bb3-429b-9dbb-21eda76aed5e,Coated Peanuts Cheese,8964003812171,1,50.0,41.0,50.0,56706665-ca8a-44bd-a35e-85afee47e7bb,Piece,1
fc45c158-571f-40d6-8df7-c2e6848c15fe,73f92751-79a9-4897-87d4-f532b4a395a5,36a30f2b-248a-4769-bc28-046500d0daf4,bar,1230421521603,1,10.0,5.0,10.0,9c505cbc-8e3d-4e6a-a8f2-96b2991c3bee,Piece,1
82bf652f-b36b-486a-a43b-d2f22e261d45,73f92751-79a9-4897-87d4-f532b4a395a5,2c73a736-486c-4dbf-8528-fe9ce200d4e8,COCA COLA 1.5L,5449000051981,1,210.0,164.0,210.0,3970e731-82d1-42c7-95be-861d4545f819,Piece,1
c6d62848-6e42-43e5-a845-0df65797b5cf,73f92751-79a9-4897-87d4-f532b4a395a5,e55f9b15-e456-4841-9cb1-f57f07bf46b8,FRUITIEN APPLE,8964000876503,1,70.0,45.41,70.0,4eea30fe-1cb9-411a-84f7-1da5f5b3e6c2,Piece,1
c696f38b-9488-4354-aa6a-16881edbdb5d,73f92751-79a9-4897-87d4-f532b4a395a5,d24bbc5f-3fd1-410d-9a57-74e81ed86362,Zia Peanut,8964003813390,1,50.0,41.6,50.0,cbb97db4-8292-477b-a912-3174dca1594b,Piece,1
54625c99-391e-4e53-bb0c-d27741bcaf52,73f92751-79a9-4897-87d4-f532b4a395a5,07a0a801-1a80-4505-9e73-bf513e54c9f6,popcorn caramel,745240202042,1,150.0,100.0,150.0,dcc56dcd-a1a9-467c-82b2-3b01843b8b9a,Piece,1
ae77d118-2b1c-4d98-b321-e6a7093a7c9e,74fc5469-baf2-40e9-88d5-16c261ce686c,acd1c582-5d6d-4a94-a0bd-1c51c9e70a64,HEART KEYCHAIN,1233001419758,1,250.0,70.0,250.0,6fbe1ff5-9522-4ce7-ad9f-f1bde8ff9c07,Piece,1
8781333c-f522-4f5a-b930-603f62362178,7506f225-0874-4d1a-9848-2d62c2d624f0,2347cc4b-9f81-49db-8864-35a43da6769a,FANTA ANAAR,5449000231079,1,100.0,86.0,100.0,c99a9e12-907c-4ef7-84f5-609a8c269002,Piece,1
677d1f31-810e-4390-a756-26ec0474b8b0,755d1ae8-c54c-4e8e-977e-375a1b92eb6f,bdfbec09-02b6-43e1-834e-c6f25f2250da,egg,1239923458738,12,22.5,20.44,270.0,bdd4c51e-e07c-42e7-b727-d85d00d994f8,dozen,1
12aee9d2-39d9-466f-a7d3-6fda79a09fb0,774b7e99-a915-440b-a9b5-e9b0b162e385,89f084ac-a196-47fb-8e25-4e4bd3160c50,STING SMALL,8964000101551,2,100.0,73.0,200.0,24a9904c-bbbb-433e-b85c-bc70707d653c,Piece,2
651591a4-637e-478f-b27d-bbaa46e12bec,774b7e99-a915-440b-a9b5-e9b0b162e385,30e73934-8b1f-4e5b-8a7e-459183ab89ff,BENSON & HEDGES,ZIC2321183204,1,20.0,14.0,20.0,beab7f8b-15e9-4846-b9ce-aeebad444ede,Piece,1
d3238d7b-a08e-4578-b67e-2adc44d2ea1c,774b7e99-a915-440b-a9b5-e9b0b162e385,524bdd08-a3a7-4952-ac37-bf36663c0847,Gooral Tooth Brush,6972919086205,1,180.0,100.0,180.0,4a36a861-17f1-4e70-af96-e2f7a4935eae,Piece,1
54eaad7e-ccbe-499e-b611-5f2186edbae9,786f2dd0-91d6-4f13-bfe9-6be37f96f250,403ea510-fb07-48bc-a730-8f1f2391b3be,STING L,8964000101704,1,140.0,105.8,140.0,7b817808-9ae8-4d8f-9f89-3f3e11cfe183,Piece,1
42ecb58c-7a52-4a69-b9e7-4c8f592ba667,78b001ed-ba37-4ab2-905b-37e342df9575,8af4077d-37f1-441f-936d-9507cb56ca9d,candy,1232784048698,4,5.0,3.5,20.0,7534df49-d891-461a-8b69-7d03cb9ce755,Piece,4
24f189f2-8166-486b-8ae8-09301a708a21,78c58469-4b26-43dd-9b26-4cfa9948fe62,8af4077d-37f1-441f-936d-9507cb56ca9d,candy,1232784048698,2,5.0,3.5,10.0,7534df49-d891-461a-8b69-7d03cb9ce755,Piece,2
5cd25ebd-b2a5-4631-8cc2-a20af035e971,78d8d980-7099-481e-8e20-eecf597fa435,e89768c3-9e0e-472e-b8fe-ca33136480e6,lemon max pouch,8886950099514,1,225.0,200.0,225.0,49d66224-083c-4065-82fa-185368c7b179,Piece,1
c5894b8b-4fc6-4f18-86ae-32e399de15b7,78d8d980-7099-481e-8e20-eecf597fa435,8af4077d-37f1-441f-936d-9507cb56ca9d,candy,1232784048698,5,5.0,3.5,25.0,7534df49-d891-461a-8b69-7d03cb9ce755,Piece,5
d77a8265-00ac-4295-9487-b1ee649805a2,7914c178-6283-450d-92de-147151725749,403ea510-fb07-48bc-a730-8f1f2391b3be,STING L,8964000101704,1,140.0,105.8,140.0,7b817808-9ae8-4d8f-9f89-3f3e11cfe183,Piece,1
b524710b-dd88-47aa-b3ae-36bbf82edbea,7914c178-6283-450d-92de-147151725749,9b8a64b3-0eff-49bd-a7e9-7ae1f4c6211f,Capstan White,89600078,1,15.0,12.5,15.0,2ee97f16-83f8-4fe8-8004-f20228fc010c,piece,1
1766e4e5-8b7d-451c-887d-c184ab5e1ca2,79bfcb5b-8c19-44d5-bd98-d53cd9e267d5,4b435e3a-0c1b-468c-8211-d394ff490098,lux soap,8961014268348,1,160.0,150.0,160.0,ddeecaed-7971-446d-b0c0-6da10ce32d98,Piece,1
70195e9b-c1dd-49bb-bb98-b407af72118d,7ac094b9-0537-4218-8a9c-cf2eb32805a4,9b8a64b3-0eff-49bd-a7e9-7ae1f4c6211f,Capstan White,89600078,2,15.0,12.5,30.0,2ee97f16-83f8-4fe8-8004-f20228fc010c,piece,2
3fd607d9-f3e7-4975-937f-9d958d166a4a,7ba7f85a-4f57-4311-bfa9-f1c7c59d277a,9b8a64b3-0eff-49bd-a7e9-7ae1f4c6211f,Capstan White,89600078,4,15.0,12.5,60.0,2ee97f16-83f8-4fe8-8004-f20228fc010c,piece,4
a3d0570f-1845-42da-8519-93d11c7386af,7ba7f85a-4f57-4311-bfa9-f1c7c59d277a,8af4077d-37f1-441f-936d-9507cb56ca9d,candy,1232784048698,2,5.0,3.5,10.0,7534df49-d891-461a-8b69-7d03cb9ce755,Piece,2
1a50060e-74f6-4aa3-b8b1-75ee49f96464,7cd7b093-ec0b-4ce0-a2a5-ee99219ccf8d,a473c4e4-24c8-4ec9-82db-c7242daa97e0,WATER NEXT,8964001179672,1,60.0,30.83,60.0,3a50dc54-d5e4-4571-90a1-fd0b685ec012,Piece,1
5065f54f-6fd8-4856-a054-4621ae632050,7cd7b093-ec0b-4ce0-a2a5-ee99219ccf8d,6b21c075-c752-4bf7-a4c2-2a4c8441c546,sifarish khan,1232255618481,1,30.0,25.0,30.0,289e28e9-66d0-4026-9fd4-67bfa88cb04c,Piece,1
d2036ef2-c8a4-4884-82c4-18c6d9d95bc3,7d0bdf72-3815-4bec-abaa-81f14a279262,e1c7461f-fe2c-43cc-b072-ab2fcdd767ed,olper pack,8964000919934,1,100.0,85.0,100.0,610b7a9f-fa8f-480c-8da4-d5bb1121252c,Piece,1
3b3f1d29-1512-46dc-ae18-b1c81ba7cf38,7d0bdf72-3815-4bec-abaa-81f14a279262,bdfbec09-02b6-43e1-834e-c6f25f2250da,egg,1239923458738,12,22.5,20.44,270.0,bdd4c51e-e07c-42e7-b727-d85d00d994f8,dozen,1
ab334ced-3119-4649-ab5b-11d682ff32da,7d4e2c4a-a034-4fae-ad9c-1d9f8c8e7ee0,b670459a-e326-4490-bf85-c717dd6912df,SLICE APPLE,8964000103104,2,80.0,43.4,160.0,962458d9-d8a4-496e-b26d-a36295416f95,Piece,2
fc2b11c4-52d4-4b9e-8c9e-bc6b76e14768,7d553c98-150f-4c32-a533-ecc4b951fb04,20ac2daa-43de-412d-8180-7efcb23532d2,HAVEN COFEE,8965310054872,2,50.0,42.8,100.0,f82980ee-fd8b-49a9-bc68-e6f44403a002,Piece,2
08610b24-4d0c-4f00-a623-7fdde5cfa5ad,82237fa4-682f-42e7-acfd-aac1c3ce87c0,b21064d9-07ce-42e8-8bdf-a7c61df06adb,jet spoort,8721274610482,2,40.0,29.38,80.0,347ee8ca-b35c-456e-a2d3-8c9b2417b33e,Piece,2
18fa16b5-3765-4018-b74e-8f9ffb7dcf9a,830785ba-793a-42c8-9824-788d616ff418,5a5154d9-6994-4dee-9011-efd865af1c8f,GOLD LEAF,1232097295550,20,25.0,24.5,500.0,38175889-2f66-461f-8e62-69907628ca63,Box,1
b48204d6-69b6-45d2-9c58-8da41fecceb9,830785ba-793a-42c8-9824-788d616ff418,2c73a736-486c-4dbf-8528-fe9ce200d4e8,COCA COLA 1.5L,5449000051981,1,210.0,164.0,210.0,3970e731-82d1-42c7-95be-861d4545f819,Piece,1
cae65857-bfca-4ca9-ac88-ca74768cdf91,830785ba-793a-42c8-9824-788d616ff418,aeec8327-c8e3-49ae-830d-5ae48228671a,DISPOSIBLE GLASS,1233763958519,4,5.0,1.7,20.0,2bc021cb-4f78-4684-ad9e-7fae8bd628d9,Piece,4
daf932b2-7837-4877-a6bf-843a114f879e,836cab73-7eb2-4fb8-8d98-e2d1f8aa999f,1330888d-09e3-4704-ad0e-c6910547e08b,COCATEA PEANUT,762497639377,1,50.0,41.66,50.0,6690d456-6ac5-4661-8b6d-1e96e1b9527d,Piece,1
536b3eb9-1396-4674-a1a2-87f87f55402b,84eb2c7e-3429-4ca1-8d96-2264c05558fb,6b21c075-c752-4bf7-a4c2-2a4c8441c546,sifarish khan,1232255618481,1,30.0,25.0,30.0,289e28e9-66d0-4026-9fd4-67bfa88cb04c,Piece,1
c6d868f3-6398-4749-8471-e4030897ed13,865a0284-4695-4477-8623-b3ef005e077f,c3551759-c1ef-47f5-b230-77bce4c2f476,Brite s/pack,8886950015279,2,10.0,9.17,20.0,65d64d63-9e6f-4416-9618-7a79123a69a1,Piece,2
64d6a686-979c-48ce-8ed9-19c6f2f6c70f,86f6c8a2-ab6a-4037-b036-b1e242dc1bcf,a887cf42-05fa-4884-bf71-2d0d34f151b7,saba soap,073982200461,1,80.0,72.0,80.0,05a3d16c-6c33-44f2-87ff-71c99621f8b0,Piece,1
834148ca-8501-40e4-a461-3efc81b5be88,86f6c8a2-ab6a-4037-b036-b1e242dc1bcf,1a9db450-bde7-4119-ba96-710c52c9a641,Tops Mango,2020042410108,1,140.0,91.6,140.0,26de4e9f-5c5a-4d98-83d4-2454e112bb9d,Piece,1
7c3a5c0e-3500-46a8-b169-6717dcc74bba,87734de1-08a6-45d4-9728-625d1320c1c2,5bc46fc5-2561-4cfd-956b-e95a9f9320af,Flamingo Injector cleaner,6959375199922,1,650.0,280.0,650.0,af57aee8-9e4a-4b2c-96b3-29e9d768b721,Piece,1
c26c5c80-4e3a-42eb-af25-f5b545a0455c,880c8734-f1eb-4f2a-84b9-316bb71bfcdc,b8114fe2-506f-4e27-ab08-c2626a8f1661,SPOUT LOTTE STWABRY,671866277730,1,60.0,46.0,60.0,6fc0dfc4-17ef-4974-b071-1cce60c2e67a,Piece,1
e0225ba2-f761-457c-a0bd-04d8250b92ba,880c8734-f1eb-4f2a-84b9-316bb71bfcdc,e55f9b15-e456-4841-9cb1-f57f07bf46b8,FRUITIEN APPLE,8964000876503,1,70.0,45.41,70.0,4eea30fe-1cb9-411a-84f7-1da5f5b3e6c2,Piece,1
0ab43399-874c-4778-8175-88b0a331ccd4,880c8734-f1eb-4f2a-84b9-316bb71bfcdc,a7fcee9f-5f78-4516-9707-487140348ce3,Gave nector ,8964000876152,2,90.0,62.08,180.0,adc344b9-9afa-40d9-922c-5b43e2a7c43f,Piece,2
696de859-eb0a-4a06-b6a3-4724a38e994a,880c8734-f1eb-4f2a-84b9-316bb71bfcdc,20a6b7b0-b32d-4ef7-a68f-a34e139e6aa7,Fruiten joy Mango,8964000876466,2,70.0,45.41,140.0,0e8ea209-a7c4-4e46-aaf4-45fd453bdec9,Piece,2
c96f4717-9898-4daf-bbf7-bf7d2b1920f0,880c8734-f1eb-4f2a-84b9-316bb71bfcdc,9daf2a5f-0602-4d63-83a7-24b2d2ec63d7,trident watermelon,070221008741,1,500.0,362.5,500.0,2df8d8d5-4158-488a-8dc7-a17245bc3e35,Piece,1
2f787c06-3f6d-4aca-a2c4-28746ba7ad1b,880c8734-f1eb-4f2a-84b9-316bb71bfcdc,d879b160-0310-4645-8f06-632ab510225b,SMILE C,6261149070857,1,150.0,47.0,150.0,8432322c-d31e-44cd-9dd6-08d1617d88a2,Piece,1
36c0d783-5f0c-4c0a-a50a-79acd33a6bbb,880c8734-f1eb-4f2a-84b9-316bb71bfcdc,63f00a80-cb39-4cd7-ad56-99bead38d732,Cornetto D CHOCOLATE,8961014033458,1,140.0,122.0,140.0,a8cc5828-8eaf-4462-8806-1c915ddeb88f,Piece,1
936dafae-9e3d-4303-9550-bde16c101ab2,88f6db44-cf35-4622-bbbb-8870aba34586,fdc65df0-d2f4-421c-a8d7-36301c4db84f,Dew 300ml,8964000101254,1,90.0,65.0,90.0,bf1a41ca-b4d2-4417-9fd9-c774a60c54f3,Piece,1
ecfae5c7-6740-418d-a19c-cde11ddc9e38,88f6db44-cf35-4622-bbbb-8870aba34586,d5d6372c-5ed7-4b72-998a-708be9b074c3,SUGAR 1/2 KG,1234623077739,1,80.0,72.5,80.0,5426f909-c940-4530-aff4-f6caca3a7bb0,Piece,1
cede35a9-5995-4c52-953a-e32d0eac0682,88f6db44-cf35-4622-bbbb-8870aba34586,6b21c075-c752-4bf7-a4c2-2a4c8441c546,sifarish khan,1232255618481,1,30.0,25.0,30.0,289e28e9-66d0-4026-9fd4-67bfa88cb04c,Piece,1
eea8a83b-ae27-4f9a-a313-bfb0e0a9518b,89fe1421-6188-4eeb-a5c1-de137b471b44,296944b9-ea79-469c-8425-f11d6e4b7eed,CAPSTAN RED,1230364618200,3,15.0,12.1,45.0,a1bc6a6f-ad8f-468b-afac-44ec8574811d,Piece,3
e07597b4-a8ac-4af7-940b-9fccdbb0ce82,89fe1421-6188-4eeb-a5c1-de137b471b44,89f084ac-a196-47fb-8e25-4e4bd3160c50,STING SMALL,8964000101551,2,100.0,73.0,200.0,24a9904c-bbbb-433e-b85c-bc70707d653c,Piece,2
8a9f5a82-3a77-4228-8d5e-c5be8eb0324e,8cab781e-b1b5-4a41-8a3b-773f04807a23,7d8ed15a-cd55-4a1e-8e2a-6575bcd445e7,SPOUT  SPERMINT FL,671866277709,1,60.0,46.0,60.0,b6c25123-9bc1-4bed-97ae-b86c19b7d9e2,Piece,1
cb77b00d-48bc-4cbe-a397-e23000f95179,8cab781e-b1b5-4a41-8a3b-773f04807a23,382387eb-6272-4738-b2d5-3361fa6fc3ca,Potato Sticks,671866277501,1,50.0,46.25,50.0,bc63250f-fd30-4ca2-a788-3340c09f9c89,Piece,1
e9bc3650-5cbb-4178-ac3e-8e51de5c0702,8cab781e-b1b5-4a41-8a3b-773f04807a23,8af4077d-37f1-441f-936d-9507cb56ca9d,candy,1232784048698,2,5.0,3.5,10.0,7534df49-d891-461a-8b69-7d03cb9ce755,Piece,2
e2e83cd2-981b-4721-b7cc-5775a1c91dce,8dac4cf4-7938-4b47-ba4c-7242dabc0780,49797f59-498c-456a-8002-4d3ec2daf8f7,BIKE KEYCHAIN,1236424004426,1,150.0,40.0,150.0,3aaf8067-2725-4cf4-8508-8c667e76bb4e,Piece,1
0bc3e414-6c7e-46cf-857a-20cd5af0a60c,8dac4cf4-7938-4b47-ba4c-7242dabc0780,5055d2be-066e-4317-8f50-d2f7bba5207d,RANIA,8964002874200,1,150.0,100.0,150.0,4e626ff1-7a39-46a9-8b34-b5b6d6c2f35d,Piece,1
891c3210-d97f-4f5d-ba78-c42f23b45f30,8f640951-d9f5-480c-af97-245a323f0691,2505a9e6-32d6-425c-8c5d-d31507ce904d,lighter,1236376536280,1,40.0,21.0,40.0,4b1a6d94-51e0-4c20-8be3-f4e43962efbf,Piece,1
774ed0fe-9b38-40d4-9205-e8ed66e600dd,928a16a3-b281-4614-bf29-f1424c4f166e,5055d2be-066e-4317-8f50-d2f7bba5207d,RANIA,8964002874200,1,150.0,100.0,150.0,4e626ff1-7a39-46a9-8b34-b5b6d6c2f35d,Piece,1
b8c83109-6b1a-4f36-adf7-a63fd5d2e480,92a8c9a7-27cd-48d0-81df-8b76f6c57b0c,c29592e5-7d33-4be2-b0db-e2260100c5d2,Dare Next,8964001179788,1,80.0,50.83,80.0,f4fd6bb6-5b75-488b-9300-7a5e9b6f95b8,Piece,1
bdc26e38-9f36-4181-bdda-734b51b35afd,94ec0ad4-b0ec-4bde-b5d3-9d9b36c14b32,10ebe327-96fb-4e2c-9292-ee7ccf3b8127,local fry,8964000695555,8,10.0,8.0,80.0,ca63db85-6796-4904-8894-101cfc6813be,Piece,8
ec46f16c-8260-40d2-ae3a-984b554bbec1,94ec0ad4-b0ec-4bde-b5d3-9d9b36c14b32,b8106d87-eb2b-4a4c-bcd9-ebd7b40708e2,lays classic,8964000090596,1,20.0,18.0,20.0,1f70884a-93dd-4a74-954a-95cc02ac4bf6,Piece,1
1e9657d0-f603-4d30-941f-d4f3ddb31800,94ec0ad4-b0ec-4bde-b5d3-9d9b36c14b32,6c6ccff1-14e0-4b77-884d-ac35c4441fbd,MOO,8961014017595,1,50.0,44.08,50.0,486c4a3e-978a-4702-95e2-9d661806f528,Piece,1
58d9b258-1565-4932-b5c8-7f1dee8d37f1,9522b37c-cfe3-4c66-99e8-a4865429a891,dcc48fee-0445-4775-bc38-58a5490e4628,Slanty Veg,671866117586,2,50.0,46.25,100.0,07708f75-4794-460f-9a64-a898355176c2,Piece,2
8d133615-0e2f-4536-87f9-633661c58c2b,952d2209-caa1-44b2-9afa-24d80907f308,9b8a64b3-0eff-49bd-a7e9-7ae1f4c6211f,Capstan White,89600078,10,13.0,12.1,130.0,3ec2f99f-f561-417b-b39d-23da11570fbc,Half box,1
8e00fe0c-4298-414d-8cb2-e333271ddace,959df974-2198-48e0-9ce9-dff65b7ae9ac,9b8a64b3-0eff-49bd-a7e9-7ae1f4c6211f,Capstan White,89600078,20,12.5,12.1,250.0,b371a280-0cea-4bc1-87c8-4befe828f950,Box,1
08138ea9-70a3-422f-b520-14aae4e9d59b,9612f902-d598-4234-98db-753109d47896,296944b9-ea79-469c-8425-f11d6e4b7eed,CAPSTAN RED,1230364618200,2,15.0,12.1,30.0,a1bc6a6f-ad8f-468b-afac-44ec8574811d,Piece,2
671c2bfb-63e0-44ed-92e7-9207d8330200,9618f748-c5a2-45d7-95be-6f0003b7bc27,c7bec8e4-0852-4b8a-aeef-bf6aa4477395,ROSE PETAL,8961006010054,1,420.0,363.0,420.0,92672235-067f-406f-b604-b20b1b7097f9,Piece,1
84e1f14b-9b9c-4993-8cec-e57224d5a5aa,9618f748-c5a2-45d7-95be-6f0003b7bc27,e3f5f0b8-33b4-4feb-9ca2-2ee25c29542b,colgate Herbal,8886950052311,1,45.0,41.0,45.0,aa2fda07-387b-499b-8c66-08034ebc9fce,Piece,1
d956f4bc-e289-437b-a4fe-e3882ead5f76,9618f748-c5a2-45d7-95be-6f0003b7bc27,49d0da8d-0715-45bb-8ed2-bfeb311f210f,lays y$h,8964000103784,1,20.0,17.0,20.0,aa53ae6a-2e7f-4333-8645-91a01ffefc95,Piece,1
ab93844e-dddc-4973-a79f-5f8653b9f475,9618f748-c5a2-45d7-95be-6f0003b7bc27,1ef410cd-7a94-44af-b517-d8100813a45a,DONUT,8961014017564,2,100.0,91.16,200.0,9c11edf3-677c-4388-941e-807919db36a3,Piece,2
73c3743f-c085-420f-a105-bf3884f928fb,964504e6-720c-4155-8c8c-e27624977a99,a473c4e4-24c8-4ec9-82db-c7242daa97e0,WATER NEXT,8964001179672,1,60.0,30.83,60.0,3a50dc54-d5e4-4571-90a1-fd0b685ec012,Piece,1
edb7ddfe-8b15-4ff1-9813-53738c686638,97598149-05e4-4877-b099-15ab8086006d,296944b9-ea79-469c-8425-f11d6e4b7eed,CAPSTAN RED,1230364618200,1,15.0,12.1,15.0,a1bc6a6f-ad8f-468b-afac-44ec8574811d,Piece,1
4a6e2c83-611c-42bb-8e64-1eefd8c262d4,97598149-05e4-4877-b099-15ab8086006d,10ebe327-96fb-4e2c-9292-ee7ccf3b8127,local fry,8964000695555,2,10.0,8.0,20.0,ca63db85-6796-4904-8894-101cfc6813be,Piece,2
71fef7dd-528a-4b99-8e67-a8641a1e8131,9840bd6e-b127-4332-9d25-5366b1e6428a,234c787c-e5e2-4047-bb07-95d114219d2e,AQUA DIRE 0.5 Ltr,5901234039710,1,60.0,22.0,60.0,bc7e8655-4e7a-409b-a5c5-6b9e2e262dff,Piece,1
025ff5c4-1499-43ea-ab99-73622a65df44,9840bd6e-b127-4332-9d25-5366b1e6428a,403ea510-fb07-48bc-a730-8f1f2391b3be,STING L,8964000101704,1,140.0,105.8,140.0,7b817808-9ae8-4d8f-9f89-3f3e11cfe183,Piece,1
071e8392-7928-4a82-a9e8-b79e58713f07,9840bd6e-b127-4332-9d25-5366b1e6428a,e40ddc87-c1d6-42d0-8522-8c43694879a5,DASANI 1.5,ZIC5449000098504,1,120.0,80.0,120.0,1825381b-9f33-43bb-9447-d08d9ec884f1,Piece,1
6627a166-f970-49ba-b0f6-3e8a259af8b4,99883273-25d0-4b55-967d-cf53370d8e54,c3551759-c1ef-47f5-b230-77bce4c2f476,Brite s/pack,8886950015279,1,10.0,9.17,10.0,65d64d63-9e6f-4416-9618-7a79123a69a1,Piece,1
944b5031-4687-4e7f-9827-54ce83d07246,9bde44ef-ae2f-47c8-9863-89a4f01db878,6b21c075-c752-4bf7-a4c2-2a4c8441c546,sifarish khan,1232255618481,3,30.0,25.0,90.0,289e28e9-66d0-4026-9fd4-67bfa88cb04c,Piece,3
1c9bca8b-7344-410a-b6b4-eb4250d8a188,9cec6d08-5ef5-4806-94ab-43d0dfffaff9,403ea510-fb07-48bc-a730-8f1f2391b3be,STING L,8964000101704,1,140.0,105.8,140.0,7b817808-9ae8-4d8f-9f89-3f3e11cfe183,Piece,1
7a45e148-dabd-443a-a933-0c03ff4f0fc2,9cec6d08-5ef5-4806-94ab-43d0dfffaff9,304ce1d5-e0dc-46d8-91d7-310e86b2d095,7up 300ml,8964000103289,1,90.0,65.0,90.0,bcee3595-62d4-4dab-8748-22b68cbb802b,Piece,1
0a6e1e8f-5468-44f0-aa40-a82f8ea60fe2,9cec6d08-5ef5-4806-94ab-43d0dfffaff9,9b8a64b3-0eff-49bd-a7e9-7ae1f4c6211f,Capstan White,89600078,3,15.0,12.5,45.0,2ee97f16-83f8-4fe8-8004-f20228fc010c,piece,3
d2c50cbf-527a-42b2-8fd0-b5290054c569,9f124076-c43b-4a53-b335-4862ddee24fa,3ec91c94-8be1-4717-8435-6bcd92070dc1,Feast Chocolate,8721274610406,2,100.0,86.1,200.0,b6e97872-e4be-4158-b9ca-3adb4c7c05e7,Piece,2
f2f19292-6550-48ec-9c18-a5f8ca92cfc8,9fdb8ceb-1820-4b98-9932-2e1e43f60727,2a555c61-67ab-4619-9ae1-5dd148e1c3e7,lays maxx spicy k,8964002345847,1,100.0,93.18,100.0,d317ccc3-59e7-462f-ac88-787053d0e568,Piece,1
0979f372-067c-4adb-99c7-c9578744b899,a04906ba-1bf9-4eb9-a949-b2261470fcd9,d6e1f258-5a06-4f61-97f6-30612b66bd76,Fanta,90377884,1,90.0,65.0,90.0,098140be-93c2-4bc3-85a3-0c3606c993ef,Piece,1
9d8e3a22-82bd-4363-a88f-a9f8b260babd,a04906ba-1bf9-4eb9-a949-b2261470fcd9,df83db32-d270-4a08-8f67-85f4967a923d,Red & White,89600320,1,10.0,9.5,10.0,4c010ae2-567a-4d9a-a3ee-7be8b0099de4,Piece,1
2d06e8cf-f22d-4761-973c-089f0a295cc2,a053d04e-c4da-4baf-ac7d-5d5df0455335,66a64cc9-3d36-4ec9-94c4-fd0e9a56f32c,Lays Masala,8964000090602,5,20.0,18.0,100.0,c40492ef-d853-48e0-9c39-df0966445872,Piece,5
b6470c14-d1e1-4875-bf1d-294765187aa9,a105f2e2-a3ce-4d8b-b22f-afa279a8269f,3f550dac-b5c1-4fe5-a86a-e846e4e42f47,Lays FC,8964000090435,1,100.0,91.6,100.0,f2a38d82-ace0-44e5-a46a-ea432df7e748,Piece,1
12ff4ebc-1be0-4098-be69-9b11f400c625,a105f2e2-a3ce-4d8b-b22f-afa279a8269f,b8106d87-eb2b-4a4c-bcd9-ebd7b40708e2,lays classic,8964000090596,3,20.0,18.0,60.0,1f70884a-93dd-4a74-954a-95cc02ac4bf6,Piece,3
c25d457d-ca76-4457-b6e4-07f2c961c8a3,a105f2e2-a3ce-4d8b-b22f-afa279a8269f,e433e9b7-af19-4259-880e-b957f60e9ace,Yums Sour,870572007444,5,10.0,9.0,50.0,0277bb75-afa1-4184-bb47-605280ed541e,Piece,5
6dfbca4d-76b3-40c5-ab88-aec0546c0656,a105f2e2-a3ce-4d8b-b22f-afa279a8269f,36457024-7d12-4c56-9544-18674a4e8faf,King Kulfa  SLICE,8721274610949,1,80.0,70.52,80.0,3643e13e-635a-4583-97ac-5341bf0edbc0,Piece,1
405a8df0-2b9e-481c-b394-9daeec70f5b8,a105f2e2-a3ce-4d8b-b22f-afa279a8269f,ba790275-119d-4f7a-b9d6-2228bf0d7226,badam makkan,095742223213,1,10.0,4.1,10.0,43a1d058-e491-40ad-a268-fc88b700be34,Piece,1
dd19f6de-cb6a-42de-b34c-dd44819a8566,a278d04b-00a0-40a2-a40f-0f28bb3cce9e,c3551759-c1ef-47f5-b230-77bce4c2f476,Brite s/pack,8886950015279,1,10.0,9.17,10.0,65d64d63-9e6f-4416-9618-7a79123a69a1,Piece,1
7f55d9dc-5329-4f7a-83ef-219c43bf0be4,a36dae1e-680b-4613-bd75-ce3b70f405fe,5a5154d9-6994-4dee-9011-efd865af1c8f,GOLD LEAF,1232097295550,1,30.0,25.0,30.0,ff8b0ab8-fd25-4bb6-aafb-a79e8e63a846,Piece,1
c48940bb-52c2-4b38-89b3-5621c667ca2d,a40559ce-93d4-4f10-97c9-c799ab2beb3b,2347cc4b-9f81-49db-8864-35a43da6769a,FANTA ANAAR,5449000231079,1,100.0,86.0,100.0,c99a9e12-907c-4ef7-84f5-609a8c269002,Piece,1
336a6f9e-c563-411d-90ea-7d4c70f177a0,a43aa800-63ad-41b8-8faf-2b6753db2c38,9b8a64b3-0eff-49bd-a7e9-7ae1f4c6211f,Capstan White,89600078,2,15.0,12.5,30.0,2ee97f16-83f8-4fe8-8004-f20228fc010c,piece,2
faa08f22-4e28-495a-8e72-11b72ade0568,a4c3bf32-b67b-4996-ab6b-d90ecd255606,188b0bc1-c811-435d-9cd7-84a6e7787fe1,Zeera plus,8961003642166,1,50.0,43.0,50.0,daae7360-e661-4316-9b57-e301e684f423,Piece,1
29e72cd4-9201-41bc-824a-b04b72f51cf6,a4c5c539-90d3-4cbf-bcdf-f809c46784f8,f02c67c8-9439-4038-a271-ca521330d8ce,SALONA ACHARII,8964002429424,2,20.0,17.3,40.0,85eb6fa5-2e41-4ae6-84fe-1e754c24c4e6,Piece,2
526bbfe2-1f90-4573-a333-95ecf0d284db,a6d6e0be-9641-4fe1-8c17-c056ffff0d34,9b8a64b3-0eff-49bd-a7e9-7ae1f4c6211f,Capstan White,89600078,2,15.0,12.5,30.0,2ee97f16-83f8-4fe8-8004-f20228fc010c,piece,2
bb1e938d-07b7-4106-8097-864719b56c9f,a746ec1b-3870-4d8e-a32f-dba77ac2365e,2a555c61-67ab-4619-9ae1-5dd148e1c3e7,lays maxx spicy k,8964002345847,1,100.0,93.18,100.0,d317ccc3-59e7-462f-ac88-787053d0e568,Piece,1
e6217bb8-9df8-4aec-9e87-d74b0d7f213e,aa8f3ccf-385f-49c3-829d-8a0b445f1002,188b0bc1-c811-435d-9cd7-84a6e7787fe1,Zeera plus,8961003642166,1,50.0,43.0,50.0,daae7360-e661-4316-9b57-e301e684f423,Piece,1
915db9ba-67ef-4976-83e1-75eab08f62bd,abc4a3d4-5a4b-4bfd-8b85-e1a1c15103e6,aeec8327-c8e3-49ae-830d-5ae48228671a,DISPOSIBLE GLASS,1233763958519,10,5.0,1.7,50.0,2bc021cb-4f78-4684-ad9e-7fae8bd628d9,Piece,10
845e18e3-f909-4ee6-aabe-4e74ad244d47,abefc7ef-d8fe-42cf-8a70-f57efe77025f,5a5154d9-6994-4dee-9011-efd865af1c8f,GOLD LEAF,1232097295550,1,30.0,25.0,30.0,ff8b0ab8-fd25-4bb6-aafb-a79e8e63a846,Piece,1
f2074e71-313b-45f3-9f80-36b041e903c2,acb8d96e-5334-43c8-b207-5e6bb08661fa,2440c3fe-cb5d-4334-8fc5-67e70ab781b0,ROSE PEATEL PERFUMED,8961006010467,1,480.0,390.0,480.0,c78fb216-5e86-4736-be4e-5b749e35582b,Piece,1
d1b6109b-e824-4eae-a813-f7517cd741fd,b0bd7af4-b9b4-4767-a01f-abace38fcce0,a473c4e4-24c8-4ec9-82db-c7242daa97e0,WATER NEXT,8964001179672,1,60.0,30.83,60.0,3a50dc54-d5e4-4571-90a1-fd0b685ec012,Piece,1
6ad213b5-fc40-40ef-8297-80bfad518e79,b0bd7af4-b9b4-4767-a01f-abace38fcce0,d0ea7687-1654-4b17-b313-1c89ac741d71,NANKHATAI,8961003669347,1,50.0,45.0,50.0,7c5574a7-3027-4066-a9a4-deb43ded924b,Piece,1
dc95c001-4a9b-4b10-bf18-2c99ac354b82,b0bd7af4-b9b4-4767-a01f-abace38fcce0,49794596-aa57-4b63-b91c-ff5d3c55ab02,fresh up,ZIC3705852532,10,60.0,48.2,600.0,f9597713-f9e1-4f11-aebd-e23efe09b9ac,Piece,10
81d34d81-d396-47f0-bd56-02a275dc9f4f,b0bd7af4-b9b4-4767-a01f-abace38fcce0,172b148c-dbb9-445c-ab19-4cdcd2316ffb,Potato Crips,8964000966570,12,60.0,45.0,720.0,a470a7a4-55cf-407d-89d7-539c4be45653,Piece,12
21a62a74-b909-430d-ac20-41cc6ce2e763,b0bd7af4-b9b4-4767-a01f-abace38fcce0,5a5ad28c-287f-4a0f-8a55-bfd5a556b68a,pepsi 2 L,8964000103234,1,250.0,190.0,250.0,d34cf16b-e541-4ed0-815e-e61627cc5511,Piece,1
1b13d8bd-2e27-413a-90ba-03bbbc7806cf,b0bd7af4-b9b4-4767-a01f-abace38fcce0,2f0bd3d2-d095-4cbd-a674-9d1776c2e43a,Zia Mix Nimco,8964002429936,1,50.0,41.6,50.0,60f345fa-41ee-4b27-8c95-1a22adb06e14,Piece,1
f2ffb87c-f40f-43d4-a310-847df5187c03,b0bd7af4-b9b4-4767-a01f-abace38fcce0,41fb2652-333a-4047-867e-bf751a305e0b,Jango,745240202462,1,60.0,45.83,60.0,3a339136-09c7-4248-8013-e3466592f762,Piece,1
fde15246-bf45-4d69-85d0-efb11f720356,b0bd7af4-b9b4-4767-a01f-abace38fcce0,ec7e53a0-f5c0-4e2f-8823-38bbc73deef1,LAYS MASALA,8964002346394,1,150.0,138.16,150.0,95715c14-fd62-44c7-924b-822fdf750341,Piece,1
0e924765-cf39-4524-9313-b21bf738e50c,b0bd7af4-b9b4-4767-a01f-abace38fcce0,c75320df-735c-44fe-b32d-46b0170ef53a,Lays Masala,8964000090428,1,100.0,92.3,100.0,b77ba773-b9e7-4763-9761-47c66a223bd9,Piece,1
d2aa2912-931c-4e40-94f8-883a1552b5e3,b0bd7af4-b9b4-4767-a01f-abace38fcce0,58b5e23c-2fbf-49e9-857a-fd0245e4b537,7up 500ML,8964002343959,1,130.0,91.66,130.0,9ef0b418-16b3-446f-95ba-f5c1931f9e3a,Piece,1
1bed0724-f090-4712-ae2b-d8eb2b746d66,b0bd7af4-b9b4-4767-a01f-abace38fcce0,234c787c-e5e2-4047-bb07-95d114219d2e,AQUA DIRE 0.5 Ltr,5901234039710,1,60.0,22.0,60.0,bc7e8655-4e7a-409b-a5c5-6b9e2e262dff,Piece,1
e4973167-0639-4f23-a104-4876645bfc66,b0bd7af4-b9b4-4767-a01f-abace38fcce0,fcbcd2ac-4123-420a-bde8-9dcb456dca18,BASIL SEED,4356435442752,1,180.0,112.5,180.0,ca5cce27-b573-43a1-a0a7-6bbadbac2545,Piece,1
3a02929a-5caa-406c-9a45-ef036119e130,b0bd7af4-b9b4-4767-a01f-abace38fcce0,b670459a-e326-4490-bf85-c717dd6912df,SLICE APPLE,8964000103104,1,80.0,43.4,80.0,962458d9-d8a4-496e-b26d-a36295416f95,Piece,1
a1cbc0f6-ec84-4d92-bfd0-d6b20b1876d9,b0bd7af4-b9b4-4767-a01f-abace38fcce0,58b9cbcf-5f16-4a20-9bbc-5557b5fcb908,chunkin,8964201532291,2,10.0,8.33,20.0,3e650368-f188-4421-b8fb-6fb0b9f85d53,Piece,2
6d41ea3c-0e9e-4dd8-9710-33254c2b4edf,b0d4866a-b12a-4b5d-be9e-a13ba6cb2431,89b16bba-ce89-448f-8fa7-1d92531ea5c6,FABULOUS CCC,8965310055299,2,30.0,23.8,60.0,932d5d0e-59b4-4ed6-9fa4-c64083d356c5,Piece,2
bd69694a-2401-43b0-a54d-e37147f6707b,b0d4866a-b12a-4b5d-be9e-a13ba6cb2431,1c7d4a02-65dd-4eef-9adb-e6525e3a7bc0,FABULOUS PCC,8965310055589,3,30.0,27.0,90.0,48d72b2f-a9f9-4b2b-bcac-2ab5fc63bd76,Piece,3
f0ed926f-f355-4f94-ac82-fb02a435495f,b1dc6e04-99e4-404b-b64b-f9e341fab8d9,b8a09231-1bf3-4dc3-b3d6-92a1fcd5f3b8,bigg lychee,1860074054618,1,200.0,155.0,200.0,c4bf8736-e202-4b78-b05c-00f5bfa32213,Piece,1
e8c14c5c-7cb9-4f2f-b2b1-8c27e64a0294,b2360c6d-8e2d-496a-b661-5e476b00021e,30e73934-8b1f-4e5b-8a7e-459183ab89ff,BENSON & HEDGES,95010526,20,15.0,14.0,300.0,bd464178-34a5-4c51-ab7a-fb38e14501f9,Box,1
51876763-0ee9-403d-a914-5cb31172da90,b2ceb3d4-001d-4b9d-aad9-fe7539dfe8a3,63f00a80-cb39-4cd7-ad56-99bead38d732,Cornetto D CHOCOLATE,8961014033458,1,140.0,122.0,140.0,a8cc5828-8eaf-4462-8806-1c915ddeb88f,Piece,1
e58fdf59-20ac-4172-bebf-fd7eff61ae10,b37d8b9a-05d3-49e5-89aa-9e9b116bdde5,30e73934-8b1f-4e5b-8a7e-459183ab89ff,BENSON & HEDGES,ZIC2321183204,20,15.0,14.0,300.0,bd464178-34a5-4c51-ab7a-fb38e14501f9,Box,1
b26a0cac-839b-47cc-b568-c2a9caa6b66e,b37d8b9a-05d3-49e5-89aa-9e9b116bdde5,234c787c-e5e2-4047-bb07-95d114219d2e,AQUA DIRE 0.5 Ltr,5901234039710,2,60.0,22.0,120.0,bc7e8655-4e7a-409b-a5c5-6b9e2e262dff,Piece,2
44926b5c-63b7-4cce-989f-6a834bed6851,b39ae048-430d-4230-b739-479ac26033ed,30e73934-8b1f-4e5b-8a7e-459183ab89ff,BENSON & HEDGES,95010526,20,15.0,14.0,300.0,bd464178-34a5-4c51-ab7a-fb38e14501f9,Box,1
601d808f-ddd5-45a4-a2e2-51190fbf627e,b39ae048-430d-4230-b739-479ac26033ed,1ee9644a-ed90-4704-b230-aad125a02878,paradise,8961102504556,1,50.0,41.67,50.0,80f8cdf3-36fb-4dd6-ab2a-b96485a358ef,Piece,1
9177868c-ee47-4c18-bc90-6de0a49a10ec,b4ae1df7-41ef-4b06-b931-42bedf220af3,296944b9-ea79-469c-8425-f11d6e4b7eed,CAPSTAN RED,1230364618200,3,15.0,12.1,45.0,a1bc6a6f-ad8f-468b-afac-44ec8574811d,Piece,3
095a7664-210c-4b1e-bd36-230599931d62,b4ae1df7-41ef-4b06-b931-42bedf220af3,8af4077d-37f1-441f-936d-9507cb56ca9d,candy,1232784048698,1,5.0,3.5,5.0,7534df49-d891-461a-8b69-7d03cb9ce755,Piece,1
fab527c7-b113-45c8-aeed-0359d8beacb0,b4cc9c51-2b83-42d1-8972-fa51cfaa6f7c,b5987cf6-eb28-453f-833d-b7adb5c351c4,rio stawberry v,8964004770517,1,50.0,45.0,50.0,9d4a3604-18f9-443d-b8da-9da694eefafe,Piece,1
26242c15-b867-4f54-a3e0-eb8cea2d7b7f,b792a397-c1b1-4ccf-b687-f2420ba937d7,6b21c075-c752-4bf7-a4c2-2a4c8441c546,sifarish khan,1232255618481,1,30.0,25.0,30.0,289e28e9-66d0-4026-9fd4-67bfa88cb04c,Piece,1
0cd22b42-8e0a-4f7d-b0df-d0643ca74479,b9e62d70-79b1-4580-b28e-18afb695b130,296944b9-ea79-469c-8425-f11d6e4b7eed,CAPSTAN RED,1230364618200,1,15.0,12.1,15.0,a1bc6a6f-ad8f-468b-afac-44ec8574811d,Piece,1
1192d62a-3999-44da-a3db-263978f4499c,b9e62d70-79b1-4580-b28e-18afb695b130,8af4077d-37f1-441f-936d-9507cb56ca9d,candy,1232784048698,1,5.0,3.5,5.0,7534df49-d891-461a-8b69-7d03cb9ce755,Piece,1
bb3f80dd-e31a-4616-bccb-e7ff66cdbbdb,ba38ace9-85eb-48ad-a00d-2cfa7882b798,9b8a64b3-0eff-49bd-a7e9-7ae1f4c6211f,Capstan White,89600078,1,15.0,12.5,15.0,2ee97f16-83f8-4fe8-8004-f20228fc010c,piece,1
dfe166a9-336b-4262-bc2d-c270bd17d59f,ba38ace9-85eb-48ad-a00d-2cfa7882b798,8af4077d-37f1-441f-936d-9507cb56ca9d,candy,1232784048698,1,5.0,3.5,5.0,7534df49-d891-461a-8b69-7d03cb9ce755,Piece,1
b224be32-88e5-48b9-b30a-0d4f26996555,bd5b409f-e701-4b37-ab02-7d56e6fccf62,30e73934-8b1f-4e5b-8a7e-459183ab89ff,BENSON & HEDGES,ZIC2321183204,20,15.0,14.0,300.0,bd464178-34a5-4c51-ab7a-fb38e14501f9,Box,1
89955b00-d947-4b17-a830-bf8cef61b0b1,bdf2f18f-c746-407e-b1a3-230be66d892c,0030e6f8-ce9d-4dcb-b07d-b979d0eacb40,lighter g,1235472321332,1,50.0,25.0,50.0,117efac9-2e8f-457b-a08e-e3c4794fe368,Piece,1
2e8faf0d-d3ce-43a0-bcbe-5a38be6b5f82,bdf2f18f-c746-407e-b1a3-230be66d892c,30e73934-8b1f-4e5b-8a7e-459183ab89ff,BENSON & HEDGES,95010526,1,20.0,14.0,20.0,beab7f8b-15e9-4846-b9ce-aeebad444ede,Piece,1
434f3cc3-5cd1-416f-828e-ca929e48d5e7,c09e15f6-2f4a-44eb-8670-a8027b2ca958,99e1bc74-22b4-456e-a729-5baabbf6dff3,krisko,1456587854243,1,20.0,15.0,20.0,887fe7ef-236c-4d4d-a225-789c008373c8,Piece,1
dcbb779b-8ce2-43cc-bac4-8df066fff70f,c09e15f6-2f4a-44eb-8670-a8027b2ca958,b8d346e3-9757-4536-b898-55430d1e1041,Rite,8961102508967,2,20.0,18.0,40.0,b6a8eb92-bef0-43df-9d3d-18eeadac5f4b,Piece,2
efc104c5-be58-4e3a-9df2-609a16f81035,c14f8d44-19ab-4cd4-a04f-d7bb47f2220c,6b21c075-c752-4bf7-a4c2-2a4c8441c546,sifarish khan,1232255618481,1,30.0,25.0,30.0,289e28e9-66d0-4026-9fd4-67bfa88cb04c,Piece,1
f294b7b8-de6c-452e-b030-334b12168277,c15f08bb-6203-48d5-a8c2-068ac77c5871,e72cc9fe-22b1-4ea0-b7ba-50b2a81ae9cc,4U Bar Beta,8964000579435,2,20.0,18.33,40.0,19cf5be3-be93-483b-a1f4-a2bb5e331f51,Piece,2
4dfb1d5e-0189-41bb-90a9-207abace4fd1,c15f08bb-6203-48d5-a8c2-068ac77c5871,af69d822-86b0-44a5-95c6-e6eb63bf046f,4U peri Per,725765417107,3,20.0,18.33,60.0,f9b1f94e-eb83-4553-ac61-9dc96aaae598,Piece,3
0f506a8e-e501-40f8-af1c-70ac3462be3c,c15f08bb-6203-48d5-a8c2-068ac77c5871,8af4077d-37f1-441f-936d-9507cb56ca9d,candy,1232784048698,4,5.0,3.5,20.0,7534df49-d891-461a-8b69-7d03cb9ce755,Piece,4
6c49fa2c-56af-4861-86e8-1b60a55a2b1f,c18ea973-fbcf-4711-9b61-e825b8c749dd,e8a7c3a5-a50a-4998-a654-c58b46116d4a,cornetto c,8721274610437,2,140.0,130.0,280.0,4013238f-d403-4755-a2d3-e73fc6730f6c,Piece,2
7badf5a4-b33a-4b0d-b6b1-433e8f125cd3,c18ea973-fbcf-4711-9b61-e825b8c749dd,234c787c-e5e2-4047-bb07-95d114219d2e,AQUA DIRE 0.5 Ltr,5901234039710,1,60.0,22.0,60.0,bc7e8655-4e7a-409b-a5c5-6b9e2e262dff,Piece,1
ecd3d2c8-8552-44bb-86f7-5a1fa60ddd17,c2530f78-1ec6-4757-b97e-ea2b42991304,d8f89ad3-02ac-4798-bd1b-2d1d17aa2b54,kite match stick,745178816045,2,5.0,3.0,10.0,052b3a03-75fd-4be6-97f3-c90634e0f3df,Piece,2
31e33c57-22bf-4022-90e9-d37767c34e16,c34b7e00-ff7e-4634-96b3-bad1ae867148,403ea510-fb07-48bc-a730-8f1f2391b3be,STING L,8964000101704,1,140.0,105.8,140.0,7b817808-9ae8-4d8f-9f89-3f3e11cfe183,Piece,1
2ba6391f-bec1-4820-bfc8-8a02d18b4221,c34b7e00-ff7e-4634-96b3-bad1ae867148,20a6b7b0-b32d-4ef7-a68f-a34e139e6aa7,Fruiten joy Mango,8964000876466,1,70.0,45.41,70.0,0e8ea209-a7c4-4e46-aaf4-45fd453bdec9,Piece,1
7b8db53e-8522-4400-a864-da06ad2a1b59,c34b7e00-ff7e-4634-96b3-bad1ae867148,8af4077d-37f1-441f-936d-9507cb56ca9d,candy,1232784048698,2,5.0,3.5,10.0,7534df49-d891-461a-8b69-7d03cb9ce755,Piece,2
7945eb7b-8092-49e9-9457-e13b20f3f408,c34b7e00-ff7e-4634-96b3-bad1ae867148,10ebe327-96fb-4e2c-9292-ee7ccf3b8127,local fry,8964000695555,1,10.0,8.0,10.0,ca63db85-6796-4904-8894-101cfc6813be,Piece,1
d8bb5ce2-4e82-4392-876d-deb60ec8d6fd,c34b7e00-ff7e-4634-96b3-bad1ae867148,9b8a64b3-0eff-49bd-a7e9-7ae1f4c6211f,Capstan White,89600078,7,15.0,12.5,105.0,2ee97f16-83f8-4fe8-8004-f20228fc010c,piece,7
ce9a20a8-4c00-417f-b6d7-5bc11aeb78c9,c34b7e00-ff7e-4634-96b3-bad1ae867148,234c787c-e5e2-4047-bb07-95d114219d2e,AQUA DIRE 0.5 Ltr,5901234039710,1,60.0,22.0,60.0,bc7e8655-4e7a-409b-a5c5-6b9e2e262dff,Piece,1
28130a35-57dc-43da-afd0-08e91d4ea776,c34b7e00-ff7e-4634-96b3-bad1ae867148,9ed06880-e15b-44ae-876b-3fcca222bad2,sooper,8964004770456,1,50.0,45.0,50.0,f3625b26-f234-4633-b395-5d2ebc6a6cc8,Piece,1
adb82c95-3f6b-4015-8793-9ea25c0d4659,c34b7e00-ff7e-4634-96b3-bad1ae867148,9e73246d-b818-48a5-ab53-17dba5978e4c,GALA,8961003020520,1,30.0,27.0,30.0,c25c4be2-e397-401a-9b3c-294470d6e84b,Piece,1
493fc147-44e4-4607-8793-2f7349b780e8,c34b7e00-ff7e-4634-96b3-bad1ae867148,1648b5c5-0770-4e30-98c4-5fb5cbb1cc75,cafe biscuits,8964002444441,2,10.0,8.0,20.0,3f4d3212-8f1c-4570-bd07-a9a5a1a41fa7,Piece,2
da2de52f-fe58-4c50-a1af-c0ab7570ddbc,c560080a-0131-4362-aba4-02567d423cbe,234c787c-e5e2-4047-bb07-95d114219d2e,AQUA DIRE 0.5 Ltr,5901234039710,1,60.0,22.0,60.0,bc7e8655-4e7a-409b-a5c5-6b9e2e262dff,Piece,1
d75e63fd-12e6-42f3-9c60-ac21ee64abb0,c7203e7e-c468-4dcc-9d62-873d06754610,c16ec9c5-9f5f-45ee-9c0b-768dfa3ba355,VELO BERRY FORST 3DOT,89601365,1,250.0,146.0,250.0,6eaa0713-11cb-48b1-9949-759fd149533a,Piece,1
7392c3e5-6868-4503-a9af-e9c7480e768a,c7203e7e-c468-4dcc-9d62-873d06754610,9b8a64b3-0eff-49bd-a7e9-7ae1f4c6211f,Capstan White,89600078,1,15.0,12.5,15.0,2ee97f16-83f8-4fe8-8004-f20228fc010c,piece,1
604705a1-f4bc-454f-9b88-46ebe16e6c85,c7203e7e-c468-4dcc-9d62-873d06754610,8af4077d-37f1-441f-936d-9507cb56ca9d,candy,1232784048698,1,5.0,3.5,5.0,7534df49-d891-461a-8b69-7d03cb9ce755,Piece,1
c18b0cc3-148a-4878-b8ab-3af3b8b97104,c8b928c9-9fdb-4510-8e90-d653931d8bf3,c3551759-c1ef-47f5-b230-77bce4c2f476,Brite s/pack,8886950015279,2,10.0,9.17,20.0,65d64d63-9e6f-4416-9618-7a79123a69a1,Piece,2
4df04080-1e16-4af5-bf58-af83476b6980,cb6bbfc1-f7f4-44aa-bba6-d13a756a3a7d,08d613ea-4400-4b70-a0c4-5b7aa2cb0b66,coke 1 ltr,5449000054227,1,170.0,135.0,170.0,719afd03-f700-4a34-ad24-e310603521cc,Piece,1
12a95b7d-433f-4a72-a269-8bd9e9bb9582,cb6bbfc1-f7f4-44aa-bba6-d13a756a3a7d,aeec8327-c8e3-49ae-830d-5ae48228671a,DISPOSIBLE GLASS,1233763958519,3,5.0,1.7,15.0,2bc021cb-4f78-4684-ad9e-7fae8bd628d9,Piece,3
d98800f9-4717-4f6c-80fb-7f74f69f3f8d,cb6bbfc1-f7f4-44aa-bba6-d13a756a3a7d,8af4077d-37f1-441f-936d-9507cb56ca9d,candy,1232784048698,1,5.0,3.5,5.0,7534df49-d891-461a-8b69-7d03cb9ce755,Piece,1
7e92fcf8-403e-4480-9cd9-75607a40885c,cc1672a3-a416-4e3e-ae0b-5ece544f7292,296944b9-ea79-469c-8425-f11d6e4b7eed,CAPSTAN RED,1230364618200,3,15.0,12.1,45.0,a1bc6a6f-ad8f-468b-afac-44ec8574811d,Piece,3
d1722f10-d074-4fa7-9f9e-7c056c22a7c6,cc1672a3-a416-4e3e-ae0b-5ece544f7292,2505a9e6-32d6-425c-8c5d-d31507ce904d,lighter,1236376536280,1,40.0,21.0,40.0,4b1a6d94-51e0-4c20-8be3-f4e43962efbf,Piece,1
3cba6d48-1e4f-4d75-ac1a-700df3272979,cc1672a3-a416-4e3e-ae0b-5ece544f7292,bf9ef40e-ab24-44a9-b357-73de0f10b22a,honda keychain,ZIC4300963397,1,120.0,31.0,120.0,de177be3-8942-4f52-bb27-b4cc46eec91d,Piece,1
ab8f8ea3-2863-4673-ad01-16419479f8e3,cc1672a3-a416-4e3e-ae0b-5ece544f7292,8af4077d-37f1-441f-936d-9507cb56ca9d,candy,1232784048698,1,5.0,3.5,5.0,7534df49-d891-461a-8b69-7d03cb9ce755,Piece,1
6dd0fd67-c9f5-4a3d-9aa0-522642bd92e1,cc20138c-589b-4a1f-aac5-e11915ecc3b4,1bd30749-19a7-4dd2-b09f-3f9f7b0ca45e,Fruitien joy 1L,8964000876435,1,300.0,205.0,300.0,035f3af1-557a-4f16-876d-c806a7fa5eba,Piece,1
bf83c5b5-3c26-4e22-887d-a81036d5fb8c,cc68a30b-f36e-402b-921c-51dbc9749316,fdc65df0-d2f4-421c-a8d7-36301c4db84f,Dew 300ml,8964000101254,1,90.0,65.0,90.0,bf1a41ca-b4d2-4417-9fd9-c774a60c54f3,Piece,1
2267d288-fb19-43d2-b3db-c24e7c21a671,cc68a30b-f36e-402b-921c-51dbc9749316,6b21c075-c752-4bf7-a4c2-2a4c8441c546,sifarish khan,1232255618481,1,30.0,25.0,30.0,289e28e9-66d0-4026-9fd4-67bfa88cb04c,Piece,1
b6a1d0ba-0cd0-42f3-960f-680ab67e4288,cd6cc1ef-b3f5-4794-a9d9-4894860eb699,da1ef922-fc6a-4884-90cb-5fd4a4297ac7,Sooper classic,8964004771026,2,40.0,36.0,80.0,5c66b750-e588-4844-bc83-b8f9e11a155c,Piece,2
cb85fc90-baef-48df-ae50-17cefabcbe19,cd6cc1ef-b3f5-4794-a9d9-4894860eb699,8845956e-b9eb-4935-a785-b670f21f8023,Divine,8961103503640,1,40.0,36.0,40.0,16c3c46e-3594-4d9d-a1d2-9e9c94245102,Piece,1
4bca918d-67f0-4c3d-814d-3facf156b710,cd6cc1ef-b3f5-4794-a9d9-4894860eb699,7fe3ad7f-9f94-4ad8-89a5-771214b5dd1a,Choco Lava,8964003591533,1,40.0,36.0,40.0,22aa23fe-3835-4613-9d85-4bb2a3ca6bb7,Piece,1
454902f6-189e-4917-a532-88003d7c9800,cf4833c8-126c-4508-8063-9496d8e3f509,5a5154d9-6994-4dee-9011-efd865af1c8f,GOLD LEAF,1232097295550,3,30.0,25.0,90.0,ff8b0ab8-fd25-4bb6-aafb-a79e8e63a846,Piece,3
b77a1bbe-f96a-40ce-9ca2-d607e8c91e29,d1d61532-80a8-4ba8-8ac9-ec8be6b4b82c,685beee5-7d49-44b4-bc94-5de5f8bb99a6,COKE 350ML,42117131,2,90.0,67.0,180.0,071aa6c8-0343-4f9f-bf93-9ac7ac35a72d,Piece,2
704e1eeb-bf8b-4034-acd9-75981c26ef18,d915e867-c4c1-46aa-a245-52af6642a851,dabede9c-eb98-47b3-848d-77e6850a56e1,7UP 1.5L,0012000800337,1,210.0,163.0,210.0,f7ce623b-7879-474d-9773-f703bf0ae037,Piece,1
f2beaf05-cacb-4214-b5b3-e5074cabddc8,d915e867-c4c1-46aa-a245-52af6642a851,9863fa08-b141-4a19-959c-fc1dae64e577,pepsi 1.5L,012000800085,1,210.0,163.0,210.0,8e6db930-330d-46af-a62c-e673e3d938a7,Piece,1
0363c990-637e-47c9-a1ed-7a0097db2312,d915e867-c4c1-46aa-a245-52af6642a851,e72cc9fe-22b1-4ea0-b7ba-50b2a81ae9cc,4U Bar Beta,8964000579435,2,20.0,18.33,40.0,19cf5be3-be93-483b-a1f4-a2bb5e331f51,Piece,2
73e267b4-d13d-4bb1-b1a6-66a323a089dd,d915e867-c4c1-46aa-a245-52af6642a851,af69d822-86b0-44a5-95c6-e6eb63bf046f,4U peri Per,725765417107,2,20.0,18.33,40.0,f9b1f94e-eb83-4553-ac61-9dc96aaae598,Piece,2
d8c50407-84e3-4475-b233-4d5b84b60d13,d945eaa9-9259-4fd3-a3a4-10c042abb7c2,61ba2de0-2ecb-4960-beba-e4f64f4e5661,Mango fruit drink,8964003765781,1,200.0,95.83,200.0,5f493b81-3168-4c9f-bb65-1cec6fe8e062,Piece,1
a2181a7e-f0c1-423c-8286-fc242bb40d14,dcd18409-186b-4461-938a-cd6057164c41,216ab9f0-65b5-4cc7-93c1-8d21ecc3f3bb,Chocolatto,8961102508868,1,20.0,18.0,20.0,5103e0a4-abf3-4e1f-9116-b8f2aba5efb1,Piece,1
8ba20b92-5ae8-49cc-82d1-5cf1471198e3,e14859a7-b22c-448b-9443-8ea8cc16e098,296944b9-ea79-469c-8425-f11d6e4b7eed,CAPSTAN RED,1230364618200,1,15.0,12.1,15.0,a1bc6a6f-ad8f-468b-afac-44ec8574811d,Piece,1
10498eb3-d80a-4884-976b-3736f6deabc8,e14859a7-b22c-448b-9443-8ea8cc16e098,4ea8ab87-bf13-4523-b83d-509c89f52789,hockey match stick,9231012019358,1,5.0,3.0,5.0,21683564-a53b-4d8c-a0a6-4066d1367085,Piece,1
acaa1198-35e9-461c-b927-b2010cccca7c,e49a6347-7c50-47b4-a93a-8777964e86f7,2eeb2840-498a-4d8b-b428-a35305ad400a,sunslik,8961014255461,2,10.0,8.0,20.0,f1a20860-f949-46af-ba9a-2b1e565a810f,Piece,2
0fc020ee-01e5-4f23-8d82-d633750688a0,e49a6347-7c50-47b4-a93a-8777964e86f7,9b8a64b3-0eff-49bd-a7e9-7ae1f4c6211f,Capstan White,89600078,5,15.0,12.5,75.0,2ee97f16-83f8-4fe8-8004-f20228fc010c,piece,5
53fb23a6-2803-44f7-b1bc-efe80b358f8e,e4c9ad0e-5fb5-405b-9288-a17f7766fcd8,975cf5aa-4ec6-4b0f-bd0b-a79640860da8,CHOICE,9254120000254,1,40.0,22.5,40.0,45baadf7-3c4f-430c-b19c-ed8a6e8538df,Piece,1
1de18f6f-bbc0-4a30-9f16-47900b2f0532,e4c9ad0e-5fb5-405b-9288-a17f7766fcd8,8af4077d-37f1-441f-936d-9507cb56ca9d,candy,1232784048698,2,5.0,3.5,10.0,7534df49-d891-461a-8b69-7d03cb9ce755,Piece,2
11245478-985c-4c8c-bfb4-629bbb2c5c56,e533bd87-1e32-4b6c-9295-ba63ce875940,3f550dac-b5c1-4fe5-a86a-e846e4e42f47,Lays FC,8964000090435,1,100.0,91.6,100.0,f2a38d82-ace0-44e5-a46a-ea432df7e748,Piece,1
eb55cdc2-7e5a-4086-ab15-eb9627ba0b9d,e533bd87-1e32-4b6c-9295-ba63ce875940,d43a6e92-5604-44fa-b95a-d7a378b93536,Lays FC,8964002345601,1,50.0,46.0,50.0,e707af65-3e99-49c6-83b0-d861d0ecbf1e,Piece,1
57d1616f-cf35-45ec-97ab-65c59d6a9917,e7db3196-3f91-4f8e-9d78-5356ab6380a3,2505a9e6-32d6-425c-8c5d-d31507ce904d,lighter,1236376536280,1,40.0,21.0,40.0,4b1a6d94-51e0-4c20-8be3-f4e43962efbf,Piece,1
fe4c7266-c200-4323-a128-7dfc6ec8f18d,e7db3196-3f91-4f8e-9d78-5356ab6380a3,df83db32-d270-4a08-8f67-85f4967a923d,Red & White,89600320,2,10.0,9.5,20.0,4c010ae2-567a-4d9a-a3ee-7be8b0099de4,Piece,2
a8367926-5140-4395-a994-60b16b18f949,e9d2694b-219e-4db3-be61-4a16e4fe2fc2,52f92909-4f6b-4fa3-9e05-27568f34110f,4U MASALA FLAVOUR,8964000579626,1,50.0,45.0,50.0,f1225cd2-cbef-42f9-9008-cb8dbd34300e,Piece,1
66bf5e9f-2f97-4bb3-ac5d-cbb62038fd67,e9d2694b-219e-4db3-be61-4a16e4fe2fc2,e3359463-13c6-4da3-91c0-1b9d90d5012c,lays maxx cheese,8964002345861,1,100.0,92.0,100.0,e72184e5-7a95-4659-8944-b555745d509f,Piece,1
8cc4110f-270a-4326-8cb7-91de187cf08c,e9d2694b-219e-4db3-be61-4a16e4fe2fc2,63909d32-ff7d-4238-875b-2d7ebffedc72,sprite 500 ml,54491069,2,130.0,85.0,260.0,bbbc982c-4ef4-4a12-bdb5-82b369ee4edf,Piece,2
e104d05d-c27f-468e-9e0e-1c9a0f3688c7,ea639913-94d1-4091-bcd6-e27e6a8f8acf,e1c7461f-fe2c-43cc-b072-ab2fcdd767ed,olper pack,8964000919934,1,100.0,85.0,100.0,610b7a9f-fa8f-480c-8da4-d5bb1121252c,Piece,1
2b89946b-b55f-4513-95a1-1c967c0e7986,eb00f406-d81e-4f87-937b-5dcab72622f9,e07be54a-ef99-4d68-97db-58a730462337,MILANO,815082008130,1,200.0,165.0,200.0,a85e2866-0d3f-4bd2-80f6-a598982e48e0,Box,1
49207a70-b8b2-4301-bbf8-6adb7380c344,eb00f406-d81e-4f87-937b-5dcab72622f9,1ee9644a-ed90-4704-b230-aad125a02878,paradise,8961102504556,2,50.0,41.67,100.0,80f8cdf3-36fb-4dd6-ab2a-b96485a358ef,Piece,2
36686b20-c8cc-434e-9716-a17dbadd46b6,eb00f406-d81e-4f87-937b-5dcab72622f9,10ebe327-96fb-4e2c-9292-ee7ccf3b8127,local fry,8964000695555,3,10.0,8.0,30.0,ca63db85-6796-4904-8894-101cfc6813be,Piece,3
52be9c36-1b6b-4d17-b076-4b38b581d9b5,ec6e1ad3-54d1-4fb6-9b0e-319271b640ec,296944b9-ea79-469c-8425-f11d6e4b7eed,CAPSTAN RED,1230364618200,1,15.0,12.1,15.0,a1bc6a6f-ad8f-468b-afac-44ec8574811d,Piece,1
1ecd5169-3149-4059-810e-33ccd1d672c1,ec6e1ad3-54d1-4fb6-9b0e-319271b640ec,8af4077d-37f1-441f-936d-9507cb56ca9d,candy,1232784048698,1,5.0,3.5,5.0,7534df49-d891-461a-8b69-7d03cb9ce755,Piece,1
d96bdfa9-cfee-4dcb-892f-b71c80595d2d,ed57f9d6-6cb5-44b0-9abb-b844e735e837,6eabb009-fbe6-4018-9f9e-90fbe3bdbd63,SPRITE MINT 1.5ML,5449000216854,1,210.0,166.0,210.0,6e8a956c-f49c-4535-ad7c-0d0897468117,Piece,1
8cdfee29-496d-445b-b69a-f74b36a88324,ef114aae-869e-4844-80e1-47cd430e9e83,e389f0ba-a270-4e3b-8305-e9bcae3fe41d,COKE 500ML,54491472,1,130.0,90.0,130.0,c21f0726-fece-497e-bc1a-9bbb9ba77015,Piece,1
cf5c9d4e-da4d-45ad-a38a-09156ff8b754,f01b8368-117c-428f-8d85-87faa45e90be,33819376-e267-418a-adf2-b6190c956759,DEW 1.5L,8964000101117,1,210.0,163.3,210.0,f669561e-4418-41a3-9cb7-31974a38d7c4,Piece,1
78ef6740-ad17-47bb-a7eb-e3d7c70fdc29,f03843a1-b926-4a66-a3bd-3442d718a34c,188b0bc1-c811-435d-9cd7-84a6e7787fe1,Zeera plus,8961003642166,1,50.0,43.0,50.0,daae7360-e661-4316-9b57-e301e684f423,Piece,1
6bd9f4ed-5172-4dfb-adef-f0b2cb5ad24c,f0d8daa2-2922-4545-ac5a-2f5c4dcb1c01,296944b9-ea79-469c-8425-f11d6e4b7eed,CAPSTAN RED,1230364618200,2,15.0,12.1,30.0,a1bc6a6f-ad8f-468b-afac-44ec8574811d,Piece,2
d145157b-2259-48e8-a39f-9eefcc851a0e,f0e0b3a1-9cbe-4e81-93dd-320ef40c8d8f,30e73934-8b1f-4e5b-8a7e-459183ab89ff,BENSON & HEDGES,95010526,20,15.0,14.0,300.0,bd464178-34a5-4c51-ab7a-fb38e14501f9,Box,1
fa47a374-3b58-417e-bdb4-e51d9495c0b8,f1e9aaca-a621-4ca4-84ec-51927db0c7fa,403ea510-fb07-48bc-a730-8f1f2391b3be,STING L,8964000101704,1,140.0,105.8,140.0,7b817808-9ae8-4d8f-9f89-3f3e11cfe183,Piece,1
df14b6dd-3210-4f18-b68b-0c4eda8399ad,f3d3daa8-c3c3-4468-b3dc-d327dcadd1e6,8af4077d-37f1-441f-936d-9507cb56ca9d,candy,1232784048698,4,5.0,3.5,20.0,7534df49-d891-461a-8b69-7d03cb9ce755,Piece,4
6d0f97a3-3548-44d4-aaad-f241f4cd204e,f43910af-984e-40e6-b3b2-fa822ecf4240,cf4ddc79-69f8-4b07-9756-99c625450f8d,Dew 500ML,8964000101094,1,130.0,91.66,130.0,b2834b37-c0ae-46a1-a403-d2aab65cab25,Piece,1
b4d6b45c-dd8b-4732-b21c-ff2cd318f9ae,f43910af-984e-40e6-b3b2-fa822ecf4240,2191b979-dc6b-4487-a5db-4f4248da979b,LAYS CLASSIC,8964002345632,1,30.0,27.66,30.0,6e04bce6-7dc2-422b-aba8-ff080af9ddae,Piece,1
c61139a2-06f5-4047-b6ce-0129859470b4,f47e34c6-9379-47ed-a90e-4dce221eaa08,dcc48fee-0445-4775-bc38-58a5490e4628,Slanty Veg,671866117586,1,50.0,46.25,50.0,07708f75-4794-460f-9a64-a898355176c2,Piece,1
e512d987-d4b9-44ed-8de6-b97f41de923c,f8c526ba-ae5c-44c0-9eb8-dec2bb6f2696,975afaa4-6f19-4b65-b8ba-ec64f86f41cb,Lays Y&H,8964002346905,1,70.0,64.75,70.0,ed65e660-cda7-4d73-8f09-7920617be844,Piece,1
79ebdf4d-b521-4ab2-825d-3c71f1fe999f,f8c526ba-ae5c-44c0-9eb8-dec2bb6f2696,296944b9-ea79-469c-8425-f11d6e4b7eed,CAPSTAN RED,1230364618200,3,15.0,12.1,45.0,a1bc6a6f-ad8f-468b-afac-44ec8574811d,Piece,3
12f49d50-f437-4fab-92ce-b9de6af209a5,f8c526ba-ae5c-44c0-9eb8-dec2bb6f2696,8af4077d-37f1-441f-936d-9507cb56ca9d,candy,1232784048698,1,5.0,3.5,5.0,7534df49-d891-461a-8b69-7d03cb9ce755,Piece,1
88d72d9b-c6f9-47d6-9e5a-7aa070486835,f9da82ff-88ce-4d2d-8f61-7f89b069b26d,8af4077d-37f1-441f-936d-9507cb56ca9d,candy,1232784048698,4,5.0,3.5,20.0,7534df49-d891-461a-8b69-7d03cb9ce755,Piece,4
d03a4d4d-fb25-45da-b996-f2d10eb93cb2,fb580a7c-812c-4269-a8d6-03099f6cca5d,9b065f86-0ca4-468a-be5f-822a3682b1d2,eno,1230569384276,1,20.0,17.0,20.0,82466abe-f720-4677-b6c9-595ef4a7725f,Piece,1
ceee1b2e-45cf-426a-bf62-c9fadaf2ccbf,fd5aa25f-01fc-4367-92fa-68a23a408474,9b8a64b3-0eff-49bd-a7e9-7ae1f4c6211f,Capstan White,89600078,10,13.0,12.1,130.0,3ec2f99f-f561-417b-b39d-23da11570fbc,Half box,1
0ce1929b-1d6c-4797-968f-c621b8349719,fd5aa25f-01fc-4367-92fa-68a23a408474,8af4077d-37f1-441f-936d-9507cb56ca9d,candy,1232784048698,4,5.0,3.5,20.0,7534df49-d891-461a-8b69-7d03cb9ce755,Piece,4
fa4b232f-80db-4be3-a595-aac0bbb4a3b6,fe1bea77-56c2-4183-ab04-b398205c3dfb,a0a5cd34-cdb1-4257-bbcf-8061295bca3a,lemon malt,1860236002037,1,120.0,79.02,120.0,5e6a96d5-81b1-4fc3-b9ca-4cde167b0c08,Piece,1
93ac5d33-02d9-4fec-93fb-111a460ad600,ffc14883-939a-463b-8db1-38dda41cbade,e40ddc87-c1d6-42d0-8522-8c43694879a5,DASANI 1.5,ZIC5449000098504,1,120.0,80.0,120.0,1825381b-9f33-43bb-9447-d08d9ec884f1,Piece,1
1d3bbfbd-b9d2-482f-a313-7eb6ac271143,ffc14883-939a-463b-8db1-38dda41cbade,e00b6186-90a0-4108-98fe-2bcee3d5fb15,POWER FULL,5904003285240,2,250.0,142.0,500.0,85c31903-56af-4373-9159-2fa28c2ebf37,Piece,2
9a4ce886-b249-424f-bedc-ef895a82cf95,ffc14883-939a-463b-8db1-38dda41cbade,96b9f631-6ccd-4daa-bf03-d63ad93ce1f7,dayfresh malae kulfi,796554817477,1,150.0,98.75,150.0,8d79a904-f31e-4137-95f2-582301fa33bc,Piece,1
a696d7f6-623d-4176-a66a-0540ebb49a77,ffc14883-939a-463b-8db1-38dda41cbade,c5bad393-0791-4cdd-bba3-0b910aef38e0,CHILLIMILLI,8961103500991,2,50.0,45.0,100.0,f32b5fb2-72e8-451f-a4d1-22621e21a03d,Piece,2
93bc5c84-a721-4333-8d3b-1d16169cdf87,ffc14883-939a-463b-8db1-38dda41cbade,8af4077d-37f1-441f-936d-9507cb56ca9d,candy,1232784048698,6,5.0,3.5,30.0,7534df49-d891-461a-8b69-7d03cb9ce755,Piece,6
48d906f2-f80b-46b1-aad5-b03818c28d7f,ffe00ba5-0d71-4dcf-a265-b4785ba13f1c,5a5ad28c-287f-4a0f-8a55-bfd5a556b68a,pepsi 2 L,8964000103234,1,250.0,190.0,250.0,d34cf16b-e541-4ed0-815e-e61627cc5511,Piece,1
604a5eb8-8b31-492d-bc25-2af64ee7df9c,ffe00ba5-0d71-4dcf-a265-b4785ba13f1c,9b8a64b3-0eff-49bd-a7e9-7ae1f4c6211f,Capstan White,89600078,2,15.0,12.5,30.0,2ee97f16-83f8-4fe8-8004-f20228fc010c,piece,2
b26468a2-8fc9-4615-b87c-7350160ff9c3,014d155f-5a64-47f5-9d64-931141c2e4f3,3b91871c-331f-4567-9382-9d351bbbbb00,Treet 2,8964000767993,1,70.0,35.0,70.0,ad204ad5-473b-4b91-be42-383c8c979c3a,Piece,1
52717881-0cb8-4dcc-9ba7-03b4f7d17ff3,01688029-9309-449a-9b0e-31c088083a98,296944b9-ea79-469c-8425-f11d6e4b7eed,CAPSTAN RED,1230364618200,6,15.0,12.1,90.0,a1bc6a6f-ad8f-468b-afac-44ec8574811d,Piece,6
6f0f45a2-4b68-4d1f-a026-cc34eb9b719c,01688029-9309-449a-9b0e-31c088083a98,8af4077d-37f1-441f-936d-9507cb56ca9d,candy,1232784048698,4,5.0,3.5,20.0,7534df49-d891-461a-8b69-7d03cb9ce755,Piece,4
11eda308-7203-4891-8e8a-a708d4b70c66,023c5783-5e3f-484a-ae3d-5a2c2e024b84,234c787c-e5e2-4047-bb07-95d114219d2e,AQUA DIRE 0.5 Ltr,5901234039710,1,60.0,22.0,60.0,bc7e8655-4e7a-409b-a5c5-6b9e2e262dff,Piece,1
b078b246-9d1f-4bee-933b-4b414ce9c1f2,025f7f86-bc68-43ba-8e46-5bb65f82c521,5a5154d9-6994-4dee-9011-efd865af1c8f,GOLD LEAF,1232097295550,20,25.0,24.5,500.0,38175889-2f66-461f-8e62-69907628ca63,Box,1
6f343d2e-899c-44db-9996-56c32e20e086,025f7f86-bc68-43ba-8e46-5bb65f82c521,8af4077d-37f1-441f-936d-9507cb56ca9d,candy,1232784048698,2,5.0,3.5,10.0,7534df49-d891-461a-8b69-7d03cb9ce755,Piece,2
5e5d7deb-bef9-4e8c-b264-cd91859540f8,02854967-2446-406d-a62d-85f164b8c7bd,f4c0439f-a023-4989-995f-cdda01ed18ba,Lays Paprika,8964002345618,1,50.0,45.5,50.0,a85255f1-fb2f-482a-9d2e-8886ab9b1f92,Piece,1
b0d1d02f-24f7-44a9-93a4-aad786db61eb,02854967-2446-406d-a62d-85f164b8c7bd,10ebe327-96fb-4e2c-9292-ee7ccf3b8127,local fry,8964000695555,3,10.0,8.0,30.0,ca63db85-6796-4904-8894-101cfc6813be,Piece,3
6a4fe619-44f5-47cb-9c87-9a642eb97633,0625c3ca-8896-475b-a692-9c188b7a28cc,bdfbec09-02b6-43e1-834e-c6f25f2250da,egg,1239923458738,6,22.5,20.0,135.0,1a65cdb6-05dd-4c13-8555-642c6262bc4e,Piece,6
b9d94b83-b516-412b-8b35-4f148ace2cc7,087aec2b-b9da-405f-8363-19bba120f6bc,4b435e3a-0c1b-468c-8211-d394ff490098,lux soap,8961014268348,1,160.0,150.0,160.0,ddeecaed-7971-446d-b0c0-6da10ce32d98,Piece,1
4f0ac81f-9f9e-44b2-87d1-6db41a447179,087aec2b-b9da-405f-8363-19bba120f6bc,b2fa9a08-2130-4d3b-a1f9-f39f694cc18c,Surf Excel S/pack,8961014264760,5,10.0,9.1,50.0,f62c8014-7e26-49a7-9f35-a5eb92f1347c,Piece,5
d038c632-31b3-40a3-a77c-0fc9d971f506,08847da0-ab41-4fe6-a87e-81f1c12451d9,234c787c-e5e2-4047-bb07-95d114219d2e,AQUA DIRE 0.5 Ltr,5901234039710,1,60.0,22.0,60.0,bc7e8655-4e7a-409b-a5c5-6b9e2e262dff,Piece,1
513e7cf1-2682-4ddc-bff5-37697220f045,08847da0-ab41-4fe6-a87e-81f1c12451d9,403ea510-fb07-48bc-a730-8f1f2391b3be,STING L,8964000101704,1,140.0,105.8,140.0,7b817808-9ae8-4d8f-9f89-3f3e11cfe183,Piece,1
304263b3-0fe7-479f-83e1-efa0500ce42c,08cfd061-1989-49ff-a5c5-4305569daeff,296944b9-ea79-469c-8425-f11d6e4b7eed,CAPSTAN RED,1230364618200,1,15.0,12.1,15.0,a1bc6a6f-ad8f-468b-afac-44ec8574811d,Piece,1
c7dc00d8-e772-48c7-bc4c-ca95b9ded71e,08cfd061-1989-49ff-a5c5-4305569daeff,9b8a64b3-0eff-49bd-a7e9-7ae1f4c6211f,Capstan White,89600078,1,15.0,12.5,15.0,2ee97f16-83f8-4fe8-8004-f20228fc010c,piece,1
e6d275f1-5365-4061-870e-70f4a99081b3,08cfd061-1989-49ff-a5c5-4305569daeff,f844d6a6-b548-40f2-9e64-401dbf792669,COCOBLISS,6156294526758,1,20.0,8.75,20.0,cc0ab773-60ca-474e-9b24-a813f5b931c6,Piece,1
df2efac0-5933-4268-8f2b-7fc31b82f09e,08cfd061-1989-49ff-a5c5-4305569daeff,8af4077d-37f1-441f-936d-9507cb56ca9d,candy,1232784048698,3,5.0,3.5,15.0,7534df49-d891-461a-8b69-7d03cb9ce755,Piece,3
62bf7afb-ae78-4de9-bcca-93b4b78f8bc8,08cfd061-1989-49ff-a5c5-4305569daeff,6b21c075-c752-4bf7-a4c2-2a4c8441c546,sifarish khan,1232255618481,1,30.0,25.0,30.0,289e28e9-66d0-4026-9fd4-67bfa88cb04c,Piece,1
77ba43b9-6206-4dd9-a042-147075cea835,090f81ec-a451-4b0d-864b-b55cf67a2134,0641e502-0965-44db-bcf9-104cf2a42f37,FRUITIEN Peach,8964000876480,1,60.0,45.0,60.0,469fcf86-77ad-4d28-ac5d-44cace081107,Piece,1
d28f5746-a6e7-4654-8f98-5acd5744fb44,0a8587a2-f1c3-4663-92f9-c495b418c640,8c7f6d6a-e322-4288-a670-4414a8a98916,MIRINDA 345ML,8964000103319,1,90.0,65.0,90.0,b74ab95f-e6b2-4273-aabd-fb4a21df03a1,Piece,1
f919df5e-2080-49a7-81be-0d6e6692df11,0a8587a2-f1c3-4663-92f9-c495b418c640,df83db32-d270-4a08-8f67-85f4967a923d,Red & White,89600320,1,10.0,9.5,10.0,4c010ae2-567a-4d9a-a3ee-7be8b0099de4,Piece,1
977828db-11c0-45cc-a26d-3b22450bf314,0d473c5b-721e-4ed1-897b-6faa729e0757,296944b9-ea79-469c-8425-f11d6e4b7eed,CAPSTAN RED,1230364618200,3,15.0,12.1,45.0,a1bc6a6f-ad8f-468b-afac-44ec8574811d,Piece,3
3632ae7c-2154-4c57-8a32-0a82553792c5,0d58ea73-e3ac-4ede-92bc-7694bbf820ab,9b8a64b3-0eff-49bd-a7e9-7ae1f4c6211f,Capstan White,89600078,10,13.0,12.1,130.0,3ec2f99f-f561-417b-b39d-23da11570fbc,Half box,1
b256f00b-5b76-47bc-aa6d-c061e48c9223,0fb8fd78-1a16-4dbd-b365-1aefe6fd8c65,045336a9-6e35-481f-bc73-7a5720d220cc,MELLO,8964001435518,1,10.0,9.0,10.0,beb04b66-8168-4ad7-b046-02c8feb0459b,Piece,1
461f6ce9-b268-4253-9dd9-2bf26c2b0184,0fb8fd78-1a16-4dbd-b365-1aefe6fd8c65,49794596-aa57-4b63-b91c-ff5d3c55ab02,fresh up,ZIC3705852532,1,60.0,48.2,60.0,f9597713-f9e1-4f11-aebd-e23efe09b9ac,Piece,1
a4987663-8fb1-4de2-8d14-e5f3245f67e4,1073ec9b-76e4-4a3a-b101-f2693f988093,5a5154d9-6994-4dee-9011-efd865af1c8f,GOLD LEAF,1232097295550,3,30.0,25.0,90.0,ff8b0ab8-fd25-4bb6-aafb-a79e8e63a846,Piece,3
5a2fcf2d-9006-40d1-b12c-740ec0f9e06a,1073ec9b-76e4-4a3a-b101-f2693f988093,8af4077d-37f1-441f-936d-9507cb56ca9d,candy,1232784048698,2,5.0,3.5,10.0,7534df49-d891-461a-8b69-7d03cb9ce755,Piece,2
db7bf8d3-35bc-4c51-a0c0-33a3defc6522,1293b7b3-1acf-410a-9cd6-7f348231532c,49794596-aa57-4b63-b91c-ff5d3c55ab02,fresh up,ZIC3705852532,1,60.0,48.2,60.0,f9597713-f9e1-4f11-aebd-e23efe09b9ac,Piece,1
15faf3b1-ff51-4a38-be4c-89197abefff9,13885353-b160-42a3-9049-2cd1d909b49a,588ed1d4-c8e6-4c1f-99ef-e9ac45f9f4f0,TRANSPARANT TAPE L,1235350205099,2,120.0,55.0,240.0,b9580e86-76f6-4b0f-8e9b-c52e5f27eae7,Piece,2
20504691-3213-4ef3-8138-4f379a344b96,145b5fdd-daca-4396-a6d0-a8854d2747ae,296944b9-ea79-469c-8425-f11d6e4b7eed,CAPSTAN RED,1230364618200,3,15.0,12.1,45.0,a1bc6a6f-ad8f-468b-afac-44ec8574811d,Piece,3
a8cc93e6-cd3c-4297-863c-747ed07ff6c3,145b5fdd-daca-4396-a6d0-a8854d2747ae,a3649557-f3b6-4a2d-80a9-9a5447a3ebb3,Lays Y&H,8964002345625,1,50.0,45.8,50.0,0330369f-7d98-41fd-9a17-6bd07de63b61,Piece,1
f0af5b66-cda6-43a5-bb4c-00d5ebad7f84,145b5fdd-daca-4396-a6d0-a8854d2747ae,d8f89ad3-02ac-4798-bd1b-2d1d17aa2b54,kite match stick,745178816045,1,5.0,3.0,5.0,052b3a03-75fd-4be6-97f3-c90634e0f3df,Piece,1
8d032f10-2d9d-4529-bf05-a2b487f5ea7d,164cd96f-b210-4cb8-805f-fb31186b43c7,6eabb009-fbe6-4018-9f9e-90fbe3bdbd63,SPRITE MINT 1.5ML,5449000216854,1,210.0,166.0,210.0,6e8a956c-f49c-4535-ad7c-0d0897468117,Piece,1
de580d9d-133c-47ca-b3ae-02fd4636077c,164cd96f-b210-4cb8-805f-fb31186b43c7,029a9f22-4932-419c-a897-ffe97b6ed059,sprite mint 500ml,5449000253736,1,120.0,90.0,120.0,b03babdb-9804-4c55-bfd7-ff9199515128,Piece,1
e424c718-185e-43ea-9ce7-ab89c4286e12,177dce40-55ab-49de-bd6a-b403df2edb6d,ccf49827-e6f5-4bff-aa08-0b921c426c2a,chipso classic bbq,721688696032,1,100.0,81.0,100.0,87b87e39-27c9-45c4-be47-8bcca67fb6b8,Piece,1
fd259488-e3de-4d8c-bab4-64b4b58d5f49,177dce40-55ab-49de-bd6a-b403df2edb6d,c75320df-735c-44fe-b32d-46b0170ef53a,Lays Masala,8964000090428,1,100.0,92.3,100.0,b77ba773-b9e7-4763-9761-47c66a223bd9,Piece,1
1459484a-65d9-4684-ac29-7536dd0df33c,19fbdadb-8bfc-492b-8287-50ce1c28cc81,9b8a64b3-0eff-49bd-a7e9-7ae1f4c6211f,Capstan White,89600078,1,15.0,12.5,15.0,2ee97f16-83f8-4fe8-8004-f20228fc010c,piece,1
1c697175-7a7b-480b-b3af-1390814ebbba,19fbdadb-8bfc-492b-8287-50ce1c28cc81,6b21c075-c752-4bf7-a4c2-2a4c8441c546,sifarish khan,1232255618481,1,30.0,25.0,30.0,289e28e9-66d0-4026-9fd4-67bfa88cb04c,Piece,1
857b3f22-5651-4fb2-bec2-4c558cab8796,19fbdadb-8bfc-492b-8287-50ce1c28cc81,8af4077d-37f1-441f-936d-9507cb56ca9d,candy,1232784048698,1,5.0,3.5,5.0,7534df49-d891-461a-8b69-7d03cb9ce755,Piece,1
03e6ea22-2ce2-490d-99f0-440c16f97e7d,1b23f611-d9e5-43a4-b80e-04b87ee49c0f,5a5154d9-6994-4dee-9011-efd865af1c8f,GOLD LEAF,1232097295550,10,28.0,24.5,280.0,0ce2a6a7-3270-4538-b7f1-cd118f2cb423,Half Box,1
665c069f-256a-49bd-b27f-6502bceecd02,1b23f611-d9e5-43a4-b80e-04b87ee49c0f,af69d822-86b0-44a5-95c6-e6eb63bf046f,4U peri Per,725765417107,1,20.0,18.33,20.0,f9b1f94e-eb83-4553-ac61-9dc96aaae598,Piece,1
6ada3e31-a175-43bc-92bc-c54d6902cf2d,1d1da5e7-e595-445b-bd13-44568788050d,f9995743-8d14-45d2-be1e-1054f9e04de0,Murree Sparkletts 1.5L,1860201136828,1,110.0,74.0,110.0,8d732b9a-5588-4ceb-af41-c0fdeab4686e,Piece,1
0c7738f5-28d2-49a9-a397-4ed4849fd603,1d1da5e7-e595-445b-bd13-44568788050d,0641e502-0965-44db-bcf9-104cf2a42f37,FRUITIEN Peach,8964000876480,1,60.0,45.0,60.0,469fcf86-77ad-4d28-ac5d-44cace081107,Piece,1
a10c1fac-4555-49e6-ad89-753cb3f57eb1,1d1da5e7-e595-445b-bd13-44568788050d,100a2b11-2838-46a2-be01-4e107a35efb3,MASS,8964000032091,1,250.0,120.0,250.0,bca3a85a-8136-4a95-9414-c68978a91246,Piece,1
de106b80-ca5f-48a8-8ac4-437be3264e9b,1d1da5e7-e595-445b-bd13-44568788050d,566c6cdf-1a6b-4414-94ec-484e69209ed1,HISS,6261149033166,1,70.0,35.0,70.0,7ba78179-a1f0-4dde-b9f8-1d91884efcfa,Piece,1
880c76d3-1cee-4088-aa64-df2f35db2505,1d5c1ce8-bf7d-4e7b-9c0a-b91c4044fcb8,19fb2202-9dfc-4599-a043-6cb86016dcf3,cake up triple CHOCO.......,8964003592004,1,50.0,45.66,50.0,15d2421f-7ec6-4110-a1e6-d3c37df25d10,Piece,1
d7a279fb-cf26-4189-ab19-514115b7410e,1e4ca5b5-e549-47e6-a47c-f2357ffed3f8,dc1ee16f-7d26-464f-9aee-6909c7b304b7,peach malt,1860236002044,1,120.0,80.0,120.0,9ea92509-1503-4b5c-a72a-a851dfdc503c,Piece,1
51ffe8c3-c57f-43b9-8797-cb5eb64ce5e5,1e4ca5b5-e549-47e6-a47c-f2357ffed3f8,61ba2de0-2ecb-4960-beba-e4f64f4e5661,Mango fruit drink,8964003765781,1,200.0,95.83,200.0,5f493b81-3168-4c9f-bb65-1cec6fe8e062,Piece,1
34fc2b5f-05d0-4e7b-8980-175dcc915c22,1ef42dd6-b93b-49bc-8142-c3a34ca019d6,49d0da8d-0715-45bb-8ed2-bfeb311f210f,lays y$h,8964000103784,2,20.0,17.0,40.0,aa53ae6a-2e7f-4333-8645-91a01ffefc95,Piece,2
a83d6139-ed52-44ed-8385-537fc5e12b21,1ef42dd6-b93b-49bc-8142-c3a34ca019d6,296944b9-ea79-469c-8425-f11d6e4b7eed,CAPSTAN RED,1230364618200,4,15.0,12.1,60.0,a1bc6a6f-ad8f-468b-afac-44ec8574811d,Piece,4
fc5ae1d8-b50e-496e-ae74-236731dbf02e,1f7200c2-3120-4169-b832-339535bc3639,9ed06880-e15b-44ae-876b-3fcca222bad2,sooper,8964004770456,1,50.0,45.0,50.0,f3625b26-f234-4633-b395-5d2ebc6a6cc8,Piece,1
6484f4db-ced5-4f88-97db-1089662771bf,1f7200c2-3120-4169-b832-339535bc3639,296944b9-ea79-469c-8425-f11d6e4b7eed,CAPSTAN RED,1230364618200,3,15.0,12.1,45.0,a1bc6a6f-ad8f-468b-afac-44ec8574811d,Piece,3
d23b7a87-062a-4c55-b800-53bdc5240b88,1f7200c2-3120-4169-b832-339535bc3639,8af4077d-37f1-441f-936d-9507cb56ca9d,candy,1232784048698,1,5.0,3.5,5.0,7534df49-d891-461a-8b69-7d03cb9ce755,Piece,1
e6724c76-6713-46c8-92b9-6fd09035e673,200b05fd-d105-437f-a521-33c8adbc17e5,975cf5aa-4ec6-4b0f-bd0b-a79640860da8,CHOICE,9254120000254,2,40.0,22.5,80.0,45baadf7-3c4f-430c-b19c-ed8a6e8538df,Piece,2
6872dfbe-98e8-43e4-a2d5-4eb39289d2b7,200b05fd-d105-437f-a521-33c8adbc17e5,49d0da8d-0715-45bb-8ed2-bfeb311f210f,lays y$h,8964000103784,2,20.0,17.0,40.0,aa53ae6a-2e7f-4333-8645-91a01ffefc95,Piece,2
d0e21cb0-99e1-4c16-8214-1702790bda4c,200b05fd-d105-437f-a521-33c8adbc17e5,07656a28-45c4-4da2-9701-c175887c82b5,Chaunsa mango nector,8964000876084,1,90.0,62.08,90.0,9b1ee20c-6a35-495d-bf76-dd0c4c74e379,Piece,1
031a0578-e6fb-4a25-b68f-af0025dfa61b,20ce9778-760b-4606-8184-acf8fa84602b,e1c7461f-fe2c-43cc-b072-ab2fcdd767ed,olper pack,8964000919934,1,100.0,85.0,100.0,610b7a9f-fa8f-480c-8da4-d5bb1121252c,Piece,1
13b22c42-b19d-4599-9030-65cc10fe5a34,23399e28-7a95-4b42-9618-d57b02892cf7,1a9db450-bde7-4119-ba96-710c52c9a641,Tops Mango,2020042410108,1,140.0,91.6,140.0,26de4e9f-5c5a-4d98-83d4-2454e112bb9d,Piece,1
4df98fe9-68ae-4d7e-bd66-1f3acfdb7b38,23399e28-7a95-4b42-9618-d57b02892cf7,72757b5d-39d7-4226-ae05-e608e81097be,JUST,8964003765378,1,80.0,39.58,80.0,f5d46dbb-231f-4b00-ac66-65275a4912f0,Piece,1
5fc7f958-79e1-4b01-9832-1e5c3d08582f,236791c1-c0e2-4485-91a2-c052e32a4496,00d8ce95-d58b-4cb2-822d-88801af04ab0,BRITE J/S,8886950015293,2,50.0,46.6,100.0,ccedcd35-5e20-4985-8b90-0fa74c7ce9f0,Piece,2
2ee8548f-cbf4-4d34-a90c-20098b177e89,25271b01-d6fb-4c70-a2a3-d48335e32fce,296944b9-ea79-469c-8425-f11d6e4b7eed,CAPSTAN RED,1230364618200,10,14.0,12.25,140.0,0ea2547b-ff52-4fd2-a713-c4c425c19caa,Half box,1
beebcc14-c465-4be0-9276-bab6957296a6,25271b01-d6fb-4c70-a2a3-d48335e32fce,975cf5aa-4ec6-4b0f-bd0b-a79640860da8,CHOICE,9254120000254,1,40.0,22.5,40.0,45baadf7-3c4f-430c-b19c-ed8a6e8538df,Piece,1
e8aa3a92-fbe5-47d9-8815-c052d15fc6ec,267fc59e-f7a8-40dd-8a85-4248ad50d35e,826c0da6-b0aa-4c8a-a024-a17c10878f2f,milk pack,8961008022185,1,100.0,87.7,100.0,fab81662-9567-4d14-93ef-507465b7294c,Piece,1
04701370-a3b1-4cfa-985f-dbe409b3b023,267fc59e-f7a8-40dd-8a85-4248ad50d35e,6b21c075-c752-4bf7-a4c2-2a4c8441c546,sifarish khan,1232255618481,1,30.0,25.0,30.0,289e28e9-66d0-4026-9fd4-67bfa88cb04c,Piece,1
72e61c51-6a84-49c2-96c7-f48cb5233f27,294f9c78-31f1-4be6-be76-aaff27601aaa,a9b9dee8-a9ab-43b1-959d-1d501d696dbf,American Basil Seed,0092552944338,1,180.0,112.5,180.0,90733463-fdfe-4ee9-b61a-b0dd5390895a,Piece,1
61247531-2760-4190-ac08-12fff81933be,294f9c78-31f1-4be6-be76-aaff27601aaa,fcbcd2ac-4123-420a-bde8-9dcb456dca18,BASIL SEED,4356435442752,1,180.0,112.5,180.0,ca5cce27-b573-43a1-a0a7-6bbadbac2545,Piece,1
37b59951-60ae-4858-a9ba-8be6d50a8b39,29c87234-c8a1-4410-a25d-382a9ba11e73,188b0bc1-c811-435d-9cd7-84a6e7787fe1,Zeera plus,8961003642166,1,50.0,43.0,50.0,daae7360-e661-4316-9b57-e301e684f423,Piece,1
291e7fcf-b667-4065-8e3c-acff58ecbfc9,2aa0e107-0e71-47ce-90c4-632b5f34e23b,296944b9-ea79-469c-8425-f11d6e4b7eed,CAPSTAN RED,1230364618200,10,14.0,12.25,140.0,0ea2547b-ff52-4fd2-a713-c4c425c19caa,Half box,1
59c0512f-5425-4a7f-a6f8-13214e12c4a5,2dac0906-b743-4c1e-94ae-24de2e211257,df83db32-d270-4a08-8f67-85f4967a923d,Red & White,89600320,20,10.0,9.5,200.0,a78e4c95-45be-4924-8611-a298b7f20e54,Box,1
ba9cc353-5bb6-4aab-a327-3a57842d2658,2dac0906-b743-4c1e-94ae-24de2e211257,2505a9e6-32d6-425c-8c5d-d31507ce904d,lighter,1236376536280,1,40.0,21.0,40.0,4b1a6d94-51e0-4c20-8be3-f4e43962efbf,Piece,1
6d6289ea-5e1d-4302-86ab-7d8255f8c8d1,2dac0906-b743-4c1e-94ae-24de2e211257,4ea8ab87-bf13-4523-b83d-509c89f52789,hockey match stick,9231012019358,1,5.0,3.0,5.0,21683564-a53b-4d8c-a0a6-4066d1367085,Piece,1
b0fe0bc1-a8b2-44b3-9d15-7465d5423615,2dac0906-b743-4c1e-94ae-24de2e211257,403ea510-fb07-48bc-a730-8f1f2391b3be,STING L,8964000101704,1,140.0,105.8,140.0,7b817808-9ae8-4d8f-9f89-3f3e11cfe183,Piece,1
9dd47979-5e1e-4fef-b863-6a3e93b15408,2dac0906-b743-4c1e-94ae-24de2e211257,89b16bba-ce89-448f-8fa7-1d92531ea5c6,FABULOUS CCC,8965310055299,1,30.0,23.8,30.0,932d5d0e-59b4-4ed6-9fa4-c64083d356c5,Piece,1
9a4bb5c5-9504-44a2-a38e-fa33f74de080,2dac0906-b743-4c1e-94ae-24de2e211257,216ab9f0-65b5-4cc7-93c1-8d21ecc3f3bb,Chocolatto,8961102508868,1,20.0,18.0,20.0,5103e0a4-abf3-4e1f-9116-b8f2aba5efb1,Piece,1
868b0b42-2a19-47e1-a45f-72f59d8884fb,2dac0906-b743-4c1e-94ae-24de2e211257,44689326-5a50-45a4-89c9-4f9091c4b136,KUR KURE,8964002346288,1,70.0,57.3,70.0,4ccbb2d8-26dd-4f48-82f7-2066fc07e6e5,Piece,1
c75d4d17-8b35-496f-8060-c8a78c448c9c,2dac0906-b743-4c1e-94ae-24de2e211257,c73a7248-1dbc-4c33-a0e1-6b5b920057fe,cocomo,8961103500274,1,50.0,38.85,50.0,0cf70d5a-dbcb-4dc4-8590-b7608b577ce2,Piece,1
5dd8c15a-e4b9-4a25-a648-ec86a12cd7b0,311823fc-8ef6-4c3a-9dbd-9fa9b58f2800,130b0d6d-a279-4aa1-aecc-8b7be8a531bd,KING EGG,6971539721008,1,50.0,30.0,50.0,1fdf7df7-0f80-4268-91ee-a22b4db395e2,Piece,1
454d391b-03f8-4b99-b83a-5f0ae207aef5,311823fc-8ef6-4c3a-9dbd-9fa9b58f2800,113a9bd7-369e-49d6-8331-ce4d03854d07,BOUNCE,8961103503527,1,10.0,8.9,10.0,5e4f1b89-1d0b-4c9b-8a0f-d7298eafafdb,Piece,1
5208593d-e536-4532-9a03-5828fb291851,311823fc-8ef6-4c3a-9dbd-9fa9b58f2800,172b148c-dbb9-445c-ab19-4cdcd2316ffb,Potato Crips,8964000966570,1,60.0,45.0,60.0,a470a7a4-55cf-407d-89d7-539c4be45653,Piece,1
8e0e283a-2d21-417b-ab84-32780060eb1d,311823fc-8ef6-4c3a-9dbd-9fa9b58f2800,86ea46f0-ada7-4089-ba74-ca14d951b2fb,Osaka tape,1236323735131,1,60.0,25.0,60.0,1a5ddad4-afa8-43ff-9112-068db838e1d1,Piece,1
6de126d0-dd1e-4d9a-9b14-79afe6c9fbaf,31a76967-81fc-4f3b-9cd1-4b76d459eea3,10ebe327-96fb-4e2c-9292-ee7ccf3b8127,local fry,8964000695555,1,10.0,8.0,10.0,ca63db85-6796-4904-8894-101cfc6813be,Piece,1
921c893a-a5af-4809-949b-94cbf22a1279,3593b4b1-27a6-440b-bc65-96d280b72f38,8af4077d-37f1-441f-936d-9507cb56ca9d,candy,1232784048698,4,5.0,3.5,20.0,7534df49-d891-461a-8b69-7d03cb9ce755,Piece,4
ab66184b-6999-41e6-8b7f-d362ea499755,3872bef7-031d-40e5-b395-33a6e37aace2,dff1cf5b-43c0-4680-8382-ae8626dc47af,lifeboy,8961014270624,5,10.0,9.0,50.0,b7a61655-08ca-49d1-8cce-7cd80df1103d,Piece,5
7f8396e0-668c-43e7-b657-fd95abe19ddf,38885839-6415-4719-8ebd-09d6db687388,296944b9-ea79-469c-8425-f11d6e4b7eed,CAPSTAN RED,1230364618200,10,15.0,12.1,150.0,a1bc6a6f-ad8f-468b-afac-44ec8574811d,Piece,10
09b0f90b-619b-4f5c-ba99-ca8ed9fbfed6,38885839-6415-4719-8ebd-09d6db687388,8af4077d-37f1-441f-936d-9507cb56ca9d,candy,1232784048698,6,5.0,3.5,30.0,7534df49-d891-461a-8b69-7d03cb9ce755,Piece,6
4a9fb80b-0d32-43c7-b512-cc8424de8810,38885839-6415-4719-8ebd-09d6db687388,0030e6f8-ce9d-4dcb-b07d-b979d0eacb40,lighter g,1235472321332,1,50.0,25.0,50.0,117efac9-2e8f-457b-a08e-e3c4794fe368,Piece,1
3ec6128c-c92c-4d1f-be94-6edad51e4d2c,3960b194-474f-40d0-b35d-5179286969c0,03cb2c93-1cf5-4097-9dd8-7287afaec200,Predator,5061013968225,1,70.0,53.91,70.0,5706758d-bd03-47db-b19e-4a4b7b1d547d,Piece,1
0aa3fb44-f980-4c8d-b179-a2579222f58b,3960b194-474f-40d0-b35d-5179286969c0,96b9f631-6ccd-4daa-bf03-d63ad93ce1f7,dayfresh malae kulfi,796554817477,1,150.0,98.75,150.0,8d79a904-f31e-4137-95f2-582301fa33bc,Piece,1
d717bbf0-fe61-4ac9-af58-5aaf8b3f3e38,3960b194-474f-40d0-b35d-5179286969c0,a53ad854-8545-44f3-8147-1b275cce0b86,Glace Peanuts,745240202554,1,50.0,45.0,50.0,24cec4be-aae6-4a8c-89f4-31515df3a896,Piece,1
286b336b-8b1e-4f70-9093-7f9e71b37ee4,3acac583-4b8d-422d-8897-0501f03e83e1,9b8a64b3-0eff-49bd-a7e9-7ae1f4c6211f,Capstan White,89600078,10,13.0,12.1,130.0,3ec2f99f-f561-417b-b39d-23da11570fbc,Half box,1
12521fd1-8002-45f1-bdf1-b0d0b18e90d8,3acac583-4b8d-422d-8897-0501f03e83e1,0030e6f8-ce9d-4dcb-b07d-b979d0eacb40,lighter g,1235472321332,1,50.0,25.0,50.0,117efac9-2e8f-457b-a08e-e3c4794fe368,Piece,1
3edb090c-ec21-4795-9cbd-d424362b2aaa,3ae3b5d3-14b0-40c1-91bd-a48ea1e67df1,0030e6f8-ce9d-4dcb-b07d-b979d0eacb40,lighter g,1235472321332,1,50.0,25.0,50.0,117efac9-2e8f-457b-a08e-e3c4794fe368,Piece,1
dc7d3712-8cc4-4c06-91e7-78c2f3ae993a,3ae3b5d3-14b0-40c1-91bd-a48ea1e67df1,df83db32-d270-4a08-8f67-85f4967a923d,Red & White,89600320,5,10.0,9.5,50.0,4c010ae2-567a-4d9a-a3ee-7be8b0099de4,Piece,5
c04e3028-47d4-4829-9391-589189329902,3af62891-9e0f-408a-99dc-c37678c63417,d70dcda7-7821-45d9-aba9-56ed471ad7e1,7up 1L ,8964000101377,1,170.0,130.0,170.0,cc2d260c-7b11-45fa-936e-18bf9be245f7,Piece,1
c6a3d8f4-8124-4e9c-b527-fd0a44aee7bc,3af62891-9e0f-408a-99dc-c37678c63417,b5987cf6-eb28-453f-833d-b7adb5c351c4,rio stawberry v,8964004770517,1,50.0,45.0,50.0,9d4a3604-18f9-443d-b8da-9da694eefafe,Piece,1
fb811018-72e9-4c37-b4d4-1d25ea7f5bd2,3af62891-9e0f-408a-99dc-c37678c63417,cf9ea9f8-e152-4122-9063-0117aac4a303,DAL MOONG,8964002429363,1,50.0,43.3,50.0,b90fae7f-5e8c-49d7-9390-6799925cbf6f,Piece,1
8a18d3eb-b503-4526-8be2-4bcf29ea8ae4,3af62891-9e0f-408a-99dc-c37678c63417,9d766c91-c234-49ff-a444-dc9979ba923f,BITE LAYER CAKE,6423116329966,1,60.0,43.3,60.0,b7e9abab-7698-4120-b644-393d3b35bfad,Piece,1
57cf5447-14eb-4e6d-a6a6-cbe91d68e2b8,3b10fb38-9404-4e65-9b7d-68a7d03bd209,234c787c-e5e2-4047-bb07-95d114219d2e,AQUA DIRE 0.5 Ltr,5901234039710,2,60.0,22.0,120.0,bc7e8655-4e7a-409b-a5c5-6b9e2e262dff,Piece,2
65efa21d-e0d8-4733-8e81-20062ebbec7e,3b7f82ed-703a-4053-915e-55db2becf28d,a0d9dd33-4b2f-4a0a-add6-a2057a8330c8,ZIA MIX NIMKO,8964002429943,1,100.0,83.33,100.0,70922120-c405-49ff-bafc-fe54e91fdaef,Piece,1
508f3326-4e58-45bb-b260-b7239a65fdee,3b7f82ed-703a-4053-915e-55db2becf28d,ba790275-119d-4f7a-b9d6-2228bf0d7226,badam makkan,095742223213,5,10.0,4.1,50.0,43a1d058-e491-40ad-a268-fc88b700be34,Piece,5
ed70b8bf-75f3-41b1-b86f-d80f730e9cae,3b7f82ed-703a-4053-915e-55db2becf28d,03c89ab0-49f9-49ef-a61e-de5c9a2bc419,CHIPSO SPICY CHILLI,721688696049,1,120.0,90.0,120.0,afa64145-542b-4618-9f9e-7f93f0227b7f,Piece,1
eb0f863b-0f6b-4ac3-bb9b-85e9280b6b15,3b7f82ed-703a-4053-915e-55db2becf28d,d8796b4b-5314-467f-9f25-42b0d0536dc2,SPOUT PEPPERMINT,671866277716,1,60.0,46.0,60.0,1083f11e-f72c-4e4e-96e3-95803ff880f7,Piece,1
52b165bc-d6e8-4170-b652-2ad974dd4e39,3b7f82ed-703a-4053-915e-55db2becf28d,b8114fe2-506f-4e27-ab08-c2626a8f1661,SPOUT LOTTE STWABRY,671866277730,1,60.0,46.0,60.0,6fc0dfc4-17ef-4974-b071-1cce60c2e67a,Piece,1
0a458483-78f3-4c08-a261-12a648c76954,3c9bacfa-de05-4b33-9177-5c79871e6e38,296944b9-ea79-469c-8425-f11d6e4b7eed,CAPSTAN RED,1230364618200,20,12.5,12.1,250.0,e9169ce5-618b-4046-9957-a321013f7b75,box,1
6ae63763-fbff-4df7-9fe8-9472d3741714,3e507dce-2003-4177-b798-9dacb9ed8ed2,9b8a64b3-0eff-49bd-a7e9-7ae1f4c6211f,Capstan White,89600078,3,15.0,12.5,45.0,2ee97f16-83f8-4fe8-8004-f20228fc010c,piece,3
81201447-135c-449c-a95c-015febbab048,3e507dce-2003-4177-b798-9dacb9ed8ed2,d8f89ad3-02ac-4798-bd1b-2d1d17aa2b54,kite match stick,745178816045,1,5.0,3.0,5.0,052b3a03-75fd-4be6-97f3-c90634e0f3df,Piece,1
f8ee078b-755b-43ab-9c24-a8af11c7b8ba,3e605240-883b-456f-a072-442136b03dd5,b8106d87-eb2b-4a4c-bcd9-ebd7b40708e2,lays classic,8964000090596,1,20.0,18.0,20.0,1f70884a-93dd-4a74-954a-95cc02ac4bf6,Piece,1
c4e1a129-f18a-45aa-a199-87e6d3a48b5a,3e605240-883b-456f-a072-442136b03dd5,9b8a64b3-0eff-49bd-a7e9-7ae1f4c6211f,Capstan White,89600078,2,15.0,12.5,30.0,2ee97f16-83f8-4fe8-8004-f20228fc010c,piece,2
95e84178-1bfd-4d8f-9ce1-c2827cf1cc8c,3eb0b34c-c749-4240-9616-070305e6cd2f,986fdfa7-0d1f-4581-980f-f56c15fe2708,dayfresh chocolate,8964000816516,1,150.0,97.0,150.0,6922c626-8f0e-463a-aa49-2c8a8df73c59,Piece,1
68a8e2ed-aaa5-41e8-bd20-3a5fb8519361,3eb0b34c-c749-4240-9616-070305e6cd2f,974851e3-6a77-4a75-b263-4666098c4ae5,Lays Masala,8964002346912,1,70.0,63.75,70.0,177832b6-40a2-4948-af00-6754a30a0f67,Piece,1
def41c43-8638-45af-aaa2-6bae3c0cd0be,3eb0b34c-c749-4240-9616-070305e6cd2f,5f944213-1ecb-49ed-9132-155c538f653f,8964003812140,8964003812140,2,20.0,8.0,40.0,2baead40-bebd-4b19-b515-40c05758f457,Piece,2
eb8a7c9c-0508-4c17-82d3-d8d90012cbc0,3ef158dd-e116-4409-8101-00956b411ead,5fa7b670-a9ae-4c2a-91c9-127169fe241a,Polo Rings,8964002429813,2,20.0,17.0,40.0,ce364afd-071d-4919-b5f1-7a6822519a4a,Piece,2
a9c83874-0076-4079-8a24-4766371d39b7,3ef158dd-e116-4409-8101-00956b411ead,0c5900a3-a9b8-443a-bb11-1d5ab10c85f9,SALONA CRUNCHY CUTS,8964002429691,1,20.0,17.3,20.0,caac0912-ccb7-4e60-9263-126683cd05b4,Piece,1
54d8d257-f867-4634-ab90-669915bb0b3f,3ef158dd-e116-4409-8101-00956b411ead,974851e3-6a77-4a75-b263-4666098c4ae5,Lays Masala,8964002346912,1,70.0,63.75,70.0,177832b6-40a2-4948-af00-6754a30a0f67,Piece,1
1f708a55-d479-47f3-8a2c-5d95661fd683,3ef158dd-e116-4409-8101-00956b411ead,1e6935b5-f19e-4bed-b5d3-be70952a3f7d,TWICH,671866277891,1,50.0,45.83,50.0,b24542d2-182c-4f6b-ad05-efbdbd462b88,Piece,1
e30e84eb-dedd-4b2c-a2b9-0fd02c4c009b,3ef158dd-e116-4409-8101-00956b411ead,382387eb-6272-4738-b2d5-3361fa6fc3ca,Potato Sticks,671866277501,1,50.0,46.25,50.0,bc63250f-fd30-4ca2-a788-3340c09f9c89,Piece,1
6d17101b-e22d-4dff-b216-2f9fb197a80c,3ef158dd-e116-4409-8101-00956b411ead,2f0bd3d2-d095-4cbd-a674-9d1776c2e43a,Zia Mix Nimco,8964002429936,1,50.0,41.6,50.0,60f345fa-41ee-4b27-8c95-1a22adb06e14,Piece,1
c57bf47a-f80f-4441-8922-e5aaa6f7de2f,3ef158dd-e116-4409-8101-00956b411ead,cf9ea9f8-e152-4122-9063-0117aac4a303,DAL MOONG,8964002429363,1,50.0,43.3,50.0,b90fae7f-5e8c-49d7-9390-6799925cbf6f,Piece,1
6f4119d5-c57d-45e4-9d0d-332e55b0ef53,3ef158dd-e116-4409-8101-00956b411ead,d24bbc5f-3fd1-410d-9a57-74e81ed86362,Zia Peanut,8964003813390,1,50.0,41.6,50.0,cbb97db4-8292-477b-a912-3174dca1594b,Piece,1
feb00957-b5af-4954-a547-3a325c02c11c,3ef158dd-e116-4409-8101-00956b411ead,0641e502-0965-44db-bcf9-104cf2a42f37,FRUITIEN Peach,8964000876480,1,60.0,45.0,60.0,469fcf86-77ad-4d28-ac5d-44cace081107,Piece,1
5888d57e-a063-479e-979a-f8bda03303a5,3ef158dd-e116-4409-8101-00956b411ead,462f0a46-8e21-4909-9b5e-9c24776480b3,MARIA,8964004770777,1,50.0,45.0,50.0,f5b2e766-0479-45a2-9f4c-d65abd4f2c1f,Piece,1
865c3895-57f8-45ec-9467-2af4996a4085,3ef158dd-e116-4409-8101-00956b411ead,8af4077d-37f1-441f-936d-9507cb56ca9d,candy,1232784048698,2,5.0,3.5,10.0,7534df49-d891-461a-8b69-7d03cb9ce755,Piece,2
cf64307b-f2eb-42be-aabf-7cd226eb06ba,3f43e7a1-32ac-4b54-bb2f-4641ffc851a4,296944b9-ea79-469c-8425-f11d6e4b7eed,CAPSTAN RED,1230364618200,10,14.0,12.25,140.0,0ea2547b-ff52-4fd2-a713-c4c425c19caa,Half box,1
42f596f2-e8c8-4601-a911-05ec3ab0a43c,3f43e7a1-32ac-4b54-bb2f-4641ffc851a4,8af4077d-37f1-441f-936d-9507cb56ca9d,candy,1232784048698,6,5.0,3.5,30.0,7534df49-d891-461a-8b69-7d03cb9ce755,Piece,6
118a7d5b-ce28-4a94-9103-b872421bf482,4300d72c-a7db-4d31-8f20-3ae4160cae8b,8af4077d-37f1-441f-936d-9507cb56ca9d,candy,1232784048698,2,5.0,3.5,10.0,7534df49-d891-461a-8b69-7d03cb9ce755,Piece,2
6cd5c5ad-a7cc-43ad-8dc9-2f72f64cacb2,4300d72c-a7db-4d31-8f20-3ae4160cae8b,296944b9-ea79-469c-8425-f11d6e4b7eed,CAPSTAN RED,1230364618200,10,14.0,12.25,140.0,0ea2547b-ff52-4fd2-a713-c4c425c19caa,Half box,1
c306b714-f297-4a60-b5f4-ea5132f1cacc,441f01f9-b929-4119-85df-89983571fb1e,0641e502-0965-44db-bcf9-104cf2a42f37,FRUITIEN Peach,8964000876480,1,60.0,45.0,60.0,469fcf86-77ad-4d28-ac5d-44cace081107,Piece,1
684779af-f09f-480f-abf2-cf1b72468b16,443834e5-9d3a-4622-8525-64722cd08a15,08d613ea-4400-4b70-a0c4-5b7aa2cb0b66,coke 1 ltr,5449000054227,1,170.0,135.0,170.0,719afd03-f700-4a34-ad24-e310603521cc,Piece,1
cade11df-bdbf-4b43-aa01-0c2104395e49,443834e5-9d3a-4622-8525-64722cd08a15,296944b9-ea79-469c-8425-f11d6e4b7eed,CAPSTAN RED,1230364618200,1,15.0,12.1,15.0,a1bc6a6f-ad8f-468b-afac-44ec8574811d,Piece,1
e5be09dc-8eb0-4ce3-9a29-e869f3612cff,458c2688-c505-40b8-a951-a769bff60381,00f57e87-f340-4c93-bc4e-58e5a27a42ac,JAMBO POPS,5920808549202,1,60.0,41.66,60.0,17a4ea76-9c53-44b6-afa8-13aede67eb6e,Piece,1
7bab8faf-5105-47e3-b89c-d2c8b142a22a,458c2688-c505-40b8-a951-a769bff60381,66a64cc9-3d36-4ec9-94c4-fd0e9a56f32c,Lays Masala,8964000090602,1,20.0,18.0,20.0,c40492ef-d853-48e0-9c39-df0966445872,Piece,1
6a08bcc4-4489-411f-a727-644557ce16b7,458c2688-c505-40b8-a951-a769bff60381,f2bbd782-884e-492c-ba3b-30bbb22514f9,anytime snacks,8964002429752,1,20.0,17.5,20.0,4a9f1b8b-9754-4350-9f0e-787cfa591129,Piece,1
dba736cc-97e5-4f78-962f-6b1887e61b6e,458c2688-c505-40b8-a951-a769bff60381,e8505540-bc5f-4cfc-b5ed-1665aa9e2327,COCATEA POPSI,9203457293464,1,30.0,18.33,30.0,0d016da2-c3cd-4611-bcf7-c2be5270f72a,Piece,1
089cd614-088c-4f53-8164-4ed8ecb12b5b,458c2688-c505-40b8-a951-a769bff60381,9ff22c81-64be-446a-a786-d1e0c60f1168,SHORT BREAD MINI BOX,8965310055664,1,50.0,42.85,50.0,86c2b66c-0197-4ee1-83b9-dd5d9a46d3bb,Piece,1
b50bfac4-11ca-42d5-a863-034a85fe9f8c,458c2688-c505-40b8-a951-a769bff60381,304ce1d5-e0dc-46d8-91d7-310e86b2d095,7up 300ml,8964000103289,1,90.0,65.0,90.0,bcee3595-62d4-4dab-8748-22b68cbb802b,Piece,1
e87bc3bc-3799-4dad-b5af-f356f6c633f5,458c2688-c505-40b8-a951-a769bff60381,3687b641-5149-4ee9-b4f3-51c6aab24882,Slanty Jalapeno,671866117593,1,50.0,46.25,50.0,d4ec5476-ce22-456a-af04-663cde66c7fb,Piece,1
9988498d-b253-4f1f-b07f-ca0f7df50a5f,458c2688-c505-40b8-a951-a769bff60381,faca038c-a083-435d-a433-3024e08a7f3e,spark,6121420648949,1,20.0,13.3,20.0,3ec69693-93bd-4a23-be57-bb14e100f14c,Piece,1
74386148-2924-4b20-a5b2-a8c235aa390d,458c2688-c505-40b8-a951-a769bff60381,8af4077d-37f1-441f-936d-9507cb56ca9d,candy,1232784048698,2,5.0,3.5,10.0,7534df49-d891-461a-8b69-7d03cb9ce755,Piece,2
0fcbf0f1-00ed-4e00-b9fa-b05a1c239db2,46037b7e-3606-4873-84a0-de66b8a57036,9ed06880-e15b-44ae-876b-3fcca222bad2,sooper,8964004770456,1,50.0,45.0,50.0,f3625b26-f234-4633-b395-5d2ebc6a6cc8,Piece,1
1efe164e-94ec-4056-b990-fe5dd4748d88,46037b7e-3606-4873-84a0-de66b8a57036,975cf5aa-4ec6-4b0f-bd0b-a79640860da8,CHOICE,9254120000254,1,40.0,22.5,40.0,45baadf7-3c4f-430c-b19c-ed8a6e8538df,Piece,1
0628770b-2dfc-4bba-83e8-6c2e6782957c,4737f52f-ef80-403b-a4cf-373e0c1f8a8e,296944b9-ea79-469c-8425-f11d6e4b7eed,CAPSTAN RED,1230364618200,3,15.0,12.1,45.0,a1bc6a6f-ad8f-468b-afac-44ec8574811d,Piece,3
9abdd1d8-dd97-4898-bf40-ef9aa9987e2d,4737f52f-ef80-403b-a4cf-373e0c1f8a8e,8af4077d-37f1-441f-936d-9507cb56ca9d,candy,1232784048698,1,5.0,3.5,5.0,7534df49-d891-461a-8b69-7d03cb9ce755,Piece,1
ec602fdc-b853-4618-98df-95dc9c5dccf1,48dd06c5-f823-4c4e-b768-9ca0dd1f9d9c,93379316-dccb-444f-9d95-131228d6cf0f,Cheetos,8964002346707,1,50.0,31.0,50.0,8405e14b-806f-477f-9f05-dc9572eb9b3d,Piece,1
8d2a22ba-5acd-49b9-b696-8092ba46ce74,48dd06c5-f823-4c4e-b768-9ca0dd1f9d9c,476d8225-51e1-4af5-bf14-f3c396168654,digestive,8965310054971,1,250.0,213.0,250.0,68e77c5a-945f-48c1-859b-6aa663828fc0,Piece,1
9e4243d2-f142-4499-9d58-6d11c6aa4624,49350933-199d-41f2-983d-d0c4f633b639,2f3bdc70-6385-4abf-a851-c5c8c2ac7b4c,HAVEN CHOCOLATE,8965310054865,2,50.0,45.0,100.0,24c6badd-2091-4139-923a-9b05a8ef20c3,Piece,2
70e6037f-c89c-4374-abc3-b66a91b04882,49350933-199d-41f2-983d-d0c4f633b639,1c7d4a02-65dd-4eef-9adb-e6525e3a7bc0,FABULOUS PCC,8965310055589,2,30.0,27.0,60.0,48d72b2f-a9f9-4b2b-bcac-2ab5fc63bd76,Piece,2
9ad60913-0f4f-4bc9-8235-95ea3db3e4cb,49350933-199d-41f2-983d-d0c4f633b639,89b16bba-ce89-448f-8fa7-1d92531ea5c6,FABULOUS CCC,8965310055299,2,30.0,23.8,60.0,932d5d0e-59b4-4ed6-9fa4-c64083d356c5,Piece,2
0edac1f2-40b5-46ba-adf8-bdb3de40bf3c,49350933-199d-41f2-983d-d0c4f633b639,9ff22c81-64be-446a-a786-d1e0c60f1168,SHORT BREAD MINI BOX,8965310055664,1,50.0,42.85,50.0,86c2b66c-0197-4ee1-83b9-dd5d9a46d3bb,Piece,1
71ea8275-686c-4cf0-8f2d-52c189116366,49350933-199d-41f2-983d-d0c4f633b639,e5fb358c-53bd-40df-83e4-0eb877f39b25,Mi Amor,8961102505522,1,40.0,18.0,40.0,64fb42f5-6524-4de3-a3d5-b4f1e9eef544,Piece,1
511cf673-d6fa-4a9e-af51-6e8049d24dbc,49350933-199d-41f2-983d-d0c4f633b639,d0ea7687-1654-4b17-b313-1c89ac741d71,NANKHATAI,8961003669347,1,50.0,45.0,50.0,7c5574a7-3027-4066-a9a4-deb43ded924b,Piece,1
3441a21f-d753-452a-a6d9-a3fa62217757,49350933-199d-41f2-983d-d0c4f633b639,5518f5e0-aef7-4c52-9d00-60487d01ab5f,RIO DOUBBLE CHOC,8964003593841,1,50.0,45.0,50.0,00446bf2-2bf9-4a53-ba02-bfdc948e3df9,Piece,1
82d21ef2-f58f-400a-9018-363ab7396390,49350933-199d-41f2-983d-d0c4f633b639,dc1ee16f-7d26-464f-9aee-6909c7b304b7,peach malt,1860236002044,1,120.0,80.0,120.0,9ea92509-1503-4b5c-a72a-a851dfdc503c,Piece,1
b92a751b-64dd-471a-8409-2b190fd5f06a,49350933-199d-41f2-983d-d0c4f633b639,4f86eaae-553f-4e67-94fc-0dcfc55944e7,baloo full size,1238599213047,1,7000.0,270.0,7000.0,9eb37baa-b1d3-40f0-957c-ce8978e756af,Piece,1
8e1ede0e-c977-49a2-9832-31bbfb78f882,49fc89e7-c80a-44ca-a17e-5c3daf0501f0,2f955768-b5b4-43c0-ae31-94d6a7355291,SPRITE 1.5,5449000012203,1,210.0,164.0,210.0,c988a08a-4ece-4c1d-aec6-51d386f48291,Piece,1
6aeacc59-f69e-4ac2-9f04-6c4a793f7ece,49fc89e7-c80a-44ca-a17e-5c3daf0501f0,33819376-e267-418a-adf2-b6190c956759,DEW 1.5L,8964000101117,1,210.0,163.3,210.0,f669561e-4418-41a3-9cb7-31974a38d7c4,Piece,1
477e9476-182b-465d-973b-eb196f91bc5a,49fc89e7-c80a-44ca-a17e-5c3daf0501f0,2f0bd3d2-d095-4cbd-a674-9d1776c2e43a,Zia Mix Nimco,8964002429936,1,50.0,41.6,50.0,60f345fa-41ee-4b27-8c95-1a22adb06e14,Piece,1
3c23bd33-00cb-4a7d-a3ea-f53660349be6,49fc89e7-c80a-44ca-a17e-5c3daf0501f0,64a0260c-b4ff-42bc-a28d-16f0668b16d6,lays masala,8964002345649,1,30.0,27.6,30.0,0ca93a56-dbb6-4176-a2cf-8ac8c48a6f5d,Piece,1
765ca35e-918a-431c-a448-eccc51a6b7a8,4a728b4d-d613-41cb-a64a-302327e1629a,5e38679d-6413-4f2c-8dea-c53d50116951,Bazooka,725765020536,1,100.0,58.33,100.0,54853cdb-84f4-4f9e-9880-ce52951e8721,Piece,1
e8baf638-96d2-4e3d-af83-f989de8a40c3,4de6b921-ecbd-4811-b4ec-0698e8cec3ef,8a1ef07c-fc76-4f6c-9978-630e27953f58,SMILE,6261149070833,1,150.0,45.0,150.0,6e146db9-13da-4b4a-a62f-74f2bf648a2d,Piece,1
22368680-7118-4a1e-bf4f-f88b8362df57,4e325d4b-2c37-454b-8cfc-d400229ed01d,2347cc4b-9f81-49db-8864-35a43da6769a,FANTA ANAAR,5449000231079,1,100.0,86.0,100.0,c99a9e12-907c-4ef7-84f5-609a8c269002,Piece,1
a9f62f6c-a62e-45cd-9187-bbca7b31ff8f,4e325d4b-2c37-454b-8cfc-d400229ed01d,296944b9-ea79-469c-8425-f11d6e4b7eed,CAPSTAN RED,1230364618200,20,12.5,12.1,250.0,e9169ce5-618b-4046-9957-a321013f7b75,box,1
8415598e-fb89-4bb1-a474-102ec80dbfa7,4fe91cfe-efcb-4401-bce2-2031df6169db,8af4077d-37f1-441f-936d-9507cb56ca9d,candy,1232784048698,1,5.0,3.5,5.0,7534df49-d891-461a-8b69-7d03cb9ce755,Piece,1
6ae532c5-9b85-4121-89d8-962ad0b56f79,514e14a2-c515-4e7c-b62e-79d4db0a6571,89f084ac-a196-47fb-8e25-4e4bd3160c50,STING SMALL,8964000101551,3,100.0,73.0,300.0,24a9904c-bbbb-433e-b85c-bc70707d653c,Piece,3
54a775b4-77d1-43ab-aeb1-4e199a7739b4,514e14a2-c515-4e7c-b62e-79d4db0a6571,0eb9cf00-60aa-4cd6-8066-53d5ae50744f,Krisko,1512141510502,2,50.0,41.0,100.0,26690d5c-9213-4cf6-945e-50faa2e9b147,Piece,2
5b06ee18-19bc-4bd4-b059-e804eaa110a3,514e14a2-c515-4e7c-b62e-79d4db0a6571,9ff30f78-fbab-449e-bc65-893d4f9f9984,CAPSTAN ELITE,89601846,20,13.5,12.6,270.0,5b03001d-515e-468d-8efd-fe6e0c27aa97,Box,1
26b0ec33-04f4-41bd-8490-36d06ea829b0,514e14a2-c515-4e7c-b62e-79d4db0a6571,2505a9e6-32d6-425c-8c5d-d31507ce904d,lighter,1236376536280,1,40.0,21.0,40.0,4b1a6d94-51e0-4c20-8be3-f4e43962efbf,Piece,1
321b1cca-d16e-4984-ab16-ff73a4e5ba7f,514e14a2-c515-4e7c-b62e-79d4db0a6571,92f16b27-36e8-4924-b95e-bc25a2fcace5,Coated Peanuts C&H,8964003813796,2,50.0,41.0,100.0,df68a421-fa68-44c5-8ff4-3293564237a8,Piece,2
a69cb544-940d-49fd-b4cc-9de659a8db7c,514e14a2-c515-4e7c-b62e-79d4db0a6571,a3649557-f3b6-4a2d-80a9-9a5447a3ebb3,Lays Y&H,8964002345625,1,50.0,45.8,50.0,0330369f-7d98-41fd-9a17-6bd07de63b61,Piece,1
e7ffebf5-71d5-4ce8-89d3-e244b9cce40f,51b7e5d0-76c2-410c-abb7-f432794dc2d5,a737707d-c2c0-4ff7-a3fb-3b1b39f6bcef,KRISKO MIX,1512141511509,2,50.0,41.0,100.0,9f659d14-09e7-445c-a0aa-76098d202363,Piece,2
3e4ef5de-1cc9-44bf-9c25-eb599b75510a,51b7e5d0-76c2-410c-abb7-f432794dc2d5,8af4077d-37f1-441f-936d-9507cb56ca9d,candy,1232784048698,6,5.0,3.5,30.0,7534df49-d891-461a-8b69-7d03cb9ce755,Piece,6
aeb4994c-8526-4426-8251-baea6202dee4,52bd7529-3513-473d-99da-86b6dd369557,5e38679d-6413-4f2c-8dea-c53d50116951,Bazooka,725765020536,1,100.0,58.33,100.0,54853cdb-84f4-4f9e-9880-ce52951e8721,Piece,1
96e4155c-8e31-43e8-9194-5a56671279ce,54386fdf-9242-4ff0-9a1d-4d70efed2f52,f844d6a6-b548-40f2-9e64-401dbf792669,COCOBLISS,6156294526758,2,20.0,8.75,40.0,cc0ab773-60ca-474e-9b24-a813f5b931c6,Piece,2
979ec3e7-1c36-4d1a-9c28-8e1e52a3d4c7,54458278-ab7c-44bc-a66a-71db2893d6ea,e07be54a-ef99-4d68-97db-58a730462337,MILANO,815082008130,1,200.0,165.0,200.0,a85e2866-0d3f-4bd2-80f6-a598982e48e0,Box,1
15ef1008-124b-4370-bc7b-4c3c312e4d31,5891a34c-cf0f-4a87-aa73-976cf5f8b716,7d11d4df-29d6-4184-854f-ebbcea218897,COCONUT,8961003021732,1,50.0,45.0,50.0,bf56facd-28fe-4957-bfa9-f7b4f0a1eab7,Piece,1
46a4acb1-2ab6-4fa6-88d4-f59732214d06,5891a34c-cf0f-4a87-aa73-976cf5f8b716,b5987cf6-eb28-453f-833d-b7adb5c351c4,rio stawberry v,8964004770517,1,50.0,45.0,50.0,9d4a3604-18f9-443d-b8da-9da694eefafe,Piece,1
77c2c71d-9be6-4f08-a986-277e04f25a8f,592af77a-5e6a-42c4-88b4-671c530ff171,d258d862-8463-431b-ac56-5545e120c5ae,big lychee 500ml,1860074054601,1,120.0,54.1,120.0,486d58bf-cb59-4fac-9f01-5cf149100228,Piece,1
e80326e0-871f-4bca-8567-2d07850ad380,592af77a-5e6a-42c4-88b4-671c530ff171,30e73934-8b1f-4e5b-8a7e-459183ab89ff,BENSON & HEDGES,ZIC2321183204,1,20.0,14.0,20.0,beab7f8b-15e9-4846-b9ce-aeebad444ede,Piece,1
df8a8460-8ec2-4c4f-98e7-a9b86912fbc2,592af77a-5e6a-42c4-88b4-671c530ff171,a53ad854-8545-44f3-8147-1b275cce0b86,Glace Peanuts,745240202554,1,50.0,45.0,50.0,24cec4be-aae6-4a8c-89f4-31515df3a896,Piece,1
0e44efad-8319-46e3-a1d8-0f20de2ca352,592af77a-5e6a-42c4-88b4-671c530ff171,10ebe327-96fb-4e2c-9292-ee7ccf3b8127,local fry,8964000695555,1,10.0,8.0,10.0,ca63db85-6796-4904-8894-101cfc6813be,Piece,1
46f52215-5049-4169-9dad-7634e0b637dc,59aabe93-f55b-4d3c-930e-994a7bd0c6f3,5a5154d9-6994-4dee-9011-efd865af1c8f,GOLD LEAF,1232097295550,3,30.0,25.0,90.0,ff8b0ab8-fd25-4bb6-aafb-a79e8e63a846,Piece,3
c1b211d1-158f-40f4-b605-78f99ae2cda8,5dfcdc26-7292-4bb1-86fb-b83149fee103,ef701e7b-6537-402c-b1a6-7c7d5dd51c24,gun keychain,ZIC4299008992,1,150.0,31.0,150.0,e5992ad4-74e5-4930-b21c-a32c34e3e4be,Piece,1
9dd86a11-99e0-4738-ae8b-7e2a89b819e6,628b206a-7702-42ef-add5-1b75a418cfba,5a5154d9-6994-4dee-9011-efd865af1c8f,GOLD LEAF,1232097295550,1,30.0,25.0,30.0,ff8b0ab8-fd25-4bb6-aafb-a79e8e63a846,Piece,1
b53e99e0-7144-4c9a-a023-46d228dcdb97,6437732b-4e37-43ed-af27-f8e59e142bdd,937ced9c-f0ed-4137-bd16-10d9767657cc,turky soop,9235315516262,1,120.0,70.0,120.0,d0e4b023-0512-4c94-bdfd-42860ef5172e,Piece,1
5ccb165c-b06f-47f0-92c7-9c2bea60c268,64bcc2de-dd54-4afe-858e-9244fa4c38e4,e1c7461f-fe2c-43cc-b072-ab2fcdd767ed,olper pack,8964000919934,2,100.0,85.0,200.0,610b7a9f-fa8f-480c-8da4-d5bb1121252c,Piece,2
9332545e-82ec-41d5-9c32-0e7604d0b4fc,64bcc2de-dd54-4afe-858e-9244fa4c38e4,fbaa4b7a-ef5a-453b-8b37-9445e4339e29,any time ,8964003814649,2,50.0,43.0,100.0,da15b9fb-6aa5-4d52-9f5e-cb9a7da9feef,Piece,2
822ebdb3-f485-42cd-9f92-6f0b096e9fd2,66910f41-171a-4c0d-848e-2ac5d59886cf,296944b9-ea79-469c-8425-f11d6e4b7eed,CAPSTAN RED,1230364618200,3,15.0,12.1,45.0,a1bc6a6f-ad8f-468b-afac-44ec8574811d,Piece,3
b5443150-a310-48ec-83ca-70ba9a68bfde,687fd783-9699-4c5e-9d5d-26856d0166ea,403ea510-fb07-48bc-a730-8f1f2391b3be,STING L,8964000101704,1,140.0,105.8,140.0,7b817808-9ae8-4d8f-9f89-3f3e11cfe183,Piece,1
8453952f-a206-4807-a93f-5295ad7909e5,687fd783-9699-4c5e-9d5d-26856d0166ea,4ea8ab87-bf13-4523-b83d-509c89f52789,hockey match stick,9231012019358,1,5.0,3.0,5.0,21683564-a53b-4d8c-a0a6-4066d1367085,Piece,1
16aba214-f127-496d-92a9-c2231aa70112,687fd783-9699-4c5e-9d5d-26856d0166ea,5a5154d9-6994-4dee-9011-efd865af1c8f,GOLD LEAF,1232097295550,2,30.0,25.0,60.0,ff8b0ab8-fd25-4bb6-aafb-a79e8e63a846,Piece,2
0ce14d8a-0754-4ec2-9616-e92b715503af,697a387d-6a07-4024-ae3a-5d939e639d73,403ea510-fb07-48bc-a730-8f1f2391b3be,STING L,8964000101704,1,140.0,105.8,140.0,7b817808-9ae8-4d8f-9f89-3f3e11cfe183,Piece,1
745623ac-51fa-43bf-8514-eecbdb14bd39,697a387d-6a07-4024-ae3a-5d939e639d73,aeec8327-c8e3-49ae-830d-5ae48228671a,DISPOSIBLE GLASS,1233763958519,2,5.0,1.7,10.0,2bc021cb-4f78-4684-ad9e-7fae8bd628d9,Piece,2
0e8c4dd1-765a-44b7-8881-87d288c13af8,697a387d-6a07-4024-ae3a-5d939e639d73,c29dd8dc-32c9-4d09-8dbb-5ee9dd61868b,AQUA DIRE 1.5 Ltr,5901234021753,1,110.0,40.0,110.0,049066b6-d4ed-4ed7-8fc6-a3dde75baa95,Piece,1
103bc025-7b5c-4a63-b713-06e9829475c1,697a387d-6a07-4024-ae3a-5d939e639d73,79fc63b1-c564-43ab-8f73-4d3702515b4a,COCA ZERO SUGER,5449000131836,1,130.0,70.0,130.0,f8affc07-07eb-455b-b047-1628d7a0f194,Piece,1
1e75d4db-bf5f-4253-a73c-83ec65814062,69856e94-cf50-45d7-a29d-9ebe3f62a42d,824b60ca-7c4a-4a5f-9337-5f66e4c85e1b,Lays Paprika,8964002346936,1,70.0,63.5,70.0,e4bc87fb-d06b-45fe-9466-5e28283e39e8,Piece,1
d7d26abd-2bd1-4300-82db-a30a90bcb7c8,6c8f355a-0ed4-43a5-aa5c-643d73f829bd,462f0a46-8e21-4909-9b5e-9c24776480b3,MARIA,8964004770777,1,50.0,45.0,50.0,f5b2e766-0479-45a2-9f4c-d65abd4f2c1f,Piece,1
dde0300f-34a5-47f7-a4fa-0faa05dbd7d7,6c8f355a-0ed4-43a5-aa5c-643d73f829bd,188b0bc1-c811-435d-9cd7-84a6e7787fe1,Zeera plus,8961003642166,1,50.0,43.0,50.0,daae7360-e661-4316-9b57-e301e684f423,Piece,1
9893da38-efaa-42a9-a237-eec18287a2f5,6cb0d99b-61ca-4694-a3a9-5bc03da4082b,9b065f86-0ca4-468a-be5f-822a3682b1d2,eno,1230569384276,5,20.0,17.0,100.0,82466abe-f720-4677-b6c9-595ef4a7725f,Piece,5
8038a501-6e4b-4182-bafe-cb3ad48e0824,7052c7d6-1b8f-43e6-a022-3b02cade5f5a,df83db32-d270-4a08-8f67-85f4967a923d,Red & White,89600320,1,10.0,9.5,10.0,4c010ae2-567a-4d9a-a3ee-7be8b0099de4,Piece,1
f8fb71d2-d35f-4150-8a41-82835758cf6d,7176b501-5692-4ec3-9aee-8b5c6bd77462,296944b9-ea79-469c-8425-f11d6e4b7eed,CAPSTAN RED,1230364618200,3,15.0,12.1,45.0,a1bc6a6f-ad8f-468b-afac-44ec8574811d,Piece,3
ed761e05-c8ba-4361-b140-e90b464ab575,7176b501-5692-4ec3-9aee-8b5c6bd77462,8af4077d-37f1-441f-936d-9507cb56ca9d,candy,1232784048698,1,5.0,3.5,5.0,7534df49-d891-461a-8b69-7d03cb9ce755,Piece,1
ed720edd-be3e-45f8-abaa-7447b1bcb822,725798a3-11bd-4796-9578-77d322243c33,57d27431-d69f-4c6a-8239-34974599c664,CANDI 20RS,8961003674341,1,20.0,18.06,20.0,c207660d-56f5-49ce-9140-b2a9dc710573,Piece,1
4de509ce-776e-446d-8a7d-7e7a8b656dfb,73502ddc-8bc1-460a-8a0d-8582c75870e8,fcbcd2ac-4123-420a-bde8-9dcb456dca18,BASIL SEED,4356435442752,1,180.0,112.5,180.0,ca5cce27-b573-43a1-a0a7-6bbadbac2545,Piece,1
c7916649-dabd-436f-b41b-bef154448b72,743d8aa1-f5ab-4e9d-8fe6-7f0a2532433b,296944b9-ea79-469c-8425-f11d6e4b7eed,CAPSTAN RED,1230364618200,8,15.0,12.1,120.0,a1bc6a6f-ad8f-468b-afac-44ec8574811d,Piece,8
64a2714e-dfe0-48f1-8929-2e93512f9c76,74710047-41d4-4697-ad9c-3a4e474ee9f1,33819376-e267-418a-adf2-b6190c956759,DEW 1.5L,8964000101117,1,210.0,163.3,210.0,f669561e-4418-41a3-9cb7-31974a38d7c4,Piece,1
28a30197-7877-4eef-a78f-df0d93fbd961,74710047-41d4-4697-ad9c-3a4e474ee9f1,75458cc3-08c9-40b8-a342-d2e22402d0b4,tuc,8961003624575,1,20.0,18.0,20.0,2dcc8fa7-7de1-4590-909f-1dbad950ac71,Piece,1
4c4077a5-d517-4915-804c-4d6367648215,74710047-41d4-4697-ad9c-3a4e474ee9f1,216ab9f0-65b5-4cc7-93c1-8d21ecc3f3bb,Chocolatto,8961102508868,1,20.0,18.0,20.0,5103e0a4-abf3-4e1f-9116-b8f2aba5efb1,Piece,1
4da14908-100c-4cf0-a7ca-dd012c5dfaa0,751f5155-5392-473a-a90b-cd17799444aa,3c9df82b-a8e2-49c2-a773-46edf5859135,RAHAT  4,4985925672487,5,35.0,26.1,175.0,287627b8-4e98-49f3-9268-58f71cd70eb3,Piece,5
7adebed3-01f4-4598-9469-6c8c7da73219,751f5155-5392-473a-a90b-cd17799444aa,8af4077d-37f1-441f-936d-9507cb56ca9d,candy,1232784048698,1,5.0,3.5,5.0,7534df49-d891-461a-8b69-7d03cb9ce755,Piece,1
cd9d1501-e2f2-4d60-9dcc-a90514dbacaf,752c171a-b445-4549-8e15-7a4876b99568,2eeb2840-498a-4d8b-b428-a35305ad400a,sunslik,8961014255461,1,10.0,8.0,10.0,f1a20860-f949-46af-ba9a-2b1e565a810f,Piece,1
f92e21a5-86f2-4d27-a618-20864b79a7a3,764f4a18-bee2-4e85-aa7f-721a378f0102,a473c4e4-24c8-4ec9-82db-c7242daa97e0,WATER NEXT,8964001179672,3,60.0,30.83,180.0,3a50dc54-d5e4-4571-90a1-fd0b685ec012,Piece,3
614efb77-d898-443d-a4df-4f527a3c6e05,764f4a18-bee2-4e85-aa7f-721a378f0102,c29dd8dc-32c9-4d09-8dbb-5ee9dd61868b,AQUA DIRE 1.5 Ltr,5901234021753,2,110.0,40.0,220.0,049066b6-d4ed-4ed7-8fc6-a3dde75baa95,Piece,2
2fa2cb70-ba1d-400c-a3a5-0640d59d9676,764f4a18-bee2-4e85-aa7f-721a378f0102,462f0a46-8e21-4909-9b5e-9c24776480b3,MARIA,8964004770777,3,50.0,45.0,150.0,f5b2e766-0479-45a2-9f4c-d65abd4f2c1f,Piece,3
e5af3650-f2e7-4593-bee2-d88eaf8fe264,764f4a18-bee2-4e85-aa7f-721a378f0102,85594582-8fac-4e45-97aa-fb017eedf3ed,Tuc,8961003622625,1,50.0,43.0,50.0,5d3f27a0-ef98-4aef-bdc0-09fb857dca97,Piece,1
d56af1dd-e5f6-493c-9976-f3b42ce3a0a7,764f4a18-bee2-4e85-aa7f-721a378f0102,d708baee-e4e6-44b7-89a0-5214eeebce4f,prince chocolate,8961003612572,1,50.0,45.0,50.0,556d6997-f2ee-4658-8b85-23a47795b274,Piece,1
142cff4f-db42-455e-b7cb-df8152a47686,764f4a18-bee2-4e85-aa7f-721a378f0102,188b0bc1-c811-435d-9cd7-84a6e7787fe1,Zeera plus,8961003642166,1,50.0,43.0,50.0,daae7360-e661-4316-9b57-e301e684f423,Piece,1
55a56ea6-ac43-4c06-a8b5-7c30f94f2a8f,764f4a18-bee2-4e85-aa7f-721a378f0102,6b21c075-c752-4bf7-a4c2-2a4c8441c546,sifarish khan,1232255618481,1,30.0,25.0,30.0,289e28e9-66d0-4026-9fd4-67bfa88cb04c,Piece,1
d6f4d8a1-e1de-4ae7-ae81-45abd36fdd47,768adc8f-75f0-4056-afc4-abedfc61512b,234c787c-e5e2-4047-bb07-95d114219d2e,AQUA DIRE 0.5 Ltr,5901234039710,1,60.0,22.0,60.0,bc7e8655-4e7a-409b-a5c5-6b9e2e262dff,Piece,1
f6673279-aa34-4234-9b9a-b1a6f62f8b99,768adc8f-75f0-4056-afc4-abedfc61512b,5a5154d9-6994-4dee-9011-efd865af1c8f,GOLD LEAF,1232097295550,20,25.0,24.5,500.0,38175889-2f66-461f-8e62-69907628ca63,Box,1
b1872851-a92d-4f14-94a9-de321a9554fc,768adc8f-75f0-4056-afc4-abedfc61512b,2440c3fe-cb5d-4334-8fc5-67e70ab781b0,ROSE PEATEL PERFUMED,8961006010467,1,480.0,390.0,480.0,c78fb216-5e86-4736-be4e-5b749e35582b,Piece,1
9fe809ec-e765-490f-8afb-60c255d74fd1,76c2b292-d885-4603-ac98-090882a85127,3c9df82b-a8e2-49c2-a773-46edf5859135,RAHAT  4,4985925672487,1,35.0,26.1,35.0,287627b8-4e98-49f3-9268-58f71cd70eb3,Piece,1
d1a7e0ba-de66-4ffb-a9fb-1661bb9f0176,78670160-4253-41fd-ad11-0ec5f72ac182,e389f0ba-a270-4e3b-8305-e9bcae3fe41d,COKE 500ML,54491472,1,130.0,90.0,130.0,c21f0726-fece-497e-bc1a-9bbb9ba77015,Piece,1
1079a168-977b-4919-a046-e442d3038374,7942ee8e-3c8b-4627-af4d-a6a6e665ebad,6eabb009-fbe6-4018-9f9e-90fbe3bdbd63,SPRITE MINT 1.5ML,5449000216854,1,210.0,166.0,210.0,6e8a956c-f49c-4535-ad7c-0d0897468117,Piece,1
bce66d3a-aee2-4c2f-bf8d-cad19b78017e,7942ee8e-3c8b-4627-af4d-a6a6e665ebad,234c787c-e5e2-4047-bb07-95d114219d2e,AQUA DIRE 0.5 Ltr,5901234039710,3,60.0,22.0,180.0,bc7e8655-4e7a-409b-a5c5-6b9e2e262dff,Piece,3
9caecf51-2c42-4380-bb9d-8c462b1eb332,7942ee8e-3c8b-4627-af4d-a6a6e665ebad,a473c4e4-24c8-4ec9-82db-c7242daa97e0,WATER NEXT,8964001179672,1,60.0,30.83,60.0,3a50dc54-d5e4-4571-90a1-fd0b685ec012,Piece,1
7ae5da55-c08e-4a23-988c-1e04b04b4750,7942ee8e-3c8b-4627-af4d-a6a6e665ebad,aeec8327-c8e3-49ae-830d-5ae48228671a,DISPOSIBLE GLASS,1233763958519,4,5.0,1.7,20.0,2bc021cb-4f78-4684-ad9e-7fae8bd628d9,Piece,4
d44dfddc-ec3a-43b1-942f-d2fa5304ec9b,7a45ff54-7262-4613-abeb-8b9ff0afd980,0b000542-cd0e-4509-ae31-a7e0c8020646,AUX CABLE,1230359706691,1,280.0,65.0,280.0,a2b4d38a-caa3-469f-a135-e2245340cb0d,Piece,1
7eb2ddde-01e2-4594-a25f-6161885199e8,7d12eb6a-aecc-4d03-97d1-5d4893d9f917,18916bb3-c4ef-4ac2-b07a-3665a93c8f23,LIFEBUOY,8961014266016,2,10.0,9.38,20.0,9fe045e9-9c6c-4b82-aca7-1fe5a7a76f64,Piece,2
b8c2ac9b-1248-4346-b518-c327dff3133c,7d12eb6a-aecc-4d03-97d1-5d4893d9f917,8af4077d-37f1-441f-936d-9507cb56ca9d,candy,1232784048698,2,5.0,3.5,10.0,7534df49-d891-461a-8b69-7d03cb9ce755,Piece,2
0031c9a9-8fb9-44d6-b0df-3a07d80f5fff,7d224cce-f529-4bf5-887f-419376e78933,b670459a-e326-4490-bf85-c717dd6912df,SLICE APPLE,8964000103104,1,80.0,43.4,80.0,962458d9-d8a4-496e-b26d-a36295416f95,Piece,1
5be98a07-540b-428f-8266-e064ec34d30a,7e4a6328-eba4-4197-9dac-47484efdae6d,0b73f4a6-add8-4f4e-a679-6cb22891f884,SOOPER,8964003594107,2,10.0,9.0,20.0,8ab1ca21-f35c-4608-9392-aa2aab76978f,Piece,2
9c887980-da6c-4d61-a58d-b91203c3d393,7f3404c7-474b-4a5a-a290-4c75c1e65aec,b8114fe2-506f-4e27-ab08-c2626a8f1661,SPOUT LOTTE STWABRY,671866277730,1,60.0,46.0,60.0,6fc0dfc4-17ef-4974-b071-1cce60c2e67a,Piece,1
9bb80118-28ee-4ce2-9896-6e58f7323484,7fa77e98-cfd2-4ee1-8c29-331785d48f37,296944b9-ea79-469c-8425-f11d6e4b7eed,CAPSTAN RED,1230364618200,3,15.0,12.1,45.0,a1bc6a6f-ad8f-468b-afac-44ec8574811d,Piece,3
5a54bec1-6d73-4f72-a77a-39ee6ed2472d,7fa77e98-cfd2-4ee1-8c29-331785d48f37,8af4077d-37f1-441f-936d-9507cb56ca9d,candy,1232784048698,1,5.0,3.5,5.0,7534df49-d891-461a-8b69-7d03cb9ce755,Piece,1
64c3669d-8e3d-429f-9e9e-bd7b8f684771,822c70f8-55da-40f6-8031-4dc629bfa744,9ed78d65-19ca-4518-a662-46285b964c38,zyn fresh mint 3 dot,89602010,1,180.0,100.0,180.0,ae838aa6-1c03-41f6-9cd8-704da336c7cc,Piece,1
b2843ac0-7535-4f56-8987-2b8eea66fab7,822c70f8-55da-40f6-8031-4dc629bfa744,214adec2-84c3-4dd8-8d67-dcac6f1b83d8,BOWLING GAME,1234800898768,1,420.0,180.0,420.0,d4946fe4-4632-47da-8ea8-002ff8f500a6,Piece,1
a0bea61b-922b-47f7-ab0d-d198c7f336b5,822c70f8-55da-40f6-8031-4dc629bfa744,3c8d628b-b789-4305-adc4-a240960e227d,small Cars,1231284218068,3,100.0,45.0,300.0,52d31325-21da-4645-ac37-c325e63f3114,Piece,3
e0f35110-7962-4798-b34a-7d406fa66ac7,822c70f8-55da-40f6-8031-4dc629bfa744,10ebe327-96fb-4e2c-9292-ee7ccf3b8127,local fry,8964000695555,5,10.0,8.0,50.0,ca63db85-6796-4904-8894-101cfc6813be,Piece,5
38350ca4-cd7b-4acb-8e1e-c47fda21f382,8277a941-05e0-4061-a245-772fdf1fbefa,5d2a6a9b-0a59-4325-86a4-94ecfcde48ed,VELO POLOR MINT 5DOT,89601778,1,300.0,200.0,300.0,04ea203d-aa17-4568-a358-db86c6d89950,Piece,1
d66d9f8d-63ff-472d-9686-b9756ade6952,82ac60e5-c047-40f2-b266-1efca823a398,9dfba812-5973-41a4-86e5-028f3a56ef0b,Chaunsa Mango HS,8721274610840,1,450.0,360.0,450.0,63e2c6a3-1a94-46fb-a0d4-db8bda413979,Piece,1
7a5b597b-8e01-4452-a7b1-e6d7e3f1d269,82ac60e5-c047-40f2-b266-1efca823a398,89f4f035-f9a1-4494-a13d-25aea03393fc,Cornetto Strawberry,8961014032239,1,90.0,76.5,90.0,8f48d8d3-dbb8-4cd5-9d62-c9ae8c01c33b,Piece,1
6e7a4a51-0eee-4bc8-93e5-9d85ecbab0c1,82ac60e5-c047-40f2-b266-1efca823a398,63f00a80-cb39-4cd7-ad56-99bead38d732,Cornetto D CHOCOLATE,8961014033458,1,140.0,122.0,140.0,a8cc5828-8eaf-4462-8806-1c915ddeb88f,Piece,1
f56fccd7-95b3-4f79-b1b4-64ce846b24a3,83791f0c-59d1-42ed-a944-daefd5e3a1e2,10ebe327-96fb-4e2c-9292-ee7ccf3b8127,local fry,8964000695555,1,10.0,8.0,10.0,ca63db85-6796-4904-8894-101cfc6813be,Piece,1
8dbd57a1-0b5d-4c36-808f-d36206017da8,83a57072-134c-4734-a23a-3ba26549ec20,5a5ad28c-287f-4a0f-8a55-bfd5a556b68a,pepsi 2 L,8964000103234,1,250.0,190.0,250.0,d34cf16b-e541-4ed0-815e-e61627cc5511,Piece,1
3dd490a8-3f0a-452f-a984-ee8a157b075d,87b4c6a3-62ef-4843-b556-9ef10bdacd43,b21064d9-07ce-42e8-8bdf-a7c61df06adb,jet spoort,8721274610482,2,40.0,29.38,80.0,347ee8ca-b35c-456e-a2d3-8c9b2417b33e,Piece,2
b901a659-1804-4779-b5fa-400d543c5209,87b4c6a3-62ef-4843-b556-9ef10bdacd43,5a5154d9-6994-4dee-9011-efd865af1c8f,GOLD LEAF,1232097295550,1,30.0,25.0,30.0,ff8b0ab8-fd25-4bb6-aafb-a79e8e63a846,Piece,1
ccb0dfda-def0-4328-a02c-172ab8db4a0f,883726c5-c7aa-4c25-97fb-59f5c50e4d13,5a5154d9-6994-4dee-9011-efd865af1c8f,GOLD LEAF,1232097295550,8,30.0,25.0,240.0,ff8b0ab8-fd25-4bb6-aafb-a79e8e63a846,Piece,8
d923e740-0458-43c2-bbb7-dcb6932bab71,883726c5-c7aa-4c25-97fb-59f5c50e4d13,e3359463-13c6-4da3-91c0-1b9d90d5012c,lays maxx cheese,8964002345861,1,100.0,92.0,100.0,e72184e5-7a95-4659-8944-b555745d509f,Piece,1
762822f6-ab61-4f98-8692-93abdc78bfe1,88b050b9-e43c-4825-b7c9-d7e195fd4b85,296944b9-ea79-469c-8425-f11d6e4b7eed,CAPSTAN RED,1230364618200,3,15.0,12.1,45.0,a1bc6a6f-ad8f-468b-afac-44ec8574811d,Piece,3
46c8f169-bc92-4149-8943-8f21e79f0740,89e243f1-3ae1-4904-819b-18be049fc742,a887cf42-05fa-4884-bf71-2d0d34f151b7,saba soap,073982200461,1,80.0,72.0,80.0,05a3d16c-6c33-44f2-87ff-71c99621f8b0,Piece,1
6693c4aa-13c7-47e4-b873-87d63ec29947,89e243f1-3ae1-4904-819b-18be049fc742,6b21c075-c752-4bf7-a4c2-2a4c8441c546,sifarish khan,1232255618481,1,30.0,25.0,30.0,289e28e9-66d0-4026-9fd4-67bfa88cb04c,Piece,1
911385dc-c6e6-4dfc-996d-c0f22c268989,8be91f35-ae8f-4f56-87f8-c20c1aab82ab,234c787c-e5e2-4047-bb07-95d114219d2e,AQUA DIRE 0.5 Ltr,5901234039710,1,60.0,22.0,60.0,bc7e8655-4e7a-409b-a5c5-6b9e2e262dff,Piece,1
e255a64d-c059-4435-bf70-1fa71a58c09c,8fe3aed2-f8a3-473d-a3a9-7707669520dc,113a9bd7-369e-49d6-8331-ce4d03854d07,BOUNCE,8961103503527,1,10.0,8.9,10.0,5e4f1b89-1d0b-4c9b-8a0f-d7298eafafdb,Piece,1
0a2fb8d1-e166-4654-946d-445a427d0689,8fe3aed2-f8a3-473d-a3a9-7707669520dc,dff1cf5b-43c0-4680-8382-ae8626dc47af,lifeboy,8961014270624,2,10.0,9.0,20.0,b7a61655-08ca-49d1-8cce-7cd80df1103d,Piece,2
a349af16-b3f9-4b40-b856-b27b9d87e742,90d36239-96bf-42e5-8241-17e0bca7baf5,f844d6a6-b548-40f2-9e64-401dbf792669,COCOBLISS,6156294526758,1,20.0,8.75,20.0,cc0ab773-60ca-474e-9b24-a813f5b931c6,Piece,1
917784bf-8453-4d0c-bb3e-fa4c636d434e,9173e628-7f69-47a8-b28f-1e8d98e429f6,9f61e160-7af9-471d-87df-a7c46405286f,paddle pop VANILLA CUP,8721274610468,4,40.0,34.0,160.0,15b2f430-290d-46a5-870b-99d701ce42b7,Piece,4
112e33c3-623d-4358-9678-d2944c85436c,926a89f3-dcda-4cfa-a94b-53658ed7ad62,91ffc46b-44fc-4d7b-823e-bc162c9cf24f,bigg apple,1860071012147,1,80.0,54.0,80.0,baa1a505-ea2c-44e0-8a28-0195bd62bbb6,Piece,1
09d4217f-e506-48f1-8493-e1914bfb11cb,926a89f3-dcda-4cfa-a94b-53658ed7ad62,f02c67c8-9439-4038-a271-ca521330d8ce,SALONA ACHARII,8964002429424,1,20.0,17.3,20.0,85eb6fa5-2e41-4ae6-84fe-1e754c24c4e6,Piece,1
631c01d3-5d0b-4b20-8f96-a73f64f9a7cf,926a89f3-dcda-4cfa-a94b-53658ed7ad62,477ef534-005d-42fb-9cdb-ae0e6e0e4624,Lays Masala,8964002345595,1,50.0,46.0,50.0,3294cf9e-a80d-4e5a-bb6f-3a8fd4122ffc,Piece,1
29582240-d015-452a-af08-e753ccb5954e,93a35321-7dbb-4a34-aff4-0f5d7de05256,8af4077d-37f1-441f-936d-9507cb56ca9d,candy,1232784048698,4,5.0,3.5,20.0,7534df49-d891-461a-8b69-7d03cb9ce755,Piece,4
54f6d6ca-fb93-42a9-9b37-575f02894bfc,9407f598-8363-4979-9377-1c78ec7c60f2,faca038c-a083-435d-a433-3024e08a7f3e,spark,6121420648949,1,20.0,13.3,20.0,3ec69693-93bd-4a23-be57-bb14e100f14c,Piece,1
cca4f436-14c9-44f3-a872-80c04266dc45,9407f598-8363-4979-9377-1c78ec7c60f2,0b73f4a6-add8-4f4e-a679-6cb22891f884,SOOPER,8964003594107,1,10.0,9.0,10.0,8ab1ca21-f35c-4608-9392-aa2aab76978f,Piece,1
42e4876f-577f-42ed-823d-5c9967da1b0c,9407f598-8363-4979-9377-1c78ec7c60f2,b8d346e3-9757-4536-b898-55430d1e1041,Rite,8961102508967,1,20.0,18.0,20.0,b6a8eb92-bef0-43df-9d3d-18eeadac5f4b,Piece,1
bcfc77d6-6519-42c0-a99c-4325acb532bf,94850827-d086-4bcc-8799-dd12c221b8ef,234c787c-e5e2-4047-bb07-95d114219d2e,AQUA DIRE 0.5 Ltr,5901234039710,1,60.0,22.0,60.0,bc7e8655-4e7a-409b-a5c5-6b9e2e262dff,Piece,1
de1183bf-55c7-4c68-82e5-06b463b0ab25,94850827-d086-4bcc-8799-dd12c221b8ef,32b65c6c-6dff-4be9-9819-022bef1bbd0b,DARE NEXT,8964001179344,1,110.0,66.0,110.0,87294a60-486b-43cf-ac5f-e423926b8257,Piece,1
f6967e0b-039e-4489-bde3-da2f12a6ca5f,98ff3e0a-f458-4931-9bdb-3d1cec954077,df83db32-d270-4a08-8f67-85f4967a923d,Red & White,89600320,5,10.0,9.5,50.0,4c010ae2-567a-4d9a-a3ee-7be8b0099de4,Piece,5
ff3c06f9-477c-4f60-a7cf-f92f5971faf1,991d4199-22bd-4127-bc7c-bbcf14083caa,296944b9-ea79-469c-8425-f11d6e4b7eed,CAPSTAN RED,1230364618200,6,15.0,12.1,90.0,a1bc6a6f-ad8f-468b-afac-44ec8574811d,Piece,6
f7918377-2af0-4365-b660-956c210a6474,9bf0e7b4-dcfd-4130-8141-e28e82b2b561,a8845b15-c816-4634-9dff-70d954fd37a6,ARCO LIGHTER,1239536364303,1,200.0,72.0,200.0,e5860ef9-efb7-4a59-8b20-446e25dbf22e,Piece,1
a89e2e9d-7103-4a1c-a340-ddbcea42a98f,9d4b20be-beef-47ab-bd3d-f0c397a8884f,296944b9-ea79-469c-8425-f11d6e4b7eed,CAPSTAN RED,1230364618200,3,15.0,12.1,45.0,a1bc6a6f-ad8f-468b-afac-44ec8574811d,Piece,3
e28320dd-40de-493c-b01b-fb6024c147a7,9d4b20be-beef-47ab-bd3d-f0c397a8884f,8af4077d-37f1-441f-936d-9507cb56ca9d,candy,1232784048698,1,5.0,3.5,5.0,7534df49-d891-461a-8b69-7d03cb9ce755,Piece,1
7a14e02a-e090-4713-9144-6e2769daa1da,a14d13f7-42d1-4caf-a53b-bb9822d6c0ae,f4c0439f-a023-4989-995f-cdda01ed18ba,Lays Paprika,8964002345618,1,50.0,45.5,50.0,a85255f1-fb2f-482a-9d2e-8886ab9b1f92,Piece,1
4954cffe-534c-4ab6-add6-2b76580de9de,a14d13f7-42d1-4caf-a53b-bb9822d6c0ae,a3649557-f3b6-4a2d-80a9-9a5447a3ebb3,Lays Y&H,8964002345625,1,50.0,45.8,50.0,0330369f-7d98-41fd-9a17-6bd07de63b61,Piece,1
ba84d62a-486f-4f91-b0ac-a929c85df9e2,a1634dea-1074-4a4b-a954-b467af29c862,9b8a64b3-0eff-49bd-a7e9-7ae1f4c6211f,Capstan White,89600078,2,15.0,12.5,30.0,2ee97f16-83f8-4fe8-8004-f20228fc010c,piece,2
b1a6bf1f-75f7-4e7a-83be-7333bfc162d9,a1717c76-18b1-4643-a04b-d4474d6b03d3,382387eb-6272-4738-b2d5-3361fa6fc3ca,Potato Sticks,671866277501,1,50.0,46.25,50.0,bc63250f-fd30-4ca2-a788-3340c09f9c89,Piece,1
7c9f5f0f-3eea-4e6e-b7f4-9f230dc7f66d,a17dff1c-f78e-4d93-8610-6cdbbf82fc0d,5a5154d9-6994-4dee-9011-efd865af1c8f,GOLD LEAF,1232097295550,1,30.0,25.0,30.0,ff8b0ab8-fd25-4bb6-aafb-a79e8e63a846,Piece,1
4e7c43dc-14ef-4f42-a702-be73945afa51,a2578fd9-63f7-4b79-920e-3e322fba51a8,c3551759-c1ef-47f5-b230-77bce4c2f476,Brite s/pack,8886950015279,1,10.0,9.17,10.0,65d64d63-9e6f-4416-9618-7a79123a69a1,Piece,1
f8d77cce-d2ba-47ba-a560-981f065fa58b,a2578fd9-63f7-4b79-920e-3e322fba51a8,61208acb-3d9e-41b2-a1ed-a65aef55d3da,knorr chattpatta,8961014038200,8,50.0,47.0,400.0,6911d27f-a24a-40c5-8761-c6954c0a797b,Piece,8
42ad0b69-1c38-4e5b-87f8-29f7f09ee9be,a2578fd9-63f7-4b79-920e-3e322fba51a8,07656a28-45c4-4da2-9701-c175887c82b5,Chaunsa mango nector,8964000876084,1,90.0,62.08,90.0,9b1ee20c-6a35-495d-bf76-dd0c4c74e379,Piece,1
b661bee8-a438-45db-a086-3411aadd56eb,a3851038-6f10-4d91-a315-40e9ee5f9249,234c787c-e5e2-4047-bb07-95d114219d2e,AQUA DIRE 0.5 Ltr,5901234039710,4,60.0,22.0,240.0,bc7e8655-4e7a-409b-a5c5-6b9e2e262dff,Piece,4
aa3c5952-7cb0-4d89-a6ff-36d62a1aa357,a3851038-6f10-4d91-a315-40e9ee5f9249,89f084ac-a196-47fb-8e25-4e4bd3160c50,STING SMALL,8964000101551,1,100.0,73.0,100.0,24a9904c-bbbb-433e-b85c-bc70707d653c,Piece,1
1ebc17d0-01f8-4063-8dd9-ee97e5b6d7ea,a541911a-03c4-4867-8a4b-76a125438e54,a0d9dd33-4b2f-4a0a-add6-a2057a8330c8,ZIA MIX NIMKO,8964002429943,1,100.0,83.33,100.0,70922120-c405-49ff-bafc-fe54e91fdaef,Piece,1
4973eeda-7120-46b5-836d-67cc69307791,a541911a-03c4-4867-8a4b-76a125438e54,2f0bd3d2-d095-4cbd-a674-9d1776c2e43a,Zia Mix Nimco,8964002429936,1,50.0,41.6,50.0,60f345fa-41ee-4b27-8c95-1a22adb06e14,Piece,1
613ad2b9-60c1-421e-802b-e1cd27506c85,a541911a-03c4-4867-8a4b-76a125438e54,66a64cc9-3d36-4ec9-94c4-fd0e9a56f32c,Lays Masala,8964000090602,2,20.0,18.0,40.0,c40492ef-d853-48e0-9c39-df0966445872,Piece,2
42bf6e05-d26e-487d-8d69-fef6ac8a2481,a541911a-03c4-4867-8a4b-76a125438e54,e39b6afd-dce0-498e-a9e1-3838a4552c21,OLPERS MILK 1L,8964000346679,1,380.0,353.0,380.0,af7a110e-79bc-41f8-8a3b-bc2921135f78,Piece,1
30bd33b5-d42b-462f-98b8-1c6f984209a3,a541911a-03c4-4867-8a4b-76a125438e54,12a811e4-5146-4507-b706-822911adc39a,WATER NEXT,8964001179641,2,110.0,61.66,220.0,8116670e-ce80-4204-9159-f51e7cbdda77,Piece,2
b53349e2-6f1e-4dcc-b4d2-82273e9170b2,a84b2320-ebca-4b67-810f-d7e01b279eee,2347cc4b-9f81-49db-8864-35a43da6769a,FANTA ANAAR,5449000231079,1,100.0,86.0,100.0,c99a9e12-907c-4ef7-84f5-609a8c269002,Piece,1
5d5a082e-b9b2-4f99-be5f-ef63a0fa23f7,a84b2320-ebca-4b67-810f-d7e01b279eee,da1ef922-fc6a-4884-90cb-5fd4a4297ac7,Sooper classic,8964004771026,2,40.0,36.0,80.0,5c66b750-e588-4844-bc83-b8f9e11a155c,Piece,2
3a3aaa10-a422-4dbd-bde0-d784bc01cc25,aa920013-aa18-4a75-8700-359c362b3f6b,3576a48f-6330-4bcd-bf54-7383eca28c85,FV RED GRAPES,8961008222776,1,90.0,67.0,90.0,265a895e-8fbc-4bf6-843c-c03e044903d6,Piece,1
e92ab2e0-0fe9-48e1-81d9-37e46f986ef5,ab9bc06a-c679-444d-bba8-6708d93a94b7,d18d182c-a161-4eac-8bf3-e06f2da97205,Coated Peanuts Salt,8964003812188,1,50.0,41.6,50.0,83de5732-9503-435f-9fd0-05179ae90ddc,Piece,1
21847c7b-73af-454c-9583-3684b2f8345b,ab9bc06a-c679-444d-bba8-6708d93a94b7,c3551759-c1ef-47f5-b230-77bce4c2f476,Brite s/pack,8886950015279,1,10.0,9.17,10.0,65d64d63-9e6f-4416-9618-7a79123a69a1,Piece,1
9e3ef14f-2bdc-4ff5-82be-26cbb8cb1877,abd3a8d9-5f58-41d3-ac30-dfc066d65222,0641e502-0965-44db-bcf9-104cf2a42f37,FRUITIEN Peach,8964000876480,1,60.0,45.0,60.0,469fcf86-77ad-4d28-ac5d-44cace081107,Piece,1
fd49120d-f235-4808-abca-93b142d98772,ad3e4229-c7e2-437b-9773-c77e9cf0a6de,403ea510-fb07-48bc-a730-8f1f2391b3be,STING L,8964000101704,1,140.0,105.8,140.0,7b817808-9ae8-4d8f-9f89-3f3e11cfe183,Piece,1
bb931992-80a1-499c-901a-44baedb3d1ae,ae0b8d47-f1a6-479e-84ff-fb135275be54,5a9628de-13b6-495f-8ea8-ff18d3c33741,wheat,8964002526956,1,30.0,27.0,30.0,91ce3c86-1b15-47f3-9e95-eac4abba7be3,Piece,1
b40902c4-e077-4820-b47e-65c38a6d90a9,afe958fa-ce52-4a6b-ad88-3b09117c77b6,af69d822-86b0-44a5-95c6-e6eb63bf046f,4U peri Per,725765417107,3,20.0,18.33,60.0,f9b1f94e-eb83-4553-ac61-9dc96aaae598,Piece,3
34858cbe-451b-40d6-872b-6ad7f6f71bab,afe958fa-ce52-4a6b-ad88-3b09117c77b6,e72cc9fe-22b1-4ea0-b7ba-50b2a81ae9cc,4U Bar Beta,8964000579435,1,20.0,18.33,20.0,19cf5be3-be93-483b-a1f4-a2bb5e331f51,Piece,1
a5400236-b195-483a-94d1-3bf92b4f61f3,afe958fa-ce52-4a6b-ad88-3b09117c77b6,8af4077d-37f1-441f-936d-9507cb56ca9d,candy,1232784048698,2,5.0,3.5,10.0,7534df49-d891-461a-8b69-7d03cb9ce755,Piece,2
4cacc77e-2bcb-486c-9459-be9ea8b14703,afe958fa-ce52-4a6b-ad88-3b09117c77b6,36a30f2b-248a-4769-bc28-046500d0daf4,bar,1230421521603,1,10.0,5.0,10.0,9c505cbc-8e3d-4e6a-a8f2-96b2991c3bee,Piece,1
307a01ba-6611-4d91-b33d-5a9de622f98f,b049718e-7920-4ac9-8f30-b27c92da3d45,fbaa4b7a-ef5a-453b-8b37-9445e4339e29,any time ,8964003814649,1,50.0,43.0,50.0,da15b9fb-6aa5-4d52-9f5e-cb9a7da9feef,Piece,1
4cae466f-9f4e-40be-8777-378c809d28c8,b049718e-7920-4ac9-8f30-b27c92da3d45,e8f90827-782c-467b-8909-32b50ccaa4ef,Any Time,8964003812119,1,50.0,45.0,50.0,9f9e32b2-74f1-4221-9e24-4b8d9c8a9738,Piece,1
9ccdd293-ad8f-4edf-98db-1a1c4f727e27,b049718e-7920-4ac9-8f30-b27c92da3d45,8c7f6d6a-e322-4288-a670-4414a8a98916,MIRINDA 345ML,8964000103319,1,90.0,65.0,90.0,b74ab95f-e6b2-4273-aabd-fb4a21df03a1,Piece,1
32db3de5-b34b-4078-a264-4b0403359ff0,b049718e-7920-4ac9-8f30-b27c92da3d45,403ea510-fb07-48bc-a730-8f1f2391b3be,STING L,8964000101704,1,140.0,105.8,140.0,7b817808-9ae8-4d8f-9f89-3f3e11cfe183,Piece,1
6fe0bf69-0d84-4abb-b31b-9c6cc19e8e44,b1af41b6-3be0-4655-85a5-70543b7663e7,3924554b-5814-4562-a3ec-7f66adb50ac1,mahnum Almond,8961014034639,2,300.0,253.97,600.0,a41f7566-8730-4ec0-bf2c-f8df86d70092,Piece,2
d3db7404-0472-4876-af11-2faa78f6eab8,b23e01bf-fc1d-4a42-aab8-933f935d14df,296944b9-ea79-469c-8425-f11d6e4b7eed,CAPSTAN RED,1230364618200,1,15.0,12.1,15.0,a1bc6a6f-ad8f-468b-afac-44ec8574811d,Piece,1
2dd85f62-7337-45ad-9962-f0a461799f40,b23e01bf-fc1d-4a42-aab8-933f935d14df,8af4077d-37f1-441f-936d-9507cb56ca9d,candy,1232784048698,7,5.0,3.5,35.0,7534df49-d891-461a-8b69-7d03cb9ce755,Piece,7
73bc54a8-e882-4bef-91a7-327a1adc5bef,b3585b97-f325-4cd0-b77a-30ccdb5d60d6,188b0bc1-c811-435d-9cd7-84a6e7787fe1,Zeera plus,8961003642166,1,50.0,43.0,50.0,daae7360-e661-4316-9b57-e301e684f423,Piece,1
b397526e-1e74-4091-b9c8-db0dbf8053e8,b3585b97-f325-4cd0-b77a-30ccdb5d60d6,e101e5a8-3410-4e60-af94-bbe948876ffd,CANDY ORIGINAL,8961003679759,1,50.0,44.5,50.0,1391b547-210a-4a66-a3ca-93d482b74abf,Piece,1
60db9734-6e9c-4784-8be6-0e2c4ecb50f2,b42dbd78-1ea5-493d-941b-bd66f15e66f7,7a17eafb-adc5-4fe4-823a-276a0aef8f80,Sprite Mint 350ml,5449000283467,1,90.0,65.0,90.0,7253e00e-b639-4f94-8f55-afe8c41730f3,Piece,1
0c5cbf2b-8a72-4084-9493-7886164655f2,b64155a8-2747-4fef-8a24-96d6a1b5a81d,c29dd8dc-32c9-4d09-8dbb-5ee9dd61868b,AQUA DIRE 1.5 Ltr,5901234021753,1,110.0,40.0,110.0,049066b6-d4ed-4ed7-8fc6-a3dde75baa95,Piece,1
652fb1aa-780d-411d-81e7-e444482770d5,b64155a8-2747-4fef-8a24-96d6a1b5a81d,32b65c6c-6dff-4be9-9819-022bef1bbd0b,DARE NEXT,8964001179344,1,110.0,66.0,110.0,87294a60-486b-43cf-ac5f-e423926b8257,Piece,1
f7769e83-4130-4583-90b2-90d5464c1e41,b6a507ee-b7cd-4cef-af50-6737ed969f8d,fdc65df0-d2f4-421c-a8d7-36301c4db84f,Dew 300ml,8964000101254,1,90.0,65.0,90.0,bf1a41ca-b4d2-4417-9fd9-c774a60c54f3,Piece,1
99358e19-9647-4d8c-9909-25cd80a98c01,b96edf73-e91c-41be-b87c-ab30a1479c9e,8af4077d-37f1-441f-936d-9507cb56ca9d,candy,1232784048698,2,5.0,3.5,10.0,7534df49-d891-461a-8b69-7d03cb9ce755,Piece,2
911f5e63-8752-4d46-a0a4-719c801f7a85,bb029a1d-a9d7-487d-a0e6-3a707e409f02,403ea510-fb07-48bc-a730-8f1f2391b3be,STING L,8964000101704,1,140.0,105.8,140.0,7b817808-9ae8-4d8f-9f89-3f3e11cfe183,Piece,1
4ff8fa2b-883b-4920-950c-b9ba81fba812,bb029a1d-a9d7-487d-a0e6-3a707e409f02,974851e3-6a77-4a75-b263-4666098c4ae5,Lays Masala,8964002346912,1,70.0,63.75,70.0,177832b6-40a2-4948-af00-6754a30a0f67,Piece,1
93ccaca4-80f0-498f-9d70-61ed1fe918dc,bb68cfc2-295e-46fa-9be5-41754807412f,bdfbec09-02b6-43e1-834e-c6f25f2250da,egg,1239923458738,4,22.5,20.0,90.0,1a65cdb6-05dd-4c13-8555-642c6262bc4e,Piece,4
1c6be2fe-b214-45ae-9d0e-9c8424b9c82e,bb68cfc2-295e-46fa-9be5-41754807412f,36a30f2b-248a-4769-bc28-046500d0daf4,bar,1230421521603,1,10.0,5.0,10.0,9c505cbc-8e3d-4e6a-a8f2-96b2991c3bee,Piece,1
2f59985a-a59a-4e66-a4b7-c96641a5108b,bba90438-e729-40cc-8451-2d99cf5bf5ad,234c787c-e5e2-4047-bb07-95d114219d2e,AQUA DIRE 0.5 Ltr,5901234039710,2,60.0,22.0,120.0,bc7e8655-4e7a-409b-a5c5-6b9e2e262dff,Piece,2
ee95b345-62c7-4124-af8c-fc92a9542bb8,bd355d7a-05af-4b84-a384-3367e6dc0995,296944b9-ea79-469c-8425-f11d6e4b7eed,CAPSTAN RED,1230364618200,3,15.0,12.1,45.0,a1bc6a6f-ad8f-468b-afac-44ec8574811d,Piece,3
0232ae4a-9ee2-4a75-9be0-a924d6eb956d,bd355d7a-05af-4b84-a384-3367e6dc0995,8af4077d-37f1-441f-936d-9507cb56ca9d,candy,1232784048698,1,5.0,3.5,5.0,7534df49-d891-461a-8b69-7d03cb9ce755,Piece,1
d6e3933d-0b1c-4589-a211-824c3880ab53,bee573bd-3215-445c-b78e-646b870f00d5,234c787c-e5e2-4047-bb07-95d114219d2e,AQUA DIRE 0.5 Ltr,5901234039710,4,60.0,22.0,240.0,bc7e8655-4e7a-409b-a5c5-6b9e2e262dff,Piece,4
13ab4b90-ff82-4204-816f-232de90c235a,bee573bd-3215-445c-b78e-646b870f00d5,a0a5cd34-cdb1-4257-bbcf-8061295bca3a,lemon malt,1860236002037,4,120.0,79.02,480.0,5e6a96d5-81b1-4fc3-b9ca-4cde167b0c08,Piece,4
6e849f82-9e4c-412a-b367-bae91b5c0d95,bf87429d-3b57-49f4-8daf-44fdf5e1a47b,403ea510-fb07-48bc-a730-8f1f2391b3be,STING L,8964000101704,1,140.0,105.8,140.0,7b817808-9ae8-4d8f-9f89-3f3e11cfe183,Piece,1
65a03145-59ba-4cc4-aebc-c82432f0cd5a,bfac7fd7-3fe3-4420-8f46-fc41a42e4c32,2505a9e6-32d6-425c-8c5d-d31507ce904d,lighter,1236376536280,1,40.0,21.0,40.0,4b1a6d94-51e0-4c20-8be3-f4e43962efbf,Piece,1
4bcf9ea1-a5ff-4b7f-ad20-2d9a7905a3f2,bfac7fd7-3fe3-4420-8f46-fc41a42e4c32,8af4077d-37f1-441f-936d-9507cb56ca9d,candy,1232784048698,2,5.0,3.5,10.0,7534df49-d891-461a-8b69-7d03cb9ce755,Piece,2
8c1725c3-1ec2-4534-aacf-a3d62a9ff7a9,bfb7eecc-04e3-4a3e-8055-45bc8533dad0,df83db32-d270-4a08-8f67-85f4967a923d,Red & White,89600320,20,10.0,9.5,200.0,a78e4c95-45be-4924-8611-a298b7f20e54,Box,1
0d4eff15-0e04-46aa-aca2-f40acc7904f2,bfb7eecc-04e3-4a3e-8055-45bc8533dad0,6b21c075-c752-4bf7-a4c2-2a4c8441c546,sifarish khan,1232255618481,1,30.0,25.0,30.0,289e28e9-66d0-4026-9fd4-67bfa88cb04c,Piece,1
10cac6df-9081-4a7b-9149-7439c6bfa2f9,c1e4a4a1-e750-425d-ab3f-98eca9a21725,2eeb2840-498a-4d8b-b428-a35305ad400a,sunslik,8961014255461,2,10.0,8.0,20.0,f1a20860-f949-46af-ba9a-2b1e565a810f,Piece,2
e7d179b6-a45b-4221-8ff9-72ea8eb4e109,c1e4a4a1-e750-425d-ab3f-98eca9a21725,937ced9c-f0ed-4137-bd16-10d9767657cc,turky soop,9235315516262,1,120.0,70.0,120.0,d0e4b023-0512-4c94-bdfd-42860ef5172e,Piece,1
1ab300db-2587-4df1-b673-c48f5f61cb15,c1e4a4a1-e750-425d-ab3f-98eca9a21725,2a82d48a-ac6b-4916-9c35-9d27e3493d50,Stereo earphone,6985503300304,1,350.0,100.0,350.0,d628e938-412c-4885-a750-cc35da1e0cac,Piece,1
dcacbb1c-e9ff-45c1-bf85-1c6bb5b2a9a2,c1e4a4a1-e750-425d-ab3f-98eca9a21725,9b8a64b3-0eff-49bd-a7e9-7ae1f4c6211f,Capstan White,89600078,2,15.0,12.5,30.0,2ee97f16-83f8-4fe8-8004-f20228fc010c,piece,2
7bda009f-30db-43f8-9f2d-c83d06831a60,c2be1c3d-da35-4702-b949-6c948b73ee9d,826c0da6-b0aa-4c8a-a024-a17c10878f2f,milk pack,8961008022185,1,100.0,87.7,100.0,fab81662-9567-4d14-93ef-507465b7294c,Piece,1
12add79c-3538-4a22-a0db-8ed6c0c5221f,c33b78ec-e0b2-4f11-9654-a18dd8afbb4f,5a5154d9-6994-4dee-9011-efd865af1c8f,GOLD LEAF,1232097295550,1,30.0,25.0,30.0,ff8b0ab8-fd25-4bb6-aafb-a79e8e63a846,Piece,1
a5f0967b-dd2c-41dd-9279-0f5aa8a8e666,c3e55945-e6b8-4ee5-a8e5-3c25e6aef6f6,f4c0439f-a023-4989-995f-cdda01ed18ba,Lays Paprika,8964002345618,1,50.0,45.5,50.0,a85255f1-fb2f-482a-9d2e-8886ab9b1f92,Piece,1
ef764c8b-6065-4d7b-961b-11efc8bda244,c3e55945-e6b8-4ee5-a8e5-3c25e6aef6f6,382387eb-6272-4738-b2d5-3361fa6fc3ca,Potato Sticks,671866277501,1,50.0,46.25,50.0,bc63250f-fd30-4ca2-a788-3340c09f9c89,Piece,1
0acb76d3-ca97-44dc-baa2-0a66da4392f2,c3e55945-e6b8-4ee5-a8e5-3c25e6aef6f6,d258d862-8463-431b-ac56-5545e120c5ae,big lychee 500ml,1860074054601,1,120.0,54.1,120.0,486d58bf-cb59-4fac-9f01-5cf149100228,Piece,1
07cd9f3c-80ec-48f8-b010-e07faf588f2e,c42f09c6-843f-48b0-80e3-202d8bc75086,685beee5-7d49-44b4-bc94-5de5f8bb99a6,COKE 350ML,42117131,1,90.0,67.0,90.0,071aa6c8-0343-4f9f-bf93-9ac7ac35a72d,Piece,1
468e6351-588e-49b0-a4b4-24395f009e0e,c4e125ff-0db3-4a22-84ff-90cbd6a97af9,a0a5cd34-cdb1-4257-bbcf-8061295bca3a,lemon malt,1860236002037,2,120.0,79.02,240.0,5e6a96d5-81b1-4fc3-b9ca-4cde167b0c08,Piece,2
15ca3e64-b20e-4bc2-b4cc-54a81779bbd1,c669b3c9-6f05-4439-8677-944a5dc2cd21,8af4077d-37f1-441f-936d-9507cb56ca9d,candy,1232784048698,4,5.0,3.5,20.0,7534df49-d891-461a-8b69-7d03cb9ce755,Piece,4
2ecbfe7d-adbd-4c4c-aa66-d36707553f60,c81a9a33-6682-4b8f-be94-56e238734346,296944b9-ea79-469c-8425-f11d6e4b7eed,CAPSTAN RED,1230364618200,3,15.0,12.1,45.0,a1bc6a6f-ad8f-468b-afac-44ec8574811d,Piece,3
f614f42c-fb76-4d07-99c7-7255ccf7dab9,c81a9a33-6682-4b8f-be94-56e238734346,8af4077d-37f1-441f-936d-9507cb56ca9d,candy,1232784048698,1,5.0,3.5,5.0,7534df49-d891-461a-8b69-7d03cb9ce755,Piece,1
8299a314-2f66-44eb-a0ef-8013a95491f9,c8ab37c4-8274-4c90-a715-c224bbef64b0,9863fa08-b141-4a19-959c-fc1dae64e577,pepsi 1.5L,012000800085,1,210.0,163.0,210.0,8e6db930-330d-46af-a62c-e673e3d938a7,Piece,1
f674fcc2-6711-4fae-bcb7-d495af78ba42,c90151a4-e058-4ff7-8d91-10913a0ca3a7,4ea8ab87-bf13-4523-b83d-509c89f52789,hockey match stick,9231012019358,3,5.0,3.0,15.0,21683564-a53b-4d8c-a0a6-4066d1367085,Piece,3
63886a99-960d-4f93-809e-2842a1bfe307,c90151a4-e058-4ff7-8d91-10913a0ca3a7,8af4077d-37f1-441f-936d-9507cb56ca9d,candy,1232784048698,1,5.0,3.5,5.0,7534df49-d891-461a-8b69-7d03cb9ce755,Piece,1
cbebf934-0c38-4c49-a4ea-f42cb46bb03a,c90151a4-e058-4ff7-8d91-10913a0ca3a7,7439380d-ff71-4b92-b2ff-56899ca87c0d,tridgum,9555407311019,2,10.0,4.09,20.0,b3c50399-f52e-4960-bdd6-5ef8d99c8de1,Piece,2
5d9530d0-722d-48e2-aa84-6a43b91e2a8a,c9657d98-d19d-412e-8e99-d26fbd96a2fa,dc6c043a-aee3-44fe-9e69-206f74154f8b,luster rose,9812121221155,2,20.0,5.0,40.0,89eadc6e-2039-4466-85cb-2bd8ef56c0c7,Piece,2
f2828209-3ddb-436a-863e-c6c88edb797f,cd2faf24-bcad-469c-85ba-8e7567b11cc4,2076a146-9376-46e2-94e8-9967d3cd53c5,Sprite 1L,5449000050939,1,170.0,133.0,170.0,91a6b489-9f54-49c4-99e9-c7010383fe3c,Piece,1
bda6d102-f27b-4c2c-87e5-ac105dda33fe,ce401b72-4177-402d-9f17-009b7bd3d89c,e8a7c3a5-a50a-4998-a654-c58b46116d4a,cornetto c,8721274610437,1,140.0,130.0,140.0,4013238f-d403-4755-a2d3-e73fc6730f6c,Piece,1
413b6694-b6f4-405e-b714-f17065273f36,ce401b72-4177-402d-9f17-009b7bd3d89c,3ec91c94-8be1-4717-8435-6bcd92070dc1,Feast Chocolate,8721274610406,1,100.0,86.1,100.0,b6e97872-e4be-4158-b9ca-3adb4c7c05e7,Piece,1
ae36b403-4b24-4111-aca8-6d7d62b87de6,d007f35c-6328-4684-ac71-6fda5866abd8,2f0bd3d2-d095-4cbd-a674-9d1776c2e43a,Zia Mix Nimco,8964002429936,1,50.0,41.6,50.0,60f345fa-41ee-4b27-8c95-1a22adb06e14,Piece,1
67511207-eece-4c61-8763-8517a5863162,d007f35c-6328-4684-ac71-6fda5866abd8,c130a6f7-7a2e-4798-a170-ffff5b14a834,Zia Daal Mooth,8964003812195,1,50.0,42.0,50.0,66c940b4-c785-4c8a-8bfb-0db722c2fff8,Piece,1
d74c72e7-e69a-490b-8962-40c4538d9bdb,d007f35c-6328-4684-ac71-6fda5866abd8,5a5154d9-6994-4dee-9011-efd865af1c8f,GOLD LEAF,1232097295550,10,28.0,24.5,280.0,0ce2a6a7-3270-4538-b7f1-cd118f2cb423,Half Box,1
7c377b16-13ee-46e5-b1fc-e2c3824e249b,d0fc7b0d-0d5a-412c-b8e0-a2da0e5e98e9,296944b9-ea79-469c-8425-f11d6e4b7eed,CAPSTAN RED,1230364618200,20,12.5,12.1,250.0,e9169ce5-618b-4046-9957-a321013f7b75,box,1
dd68d033-fe85-4c37-8574-de3be355e9fc,d36b9bb3-e493-4353-a140-0b942a28bf9c,df83db32-d270-4a08-8f67-85f4967a923d,Red & White,89600320,2,10.0,9.5,20.0,4c010ae2-567a-4d9a-a3ee-7be8b0099de4,Piece,2
c10f8596-46d6-45e3-a791-27955f3d8b36,d5bf99b3-b719-4d2e-8fc5-543594b3d1c9,df83db32-d270-4a08-8f67-85f4967a923d,Red & White,89600320,10,10.0,9.5,100.0,9906134c-2d34-42ea-8503-8a4aeb21af05,Half Box,1
fe3bc905-3445-4eae-ab01-d24c1a656b4a,d83d115d-66cc-4f5b-a41f-cb3aec0b4a8f,6b21c075-c752-4bf7-a4c2-2a4c8441c546,sifarish khan,1232255618481,1,30.0,25.0,30.0,289e28e9-66d0-4026-9fd4-67bfa88cb04c,Piece,1
86399b60-aa3a-4a4a-bf3c-0e1472fc8971,d83d115d-66cc-4f5b-a41f-cb3aec0b4a8f,9b8a64b3-0eff-49bd-a7e9-7ae1f4c6211f,Capstan White,89600078,2,15.0,12.5,30.0,2ee97f16-83f8-4fe8-8004-f20228fc010c,piece,2
e6c7dd68-a6ea-43bc-b3a8-e533f0426175,d9b084e5-7af9-4049-86c5-95e1902249a8,e76e19e5-ca3c-4ff3-b7b7-4949885b860e,Choc Bar,8721274610581,4,50.0,40.0,200.0,a4fb8af0-18c1-4dc5-a88a-59255effa804,Piece,4
ee7f48b4-7f3d-40f3-ba3f-97850b2e3863,da534876-c558-4b80-9531-d31bec4861d0,89f084ac-a196-47fb-8e25-4e4bd3160c50,STING SMALL,8964000101551,1,100.0,73.0,100.0,24a9904c-bbbb-433e-b85c-bc70707d653c,Piece,1
4c86f39b-09db-4e83-8a0c-9caf4b54d243,da9f05a3-f7e2-4b1d-bba4-ec6a1dd74d4e,18916bb3-c4ef-4ac2-b07a-3665a93c8f23,LIFEBUOY,8961014266016,2,10.0,9.38,20.0,9fe045e9-9c6c-4b82-aca7-1fe5a7a76f64,Piece,2
ee422fdf-f18d-4f09-aeb7-feebf71db734,da9f05a3-f7e2-4b1d-bba4-ec6a1dd74d4e,296944b9-ea79-469c-8425-f11d6e4b7eed,CAPSTAN RED,1230364618200,2,15.0,12.1,30.0,a1bc6a6f-ad8f-468b-afac-44ec8574811d,Piece,2
bfa54ba3-ddcd-4236-88b3-124626593990,dbd2fd77-a949-401f-bda7-9f9c628a178d,5a5154d9-6994-4dee-9011-efd865af1c8f,GOLD LEAF,1232097295550,3,30.0,25.0,90.0,ff8b0ab8-fd25-4bb6-aafb-a79e8e63a846,Piece,3
d1a534d1-378a-4071-8f73-75d32c4d3737,dea30931-ed16-4669-a847-d86ddb01d090,dcc48fee-0445-4775-bc38-58a5490e4628,Slanty Veg,671866117586,2,50.0,46.25,100.0,07708f75-4794-460f-9a64-a898355176c2,Piece,2
a370b03e-1257-4ce1-9512-4bc99ca53a95,dea30931-ed16-4669-a847-d86ddb01d090,3ec91c94-8be1-4717-8435-6bcd92070dc1,Feast Chocolate,8721274610406,2,100.0,86.1,200.0,b6e97872-e4be-4158-b9ca-3adb4c7c05e7,Piece,2
01b50178-a369-42dd-a85a-d1389d652c10,dea30931-ed16-4669-a847-d86ddb01d090,477ef534-005d-42fb-9cdb-ae0e6e0e4624,Lays Masala,8964002345595,1,50.0,46.0,50.0,3294cf9e-a80d-4e5a-bb6f-3a8fd4122ffc,Piece,1
8941b528-9d6a-4f8a-9254-cdc2c48754b8,dedd208f-aebc-4fc3-ab95-6431fd9391a1,44689326-5a50-45a4-89c9-4f9091c4b136,KUR KURE,8964002346288,1,70.0,57.3,70.0,4ccbb2d8-26dd-4f48-82f7-2066fc07e6e5,Piece,1
67f58a81-1179-4c39-a800-f0de4cc05a75,dedd208f-aebc-4fc3-ab95-6431fd9391a1,382387eb-6272-4738-b2d5-3361fa6fc3ca,Potato Sticks,671866277501,1,50.0,46.25,50.0,bc63250f-fd30-4ca2-a788-3340c09f9c89,Piece,1
0d06cef1-983d-49f1-8c20-2f68a9f44a4d,df38c4fb-4aa8-41cf-b6ca-1425fb0dc0ba,382387eb-6272-4738-b2d5-3361fa6fc3ca,Potato Sticks,671866277501,1,50.0,46.25,50.0,bc63250f-fd30-4ca2-a788-3340c09f9c89,Piece,1
6476f365-71f7-4023-a377-fc2f52c6a0a1,df38c4fb-4aa8-41cf-b6ca-1425fb0dc0ba,b5987cf6-eb28-453f-833d-b7adb5c351c4,rio stawberry v,8964004770517,1,50.0,45.0,50.0,9d4a3604-18f9-443d-b8da-9da694eefafe,Piece,1
2b4ba1da-0fa6-479a-aeef-8c2ffa740fde,e293ac59-7b50-4b78-b800-3f75e61e61e7,3c9df82b-a8e2-49c2-a773-46edf5859135,RAHAT  4,4985925672487,2,35.0,26.1,70.0,287627b8-4e98-49f3-9268-58f71cd70eb3,Piece,2
010bc317-015b-49d6-bfa7-44dbaf901fa8,e2c35e8a-52fa-45f4-bbd8-bbfc5eb28c2d,cafd1ca0-a260-4e14-b3e2-29703249797a,Rahat 1-2,4985925672784,1,35.0,20.88,35.0,6d8d45cb-5490-4fe5-8922-6a1eb9d1703d,Piece,1
3a59a343-8dcc-4257-8092-7307e6e6aab7,e2c35e8a-52fa-45f4-bbd8-bbfc5eb28c2d,8af4077d-37f1-441f-936d-9507cb56ca9d,candy,1232784048698,1,5.0,3.5,5.0,7534df49-d891-461a-8b69-7d03cb9ce755,Piece,1
bd738307-9e55-491f-a4a6-c253bbcbcce0,e377f37a-2ed5-4a7f-9de1-4671c8b823f7,74cf22e5-d68b-4f83-91f2-ef52b08ca928,Dove shampoo S/pack,8961014260144,4,10.0,4.0,40.0,2f07a29e-6d61-4dbc-9aaa-418866f173d5,Piece,4
14f461de-bc36-4f06-8286-6362d90834d3,e377f37a-2ed5-4a7f-9de1-4671c8b823f7,7195ebae-ffa0-42ec-927b-92be8e89eb9a,Treetplatinum Blade,7398220003295,1,120.0,100.0,120.0,175982bc-4f7e-4d67-9783-ac2e6f276472,Piece,1
2892b557-9e43-43f4-8cab-efb49968c23f,e48fc456-0079-4bc5-b88e-ec03bf2118ac,bdfbec09-02b6-43e1-834e-c6f25f2250da,egg,1239923458738,12,22.5,20.44,270.0,bdd4c51e-e07c-42e7-b727-d85d00d994f8,dozen,1
d9bc3b22-6155-483e-96ad-57ee8e376dfe,e4d18922-77ce-4ddb-9206-d671ae3914b3,296944b9-ea79-469c-8425-f11d6e4b7eed,CAPSTAN RED,1230364618200,3,15.0,12.1,45.0,a1bc6a6f-ad8f-468b-afac-44ec8574811d,Piece,3
fbed4a50-f39d-4710-a97f-30e27f3471fa,e4d18922-77ce-4ddb-9206-d671ae3914b3,403ea510-fb07-48bc-a730-8f1f2391b3be,STING L,8964000101704,1,140.0,105.8,140.0,7b817808-9ae8-4d8f-9f89-3f3e11cfe183,Piece,1
9ebf3605-379a-4511-bbfa-dbf4a145336a,e4d18922-77ce-4ddb-9206-d671ae3914b3,8af4077d-37f1-441f-936d-9507cb56ca9d,candy,1232784048698,2,5.0,3.5,10.0,7534df49-d891-461a-8b69-7d03cb9ce755,Piece,2
504e05ca-fb12-4ef3-a4ee-3093f08d7157,e7a012fb-c20f-486d-a106-a36967b8b766,89f084ac-a196-47fb-8e25-4e4bd3160c50,STING SMALL,8964000101551,1,100.0,73.0,100.0,24a9904c-bbbb-433e-b85c-bc70707d653c,Piece,1
c2fc5a86-5890-4b6b-a8d7-95c856f90dc9,e7d8bd68-358b-4fcd-84ac-395e60f699a2,d8796b4b-5314-467f-9f25-42b0d0536dc2,SPOUT PEPPERMINT,671866277716,1,60.0,46.0,60.0,1083f11e-f72c-4e4e-96e3-95803ff880f7,Piece,1
d4cf3e3a-f7cd-4730-a60d-c7490ff48f27,e90d564e-a8c5-49e9-bf13-0c5dde79f41e,63f00a80-cb39-4cd7-ad56-99bead38d732,Cornetto D CHOCOLATE,8961014033458,1,140.0,122.0,140.0,a8cc5828-8eaf-4462-8806-1c915ddeb88f,Piece,1
fc9597db-6c3b-4a1b-b37b-791b21440871,e90d564e-a8c5-49e9-bf13-0c5dde79f41e,b21064d9-07ce-42e8-8bdf-a7c61df06adb,jet spoort,8721274610482,1,40.0,29.38,40.0,347ee8ca-b35c-456e-a2d3-8c9b2417b33e,Piece,1
8e2e9fda-c557-4bab-afe4-01c0da03d7c8,e90d564e-a8c5-49e9-bf13-0c5dde79f41e,0084bf1f-7beb-4c04-9848-2ce0fa28b44e,Chaunsa Mango Cup,8961014033755,2,90.0,77.55,180.0,648aa092-3ee6-4c96-87c6-5610d6e3e4dc,Piece,2
ca105318-3884-4591-9aa5-cc74cbe1fb84,e90d564e-a8c5-49e9-bf13-0c5dde79f41e,2283ba0b-9ecd-4cff-a3d2-a3eefb114b31,COLA NEXT 300ML,8964001179702,1,80.0,51.66,80.0,9f977eed-d4eb-44da-950f-ff66decd80cd,Piece,1
58ec13ea-fc13-4a8e-9f44-3d920dc059fa,e90d564e-a8c5-49e9-bf13-0c5dde79f41e,d258d862-8463-431b-ac56-5545e120c5ae,big lychee 500ml,1860074054601,1,120.0,54.1,120.0,486d58bf-cb59-4fac-9f01-5cf149100228,Piece,1
38f21c91-c5ad-444a-8b44-6b96c9d14a6d,e90d564e-a8c5-49e9-bf13-0c5dde79f41e,dc1ee16f-7d26-464f-9aee-6909c7b304b7,peach malt,1860236002044,2,120.0,80.0,240.0,9ea92509-1503-4b5c-a72a-a851dfdc503c,Piece,2
0fb32cdb-e3ac-44d9-be0d-2ed5e4f76cfc,ed4d39db-4a10-4c7a-b154-35a2c3c7837f,9dfba812-5973-41a4-86e5-028f3a56ef0b,Chaunsa Mango HS,8721274610840,1,450.0,360.0,450.0,63e2c6a3-1a94-46fb-a0d4-db8bda413979,Piece,1
9ebebea1-d787-4fe1-82a2-53a0675360ad,ee569a9f-93f8-4d96-b631-c926aaf37330,6292f1ea-593d-4a96-9ed4-22cf653565c3,FRISKY CHOCALATE WAFER,8965310045238,1,150.0,125.0,150.0,e3a98064-796a-4af2-b0a2-cdfd32ad26f3,Piece,1
75a8dee5-cb42-459f-9b4c-0fe6ceffbdb4,ee569a9f-93f8-4d96-b631-c926aaf37330,07656a28-45c4-4da2-9701-c175887c82b5,Chaunsa mango nector,8964000876084,1,90.0,62.08,90.0,9b1ee20c-6a35-495d-bf76-dd0c4c74e379,Piece,1
d79d382d-7976-4110-8de4-f94e01e56a70,ee569a9f-93f8-4d96-b631-c926aaf37330,91ffc46b-44fc-4d7b-823e-bc162c9cf24f,bigg apple,1860071012147,1,80.0,54.0,80.0,baa1a505-ea2c-44e0-8a28-0195bd62bbb6,Piece,1
00d0a047-c3cb-4d94-8271-6aded1aaf5c2,f1c1a268-c4e0-4043-8889-a0e094c212a1,296944b9-ea79-469c-8425-f11d6e4b7eed,CAPSTAN RED,1230364618200,10,14.0,12.25,140.0,0ea2547b-ff52-4fd2-a713-c4c425c19caa,Half box,1
fc8702ba-23a5-4a62-836b-835230d1057a,f1c1a268-c4e0-4043-8889-a0e094c212a1,2505a9e6-32d6-425c-8c5d-d31507ce904d,lighter,1236376536280,1,40.0,21.0,40.0,4b1a6d94-51e0-4c20-8be3-f4e43962efbf,Piece,1
26207584-da47-4634-a007-cf7772e24490,f3a3ce03-5af6-41b6-a69e-118cef968970,be44b289-416b-44a0-8b0b-a8fa12224b0c,bigg apple 500 ml ,1860074051716,2,120.0,79.0,240.0,a0286e3b-c325-40da-999b-ec304d221333,Piece,2
60759d35-53bf-4057-a7c7-f7fbd529b336,f3a3ce03-5af6-41b6-a69e-118cef968970,aeec8327-c8e3-49ae-830d-5ae48228671a,DISPOSIBLE GLASS,1233763958519,2,5.0,1.7,10.0,2bc021cb-4f78-4684-ad9e-7fae8bd628d9,Piece,2
941576a5-5b3b-441e-b5a9-1f63925c054f,f3c28f6e-5e60-43be-acdc-8f69902681f8,975cf5aa-4ec6-4b0f-bd0b-a79640860da8,CHOICE,9254120000254,2,40.0,22.5,80.0,45baadf7-3c4f-430c-b19c-ed8a6e8538df,Piece,2
ca93d73f-9446-4936-b045-ff97479f420d,f3c28f6e-5e60-43be-acdc-8f69902681f8,8af4077d-37f1-441f-936d-9507cb56ca9d,candy,1232784048698,4,5.0,3.5,20.0,7534df49-d891-461a-8b69-7d03cb9ce755,Piece,4
c1edfbf8-5ef8-4b6b-b642-290eac55a1e1,f74865e6-2180-43e9-9d96-44f718d016c6,d708baee-e4e6-44b7-89a0-5214eeebce4f,prince chocolate,8961003612572,1,50.0,45.0,50.0,556d6997-f2ee-4658-8b85-23a47795b274,Piece,1
ebbb8556-dec0-466e-9345-bad80c894c0a,f7e0f1f4-0e8a-4a09-b1ad-97e696059656,5d2a6a9b-0a59-4325-86a4-94ecfcde48ed,VELO POLOR MINT 5DOT,89601778,1,300.0,200.0,300.0,04ea203d-aa17-4568-a358-db86c6d89950,Piece,1
5b8169dd-5b26-445c-88c4-a5b677672de3,f8638f08-7e30-4b0a-9b25-b5ac8b883d17,d70dcda7-7821-45d9-aba9-56ed471ad7e1,7up 1L ,8964000101377,1,170.0,130.0,170.0,cc2d260c-7b11-45fa-936e-18bf9be245f7,Piece,1
b8cfb15b-da9e-46f6-92db-f307b58591d7,f8638f08-7e30-4b0a-9b25-b5ac8b883d17,aeec8327-c8e3-49ae-830d-5ae48228671a,DISPOSIBLE GLASS,1233763958519,2,5.0,1.7,10.0,2bc021cb-4f78-4684-ad9e-7fae8bd628d9,Piece,2
b82a8044-e7f7-4c13-b26d-cdfec56186ac,fa363c0f-6f42-410b-93a2-17d4d12d53da,dabede9c-eb98-47b3-848d-77e6850a56e1,7UP 1.5L,0012000800337,1,210.0,163.0,210.0,f7ce623b-7879-474d-9773-f703bf0ae037,Piece,1
59f223c8-2e2f-4ea8-9f03-c70559c7d94e,fa363c0f-6f42-410b-93a2-17d4d12d53da,aeec8327-c8e3-49ae-830d-5ae48228671a,DISPOSIBLE GLASS,1233763958519,2,5.0,1.7,10.0,2bc021cb-4f78-4684-ad9e-7fae8bd628d9,Piece,2
480da63f-8986-43ac-bdd2-9e5503eae345,fce71400-8f53-4123-992b-fb37125a0699,30e73934-8b1f-4e5b-8a7e-459183ab89ff,BENSON & HEDGES,ZIC2321183204,20,15.0,14.0,300.0,bd464178-34a5-4c51-ab7a-fb38e14501f9,Box,1
0d6f9dcb-d174-49a1-8239-95d9cb627a01,fce71400-8f53-4123-992b-fb37125a0699,403ea510-fb07-48bc-a730-8f1f2391b3be,STING L,8964000101704,1,140.0,105.8,140.0,7b817808-9ae8-4d8f-9f89-3f3e11cfe183,Piece,1
fd14b8a6-4b91-4e86-b1d8-4e45be3ca794,fded0835-592c-40e4-9072-0b700bee2c87,6b21c075-c752-4bf7-a4c2-2a4c8441c546,sifarish khan,1232255618481,1,30.0,25.0,30.0,289e28e9-66d0-4026-9fd4-67bfa88cb04c,Piece,1
a0588b5c-c536-45f5-8456-ba8385bec1fd,ff034d6f-cc87-44b4-bb76-a80bee298b3d,3e5b2347-cad4-4573-ae1d-122c611fb125,CHOC STICK,8721274610499,1,50.0,32.0,50.0,ef191681-8765-4a72-b543-9cff19c60167,Piece,1
91985d27-4586-4aac-b65a-667507786b53,ff034d6f-cc87-44b4-bb76-a80bee298b3d,6c6ccff1-14e0-4b77-884d-ac35c4441fbd,MOO,8961014017595,1,50.0,44.08,50.0,486c4a3e-978a-4702-95e2-9d661806f528,Piece,1
63f5bcc3-201a-47f6-87b6-5da4513fe175,0199480c-eb67-4b16-be14-d96e2977df2b,df83db32-d270-4a08-8f67-85f4967a923d,Red & White,89600320,1,10.0,9.5,10.0,4c010ae2-567a-4d9a-a3ee-7be8b0099de4,Piece,1
1ba7d8cc-812a-43c0-b614-fc76aa6cdd70,02d4af65-9202-491b-9ada-1cefe67b9d46,2c73a736-486c-4dbf-8528-fe9ce200d4e8,COCA COLA 1.5L,5449000051981,1,210.0,164.0,210.0,3970e731-82d1-42c7-95be-861d4545f819,Piece,1
38c63df9-3153-43e4-afab-442d028eec2d,03f0f11e-71f1-42e6-b9a2-917d0d94d6f9,477ef534-005d-42fb-9cdb-ae0e6e0e4624,Lays Masala,8964002345595,1,50.0,46.0,50.0,3294cf9e-a80d-4e5a-bb6f-3a8fd4122ffc,Piece,1
3faaa070-604c-4880-832d-abeb0cca1c43,03f0f11e-71f1-42e6-b9a2-917d0d94d6f9,df83db32-d270-4a08-8f67-85f4967a923d,Red & White,89600320,1,10.0,9.5,10.0,4c010ae2-567a-4d9a-a3ee-7be8b0099de4,Piece,1
0523155c-89b5-4c23-8a4e-4aea3c7b82e4,05676262-33e6-4a58-a813-31d254dc2ee6,6b21c075-c752-4bf7-a4c2-2a4c8441c546,sifarish khan,1232255618481,1,30.0,25.0,30.0,289e28e9-66d0-4026-9fd4-67bfa88cb04c,Piece,1
dc4dbb4c-6893-4767-91d6-9b9a525daf86,05bb384b-0a83-46c8-8dcc-349c5bcf93a6,06634899-2be3-4211-ab2e-7c87f40c8375,bigg apple,1860074054502,1,200.0,155.0,200.0,5081e981-a36e-40de-a0dd-05eb8e03dd9b,Piece,1
2795fd77-488e-4ba5-b563-49e54e15a16e,05bb384b-0a83-46c8-8dcc-349c5bcf93a6,296944b9-ea79-469c-8425-f11d6e4b7eed,CAPSTAN RED,1230364618200,2,15.0,12.1,30.0,a1bc6a6f-ad8f-468b-afac-44ec8574811d,Piece,2
3b0b0545-903e-4335-b209-73bd1ddf69d6,05bb384b-0a83-46c8-8dcc-349c5bcf93a6,aeec8327-c8e3-49ae-830d-5ae48228671a,DISPOSIBLE GLASS,1233763958519,3,5.0,1.7,15.0,2bc021cb-4f78-4684-ad9e-7fae8bd628d9,Piece,3
b288b670-3472-4e03-bd8f-6bca219c8a29,05d6c023-3c9e-44c5-8ccb-01cc37a886a2,9b8a64b3-0eff-49bd-a7e9-7ae1f4c6211f,Capstan White,89600078,10,13.0,12.1,130.0,3ec2f99f-f561-417b-b39d-23da11570fbc,Half box,1
564441da-e8b5-44ff-be04-5e3d0d4986be,05d6c023-3c9e-44c5-8ccb-01cc37a886a2,8af4077d-37f1-441f-936d-9507cb56ca9d,candy,1232784048698,4,5.0,3.5,20.0,7534df49-d891-461a-8b69-7d03cb9ce755,Piece,4
37abd102-53d2-4374-829c-bcccf63157f4,09608272-17b3-4a70-a9f6-1d290b1e849f,df83db32-d270-4a08-8f67-85f4967a923d,Red & White,89600320,20,10.0,9.5,200.0,a78e4c95-45be-4924-8611-a298b7f20e54,Box,1
e2b7e9eb-2605-4481-82ac-7fee07e2187f,09f47d70-1381-479a-816b-df821c41e686,1ef410cd-7a94-44af-b517-d8100813a45a,DONUT,8961014017564,1,100.0,91.16,100.0,9c11edf3-677c-4388-941e-807919db36a3,Piece,1
78d549dc-673e-45fc-bb15-a5ca9a194bbd,0c0c171a-8f1d-4c3c-9c1b-c24bf70ce8f0,d708baee-e4e6-44b7-89a0-5214eeebce4f,prince chocolate,8961003612572,2,50.0,45.0,100.0,556d6997-f2ee-4658-8b85-23a47795b274,Piece,2
57c46c67-2c58-4b14-abd6-082eaa0ff7cb,0c0c171a-8f1d-4c3c-9c1b-c24bf70ce8f0,5518f5e0-aef7-4c52-9d00-60487d01ab5f,RIO DOUBBLE CHOC,8964003593841,2,50.0,45.0,100.0,00446bf2-2bf9-4a53-ba02-bfdc948e3df9,Piece,2
24bcbde6-79fa-457d-a27f-a0a7b93df49b,0ccc2181-83f2-4184-bb13-d6b8d6d650ea,af69d822-86b0-44a5-95c6-e6eb63bf046f,4U peri Per,725765417107,1,20.0,18.33,20.0,f9b1f94e-eb83-4553-ac61-9dc96aaae598,Piece,1
085fdc8b-8a1d-4aac-86bf-6ab897c69eb5,0ccc2181-83f2-4184-bb13-d6b8d6d650ea,ea60b0c6-77c4-4daf-823d-c986621a9cce,sooper,8964002526031,1,20.0,18.75,20.0,e36be056-1423-4612-bb8b-492116231275,Piece,1
214dd9fb-4f67-432f-8a2a-a025c339ee96,0e52f55a-7051-4b0a-877e-7b40df5445f8,30e73934-8b1f-4e5b-8a7e-459183ab89ff,BENSON & HEDGES,ZIC2321183204,2,20.0,14.0,40.0,beab7f8b-15e9-4846-b9ce-aeebad444ede,Piece,2
108614c6-b670-43d2-a822-059004a3548a,0e52f55a-7051-4b0a-877e-7b40df5445f8,d8f89ad3-02ac-4798-bd1b-2d1d17aa2b54,kite match stick,745178816045,1,5.0,3.0,5.0,052b3a03-75fd-4be6-97f3-c90634e0f3df,Piece,1
5566e178-253d-4679-9cd6-4b57c68aa8e1,0e52f55a-7051-4b0a-877e-7b40df5445f8,8af4077d-37f1-441f-936d-9507cb56ca9d,candy,1232784048698,1,5.0,3.5,5.0,7534df49-d891-461a-8b69-7d03cb9ce755,Piece,1
e04211c9-9f18-475c-bbb4-2be158efef8d,0ef8673e-0d35-4e74-b6fb-86b99476b2b4,9b8a64b3-0eff-49bd-a7e9-7ae1f4c6211f,Capstan White,89600078,2,15.0,12.5,30.0,2ee97f16-83f8-4fe8-8004-f20228fc010c,piece,2
ebef00b4-43ef-4530-91d1-c887f593a112,0ef8673e-0d35-4e74-b6fb-86b99476b2b4,8af4077d-37f1-441f-936d-9507cb56ca9d,candy,1232784048698,2,5.0,3.5,10.0,7534df49-d891-461a-8b69-7d03cb9ce755,Piece,2
b5b2321f-bb4b-4289-91ed-23392a2db7ec,105b0076-71cb-4701-bbe8-4a3480ce7dae,c3551759-c1ef-47f5-b230-77bce4c2f476,Brite s/pack,8886950015279,1,10.0,9.17,10.0,65d64d63-9e6f-4416-9618-7a79123a69a1,Piece,1
54bbf8f7-b1c0-471b-ab10-3c1880efd5bf,105b0076-71cb-4701-bbe8-4a3480ce7dae,b670459a-e326-4490-bf85-c717dd6912df,SLICE APPLE,8964000103104,1,80.0,43.4,80.0,962458d9-d8a4-496e-b26d-a36295416f95,Piece,1
73fc3716-c971-4bd9-8485-dff3bf5563fd,105b0076-71cb-4701-bbe8-4a3480ce7dae,18916bb3-c4ef-4ac2-b07a-3665a93c8f23,LIFEBUOY,8961014266016,1,10.0,9.38,10.0,9fe045e9-9c6c-4b82-aca7-1fe5a7a76f64,Piece,1
6c5023c4-6398-4df7-bc12-ab71eda34b4b,105b0076-71cb-4701-bbe8-4a3480ce7dae,029a9f22-4932-419c-a897-ffe97b6ed059,sprite mint 500ml,5449000253736,1,120.0,90.0,120.0,b03babdb-9804-4c55-bfd7-ff9199515128,Piece,1
3082756b-f036-430e-a4fe-95f879ea81e4,105b0076-71cb-4701-bbe8-4a3480ce7dae,296944b9-ea79-469c-8425-f11d6e4b7eed,CAPSTAN RED,1230364618200,3,15.0,12.1,45.0,a1bc6a6f-ad8f-468b-afac-44ec8574811d,Piece,3
38f57e9c-fa77-4bc5-86ca-d1096dcefafb,1066b4e1-581e-4ea8-8f3a-281e47e43563,f4c0439f-a023-4989-995f-cdda01ed18ba,Lays Paprika,8964002345618,1,50.0,45.5,50.0,a85255f1-fb2f-482a-9d2e-8886ab9b1f92,Piece,1
dece54fd-b1ba-4d94-a275-fb1436d88896,1066b4e1-581e-4ea8-8f3a-281e47e43563,c73a7248-1dbc-4c33-a0e1-6b5b920057fe,cocomo,8961103500274,1,50.0,38.85,50.0,0cf70d5a-dbcb-4dc4-8590-b7608b577ce2,Piece,1
fb30ac55-f5f8-46bb-b34a-ff9dd39ff69f,1066b4e1-581e-4ea8-8f3a-281e47e43563,fd5e9b8c-d662-4759-aa2d-52ffc324740e,Kurkure CC,8964002347353,1,40.0,36.0,40.0,3f7ce760-8133-42c5-83ec-4f380f2626ff,Piece,1
68d06b36-fc3c-4c9e-9eda-1f70f1ecddaa,1066b4e1-581e-4ea8-8f3a-281e47e43563,986fdfa7-0d1f-4581-980f-f56c15fe2708,dayfresh chocolate,8964000816516,2,150.0,97.0,300.0,6922c626-8f0e-463a-aa49-2c8a8df73c59,Piece,2
d3667ad4-187f-4e0c-9cef-ce0d72a00c6d,1066b4e1-581e-4ea8-8f3a-281e47e43563,d725a73b-3a37-4e21-95da-7ffdc0f483b4,MAGIC CUBE TOYS,1231036087751,1,100.0,50.0,100.0,9ee6e5e5-36e6-4d2f-909f-795f3a68bc58,Piece,1
3efe92bc-7c90-42f3-879c-ca5b919891d6,1066b4e1-581e-4ea8-8f3a-281e47e43563,2508ef10-2cd4-4c36-8f31-28c3c83540d3,DOLL BARBIE 2  IN 1,1233245126504,1,290.0,130.0,290.0,1af18f45-e2db-4402-a15a-4dad96b80d43,Piece,1
3a49a8cc-11a0-4de4-a77d-8499154865f1,10767568-c668-4a4c-b687-5371825f1e37,b8a09231-1bf3-4dc3-b3d6-92a1fcd5f3b8,bigg lychee,1860074054618,1,200.0,155.0,200.0,c4bf8736-e202-4b78-b05c-00f5bfa32213,Piece,1
a7a24acb-c421-4f63-bff0-3ee4165ac2e2,1133124c-d3a6-4339-aa06-d29a42778146,6b21c075-c752-4bf7-a4c2-2a4c8441c546,sifarish khan,1232255618481,1,30.0,25.0,30.0,289e28e9-66d0-4026-9fd4-67bfa88cb04c,Piece,1
2937ebae-d025-4023-a1af-76bddf781701,1272e012-7c06-47d5-ba91-5880f5a83c6d,9b8a64b3-0eff-49bd-a7e9-7ae1f4c6211f,Capstan White,89600078,2,15.0,12.5,30.0,2ee97f16-83f8-4fe8-8004-f20228fc010c,piece,2
31dab63a-e7c4-41f1-b5d9-151ce9eb044d,12f8836e-fd88-4633-bc95-5b2819fdabe4,183f01fb-73db-4261-83e7-b3b8fa486321,gala,8961003632617,1,40.0,36.0,40.0,6a550706-cf63-4362-a239-b293046932b3,Piece,1
0dd3ca95-1212-4951-a3e7-221352f43dc4,12f8836e-fd88-4633-bc95-5b2819fdabe4,12b2be12-d0a6-4da3-804e-f01c740ee3e1,CakeUp D-CHOCOLATE,8964003594084,3,30.0,27.0,90.0,8126f22b-c6b4-4840-8931-403ad63735e6,Piece,3
f2280855-901c-4d53-a6ea-546b30229749,13724611-bcfb-42a9-bfbd-c141ce0ce250,d258d862-8463-431b-ac56-5545e120c5ae,big lychee 500ml,1860074054601,1,120.0,54.1,120.0,486d58bf-cb59-4fac-9f01-5cf149100228,Piece,1
9a5857c8-8bdd-4614-a3ec-06df2851d659,13724611-bcfb-42a9-bfbd-c141ce0ce250,296944b9-ea79-469c-8425-f11d6e4b7eed,CAPSTAN RED,1230364618200,2,15.0,12.1,30.0,a1bc6a6f-ad8f-468b-afac-44ec8574811d,Piece,2
a20b8aa5-a061-4640-84fc-26dfbd441d44,149c98df-a0af-4549-aebe-c61bdc249fed,9ed06880-e15b-44ae-876b-3fcca222bad2,sooper,8964004770456,1,50.0,45.0,50.0,f3625b26-f234-4633-b395-5d2ebc6a6cc8,Piece,1
661b4867-1877-49ee-94c6-17dd9f238a6f,155a05c9-33df-4e38-8769-ff3f5afb8240,296944b9-ea79-469c-8425-f11d6e4b7eed,CAPSTAN RED,1230364618200,20,12.5,12.1,250.0,e9169ce5-618b-4046-9957-a321013f7b75,box,1
0be07ac5-d884-49ca-87dc-1c364614cf18,155a05c9-33df-4e38-8769-ff3f5afb8240,e72cc9fe-22b1-4ea0-b7ba-50b2a81ae9cc,4U Bar Beta,8964000579435,2,20.0,18.33,40.0,19cf5be3-be93-483b-a1f4-a2bb5e331f51,Piece,2
93940324-4999-49c3-9afe-9509248813d8,155a05c9-33df-4e38-8769-ff3f5afb8240,b8106d87-eb2b-4a4c-bcd9-ebd7b40708e2,lays classic,8964000090596,2,20.0,18.0,40.0,1f70884a-93dd-4a74-954a-95cc02ac4bf6,Piece,2
c11b3c47-7c67-4b12-914a-5cbe0b76b1c6,155a05c9-33df-4e38-8769-ff3f5afb8240,8f272532-b008-4f8d-88b7-c1d98b8479b0,LAYS Y&H,8964002345670,2,30.0,27.0,60.0,66b973e5-9238-4e42-9914-21193d1f0b37,Piece,2
80f46f90-ffb5-4e44-9cbb-5b19f902211d,155a05c9-33df-4e38-8769-ff3f5afb8240,faca038c-a083-435d-a433-3024e08a7f3e,spark,6121420648949,2,20.0,13.3,40.0,3ec69693-93bd-4a23-be57-bb14e100f14c,Piece,2
99e9f26b-ddc5-4739-98b1-0ca1f8041b92,155a05c9-33df-4e38-8769-ff3f5afb8240,1185b2f2-4bc3-4b33-85c5-2cc41cb910ed,you chocolate,8961102502521,2,30.0,25.13,60.0,3bdcdadc-1554-47af-b594-99d2cb157656,Piece,2
a8272987-4c06-480c-afba-1ff8bdb8c0ee,155a05c9-33df-4e38-8769-ff3f5afb8240,36a30f2b-248a-4769-bc28-046500d0daf4,bar,1230421521603,2,10.0,5.0,20.0,9c505cbc-8e3d-4e6a-a8f2-96b2991c3bee,Piece,2
4f2abc99-c01c-4cb6-8031-e465d2e8c323,155a05c9-33df-4e38-8769-ff3f5afb8240,514d46ef-9706-43e2-98e7-dce570579f6c,Lays T BBQ,8964002346806,2,70.0,63.5,140.0,1a8b83aa-3bdd-4f01-9033-54e7e2048ccd,Piece,2
d72a5cf1-081b-41fd-ac5e-098bfc49faae,155a05c9-33df-4e38-8769-ff3f5afb8240,f4c0439f-a023-4989-995f-cdda01ed18ba,Lays Paprika,8964002345618,2,50.0,45.5,100.0,a85255f1-fb2f-482a-9d2e-8886ab9b1f92,Piece,2
a3a22dc5-ece8-44a5-97b9-b406d8828f24,155a05c9-33df-4e38-8769-ff3f5afb8240,1719f546-24f8-488a-8cc1-cc198ec43693,Carmel Crunch,8966000030169,1,70.0,63.0,70.0,03f3628c-dae1-48f8-8cf7-226c9e6fc3a0,Piece,1
ad19b409-0b0d-432a-a191-8363f49720c7,155a05c9-33df-4e38-8769-ff3f5afb8240,6f62f74f-7ee8-42e9-9657-15f8ca0cea38,frisky cream,8965310055183,2,50.0,43.7,100.0,9533f3ca-1b22-4f01-bfdd-4249b8c23f91,Piece,2
ff9c83c7-ef56-4dbd-8617-a3e604df9f28,155a05c9-33df-4e38-8769-ff3f5afb8240,e8d89fdc-a014-4aef-a350-286553b48eb4,frisky orange wafears,8965310055138,2,30.0,24.9,60.0,8c4feed7-26bd-44b6-9720-4f26bb14bb93,Piece,2
2b38692c-a531-4ede-9f58-c0e60200d568,155a05c9-33df-4e38-8769-ff3f5afb8240,8d461728-be1b-440c-86ee-f7a31b9a6d27,Chocolatto,870572008007,2,10.0,9.31,20.0,08a6ddec-263a-4d1b-9f75-5a39630e6b76,Piece,2
c7ec3e68-e079-44ad-b8ae-a43a099d2dc8,1596dc80-b41e-41a9-9758-369fc3fc1991,5e38679d-6413-4f2c-8dea-c53d50116951,Bazooka,725765020536,1,100.0,58.33,100.0,54853cdb-84f4-4f9e-9880-ce52951e8721,Piece,1
58073052-9923-48b8-bebf-7e343d0d75cc,161d80c2-a9bd-41d1-ba9b-6fc00e24b498,188b0bc1-c811-435d-9cd7-84a6e7787fe1,Zeera plus,8961003642166,1,50.0,43.0,50.0,daae7360-e661-4316-9b57-e301e684f423,Piece,1
fe5e2822-c4a8-4e45-87b4-f2cfea863c55,17b42270-402d-477d-bfa9-86857e870b8d,e76e19e5-ca3c-4ff3-b7b7-4949885b860e,Choc Bar,8721274610581,1,50.0,40.0,50.0,a4fb8af0-18c1-4dc5-a88a-59255effa804,Piece,1
20d1b6ab-b65c-4e78-b76b-766197a0a722,19be3db8-232e-4148-92de-d5ee7cbb3d7f,3c8d628b-b789-4305-adc4-a240960e227d,small Cars,1231284218068,1,100.0,45.0,100.0,52d31325-21da-4645-ac37-c325e63f3114,Piece,1
64bdd8ac-aa63-483e-a40c-430521e75e91,1aed2d91-92df-475d-acb8-f236b5765996,b5987cf6-eb28-453f-833d-b7adb5c351c4,rio stawberry v,8964004770517,1,50.0,45.0,50.0,9d4a3604-18f9-443d-b8da-9da694eefafe,Piece,1
8f50899e-3b92-4451-9a6a-16a3274b31f0,1b6388b0-87df-41a9-a60e-9119a1b44ff8,2c73a736-486c-4dbf-8528-fe9ce200d4e8,COCA COLA 1.5L,5449000051981,1,210.0,164.0,210.0,3970e731-82d1-42c7-95be-861d4545f819,Piece,1
f9e1b161-4e11-4d48-ac21-979b156837ca,1c1e40c0-6175-4fc4-b89f-1d03d51dd7ea,5a5154d9-6994-4dee-9011-efd865af1c8f,GOLD LEAF,1232097295550,1,30.0,25.0,30.0,ff8b0ab8-fd25-4bb6-aafb-a79e8e63a846,Piece,1
49fa699d-400e-43ca-b150-3e252b5f18d3,1ca4e6a8-01bd-47fb-b40b-e4c9ff33a91f,36a30f2b-248a-4769-bc28-046500d0daf4,bar,1230421521603,2,10.0,5.0,20.0,9c505cbc-8e3d-4e6a-a8f2-96b2991c3bee,Piece,2
bab8e80c-3cee-4237-9bed-aa2d7802e5d9,1e06138d-2daf-41af-8eb4-a5d70e2055c7,9b8a64b3-0eff-49bd-a7e9-7ae1f4c6211f,Capstan White,89600078,2,15.0,12.5,30.0,2ee97f16-83f8-4fe8-8004-f20228fc010c,piece,2
6d279718-7e86-4bec-9e70-bf6041a640f5,1e80c297-5d5d-4ff8-9fe1-ca144fe04fec,8af4077d-37f1-441f-936d-9507cb56ca9d,candy,1232784048698,4,5.0,3.5,20.0,7534df49-d891-461a-8b69-7d03cb9ce755,Piece,4
18175809-6c32-4a42-9f9b-a5fd75a39c85,1ec56969-67f5-4e3d-85b1-8ceeb81a80a7,8f272532-b008-4f8d-88b7-c1d98b8479b0,LAYS Y&H,8964002345670,2,30.0,27.0,60.0,66b973e5-9238-4e42-9914-21193d1f0b37,Piece,2
a58ef661-8213-49bd-a825-2630b374a635,1ec56969-67f5-4e3d-85b1-8ceeb81a80a7,c913c484-e67e-4726-a54f-f3f0f380a0ca,bite dount,6423116321342,2,60.0,44.0,120.0,8e70d8cc-8c29-46bd-ba28-5c7d49e86422,Piece,2
0a290a79-49c5-4e07-b0d5-a67ee82db8d7,1ec56969-67f5-4e3d-85b1-8ceeb81a80a7,052bc035-870d-4abb-8648-338b99bea7d6,MELLO,8964001435525,2,10.0,9.0,20.0,1eb8706e-7c5c-4b63-9af0-311768873056,Piece,2
2de17b03-407a-46e6-ba53-957778f3814a,1ec56969-67f5-4e3d-85b1-8ceeb81a80a7,ba790275-119d-4f7a-b9d6-2228bf0d7226,badam makkan,095742223213,2,10.0,4.1,20.0,43a1d058-e491-40ad-a268-fc88b700be34,Piece,2
d1b23ccf-3ec0-4e83-a88b-4313549b538c,1ec56969-67f5-4e3d-85b1-8ceeb81a80a7,bdfbec09-02b6-43e1-834e-c6f25f2250da,egg,1239923458738,12,22.5,20.44,270.0,bdd4c51e-e07c-42e7-b727-d85d00d994f8,dozen,1
acbfc8b1-6745-4618-8027-ae8826330206,1ec56969-67f5-4e3d-85b1-8ceeb81a80a7,8af4077d-37f1-441f-936d-9507cb56ca9d,candy,1232784048698,6,5.0,3.5,30.0,7534df49-d891-461a-8b69-7d03cb9ce755,Piece,6
eb3e5175-f8d5-4412-af28-73446ca56b05,1ec56969-67f5-4e3d-85b1-8ceeb81a80a7,c16ec9c5-9f5f-45ee-9c0b-768dfa3ba355,VELO BERRY FORST 3DOT,89601365,1,250.0,146.0,250.0,6eaa0713-11cb-48b1-9949-759fd149533a,Piece,1
694b7897-dcc4-4026-b840-6c9113bc2802,2117fbb7-cd2d-440b-8811-b5eb1045dda7,dcc48fee-0445-4775-bc38-58a5490e4628,Slanty Veg,671866117586,2,50.0,46.25,100.0,07708f75-4794-460f-9a64-a898355176c2,Piece,2
ecee53b8-f510-4bd9-8a06-d0fdb60cfa7e,2117fbb7-cd2d-440b-8811-b5eb1045dda7,296944b9-ea79-469c-8425-f11d6e4b7eed,CAPSTAN RED,1230364618200,2,15.0,12.1,30.0,a1bc6a6f-ad8f-468b-afac-44ec8574811d,Piece,2
ab41ebd5-c0b4-4fe7-b723-79360454cfde,2117fbb7-cd2d-440b-8811-b5eb1045dda7,dc1ee16f-7d26-464f-9aee-6909c7b304b7,peach malt,1860236002044,2,120.0,80.0,240.0,9ea92509-1503-4b5c-a72a-a851dfdc503c,Piece,2
8718e75f-1788-4c23-954e-f4dce82bae39,2117fbb7-cd2d-440b-8811-b5eb1045dda7,d8f89ad3-02ac-4798-bd1b-2d1d17aa2b54,kite match stick,745178816045,1,5.0,3.0,5.0,052b3a03-75fd-4be6-97f3-c90634e0f3df,Piece,1
720b1e3c-e793-47f9-a3df-ba67a99cd71a,219c6174-524c-42ac-9707-97e2e48a7466,e89768c3-9e0e-472e-b8fe-ca33136480e6,lemon max pouch,8886950099514,1,225.0,200.0,225.0,49d66224-083c-4065-82fa-185368c7b179,Piece,1
30af11db-8e8f-4cd8-a3e5-5c49533eab01,2289763a-bbc0-43e1-a966-d6a4414bae38,c33ace92-0e48-4f53-b787-2aa56c673120,Stationery Tape,1233883775720,1,10.0,5.0,10.0,048e947d-22f1-42ca-91ba-372e59e585ad,Piece,1
430906f2-82c7-40ae-b9fc-35d1a4732741,230e66a0-3336-4c24-8af2-8c54e0b390c6,6b21c075-c752-4bf7-a4c2-2a4c8441c546,sifarish khan,1232255618481,2,30.0,25.0,60.0,289e28e9-66d0-4026-9fd4-67bfa88cb04c,Piece,2
d8aeca42-e077-4f08-9613-da6457c768f7,243f6c2d-3455-4802-ae46-4305de82b70f,9b8a64b3-0eff-49bd-a7e9-7ae1f4c6211f,Capstan White,89600078,10,13.0,12.1,130.0,3ec2f99f-f561-417b-b39d-23da11570fbc,Half box,1
2ea0a929-a5bc-44d4-ad05-df7a8f2cde4d,243f6c2d-3455-4802-ae46-4305de82b70f,8af4077d-37f1-441f-936d-9507cb56ca9d,candy,1232784048698,2,5.0,3.5,10.0,7534df49-d891-461a-8b69-7d03cb9ce755,Piece,2
2ed584b3-ced1-41c7-8fa5-c7d7bf81c170,25f1e7a4-0d0b-486d-bcb4-f4f782741fd2,8af4077d-37f1-441f-936d-9507cb56ca9d,candy,1232784048698,2,5.0,3.5,10.0,7534df49-d891-461a-8b69-7d03cb9ce755,Piece,2
e73db2d6-0773-4acc-b39c-7888d0139fbf,26fe6755-a695-4148-9f2c-2b56b17e6fca,2a555c61-67ab-4619-9ae1-5dd148e1c3e7,lays maxx spicy k,8964002345847,1,100.0,93.18,100.0,d317ccc3-59e7-462f-ac88-787053d0e568,Piece,1
bb01fee5-5f2f-47df-b5f0-a011708fe81a,26fe6755-a695-4148-9f2c-2b56b17e6fca,514d46ef-9706-43e2-98e7-dce570579f6c,Lays T BBQ,8964002346806,1,70.0,63.5,70.0,1a8b83aa-3bdd-4f01-9033-54e7e2048ccd,Piece,1
a9de7845-75f9-48b5-987a-8f6b2f8f0b22,278070b8-e378-41c3-ad25-5deabb1d5dba,91ffc46b-44fc-4d7b-823e-bc162c9cf24f,bigg apple,1860071012147,2,80.0,54.0,160.0,baa1a505-ea2c-44e0-8a28-0195bd62bbb6,Piece,2
17bf0c6e-e69f-4a0d-a45e-980ef1f31f28,278070b8-e378-41c3-ad25-5deabb1d5dba,64a0260c-b4ff-42bc-a28d-16f0668b16d6,lays masala,8964002345649,1,30.0,27.6,30.0,0ca93a56-dbb6-4176-a2cf-8ac8c48a6f5d,Piece,1
129d5c3f-25de-4147-a5ab-58cdd13868ad,28432d27-0280-4afe-8521-1c1849953907,df83db32-d270-4a08-8f67-85f4967a923d,Red & White,89600320,20,10.0,9.5,200.0,a78e4c95-45be-4924-8611-a298b7f20e54,Box,1
2f0f7d81-4144-4cd7-8d5d-aba6020cc43d,28e0d6b1-e7e6-49be-aca6-4a4841394e18,2076a146-9376-46e2-94e8-9967d3cd53c5,Sprite 1L,5449000050939,1,170.0,133.0,170.0,91a6b489-9f54-49c4-99e9-c7010383fe3c,Piece,1
d8210a77-3c26-439c-96d0-3258ef33eacb,28e0d6b1-e7e6-49be-aca6-4a4841394e18,aeec8327-c8e3-49ae-830d-5ae48228671a,DISPOSIBLE GLASS,1233763958519,4,5.0,1.7,20.0,2bc021cb-4f78-4684-ad9e-7fae8bd628d9,Piece,4
c40c5b95-29ff-4687-a274-c6d764bd2acd,28e0d6b1-e7e6-49be-aca6-4a4841394e18,8af4077d-37f1-441f-936d-9507cb56ca9d,candy,1232784048698,2,5.0,3.5,10.0,7534df49-d891-461a-8b69-7d03cb9ce755,Piece,2
c84c081c-6137-409f-961a-8fbf63823f52,2a97a887-d4fb-4167-80d8-7283426f80b9,403ea510-fb07-48bc-a730-8f1f2391b3be,STING L,8964000101704,1,140.0,105.8,140.0,7b817808-9ae8-4d8f-9f89-3f3e11cfe183,Piece,1
ee963dad-6ba5-4865-8ece-cf77e00cd863,2a97a887-d4fb-4167-80d8-7283426f80b9,c29dd8dc-32c9-4d09-8dbb-5ee9dd61868b,AQUA DIRE 1.5 Ltr,5901234021753,1,110.0,40.0,110.0,049066b6-d4ed-4ed7-8fc6-a3dde75baa95,Piece,1
98c4af35-79a1-4162-a3df-cbc68e18b584,2ae9db13-80f2-4f4f-b879-1bec54ce0892,63f00a80-cb39-4cd7-ad56-99bead38d732,Cornetto D CHOCOLATE,8961014033458,2,140.0,122.0,280.0,a8cc5828-8eaf-4462-8806-1c915ddeb88f,Piece,2
300ccf1e-4c3a-472a-af71-a02c392b8673,2d7d1cc1-e5b8-457c-8261-07b7aa545172,975cf5aa-4ec6-4b0f-bd0b-a79640860da8,CHOICE,9254120000254,1,40.0,22.5,40.0,45baadf7-3c4f-430c-b19c-ed8a6e8538df,Piece,1
e6d02e9f-3bba-4b09-9670-9b6305d1699d,2d7d1cc1-e5b8-457c-8261-07b7aa545172,36a30f2b-248a-4769-bc28-046500d0daf4,bar,1230421521603,1,10.0,5.0,10.0,9c505cbc-8e3d-4e6a-a8f2-96b2991c3bee,Piece,1
6edf77be-594e-4dd9-9fdc-8a5760f8b032,2ea880a9-09dd-4d8e-8e77-2cb4d04f1a5f,826c0da6-b0aa-4c8a-a024-a17c10878f2f,milk pack,8961008022185,1,100.0,87.7,100.0,fab81662-9567-4d14-93ef-507465b7294c,Piece,1
9314f957-ff7a-42db-8dd8-74c838979b90,2ea880a9-09dd-4d8e-8e77-2cb4d04f1a5f,bdfbec09-02b6-43e1-834e-c6f25f2250da,egg,1239923458738,1,22.5,20.0,22.5,1a65cdb6-05dd-4c13-8555-642c6262bc4e,Piece,1
535546fc-dcc2-49cf-a9af-81423a6d4fbe,331db09b-b30b-47c4-9007-976ce4d61868,03cb2c93-1cf5-4097-9dd8-7287afaec200,Predator,5061013968225,1,70.0,53.91,70.0,5706758d-bd03-47db-b19e-4a4b7b1d547d,Piece,1
703f6290-f702-4dae-a3c5-94694c9f3a9f,331db09b-b30b-47c4-9007-976ce4d61868,af69d822-86b0-44a5-95c6-e6eb63bf046f,4U peri Per,725765417107,1,20.0,18.33,20.0,f9b1f94e-eb83-4553-ac61-9dc96aaae598,Piece,1
b50cd67d-ef71-4c37-9b1d-de7de2493542,331db09b-b30b-47c4-9007-976ce4d61868,8af4077d-37f1-441f-936d-9507cb56ca9d,candy,1232784048698,2,5.0,3.5,10.0,7534df49-d891-461a-8b69-7d03cb9ce755,Piece,2
7e4a1a54-9400-4091-8610-28e6b8b9d13d,351906e4-a77c-415f-99e8-e242c94c10b2,296944b9-ea79-469c-8425-f11d6e4b7eed,CAPSTAN RED,1230364618200,3,15.0,12.1,45.0,a1bc6a6f-ad8f-468b-afac-44ec8574811d,Piece,3
4734ea27-8479-4940-a79c-36b948b30326,364a15ff-4d52-4273-9547-3795b598aa94,3f33ebc0-e7be-41b0-b301-a15466c2c1dd,4U PERI PERI,725765417138,1,50.0,45.0,50.0,0d080d43-29f4-4123-a9de-1f495e33aaa4,Piece,1
279319fa-080f-46d0-99c6-8443b4c56d9d,364a15ff-4d52-4273-9547-3795b598aa94,8aaa69a8-05e2-4a3d-b072-2d9bb72cc036,DALL MONG,321545480875,1,50.0,41.66,50.0,eb10e9a6-2189-4862-a8f3-de41d249f841,Piece,1
dbff7bd7-b4f9-48df-99a8-c4c555faddb7,364a15ff-4d52-4273-9547-3795b598aa94,41fb2652-333a-4047-867e-bf751a305e0b,Jango,745240202462,2,60.0,45.83,120.0,3a339136-09c7-4248-8013-e3466592f762,Piece,2
694cd97d-9495-4ed6-8a40-66bf18c3af73,364a15ff-4d52-4273-9547-3795b598aa94,9a1eaf0d-9f4b-435d-ac76-41dcf8a50e18,lays max spicy,8964002345830,1,70.0,64.0,70.0,fdd5011d-9ea2-4492-9021-b6bf8316bf94,Piece,1
c192522f-4998-4e70-aae9-de1dbdac35b9,364a15ff-4d52-4273-9547-3795b598aa94,75e83387-d17d-4434-9890-e344fe382760,Coated Peanuts Masala,8964003813109,1,50.0,41.6,50.0,56a58959-d195-45e2-91f2-b39c14ef0e25,Piece,1
f17474df-8063-405a-b746-ce622754af41,364a15ff-4d52-4273-9547-3795b598aa94,c04374cc-7bb3-429b-9dbb-21eda76aed5e,Coated Peanuts Cheese,8964003812171,1,50.0,41.0,50.0,56706665-ca8a-44bd-a35e-85afee47e7bb,Piece,1
878aeccf-6979-4208-b668-a8bd376f20fe,364a15ff-4d52-4273-9547-3795b598aa94,d18d182c-a161-4eac-8bf3-e06f2da97205,Coated Peanuts Salt,8964003812188,2,50.0,41.6,100.0,83de5732-9503-435f-9fd0-05179ae90ddc,Piece,2
cea959a2-f5a9-4a90-804f-f11880cadb8e,364a15ff-4d52-4273-9547-3795b598aa94,dcc48fee-0445-4775-bc38-58a5490e4628,Slanty Veg,671866117586,1,50.0,46.25,50.0,07708f75-4794-460f-9a64-a898355176c2,Piece,1
abb55e5b-ff45-487a-9f12-e9a5cfc57f24,364a15ff-4d52-4273-9547-3795b598aa94,514d46ef-9706-43e2-98e7-dce570579f6c,Lays T BBQ,8964002346806,1,70.0,63.5,70.0,1a8b83aa-3bdd-4f01-9033-54e7e2048ccd,Piece,1
f044dd1c-2627-4d8c-ab5d-1f357f2b6837,364a15ff-4d52-4273-9547-3795b598aa94,b774485e-d9ac-4d19-83fd-38f4fbd186be,Ringli,745240202097,1,60.0,45.83,60.0,f34784af-8398-4785-ba46-8eec841cc57d,Piece,1
13c645e3-ccd5-4f3f-99f8-8c0c215a13d6,364a15ff-4d52-4273-9547-3795b598aa94,b8106d87-eb2b-4a4c-bcd9-ebd7b40708e2,lays classic,8964000090596,1,20.0,18.0,20.0,1f70884a-93dd-4a74-954a-95cc02ac4bf6,Piece,1
2d8693f5-261a-46f7-9cb2-f88e987c539c,364a15ff-4d52-4273-9547-3795b598aa94,fd5e9b8c-d662-4759-aa2d-52ffc324740e,Kurkure CC,8964002347353,1,40.0,36.0,40.0,3f7ce760-8133-42c5-83ec-4f380f2626ff,Piece,1
33a268f5-d37e-4cf6-b097-b0c7f6942829,364a15ff-4d52-4273-9547-3795b598aa94,8f421553-10c3-4fa2-9e4d-51f5bbc06cbc,KURKURAY TM,8964002347278,1,40.0,36.9,40.0,74737246-4041-42e1-b1a9-1a501d24fe22,Piece,1
155651e0-6c45-4623-96c1-5f9b5ec69ce3,364a15ff-4d52-4273-9547-3795b598aa94,64a0260c-b4ff-42bc-a28d-16f0668b16d6,lays masala,8964002345649,1,30.0,27.6,30.0,0ca93a56-dbb6-4176-a2cf-8ac8c48a6f5d,Piece,1
236c9404-f7d0-449e-8230-6f08078b027f,364a15ff-4d52-4273-9547-3795b598aa94,52f92909-4f6b-4fa3-9e05-27568f34110f,4U MASALA FLAVOUR,8964000579626,1,50.0,45.0,50.0,f1225cd2-cbef-42f9-9008-cb8dbd34300e,Piece,1
8fbe5fa3-2a5a-43b3-8087-de682e88a0c9,364a15ff-4d52-4273-9547-3795b598aa94,06634899-2be3-4211-ab2e-7c87f40c8375,bigg apple,1860074054502,1,200.0,155.0,200.0,5081e981-a36e-40de-a0dd-05eb8e03dd9b,Piece,1
523abb8a-6863-459b-8894-a0727084122a,364a15ff-4d52-4273-9547-3795b598aa94,10ebe327-96fb-4e2c-9292-ee7ccf3b8127,local fry,8964000695555,4,10.0,8.0,40.0,ca63db85-6796-4904-8894-101cfc6813be,Piece,4
fe3cdab4-746b-4f3a-831d-07ccbf4bdc9b,364a15ff-4d52-4273-9547-3795b598aa94,93379316-dccb-444f-9d95-131228d6cf0f,Cheetos,8964002346707,1,50.0,31.0,50.0,8405e14b-806f-477f-9f05-dc9572eb9b3d,Piece,1
b5e1331f-2c93-4ed1-9948-802c24d78bfa,369dfa7a-20f6-4cf8-85a1-7e74254d865d,d8796b4b-5314-467f-9f25-42b0d0536dc2,SPOUT PEPPERMINT,671866277716,1,60.0,46.0,60.0,1083f11e-f72c-4e4e-96e3-95803ff880f7,Piece,1
aec52bd0-c90b-43bb-86b5-4ffe9d9b022b,369dfa7a-20f6-4cf8-85a1-7e74254d865d,3e5b2347-cad4-4573-ae1d-122c611fb125,CHOC STICK,8721274610499,1,50.0,32.0,50.0,ef191681-8765-4a72-b543-9cff19c60167,Piece,1
a0a723d7-dee7-4d0f-b887-74c9737b6928,369dfa7a-20f6-4cf8-85a1-7e74254d865d,a0a5cd34-cdb1-4257-bbcf-8061295bca3a,lemon malt,1860236002037,1,120.0,79.02,120.0,5e6a96d5-81b1-4fc3-b9ca-4cde167b0c08,Piece,1
76022bcc-903f-4f7e-bd0c-ec262fd4d884,37eb86f7-948f-4971-a112-9a9e401b5303,63fe89d4-f01e-4150-ab4a-58b86b4f68f3,FV Apple,8961008223506,3,90.0,67.79,270.0,d186c76e-6990-4e3d-a2c7-61c79db536bf,Piece,3
6ea0e487-7c29-488e-a77e-310f8a29b29a,37eb86f7-948f-4971-a112-9a9e401b5303,8af4077d-37f1-441f-936d-9507cb56ca9d,candy,1232784048698,6,5.0,3.5,30.0,7534df49-d891-461a-8b69-7d03cb9ce755,Piece,6
369cab11-4afe-4273-b5bd-699e2e90970d,3925faa9-1b9f-4866-8f99-bf1626022960,a8c690d8-15f1-493e-9507-c2f9ed786483,Peanut pik,8964004770616,1,50.0,46.0,50.0,76df9348-eb2d-49e1-91c8-39c3cbfd7d3c,Piece,1
62e21a4c-2cf0-4ced-95d2-df413a391e3f,393ab1ee-1daf-401f-b7f3-9d513a7e532c,10ebe327-96fb-4e2c-9292-ee7ccf3b8127,local fry,8964000695555,1,10.0,8.0,10.0,ca63db85-6796-4904-8894-101cfc6813be,Piece,1
61aaf7b1-3ae2-4bd0-a181-a05912a629e4,393ab1ee-1daf-401f-b7f3-9d513a7e532c,ba790275-119d-4f7a-b9d6-2228bf0d7226,badam makkan,095742223213,1,10.0,4.1,10.0,43a1d058-e491-40ad-a268-fc88b700be34,Piece,1
13bb1f2f-3f0f-48e9-bb77-0491f1844ad7,3f5e84c9-510a-4970-acd7-edc483b8b823,a0d9dd33-4b2f-4a0a-add6-a2057a8330c8,ZIA MIX NIMKO,8964002429943,1,100.0,83.33,100.0,70922120-c405-49ff-bafc-fe54e91fdaef,Piece,1
962e944e-3759-4a39-9c3b-8e7220abff12,41015b47-a040-46b2-bac7-ceef6d4c3fc4,0641e502-0965-44db-bcf9-104cf2a42f37,FRUITIEN Peach,8964000876480,1,60.0,45.0,60.0,469fcf86-77ad-4d28-ac5d-44cace081107,Piece,1
65f8c5a1-7166-414b-9750-1139083b74f9,410a973e-19d5-4db4-8c3e-aaaac24df046,af69d822-86b0-44a5-95c6-e6eb63bf046f,4U peri Per,725765417107,2,20.0,18.33,40.0,f9b1f94e-eb83-4553-ac61-9dc96aaae598,Piece,2
45a5ce2b-20ff-4357-b107-7d7bc29f9751,410a973e-19d5-4db4-8c3e-aaaac24df046,8af4077d-37f1-441f-936d-9507cb56ca9d,candy,1232784048698,2,5.0,3.5,10.0,7534df49-d891-461a-8b69-7d03cb9ce755,Piece,2
30631e68-c419-4cab-8279-3c656fb2706e,438708da-c640-47f0-8348-7de0c59f40c5,e8d89fdc-a014-4aef-a350-286553b48eb4,frisky orange wafears,8965310055138,1,30.0,24.9,30.0,8c4feed7-26bd-44b6-9720-4f26bb14bb93,Piece,1
eb01623e-3653-4a40-8621-a7a11cfbdf2c,438708da-c640-47f0-8348-7de0c59f40c5,96b9f631-6ccd-4daa-bf03-d63ad93ce1f7,dayfresh malae kulfi,796554817477,1,150.0,98.75,150.0,8d79a904-f31e-4137-95f2-582301fa33bc,Piece,1
5f85d720-d8d8-4bf7-bc94-50753cfd1ea6,445eb129-caef-4b6a-abbc-fd8c35e8b5b5,e76e19e5-ca3c-4ff3-b7b7-4949885b860e,Choc Bar,8721274610581,2,50.0,40.0,100.0,a4fb8af0-18c1-4dc5-a88a-59255effa804,Piece,2
06e1b765-0676-4dc9-a04d-d25c37fb2b03,46117476-2dcf-4de0-9188-49c76b75f24d,9b8a64b3-0eff-49bd-a7e9-7ae1f4c6211f,Capstan White,89600078,3,15.0,12.5,45.0,2ee97f16-83f8-4fe8-8004-f20228fc010c,piece,3
9b0e5772-6ac8-4d47-a920-f911f10d2a00,46117476-2dcf-4de0-9188-49c76b75f24d,8af4077d-37f1-441f-936d-9507cb56ca9d,candy,1232784048698,1,5.0,3.5,5.0,7534df49-d891-461a-8b69-7d03cb9ce755,Piece,1
5538dfe9-359c-41f5-8aad-f65f31e75bd7,4626527b-5bbd-44f4-844e-942be64e46e1,e8d7abb2-a62f-4b64-8f27-598e40a8513b,COLA NEXT,8964001179023,2,120.0,71.0,240.0,dee6ef51-b227-4a7f-ba38-63878e47fb6d,Piece,2
7b79a77d-b433-416f-bf38-b8af92a0a972,4626527b-5bbd-44f4-844e-942be64e46e1,8cd8179b-4989-40f8-8fb8-2f74faf32ddc,RING POPS,2542753927091,2,60.0,41.66,120.0,56ebd917-e542-4139-987a-4e965aff135a,Piece,2
72d82880-ab6a-480d-843c-4cc4006991f7,46d7e3ae-ac30-418e-a053-1d036c3cbd14,234c787c-e5e2-4047-bb07-95d114219d2e,AQUA DIRE 0.5 Ltr,5901234039710,4,60.0,22.0,240.0,bc7e8655-4e7a-409b-a5c5-6b9e2e262dff,Piece,4
fcdfeb54-a1db-4862-aebb-41f7916bac0d,47245588-ada7-4931-8683-5113b435b970,5e38679d-6413-4f2c-8dea-c53d50116951,Bazooka,725765020536,1,100.0,58.33,100.0,54853cdb-84f4-4f9e-9880-ce52951e8721,Piece,1
b9a2bd6b-c324-4786-863a-8b12e002ddf5,47d4f960-5031-4cc3-b538-b76eebb58619,5e38679d-6413-4f2c-8dea-c53d50116951,Bazooka,725765020536,1,100.0,58.33,100.0,54853cdb-84f4-4f9e-9880-ce52951e8721,Piece,1
e4bd5cc4-778b-4719-9c60-e9adb57340a2,48ca4842-1212-4eaa-a4e0-d41f4de0598d,975cf5aa-4ec6-4b0f-bd0b-a79640860da8,CHOICE,9254120000254,1,40.0,22.5,40.0,45baadf7-3c4f-430c-b19c-ed8a6e8538df,Piece,1
7b52d313-5e0f-4d22-aa4d-af69fdcb6df0,48ca4842-1212-4eaa-a4e0-d41f4de0598d,f844d6a6-b548-40f2-9e64-401dbf792669,COCOBLISS,6156294526758,1,20.0,8.75,20.0,cc0ab773-60ca-474e-9b24-a813f5b931c6,Piece,1
b00601dc-5240-47c6-89cd-d8edf5b7a8ec,48f24861-5c70-498d-bccb-f3e999d9cef7,9b8a64b3-0eff-49bd-a7e9-7ae1f4c6211f,Capstan White,89600078,4,15.0,12.5,60.0,2ee97f16-83f8-4fe8-8004-f20228fc010c,piece,4
6f13dd8c-538b-4849-ae55-301576e26abf,4977d9af-7e37-49a2-94d7-1bad32e4534c,fcbcd2ac-4123-420a-bde8-9dcb456dca18,BASIL SEED,4356435442752,1,180.0,112.5,180.0,ca5cce27-b573-43a1-a0a7-6bbadbac2545,Piece,1
52075939-21dc-401c-8651-6170bfdae1f8,4977d9af-7e37-49a2-94d7-1bad32e4534c,a0a5cd34-cdb1-4257-bbcf-8061295bca3a,lemon malt,1860236002037,1,120.0,79.02,120.0,5e6a96d5-81b1-4fc3-b9ca-4cde167b0c08,Piece,1
bd43c221-2adc-425a-9083-85f2b4e0c66d,4977d9af-7e37-49a2-94d7-1bad32e4534c,44f948a7-dfee-400d-8118-6be56a359129,LAYS BBQ,8964002346677,1,100.0,93.18,100.0,9fb90044-760d-4926-bdc8-deca0e5e9880,Piece,1
88aef5d9-fc9a-48c1-ace5-6dce3ba48159,4977d9af-7e37-49a2-94d7-1bad32e4534c,3f33ebc0-e7be-41b0-b301-a15466c2c1dd,4U PERI PERI,725765417138,1,50.0,45.0,50.0,0d080d43-29f4-4123-a9de-1f495e33aaa4,Piece,1
44769bac-8db7-4050-9867-d87da2384d77,4977d9af-7e37-49a2-94d7-1bad32e4534c,8f421553-10c3-4fa2-9e4d-51f5bbc06cbc,KURKURAY TM,8964002347278,1,40.0,36.9,40.0,74737246-4041-42e1-b1a9-1a501d24fe22,Piece,1
bae4f867-636c-430b-a147-c7fc6f5f44d1,4977d9af-7e37-49a2-94d7-1bad32e4534c,89840fa8-51f7-4d61-b25d-5a43e328f844,Kurkure RC,8964002347360,1,60.0,56.0,60.0,f72a4fe7-e8c4-4591-97a9-a33e2ce87b07,Piece,1
a1597946-896a-4fcb-9ee2-8cbfd2e88829,4977d9af-7e37-49a2-94d7-1bad32e4534c,faca038c-a083-435d-a433-3024e08a7f3e,spark,6121420648949,2,20.0,13.3,40.0,3ec69693-93bd-4a23-be57-bb14e100f14c,Piece,2
efb6a371-2b7c-4f3e-9782-4afefa479734,4977d9af-7e37-49a2-94d7-1bad32e4534c,a9b9dee8-a9ab-43b1-959d-1d501d696dbf,American Basil Seed,0092552944338,1,180.0,112.5,180.0,90733463-fdfe-4ee9-b61a-b0dd5390895a,Piece,1
6f04030c-26ac-423a-ba3f-20aab2421baa,4977d9af-7e37-49a2-94d7-1bad32e4534c,92f16b27-36e8-4924-b95e-bc25a2fcace5,Coated Peanuts C&H,8964003813796,1,50.0,41.0,50.0,df68a421-fa68-44c5-8ff4-3293564237a8,Piece,1
4967c3c6-e51d-4eea-8a0c-38279a6e6e3c,4977d9af-7e37-49a2-94d7-1bad32e4534c,6b21c075-c752-4bf7-a4c2-2a4c8441c546,sifarish khan,1232255618481,1,30.0,25.0,30.0,289e28e9-66d0-4026-9fd4-67bfa88cb04c,Piece,1
bf6d056c-c601-409e-975a-2ccd397d5a15,49f76fa7-06b1-4930-87d5-652e2eeeecd0,dda2e4c1-8873-4517-aa9a-ecac0bde1363,Knight Rider,8923000375966,1,50.0,35.0,50.0,852283f2-89a3-4c2f-a15c-bdc982b7c311,Piece,1
13c4050d-1946-4e52-9e16-f77a3ce0f6ac,49f76fa7-06b1-4930-87d5-652e2eeeecd0,e55f9b15-e456-4841-9cb1-f57f07bf46b8,FRUITIEN APPLE,8964000876503,1,70.0,45.41,70.0,4eea30fe-1cb9-411a-84f7-1da5f5b3e6c2,Piece,1
f85ea977-81c8-4bf1-a44e-27c60f9e1edd,49f76fa7-06b1-4930-87d5-652e2eeeecd0,63fe89d4-f01e-4150-ab4a-58b86b4f68f3,FV Apple,8961008223506,1,90.0,67.79,90.0,d186c76e-6990-4e3d-a2c7-61c79db536bf,Piece,1
60141790-a2f8-4351-ac44-92c3d526afa0,49f76fa7-06b1-4930-87d5-652e2eeeecd0,e6ce3ce7-db02-40e5-b230-3af3cf45216a,SHAH Nimco,19640008,1,50.0,40.91,50.0,3930a9b1-51f3-42e5-90c8-a8209ad6a6bc,Piece,1
5045ae88-ea65-4506-8f79-665e93b987c7,4ae77826-0516-4777-b010-d4e8913d8a3f,30e73934-8b1f-4e5b-8a7e-459183ab89ff,BENSON & HEDGES,ZIC2321183204,1,20.0,14.0,20.0,beab7f8b-15e9-4846-b9ce-aeebad444ede,Piece,1
51f64cec-8968-4ed0-b02f-f640d563a03d,4ae77826-0516-4777-b010-d4e8913d8a3f,44900965-d077-449e-a18e-bb79c3af9c07,FANTA 1.5L,5449000052926,1,210.0,175.0,210.0,0035b914-bbf9-4938-b132-01d651859917,Piece,1
4e6a4a96-338d-4742-bf4b-105a275de062,4ae77826-0516-4777-b010-d4e8913d8a3f,3687b641-5149-4ee9-b4f3-51c6aab24882,Slanty Jalapeno,671866117593,1,50.0,46.25,50.0,d4ec5476-ce22-456a-af04-663cde66c7fb,Piece,1
31c7a971-8233-4add-b907-57f425476e3e,4b1285a7-32a7-4443-9c15-478e23a0a11c,6b21c075-c752-4bf7-a4c2-2a4c8441c546,sifarish khan,1232255618481,1,30.0,25.0,30.0,289e28e9-66d0-4026-9fd4-67bfa88cb04c,Piece,1
2bb1d57e-8012-48bf-a7a0-1590dd4147cb,4d8ac729-9191-4bec-9233-1415c10d3c64,188b0bc1-c811-435d-9cd7-84a6e7787fe1,Zeera plus,8961003642166,1,50.0,43.0,50.0,daae7360-e661-4316-9b57-e301e684f423,Piece,1
7d192ae3-3b81-4a8b-a659-ab681abde06f,4d8ac729-9191-4bec-9233-1415c10d3c64,9b8a64b3-0eff-49bd-a7e9-7ae1f4c6211f,Capstan White,89600078,3,15.0,12.5,45.0,2ee97f16-83f8-4fe8-8004-f20228fc010c,piece,3
cb309372-c3bc-4ebd-9bb0-555cbf89cb3f,4f2c5525-5e01-483f-87de-1d928e6b90cd,8af4077d-37f1-441f-936d-9507cb56ca9d,candy,1232784048698,2,5.0,3.5,10.0,7534df49-d891-461a-8b69-7d03cb9ce755,Piece,2
f9ea1aee-39a2-44ca-bc5d-cba6566f1f66,506eff1e-eac9-4f03-9bc6-64f78ea7788e,89f084ac-a196-47fb-8e25-4e4bd3160c50,STING SMALL,8964000101551,2,100.0,73.0,200.0,24a9904c-bbbb-433e-b85c-bc70707d653c,Piece,2
954b0661-eabc-4c59-82b1-36145117327c,50c03eed-1791-4a6f-8a61-2ad8558fbed8,9ed06880-e15b-44ae-876b-3fcca222bad2,sooper,8964004770456,1,50.0,45.0,50.0,f3625b26-f234-4633-b395-5d2ebc6a6cc8,Piece,1
4f74d7a4-a2cb-404f-8fd4-75127b824371,50ff1f9a-57de-4e94-a20a-aeda962ecdfc,f9fcff19-aa41-40ab-918f-acc6a74adfbe,envelop card,1236889351851,1,50.0,11.0,50.0,cb9fa7e3-994c-4528-a2b8-1dd5b42f2a10,Piece,1
da4ce3fa-6f5f-4090-812d-f88a4d42684e,52421b30-c4f2-470d-9821-5dca7c6f785f,234c787c-e5e2-4047-bb07-95d114219d2e,AQUA DIRE 0.5 Ltr,5901234039710,2,60.0,22.0,120.0,bc7e8655-4e7a-409b-a5c5-6b9e2e262dff,Piece,2
af120e9e-4505-4a00-b968-c4606804c503,5333116e-4d5c-4abd-9bb0-3136667cbd84,fdc65df0-d2f4-421c-a8d7-36301c4db84f,Dew 300ml,8964000101254,1,90.0,65.0,90.0,bf1a41ca-b4d2-4417-9fd9-c774a60c54f3,Piece,1
62cecbcc-8e10-4def-a643-155ae35f167e,570e9ebe-4ddc-48fc-bab7-2e62300ff9c6,e89768c3-9e0e-472e-b8fe-ca33136480e6,lemon max pouch,8886950099514,1,225.0,200.0,225.0,49d66224-083c-4065-82fa-185368c7b179,Piece,1
d7b86a4b-c094-4bb4-ba29-0725d4d03a03,590f19d4-e43b-41c3-a5ba-cc6c020196f3,b8106d87-eb2b-4a4c-bcd9-ebd7b40708e2,lays classic,8964000090596,2,20.0,18.0,40.0,1f70884a-93dd-4a74-954a-95cc02ac4bf6,Piece,2
4350705b-a859-44f0-9d1c-f9d5bdca076e,590f19d4-e43b-41c3-a5ba-cc6c020196f3,296944b9-ea79-469c-8425-f11d6e4b7eed,CAPSTAN RED,1230364618200,20,12.5,12.1,250.0,e9169ce5-618b-4046-9957-a321013f7b75,box,1
b3a833f6-3c40-4aad-8625-854e2d24307c,59cc73f1-1424-418d-9f1b-cac9a4e8c0a5,b21064d9-07ce-42e8-8bdf-a7c61df06adb,jet spoort,8721274610482,2,40.0,29.38,80.0,347ee8ca-b35c-456e-a2d3-8c9b2417b33e,Piece,2
9fe14ce9-daed-47ec-936e-d49619419c7c,5a200919-d2e2-478e-91a5-0ed2017c89c2,89f4f035-f9a1-4494-a13d-25aea03393fc,Cornetto Strawberry,8961014032239,1,90.0,76.5,90.0,8f48d8d3-dbb8-4cd5-9d62-c9ae8c01c33b,Piece,1
f9a20b0b-d969-499b-b170-98f881250300,5a200919-d2e2-478e-91a5-0ed2017c89c2,8af4077d-37f1-441f-936d-9507cb56ca9d,candy,1232784048698,2,5.0,3.5,10.0,7534df49-d891-461a-8b69-7d03cb9ce755,Piece,2
c1e1a536-35e3-46e3-957c-b257ab849e89,5a860885-29c6-4fbb-9eee-228d28d8c0a1,382387eb-6272-4738-b2d5-3361fa6fc3ca,Potato Sticks,671866277501,1,50.0,46.25,50.0,bc63250f-fd30-4ca2-a788-3340c09f9c89,Piece,1
cc1b6eda-2af1-40e1-8b4e-1853bbf44f52,5bdbf028-4b9c-4c32-a825-b974422b1a2f,8af4077d-37f1-441f-936d-9507cb56ca9d,candy,1232784048698,8,5.0,3.5,40.0,7534df49-d891-461a-8b69-7d03cb9ce755,Piece,8
30917e9c-a91a-42a6-a590-a11a968e365b,5cf7ab1a-039f-4d09-b4ce-52e748eccf16,b21064d9-07ce-42e8-8bdf-a7c61df06adb,jet spoort,8721274610482,1,40.0,29.38,40.0,347ee8ca-b35c-456e-a2d3-8c9b2417b33e,Piece,1
492628e2-7a75-4cdf-aab1-62ae9f777076,5cf7ab1a-039f-4d09-b4ce-52e748eccf16,d8f89ad3-02ac-4798-bd1b-2d1d17aa2b54,kite match stick,745178816045,2,5.0,3.0,10.0,052b3a03-75fd-4be6-97f3-c90634e0f3df,Piece,2
75dde626-2694-49df-88f3-c078a81080b2,5eb1656e-daa8-4cf8-a8f4-287868f74e4f,a737707d-c2c0-4ff7-a3fb-3b1b39f6bcef,KRISKO MIX,1512141511509,1,50.0,41.0,50.0,9f659d14-09e7-445c-a0aa-76098d202363,Piece,1
4ad4c065-1c8d-48ad-9d9f-d8430c47c6c8,5eb243a5-5d27-44bb-ad0a-4f385d95c3a1,e76e19e5-ca3c-4ff3-b7b7-4949885b860e,Choc Bar,8721274610581,5,50.0,40.0,250.0,a4fb8af0-18c1-4dc5-a88a-59255effa804,Piece,5
f731e7e0-6f30-4983-8017-a09cf4d89809,608847ca-96d3-44a0-b556-f22867711b53,234c787c-e5e2-4047-bb07-95d114219d2e,AQUA DIRE 0.5 Ltr,5901234039710,2,60.0,22.0,120.0,bc7e8655-4e7a-409b-a5c5-6b9e2e262dff,Piece,2
356da671-e2c5-4d82-8105-edb5dcb89d6a,6144f391-f2e5-4c93-8f56-442bd1a46f3c,c29592e5-7d33-4be2-b0db-e2260100c5d2,Dare Next,8964001179788,1,80.0,50.83,80.0,f4fd6bb6-5b75-488b-9300-7a5e9b6f95b8,Piece,1
4f3b0750-7f26-4844-b69f-615c48052ec1,61975a6e-8eb9-48c7-a75e-bed8a7cd90b2,f844d6a6-b548-40f2-9e64-401dbf792669,COCOBLISS,6156294526758,2,20.0,8.75,40.0,cc0ab773-60ca-474e-9b24-a813f5b931c6,Piece,2
60c226ac-528e-4337-b14f-7d50fdecd02b,61975a6e-8eb9-48c7-a75e-bed8a7cd90b2,8af4077d-37f1-441f-936d-9507cb56ca9d,candy,1232784048698,2,5.0,3.5,10.0,7534df49-d891-461a-8b69-7d03cb9ce755,Piece,2
d718abc6-5c6d-41c7-a942-a388de4a6402,61d457ab-9c57-4750-a651-a6c11f79c9f1,2076a146-9376-46e2-94e8-9967d3cd53c5,Sprite 1L,5449000050939,1,170.0,133.0,170.0,91a6b489-9f54-49c4-99e9-c7010383fe3c,Piece,1
0f0c40be-a0dc-4982-b296-d9c6f5e414ef,628a139f-3020-457b-9e7a-09cca844627e,9b8a64b3-0eff-49bd-a7e9-7ae1f4c6211f,Capstan White,89600078,3,15.0,12.5,45.0,2ee97f16-83f8-4fe8-8004-f20228fc010c,piece,3
cfe04c40-dd9d-4ce9-bc77-db61b3defc5f,628a139f-3020-457b-9e7a-09cca844627e,d8f89ad3-02ac-4798-bd1b-2d1d17aa2b54,kite match stick,745178816045,1,5.0,3.0,5.0,052b3a03-75fd-4be6-97f3-c90634e0f3df,Piece,1
c4aaf516-a022-434d-9d88-27a3cf394bf2,62d75c2b-d1aa-4bd9-ba00-32571197ef0b,296944b9-ea79-469c-8425-f11d6e4b7eed,CAPSTAN RED,1230364618200,2,15.0,12.1,30.0,a1bc6a6f-ad8f-468b-afac-44ec8574811d,Piece,2
4192dfb4-f5ed-4886-b658-bc1614dbcbe0,62d75c2b-d1aa-4bd9-ba00-32571197ef0b,8af4077d-37f1-441f-936d-9507cb56ca9d,candy,1232784048698,4,5.0,3.5,20.0,7534df49-d891-461a-8b69-7d03cb9ce755,Piece,4
8b029c07-ade0-4b69-844b-7f1075baa10c,6361d2e9-58c0-4ef1-a52a-a005ac56f837,5518f5e0-aef7-4c52-9d00-60487d01ab5f,RIO DOUBBLE CHOC,8964003593841,1,50.0,45.0,50.0,00446bf2-2bf9-4a53-ba02-bfdc948e3df9,Piece,1
154f4cf9-2521-48b3-9ddd-b177a3c7f3ef,6361d2e9-58c0-4ef1-a52a-a005ac56f837,846d57c3-8f9c-455d-b78f-2fc4551cdaaa,MRINDA,8964000101605,1,120.0,91.0,120.0,a703649b-2e33-41f8-b71c-6f6db79194c2,Piece,1
6e4c6fb0-82ba-45f5-8fe3-506a62d4c55f,644d7b21-fd6a-4983-b5c6-82ccaed6ffbc,6b21c075-c752-4bf7-a4c2-2a4c8441c546,sifarish khan,1232255618481,1,30.0,25.0,30.0,289e28e9-66d0-4026-9fd4-67bfa88cb04c,Piece,1
90bbe421-3b4c-4fa7-9cf6-95c2932f676d,655051ae-2add-4ac7-ad09-432c8c9d3e7d,99e1bc74-22b4-456e-a729-5baabbf6dff3,krisko,1456587854243,1,20.0,15.0,20.0,887fe7ef-236c-4d4d-a225-789c008373c8,Piece,1
1ec155c7-7193-4713-99ec-ea511c5815e6,66158dee-1ecd-495e-ac38-c3a1d4753979,9b8a64b3-0eff-49bd-a7e9-7ae1f4c6211f,Capstan White,89600078,4,15.0,12.5,60.0,2ee97f16-83f8-4fe8-8004-f20228fc010c,piece,4
838b6778-ca3f-44e8-b298-151974278178,66f0acf0-ee95-46c0-bdef-7c193d9cc06f,d24bbc5f-3fd1-410d-9a57-74e81ed86362,Zia Peanut,8964003813390,1,50.0,41.6,50.0,cbb97db4-8292-477b-a912-3174dca1594b,Piece,1
03c984e0-9acf-4ebe-871e-f66772fcab9e,66f0acf0-ee95-46c0-bdef-7c193d9cc06f,dcc48fee-0445-4775-bc38-58a5490e4628,Slanty Veg,671866117586,2,50.0,46.25,100.0,07708f75-4794-460f-9a64-a898355176c2,Piece,2
c90149c7-52ab-4bce-8ebb-ea73b2947b71,66f0acf0-ee95-46c0-bdef-7c193d9cc06f,44900965-d077-449e-a18e-bb79c3af9c07,FANTA 1.5L,5449000052926,1,210.0,175.0,210.0,0035b914-bbf9-4938-b132-01d651859917,Piece,1
d2f4ba0e-28f8-4d6b-9675-03d989963413,6c3aa06c-8e6c-4d40-ac3b-0ed25250ec22,7a17eafb-adc5-4fe4-823a-276a0aef8f80,Sprite Mint 350ml,5449000283467,1,90.0,65.0,90.0,7253e00e-b639-4f94-8f55-afe8c41730f3,Piece,1
1cd55ba7-ef08-4bbd-8475-57ef700ee1fc,6f886d70-7213-4fef-9a71-3356cbaa9908,477ef534-005d-42fb-9cdb-ae0e6e0e4624,Lays Masala,8964002345595,1,50.0,46.0,50.0,3294cf9e-a80d-4e5a-bb6f-3a8fd4122ffc,Piece,1
126c70f4-c8e9-424a-8bea-6c96842612d8,7097ea91-7aad-4f69-888b-3467d394cfa1,e76e19e5-ca3c-4ff3-b7b7-4949885b860e,Choc Bar,8721274610581,2,50.0,40.0,100.0,a4fb8af0-18c1-4dc5-a88a-59255effa804,Piece,2
cee4c13e-0dc5-4dcb-8398-a247c3aca92b,713a9ee1-7cd4-458f-9578-3daf96e3982c,1765bf04-3aa3-4abb-a936-eb28dc6f7d5b,COLA NEXT 1.5ML,8964001179009,1,180.0,130.0,180.0,9462ed19-512b-42b4-be94-a82d33392244,Piece,1
c241ebf4-7914-4517-b733-4792b436d5f7,71d2d769-f7b5-42b7-8cd8-9a9517733423,d879b160-0310-4645-8f06-632ab510225b,SMILE C,6261149070857,1,150.0,47.0,150.0,8432322c-d31e-44cd-9dd6-08d1617d88a2,Piece,1
40f8eec5-d0b2-47a8-a0b5-876594af8011,774f82d5-a509-41f2-b027-05f670dbc410,296944b9-ea79-469c-8425-f11d6e4b7eed,CAPSTAN RED,1230364618200,3,15.0,12.1,45.0,a1bc6a6f-ad8f-468b-afac-44ec8574811d,Piece,3
22d35933-be00-429b-b2c0-6e876f9ff3c2,774f82d5-a509-41f2-b027-05f670dbc410,8af4077d-37f1-441f-936d-9507cb56ca9d,candy,1232784048698,1,5.0,3.5,5.0,7534df49-d891-461a-8b69-7d03cb9ce755,Piece,1
80ecb51a-fc3f-42fc-b353-de1fe15c1b50,7806c22f-fca9-4608-9497-bf49bcf3fcce,408b17df-a9a7-4523-b596-196ff6354b8f,dayfresh Vanillaaa,796554817385,1,150.0,97.5,150.0,587c3841-18d4-498a-8667-e1051bc325f4,Piece,1
a13a9cbe-0646-4d66-8a63-1fdfd7d68dc9,7806c22f-fca9-4608-9497-bf49bcf3fcce,1eca10c5-4891-4e75-8bc9-221518fac91e,Krisko Darbari,2152255622556,1,50.0,41.0,50.0,583fc009-71c4-47c6-b1d0-84701feb3920,Piece,1
16b1b27d-4155-47cf-b01f-bb7c594cae66,7a68adc6-eb91-42b1-9b8e-877a2eb3e81e,66a64cc9-3d36-4ec9-94c4-fd0e9a56f32c,Lays Masala,8964000090602,1,60.0,55.0,60.0,f1cf0b1c-c84a-427c-a937-2cda709b13dc,piece Rs60,1
4409edb0-8692-4e0e-9e91-9803fc7308aa,7a68adc6-eb91-42b1-9b8e-877a2eb3e81e,11975fa1-f050-46e8-b0d5-83427794f425,lays classic,8964002345588,1,50.0,45.0,50.0,75c16be8-627b-4a4a-a730-fe3ef81b9530,Piece,1
d196d65b-7e87-428b-9fec-431eb5ab880d,7a68adc6-eb91-42b1-9b8e-877a2eb3e81e,d43a6e92-5604-44fa-b95a-d7a378b93536,Lays FC,8964002345601,1,50.0,46.0,50.0,e707af65-3e99-49c6-83b0-d861d0ecbf1e,Piece,1
be3196ca-159b-4c12-8039-0c94dbe0437d,7a68adc6-eb91-42b1-9b8e-877a2eb3e81e,8d514cf3-4b67-4af0-af31-39877e851c78,Yums,8961102502897,2,50.0,45.0,100.0,fc89314b-1752-4814-b4b0-9663702dca3f,Piece,2
a783c1fa-2a07-4765-be03-7dff76693fa6,7a68adc6-eb91-42b1-9b8e-877a2eb3e81e,2a37484e-2b47-47ff-8d2d-a47c6978d1b8,ABC JELLY,8961103500984,1,50.0,45.6,50.0,9357f4dc-bb10-49e8-a697-b1d03318863f,Piece,1
9c4dd6b5-865e-47dc-a6f7-63fef446180c,7a68adc6-eb91-42b1-9b8e-877a2eb3e81e,e1afcdc7-c0a6-4f1f-84c2-581f3ba8bac7,CHILLIMILLI,8961103502971,2,50.0,45.1,100.0,2abb5018-a48d-4108-9e06-8d6a5293da2e,Piece,2
c12f48ae-79da-4bd4-af38-f65e46c4c10d,7b402523-cc14-4321-b5f0-689d3bb14a3b,f4c0439f-a023-4989-995f-cdda01ed18ba,Lays Paprika,8964002345618,2,50.0,45.5,100.0,a85255f1-fb2f-482a-9d2e-8886ab9b1f92,Piece,2
6467d949-43e5-460e-8d78-4ae7a9fb3c8c,7b402523-cc14-4321-b5f0-689d3bb14a3b,20a6b7b0-b32d-4ef7-a68f-a34e139e6aa7,Fruiten joy Mango,8964000876466,1,70.0,45.41,70.0,0e8ea209-a7c4-4e46-aaf4-45fd453bdec9,Piece,1
b8315b34-7dcd-4a35-a0d6-dbc960c3be10,7bf78b6a-794a-40d4-be87-09fe0f45d28c,6b21c075-c752-4bf7-a4c2-2a4c8441c546,sifarish khan,1232255618481,1,30.0,25.0,30.0,289e28e9-66d0-4026-9fd4-67bfa88cb04c,Piece,1
62975efa-1411-43d3-a046-3e973d35e678,7eacb38f-f6f6-48fc-a195-d822e564baab,89840fa8-51f7-4d61-b25d-5a43e328f844,Kurkure RC,8964002347360,1,60.0,56.0,60.0,f72a4fe7-e8c4-4591-97a9-a33e2ce87b07,Piece,1
c4cded8f-0977-4b7d-8d91-ed7cc4081455,7eacb38f-f6f6-48fc-a195-d822e564baab,403ea510-fb07-48bc-a730-8f1f2391b3be,STING L,8964000101704,1,140.0,105.8,140.0,7b817808-9ae8-4d8f-9f89-3f3e11cfe183,Piece,1
9559f478-374c-47e9-a209-6a60e0f956e2,7fba8591-99f3-429f-b159-438f0e371d8a,30e73934-8b1f-4e5b-8a7e-459183ab89ff,BENSON & HEDGES,ZIC2321183204,60,15.0,14.0,900.0,bd464178-34a5-4c51-ab7a-fb38e14501f9,Box,3
8ae6d42d-1a0b-4353-b1e3-8ce30a1742a6,7fba8591-99f3-429f-b159-438f0e371d8a,296944b9-ea79-469c-8425-f11d6e4b7eed,CAPSTAN RED,1230364618200,2,15.0,12.1,30.0,a1bc6a6f-ad8f-468b-afac-44ec8574811d,Piece,2
1ca29afb-c055-41bc-9ccb-a49d47ff62c2,7fba8591-99f3-429f-b159-438f0e371d8a,8af4077d-37f1-441f-936d-9507cb56ca9d,candy,1232784048698,1,5.0,3.5,5.0,7534df49-d891-461a-8b69-7d03cb9ce755,Piece,1
2fc4970d-066a-41ff-8015-8dbec36e4278,7fba8591-99f3-429f-b159-438f0e371d8a,4ea8ab87-bf13-4523-b83d-509c89f52789,hockey match stick,9231012019358,1,5.0,3.0,5.0,21683564-a53b-4d8c-a0a6-4066d1367085,Piece,1
6456a14b-ecdd-4c88-82b1-f48d1067cbe1,80e61596-3566-45a6-8c2d-db856b02b2aa,c3551759-c1ef-47f5-b230-77bce4c2f476,Brite s/pack,8886950015279,2,10.0,9.17,20.0,65d64d63-9e6f-4416-9618-7a79123a69a1,Piece,2
47c9e465-b8d5-4fe8-b82c-25b5cbad9818,811b434f-863d-44d6-97d2-af547a9f8468,9863fa08-b141-4a19-959c-fc1dae64e577,pepsi 1.5L,012000800085,1,210.0,163.0,210.0,8e6db930-330d-46af-a62c-e673e3d938a7,Piece,1
8b6e5b37-c80d-4c98-9bce-ecf41eea9887,811b434f-863d-44d6-97d2-af547a9f8468,aeec8327-c8e3-49ae-830d-5ae48228671a,DISPOSIBLE GLASS,1233763958519,2,5.0,1.7,10.0,2bc021cb-4f78-4684-ad9e-7fae8bd628d9,Piece,2
e17afafe-249e-4b38-bfe9-0819ea58ed39,811b434f-863d-44d6-97d2-af547a9f8468,514d46ef-9706-43e2-98e7-dce570579f6c,Lays T BBQ,8964002346806,1,70.0,63.5,70.0,1a8b83aa-3bdd-4f01-9033-54e7e2048ccd,Piece,1
e8a77ced-c18f-4277-a2fd-29a1f1da6fa1,88cebdf0-98fe-492f-9304-1f333387f28d,52f92909-4f6b-4fa3-9e05-27568f34110f,4U MASALA FLAVOUR,8964000579626,1,50.0,45.0,50.0,f1225cd2-cbef-42f9-9008-cb8dbd34300e,Piece,1
9aab7d7f-d8bb-4a69-9115-7314b269d804,8ade7382-e167-4780-ab24-5250e231e6e6,8f272532-b008-4f8d-88b7-c1d98b8479b0,LAYS Y&H,8964002345670,3,30.0,27.0,90.0,66b973e5-9238-4e42-9914-21193d1f0b37,Piece,3
5842a359-b699-4c4b-a230-c43bd5b384b7,8ade7382-e167-4780-ab24-5250e231e6e6,296944b9-ea79-469c-8425-f11d6e4b7eed,CAPSTAN RED,1230364618200,2,15.0,12.1,30.0,a1bc6a6f-ad8f-468b-afac-44ec8574811d,Piece,2
cd633bf7-c4f8-47f7-833c-63ee1b1d591b,8ade7382-e167-4780-ab24-5250e231e6e6,2505a9e6-32d6-425c-8c5d-d31507ce904d,lighter,1236376536280,1,40.0,21.0,40.0,4b1a6d94-51e0-4c20-8be3-f4e43962efbf,Piece,1
cb203056-e4f9-4fe5-a6a8-8ba84116a8c0,8bd61125-dd64-4425-890c-8e3c7a9c7773,a7fcee9f-5f78-4516-9707-487140348ce3,Gave nector ,8964000876152,1,90.0,62.08,90.0,adc344b9-9afa-40d9-922c-5b43e2a7c43f,Piece,1
c20a1ec5-dcc1-4991-9d98-defcf06d2ea5,8c1b51ba-8967-4124-8910-aa1d4c000077,18916bb3-c4ef-4ac2-b07a-3665a93c8f23,LIFEBUOY,8961014266016,5,10.0,9.38,50.0,9fe045e9-9c6c-4b82-aca7-1fe5a7a76f64,Piece,5
3f0e394e-9654-4be2-9680-801ad62ea7f6,8cbbad7c-c933-4055-bace-7867b1318cd3,df83db32-d270-4a08-8f67-85f4967a923d,Red & White,89600320,60,10.0,9.5,600.0,a78e4c95-45be-4924-8611-a298b7f20e54,Box,3
c3270ee4-2060-4fca-9c60-0e8cefebaa6f,8cbbad7c-c933-4055-bace-7867b1318cd3,6b21c075-c752-4bf7-a4c2-2a4c8441c546,sifarish khan,1232255618481,1,30.0,25.0,30.0,289e28e9-66d0-4026-9fd4-67bfa88cb04c,Piece,1
0615a291-bfa6-4fde-af1d-e43763dd261e,8e81b9ea-0bcc-4c34-ac5f-f16e0118a5c8,dc1ee16f-7d26-464f-9aee-6909c7b304b7,peach malt,1860236002044,1,120.0,80.0,120.0,9ea92509-1503-4b5c-a72a-a851dfdc503c,Piece,1
e76eb688-8690-4359-ad84-c6539e761771,8e81b9ea-0bcc-4c34-ac5f-f16e0118a5c8,6b21c075-c752-4bf7-a4c2-2a4c8441c546,sifarish khan,1232255618481,1,30.0,25.0,30.0,289e28e9-66d0-4026-9fd4-67bfa88cb04c,Piece,1
0f474799-9640-46c1-af3e-a31fddad1f22,900faac5-eee6-4ef6-802a-697f6ca4b1e6,4ca3f77c-616d-407b-bd95-3948f78fcaaa,A 9 LIGHTER,6970207251038,1,150.0,66.0,150.0,f10fd8f9-19df-44d0-9820-5efc4983cac7,Piece,1
26ed2c4d-554f-4562-8a9d-217f996f2724,91ca2a9a-d939-4c6a-a2b6-70bef42b8180,9b8a64b3-0eff-49bd-a7e9-7ae1f4c6211f,Capstan White,89600078,7,15.0,12.5,105.0,2ee97f16-83f8-4fe8-8004-f20228fc010c,piece,7
82d219e2-4639-49a3-829e-291685320bf7,91ca2a9a-d939-4c6a-a2b6-70bef42b8180,5a5154d9-6994-4dee-9011-efd865af1c8f,GOLD LEAF,1232097295550,1,30.0,25.0,30.0,ff8b0ab8-fd25-4bb6-aafb-a79e8e63a846,Piece,1
562e440b-da7a-444d-9864-c8b05716bdfd,9255c8ed-b543-455e-bf5c-237eb14cd5ee,5a5154d9-6994-4dee-9011-efd865af1c8f,GOLD LEAF,1232097295550,1,30.0,25.0,30.0,ff8b0ab8-fd25-4bb6-aafb-a79e8e63a846,Piece,1
89c2a5a3-a663-42db-ba86-ef3202a7633c,9578a9ec-d46d-4c08-8258-bb1b839c0c13,296944b9-ea79-469c-8425-f11d6e4b7eed,CAPSTAN RED,1230364618200,20,12.5,12.1,250.0,e9169ce5-618b-4046-9957-a321013f7b75,box,1
2a001346-d508-4238-ab50-fe943d5d2e33,96d409f4-8dc8-4561-ab26-4d2d7a3d4295,296944b9-ea79-469c-8425-f11d6e4b7eed,CAPSTAN RED,1230364618200,3,15.0,12.1,45.0,a1bc6a6f-ad8f-468b-afac-44ec8574811d,Piece,3
99728a79-3743-419c-a9a3-87ebe9f6d005,97666d32-e510-4627-96b3-cdbe5187f042,9b8a64b3-0eff-49bd-a7e9-7ae1f4c6211f,Capstan White,89600078,20,12.5,12.1,250.0,b371a280-0cea-4bc1-87c8-4befe828f950,Box,1
2cd5f09b-0b91-4bdc-9767-a6959632f420,97666d32-e510-4627-96b3-cdbe5187f042,296944b9-ea79-469c-8425-f11d6e4b7eed,CAPSTAN RED,1230364618200,20,12.5,12.1,250.0,e9169ce5-618b-4046-9957-a321013f7b75,box,1
0c97aaba-89b4-4d1e-b43f-63cbfcb6f53a,97666d32-e510-4627-96b3-cdbe5187f042,8af4077d-37f1-441f-936d-9507cb56ca9d,candy,1232784048698,4,5.0,3.5,20.0,7534df49-d891-461a-8b69-7d03cb9ce755,Piece,4
676177f5-0884-4ec2-9e11-5cbba36c9fac,97666d32-e510-4627-96b3-cdbe5187f042,7439380d-ff71-4b92-b2ff-56899ca87c0d,tridgum,9555407311019,3,10.0,4.09,30.0,b3c50399-f52e-4960-bdd6-5ef8d99c8de1,Piece,3
dd08c42b-2f72-4e59-bfe4-b93afee2c247,98b1debd-5beb-4b3c-af49-81e35c156a48,0153384a-caa0-4266-8573-b574a2bf1677,ROSE PETAL PP,8961006040068,1,300.0,250.0,300.0,9dd305f5-3ec6-4275-a390-bae6062264c7,Piece,1
6a4fe9cc-f212-47bc-9ff7-4d548271b2e9,998034e7-8b64-48d0-9e85-2ca58167ab8c,6801fd0e-cae3-4356-b2ac-0dc6c9f9501e,puff mashmallow,870572007994,1,50.0,46.0,50.0,368b2559-ac15-4d76-8529-c309d366ee46,Piece,1
90b0446c-1c29-4d1c-9f89-de984001e093,9a62c524-1d7f-4085-b4cf-586f4b96658e,9ed06880-e15b-44ae-876b-3fcca222bad2,sooper,8964004770456,1,50.0,45.0,50.0,f3625b26-f234-4633-b395-5d2ebc6a6cc8,Piece,1
a2f2fa45-ff88-487d-b138-7d4460c9e05f,9b0102be-3fb8-46ce-8746-8d255ed6505a,9d766c91-c234-49ff-a444-dc9979ba923f,BITE LAYER CAKE,6423116329966,1,60.0,43.3,60.0,b7e9abab-7698-4120-b644-393d3b35bfad,Piece,1
8fe577f1-071a-49a5-bb4c-d4964e6ad9de,9b0102be-3fb8-46ce-8746-8d255ed6505a,b670459a-e326-4490-bf85-c717dd6912df,SLICE APPLE,8964000103104,1,80.0,43.4,80.0,962458d9-d8a4-496e-b26d-a36295416f95,Piece,1
2235e72b-270d-4e8c-9351-aea5c4257c37,9b0102be-3fb8-46ce-8746-8d255ed6505a,36457024-7d12-4c56-9544-18674a4e8faf,King Kulfa  SLICE,8721274610949,1,80.0,70.52,80.0,3643e13e-635a-4583-97ac-5341bf0edbc0,Piece,1
6c22405c-ec65-42e3-9bca-81fffd0f4699,9b0102be-3fb8-46ce-8746-8d255ed6505a,d0d145d6-02df-41db-a162-1cf9cc090b5a,Kurkure CC,8964002347377,1,60.0,56.15,60.0,c47dfc18-002e-45d2-b2bb-f42b1a8d06b3,Piece,1
52c8ba99-fb93-430c-b6a0-8a4b6bad7901,9c8175f2-96f9-43c7-b8aa-763c65aa85a1,dcc48fee-0445-4775-bc38-58a5490e4628,Slanty Veg,671866117586,1,50.0,46.25,50.0,07708f75-4794-460f-9a64-a898355176c2,Piece,1
cd5b6aa2-edb5-4bcd-8071-7ff6dac092e2,9c8175f2-96f9-43c7-b8aa-763c65aa85a1,20a6b7b0-b32d-4ef7-a68f-a34e139e6aa7,Fruiten joy Mango,8964000876466,1,70.0,45.41,70.0,0e8ea209-a7c4-4e46-aaf4-45fd453bdec9,Piece,1
4ebc4e83-12ca-4fc5-9f83-f180a9d049cb,9c8175f2-96f9-43c7-b8aa-763c65aa85a1,63fe89d4-f01e-4150-ab4a-58b86b4f68f3,FV Apple,8961008223506,1,90.0,67.79,90.0,d186c76e-6990-4e3d-a2c7-61c79db536bf,Piece,1
a252d2db-73cc-4b84-a258-3ee6ebc78ade,9c8175f2-96f9-43c7-b8aa-763c65aa85a1,1e816735-0e24-4f7c-b240-460a7f0fb710,Slanty salt ,671866117579,1,50.0,45.25,50.0,3008b554-592b-4de4-8db7-b84851c388c5,Piece,1
ccfca2d0-99ed-4519-a02e-5c3ff8d594b6,9c8175f2-96f9-43c7-b8aa-763c65aa85a1,3c8d628b-b789-4305-adc4-a240960e227d,small Cars,1231284218068,1,100.0,45.0,100.0,52d31325-21da-4645-ac37-c325e63f3114,Piece,1
799424d9-23fd-425c-bc43-46a5649f8617,9c8175f2-96f9-43c7-b8aa-763c65aa85a1,514d46ef-9706-43e2-98e7-dce570579f6c,Lays T BBQ,8964002346806,1,70.0,63.5,70.0,1a8b83aa-3bdd-4f01-9033-54e7e2048ccd,Piece,1
1d51ca7c-382b-409f-ac59-ff17e9404f86,9d4854a1-a7d3-4a4f-be3d-32a118ae2f03,9b8a64b3-0eff-49bd-a7e9-7ae1f4c6211f,Capstan White,89600078,2,15.0,12.5,30.0,2ee97f16-83f8-4fe8-8004-f20228fc010c,piece,2
f1162ff3-6e79-47b6-8635-f871d42afb6e,9f701021-75f9-4646-b31e-82f23778201f,975cf5aa-4ec6-4b0f-bd0b-a79640860da8,CHOICE,9254120000254,2,40.0,22.5,80.0,45baadf7-3c4f-430c-b19c-ed8a6e8538df,Piece,2
5d3ad59b-bc27-4314-8dbe-c71a3f8993d5,9f701021-75f9-4646-b31e-82f23778201f,296944b9-ea79-469c-8425-f11d6e4b7eed,CAPSTAN RED,1230364618200,4,15.0,12.1,60.0,a1bc6a6f-ad8f-468b-afac-44ec8574811d,Piece,4
4ae91995-73b9-4fa8-b864-22d026412bc3,9f701021-75f9-4646-b31e-82f23778201f,36a30f2b-248a-4769-bc28-046500d0daf4,bar,1230421521603,1,10.0,5.0,10.0,9c505cbc-8e3d-4e6a-a8f2-96b2991c3bee,Piece,1
2de5d1a6-354f-41f6-a802-afaebf14cb67,9f768a6f-9ac2-4fc8-81da-0ab88b9beeaf,00f57e87-f340-4c93-bc4e-58e5a27a42ac,JAMBO POPS,5920808549202,1,60.0,41.66,60.0,17a4ea76-9c53-44b6-afa8-13aede67eb6e,Piece,1
560cc7e4-dc67-4020-b200-0561de7d2299,a28ecd82-a076-4bbc-9eac-d79b00fdbd38,e07be54a-ef99-4d68-97db-58a730462337,MILANO,815082008130,1,200.0,165.0,200.0,a85e2866-0d3f-4bd2-80f6-a598982e48e0,Box,1
3b24ae38-1a85-4fee-8c0e-38c4f7ec5927,a3ecbfe2-fb14-485b-be89-985a51081751,9b8a64b3-0eff-49bd-a7e9-7ae1f4c6211f,Capstan White,89600078,1,15.0,12.5,15.0,2ee97f16-83f8-4fe8-8004-f20228fc010c,piece,1
9bafd121-7d81-4564-a63a-250a6789960e,a494f7b3-9c43-4f0a-a2d6-7c38e6aaa3c8,6c6ccff1-14e0-4b77-884d-ac35c4441fbd,MOO,8961014017595,1,50.0,44.08,50.0,486c4a3e-978a-4702-95e2-9d661806f528,Piece,1
266ca50f-c4a1-4096-ba0a-1a00172c1cee,a494f7b3-9c43-4f0a-a2d6-7c38e6aaa3c8,b21064d9-07ce-42e8-8bdf-a7c61df06adb,jet spoort,8721274610482,1,40.0,29.38,40.0,347ee8ca-b35c-456e-a2d3-8c9b2417b33e,Piece,1
f66fb559-06d3-4b22-822d-119713f9e3ea,a5d1ab74-964e-42d7-a8a1-2d9452481bc7,96b9f631-6ccd-4daa-bf03-d63ad93ce1f7,dayfresh malae kulfi,796554817477,1,150.0,98.75,150.0,8d79a904-f31e-4137-95f2-582301fa33bc,Piece,1
0e933f3c-f229-4381-a48f-8268b13aec8d,a5d1ab74-964e-42d7-a8a1-2d9452481bc7,53109ff7-89f7-4310-8b54-a08bcb3fe1f7,BONJOUR H$ B,725765019059,2,60.0,31.0,120.0,d4cf5872-cf25-4c27-99ba-efdf91572921,Piece,2
cf0fc6e5-c97e-48b3-878b-5c0bf3410471,a5d1ab74-964e-42d7-a8a1-2d9452481bc7,5a5154d9-6994-4dee-9011-efd865af1c8f,GOLD LEAF,1232097295550,1,30.0,25.0,30.0,ff8b0ab8-fd25-4bb6-aafb-a79e8e63a846,Piece,1
ff4da338-b2e9-40d4-9139-82be9648f880,a7052b00-1e82-4bec-944d-b3ade8033686,2f0bd3d2-d095-4cbd-a674-9d1776c2e43a,Zia Mix Nimco,8964002429936,1,50.0,41.6,50.0,60f345fa-41ee-4b27-8c95-1a22adb06e14,Piece,1
398a15f6-ffb9-451b-85d6-a68606088a4d,a7052b00-1e82-4bec-944d-b3ade8033686,c04374cc-7bb3-429b-9dbb-21eda76aed5e,Coated Peanuts Cheese,8964003812171,1,50.0,41.0,50.0,56706665-ca8a-44bd-a35e-85afee47e7bb,Piece,1
cf1bccfe-a229-47c7-b035-b34628ea7ef5,a9808c40-ef18-4064-80b8-db23f3bb8d76,e3359463-13c6-4da3-91c0-1b9d90d5012c,lays maxx cheese,8964002345861,1,100.0,92.0,100.0,e72184e5-7a95-4659-8944-b555745d509f,Piece,1
9185a361-50ae-45e8-b6aa-5aaadc45e80e,a9808c40-ef18-4064-80b8-db23f3bb8d76,2347cc4b-9f81-49db-8864-35a43da6769a,FANTA ANAAR,5449000231079,1,100.0,86.0,100.0,c99a9e12-907c-4ef7-84f5-609a8c269002,Piece,1
3bb214ce-f84a-4a99-bc92-265ce077088f,aa33fd63-fd3d-40ba-b46a-6e5ec5b30c15,2191b979-dc6b-4487-a5db-4f4248da979b,LAYS CLASSIC,8964002345632,4,30.0,27.66,120.0,6e04bce6-7dc2-422b-aba8-ff080af9ddae,Piece,4
7fb65ffc-80ec-4404-a5eb-cb2ae31c3b9b,aa33fd63-fd3d-40ba-b46a-6e5ec5b30c15,8f272532-b008-4f8d-88b7-c1d98b8479b0,LAYS Y&H,8964002345670,1,30.0,27.0,30.0,66b973e5-9238-4e42-9914-21193d1f0b37,Piece,1
1369c3cb-6b70-4663-a5f7-ddf06dd622d2,aa33fd63-fd3d-40ba-b46a-6e5ec5b30c15,10ebe327-96fb-4e2c-9292-ee7ccf3b8127,local fry,8964000695555,1,10.0,8.0,10.0,ca63db85-6796-4904-8894-101cfc6813be,Piece,1
e0f9998a-785e-4eb3-ac35-2f32ead6edaf,aab8b430-bd52-4395-b8f9-8f7c108e2268,dc6c043a-aee3-44fe-9e69-206f74154f8b,luster rose,9812121221155,2,20.0,5.0,40.0,89eadc6e-2039-4466-85cb-2bd8ef56c0c7,Piece,2
bf34b913-200f-4537-bf58-b31209fd36dc,ad0b9831-7cc1-4a4d-aa5d-fc33b38f6ee8,52f92909-4f6b-4fa3-9e05-27568f34110f,4U MASALA FLAVOUR,8964000579626,1,50.0,45.0,50.0,f1225cd2-cbef-42f9-9008-cb8dbd34300e,Piece,1
ddb6869e-54e4-4bdc-9602-3b5ed3f6c8d2,ad0b9831-7cc1-4a4d-aa5d-fc33b38f6ee8,8af4077d-37f1-441f-936d-9507cb56ca9d,candy,1232784048698,3,5.0,3.5,15.0,7534df49-d891-461a-8b69-7d03cb9ce755,Piece,3
67c1f63a-7bad-4b4e-8bc7-40a3713b1772,ad0b9831-7cc1-4a4d-aa5d-fc33b38f6ee8,b670459a-e326-4490-bf85-c717dd6912df,SLICE APPLE,8964000103104,1,80.0,43.4,80.0,962458d9-d8a4-496e-b26d-a36295416f95,Piece,1
efe73eba-357b-416c-bf57-7c7fb6aa350e,ad0b9831-7cc1-4a4d-aa5d-fc33b38f6ee8,e1afcdc7-c0a6-4f1f-84c2-581f3ba8bac7,CHILLIMILLI,8961103502971,2,50.0,45.1,100.0,2abb5018-a48d-4108-9e06-8d6a5293da2e,Piece,2
03f49170-28fa-4466-baa8-2afc35a26b0c,ad102b97-882e-4758-adf5-18933c58e770,9ed78d65-19ca-4518-a662-46285b964c38,zyn fresh mint 3 dot,89602010,1,180.0,100.0,180.0,ae838aa6-1c03-41f6-9cd8-704da336c7cc,Piece,1
1ff572eb-8c04-4284-bd2e-0f1236662313,ad102b97-882e-4758-adf5-18933c58e770,2c73a736-486c-4dbf-8528-fe9ce200d4e8,COCA COLA 1.5L,5449000051981,1,210.0,164.0,210.0,3970e731-82d1-42c7-95be-861d4545f819,Piece,1
f28625b6-5a33-492d-81cf-700ff1dbbe86,ad102b97-882e-4758-adf5-18933c58e770,2f955768-b5b4-43c0-ae31-94d6a7355291,SPRITE 1.5,5449000012203,1,210.0,164.0,210.0,c988a08a-4ece-4c1d-aec6-51d386f48291,Piece,1
af51449e-7549-40c7-ba12-cf852499a55f,ad102b97-882e-4758-adf5-18933c58e770,0dcae41e-4dff-4326-a067-04930c4f4edd,MIRINDA 1.5L,120008001844,1,210.0,165.0,210.0,1a0e9237-57e0-454e-81ad-751f6069f460,Piece,1
67b597af-0340-4e8f-a3b2-7f017cce7fef,ad102b97-882e-4758-adf5-18933c58e770,aeec8327-c8e3-49ae-830d-5ae48228671a,DISPOSIBLE GLASS,1233763958519,8,5.0,1.7,40.0,2bc021cb-4f78-4684-ad9e-7fae8bd628d9,Piece,8
30f407d2-3cef-4263-b9a7-ce4eeb5b1b11,ad418b9c-306e-4d5e-beb8-1a77742d0eaa,06634899-2be3-4211-ab2e-7c87f40c8375,bigg apple,1860074054502,1,200.0,155.0,200.0,5081e981-a36e-40de-a0dd-05eb8e03dd9b,Piece,1
71c17d80-b9fc-4781-a110-7384e9bdb6d0,ad418b9c-306e-4d5e-beb8-1a77742d0eaa,aeec8327-c8e3-49ae-830d-5ae48228671a,DISPOSIBLE GLASS,1233763958519,6,5.0,1.7,30.0,2bc021cb-4f78-4684-ad9e-7fae8bd628d9,Piece,6
f303a071-2946-40ac-8b96-90e64f7ceb50,b196dbfd-fdbc-419c-840c-da9d63b9a240,e6ce3ce7-db02-40e5-b230-3af3cf45216a,SHAH Nimco,19640008,1,50.0,40.91,50.0,3930a9b1-51f3-42e5-90c8-a8209ad6a6bc,Piece,1
f9006e74-df7d-4df5-9f42-e3029a24f43b,b196dbfd-fdbc-419c-840c-da9d63b9a240,93379316-dccb-444f-9d95-131228d6cf0f,Cheetos,8964002346707,1,50.0,31.0,50.0,8405e14b-806f-477f-9f05-dc9572eb9b3d,Piece,1
b5512ee2-6e68-43f8-82d1-598a680f0b58,b196dbfd-fdbc-419c-840c-da9d63b9a240,f2bbd782-884e-492c-ba3b-30bbb22514f9,anytime snacks,8964002429752,1,20.0,17.5,20.0,4a9f1b8b-9754-4350-9f0e-787cfa591129,Piece,1
503a65d7-6392-4e2b-a0c1-61e8878e258e,b196dbfd-fdbc-419c-840c-da9d63b9a240,dcc48fee-0445-4775-bc38-58a5490e4628,Slanty Veg,671866117586,2,50.0,46.25,100.0,07708f75-4794-460f-9a64-a898355176c2,Piece,2
f0f37924-0297-48de-85bd-312855a48c72,b49c7149-f57a-41a8-b5d3-40544bb6676a,c75320df-735c-44fe-b32d-46b0170ef53a,Lays Masala,8964000090428,1,100.0,92.3,100.0,b77ba773-b9e7-4763-9761-47c66a223bd9,Piece,1
8a6361f2-90fb-4703-b9e9-578b4980025a,b4b0e078-eb73-4222-8e7d-e0f5b6ebeee7,296944b9-ea79-469c-8425-f11d6e4b7eed,CAPSTAN RED,1230364618200,3,15.0,12.1,45.0,a1bc6a6f-ad8f-468b-afac-44ec8574811d,Piece,3
f9eb875e-852f-4977-9bbc-6f3f07fd8540,b4b0e078-eb73-4222-8e7d-e0f5b6ebeee7,ba790275-119d-4f7a-b9d6-2228bf0d7226,badam makkan,095742223213,1,10.0,4.1,10.0,43a1d058-e491-40ad-a268-fc88b700be34,Piece,1
b4d952a6-efdd-4248-b22c-7f63f5275066,b52b7d0a-94ad-406b-b80c-57c51c79e2b5,91ffc46b-44fc-4d7b-823e-bc162c9cf24f,bigg apple,1860071012147,1,80.0,54.0,80.0,baa1a505-ea2c-44e0-8a28-0195bd62bbb6,Piece,1
73f4c28d-9dd9-404c-9367-1d9839844489,b63bb614-2bf7-40d8-b185-2cc4576b7fa5,85681bdc-ee0e-4592-bf40-94b1d13d0e85,candi,8961003674228,3,10.0,9.0,30.0,b848b8b4-36fc-4af7-bd0d-f7258c18b02c,Piece,3
c2f630d0-0643-4f97-9c5e-b9732ad3d16c,b69d0230-c5ff-4b19-b581-dd52e9ef9d8b,9b8a64b3-0eff-49bd-a7e9-7ae1f4c6211f,Capstan White,89600078,2,15.0,12.5,30.0,2ee97f16-83f8-4fe8-8004-f20228fc010c,piece,2
1cd98044-518b-46f3-bbce-f3a5430d1345,b81b981c-6f54-40e4-af67-023faea4c9ad,296944b9-ea79-469c-8425-f11d6e4b7eed,CAPSTAN RED,1230364618200,3,15.0,12.1,45.0,a1bc6a6f-ad8f-468b-afac-44ec8574811d,Piece,3
74f503b3-812c-4bbb-86fb-5f7ccdb60e0c,b81b981c-6f54-40e4-af67-023faea4c9ad,8af4077d-37f1-441f-936d-9507cb56ca9d,candy,1232784048698,1,5.0,3.5,5.0,7534df49-d891-461a-8b69-7d03cb9ce755,Piece,1
599eeb8c-d215-4be6-90b4-db6fc7fee385,baae88a6-8688-4d23-a7c7-4657d4000629,727fb333-3c91-459b-abef-370df5b186a5,cocomo,8961103500236,3,10.0,9.16,30.0,65c14f2c-759a-4b05-aba5-23b13a2b0a6c,Piece,3
081756db-93aa-4b6b-8619-e7ebf7bb63c8,bab13711-5f9b-4223-bd4a-9480aa246794,e7bb27c1-bd26-4412-b66a-aa1baf0cb1fd,Elfy,1231473425567,1,30.0,12.0,30.0,9c05f1c3-40ab-43d3-bc49-c9c2d37a7f86,Piece,1
a3bdf447-7f02-48bc-b273-31ef0f3d9b07,bbe73011-3313-4c9e-bdac-d2cb65d0b64f,296944b9-ea79-469c-8425-f11d6e4b7eed,CAPSTAN RED,1230364618200,20,12.5,12.1,250.0,e9169ce5-618b-4046-9957-a321013f7b75,box,1
d6e0b367-86ec-4d95-a522-c305c23277d1,bbe73011-3313-4c9e-bdac-d2cb65d0b64f,5a5154d9-6994-4dee-9011-efd865af1c8f,GOLD LEAF,1232097295550,20,25.0,24.5,500.0,38175889-2f66-461f-8e62-69907628ca63,Box,1
81748dce-0cf7-4f55-a4d4-0620c744e607,bcb81fb2-9391-41ec-8046-efa9a253420b,b670459a-e326-4490-bf85-c717dd6912df,SLICE APPLE,8964000103104,1,80.0,43.4,80.0,962458d9-d8a4-496e-b26d-a36295416f95,Piece,1
d92c5df2-4b13-40d3-800e-94594d3d098c,bcb81fb2-9391-41ec-8046-efa9a253420b,45938d03-d164-4e1c-9912-b5ce93ffd99b,CUP KAKE STREW....,8961101787578,3,20.0,17.1,60.0,8979d3cd-7fa6-4f7c-809c-8812e27f9031,Piece,3
75370d53-ef03-4f83-97a0-34c463b11bc4,bee6c2fe-5905-4ed5-a5d7-c8c32adaaa2a,296944b9-ea79-469c-8425-f11d6e4b7eed,CAPSTAN RED,1230364618200,3,15.0,12.1,45.0,a1bc6a6f-ad8f-468b-afac-44ec8574811d,Piece,3
ed837a0d-b0c1-4c5f-a75c-11ac82f7627e,bee6c2fe-5905-4ed5-a5d7-c8c32adaaa2a,8af4077d-37f1-441f-936d-9507cb56ca9d,candy,1232784048698,1,5.0,3.5,5.0,7534df49-d891-461a-8b69-7d03cb9ce755,Piece,1
0b94ff42-e4eb-40e2-ad7e-3cde50c50d93,bfdeec39-1696-4bad-9c42-acbdf73725ef,3fb71ac3-e098-4f06-a3d7-1b4525aff190,SMILY WM,6261149070864,1,150.0,47.0,150.0,15dedaf8-76cc-47d7-ba9c-522b46e6e2fb,Piece,1
7d2ba934-f0ac-4fe1-a85f-c0731f89d0ac,c0fb3d01-4d63-4315-94ac-3ae35a0b4e20,a0a5cd34-cdb1-4257-bbcf-8061295bca3a,lemon malt,1860236002037,1,120.0,79.02,120.0,5e6a96d5-81b1-4fc3-b9ca-4cde167b0c08,Piece,1
c1eb9061-659e-406e-9fbd-c17a2341d605,c1ec7276-2b8e-4353-9e63-06e645cc00c1,f9995743-8d14-45d2-be1e-1054f9e04de0,Murree Sparkletts 1.5L,1860201136828,1,110.0,74.0,110.0,8d732b9a-5588-4ceb-af41-c0fdeab4686e,Piece,1
1eab0ffd-b2ed-4ef7-ad7d-8d1d51d58565,c24c30c7-a741-4d00-af53-51c58aaf474a,9b8a64b3-0eff-49bd-a7e9-7ae1f4c6211f,Capstan White,89600078,2,15.0,12.5,30.0,2ee97f16-83f8-4fe8-8004-f20228fc010c,piece,2
d46c0b98-be20-4137-b2a4-4f2dbf4b375b,c6345fd4-c282-491e-807e-89defd8b8471,dabede9c-eb98-47b3-848d-77e6850a56e1,7UP 1.5L,0012000800337,1,210.0,163.0,210.0,f7ce623b-7879-474d-9773-f703bf0ae037,Piece,1
387d7aa6-0850-4939-93bd-2ef49b32ad1e,c6345fd4-c282-491e-807e-89defd8b8471,aeec8327-c8e3-49ae-830d-5ae48228671a,DISPOSIBLE GLASS,1233763958519,4,5.0,1.7,20.0,2bc021cb-4f78-4684-ad9e-7fae8bd628d9,Piece,4
69610661-f044-4b9b-90ed-04f97767457f,c6345fd4-c282-491e-807e-89defd8b8471,44f948a7-dfee-400d-8118-6be56a359129,LAYS BBQ,8964002346677,2,100.0,93.18,200.0,9fb90044-760d-4926-bdc8-deca0e5e9880,Piece,2
55d5c0ec-cc13-4718-872e-617e5a4764d5,c723be6a-66bd-4b3c-b020-018101dca018,9b8a64b3-0eff-49bd-a7e9-7ae1f4c6211f,Capstan White,89600078,3,15.0,12.5,45.0,2ee97f16-83f8-4fe8-8004-f20228fc010c,piece,3
ab7aa2a2-d0a1-42a9-8dc2-cb28fae93e71,c802c05e-9c7b-422c-9600-82967a66b54d,403ea510-fb07-48bc-a730-8f1f2391b3be,STING L,8964000101704,1,140.0,105.8,140.0,7b817808-9ae8-4d8f-9f89-3f3e11cfe183,Piece,1
621ca43e-056e-455d-9520-c8179662ca00,cc162da8-dbf3-4997-9e99-7d0d5ab14daa,89b16bba-ce89-448f-8fa7-1d92531ea5c6,FABULOUS CCC,8965310055299,1,30.0,23.8,30.0,932d5d0e-59b4-4ed6-9fa4-c64083d356c5,Piece,1
05eb2d29-c061-4b4c-a9da-4c787b128041,cc162da8-dbf3-4997-9e99-7d0d5ab14daa,1c7d4a02-65dd-4eef-9adb-e6525e3a7bc0,FABULOUS PCC,8965310055589,4,30.0,27.0,120.0,48d72b2f-a9f9-4b2b-bcac-2ab5fc63bd76,Piece,4
aa02a94b-9fb4-4aa3-89a8-4c8bcdbb3700,cc26e0bf-cb7b-41fe-954d-67beb80c1100,df83db32-d270-4a08-8f67-85f4967a923d,Red & White,89600320,1,10.0,9.5,10.0,4c010ae2-567a-4d9a-a3ee-7be8b0099de4,Piece,1
83e9aa82-e516-4291-890f-b1f85c65173c,cc26e0bf-cb7b-41fe-954d-67beb80c1100,8af4077d-37f1-441f-936d-9507cb56ca9d,candy,1232784048698,2,5.0,3.5,10.0,7534df49-d891-461a-8b69-7d03cb9ce755,Piece,2
ccf91731-956e-4292-a45c-725beea36f34,cc71c5aa-677b-4a5a-8c9f-00f9f3a34fe1,9155a080-6a1b-4ee0-9a8b-6d12a16163ac,4U Bar Beta,8964000579701,1,50.0,45.0,50.0,bdba2783-f059-4976-acf8-50da27dda63f,Piece,1
084ef816-f4df-4a13-8a67-cb0af6b7b75f,d18b42c0-1392-4fde-99aa-8b7f04a45a0b,16362686-2492-41ca-8a06-b4a85dc639ac,PUIREFINE 1.5-Ltr,1230434764202,1,110.0,45.0,110.0,9230ea9d-4f0b-4d85-bbb3-4e890ef1891b,Piece,1
b0ec2583-e2ad-4b1a-813d-075d75e43228,d18b42c0-1392-4fde-99aa-8b7f04a45a0b,382387eb-6272-4738-b2d5-3361fa6fc3ca,Potato Sticks,671866277501,1,50.0,46.25,50.0,bc63250f-fd30-4ca2-a788-3340c09f9c89,Piece,1
9bb764fc-6991-4faa-acbf-96f008edd04c,d18b42c0-1392-4fde-99aa-8b7f04a45a0b,296944b9-ea79-469c-8425-f11d6e4b7eed,CAPSTAN RED,1230364618200,1,15.0,12.1,15.0,a1bc6a6f-ad8f-468b-afac-44ec8574811d,Piece,1
81683ae2-3449-4c1f-ba3d-ea10109a67c3,d18b42c0-1392-4fde-99aa-8b7f04a45a0b,8af4077d-37f1-441f-936d-9507cb56ca9d,candy,1232784048698,5,5.0,3.5,25.0,7534df49-d891-461a-8b69-7d03cb9ce755,Piece,5
86786965-ec23-4c6a-ba3d-20ae132d012d,d2891e54-b815-4f23-940a-0dd4016801b5,296944b9-ea79-469c-8425-f11d6e4b7eed,CAPSTAN RED,1230364618200,20,12.5,12.1,250.0,e9169ce5-618b-4046-9957-a321013f7b75,box,1
59349621-29c2-49d7-9753-a719f2329ebb,d2b57120-2053-49fa-af27-f218f64b9915,403ea510-fb07-48bc-a730-8f1f2391b3be,STING L,8964000101704,1,140.0,105.8,140.0,7b817808-9ae8-4d8f-9f89-3f3e11cfe183,Piece,1
1115897c-203e-4865-95a2-6cc8ec6e04e1,d2f31eae-957e-4876-a704-7028124d2bb8,df83db32-d270-4a08-8f67-85f4967a923d,Red & White,89600320,10,10.0,9.5,100.0,9906134c-2d34-42ea-8503-8a4aeb21af05,Half Box,1
aadd3531-8801-4381-8e78-32b442c57a5e,d2f31eae-957e-4876-a704-7028124d2bb8,296944b9-ea79-469c-8425-f11d6e4b7eed,CAPSTAN RED,1230364618200,3,15.0,12.1,45.0,a1bc6a6f-ad8f-468b-afac-44ec8574811d,Piece,3
faef547a-e248-444f-96ba-4623515b1d1c,d2f31eae-957e-4876-a704-7028124d2bb8,8af4077d-37f1-441f-936d-9507cb56ca9d,candy,1232784048698,1,5.0,3.5,5.0,7534df49-d891-461a-8b69-7d03cb9ce755,Piece,1
92f02bd4-9e73-4abb-b37d-2fe5be17fef6,d4306bef-97bd-46d9-a743-d0c33e8ed04d,304ce1d5-e0dc-46d8-91d7-310e86b2d095,7up 300ml,8964000103289,1,90.0,65.0,90.0,bcee3595-62d4-4dab-8748-22b68cbb802b,Piece,1
5abdb9fa-fc31-48c5-8a44-abf9463928c3,d48f5db4-3bc9-4004-933c-b912142cea5e,06634899-2be3-4211-ab2e-7c87f40c8375,bigg apple,1860074054502,1,200.0,155.0,200.0,5081e981-a36e-40de-a0dd-05eb8e03dd9b,Piece,1
4030efbf-4d9b-4a41-940b-92cbd0861abb,d48f5db4-3bc9-4004-933c-b912142cea5e,fd5e9b8c-d662-4759-aa2d-52ffc324740e,Kurkure CC,8964002347353,3,40.0,36.0,120.0,3f7ce760-8133-42c5-83ec-4f380f2626ff,Piece,3
76084a55-bfa7-4ba1-ae72-e299cd59eaf7,d48f5db4-3bc9-4004-933c-b912142cea5e,6801fd0e-cae3-4356-b2ac-0dc6c9f9501e,puff mashmallow,870572007994,1,50.0,46.0,50.0,368b2559-ac15-4d76-8529-c309d366ee46,Piece,1
741c88e4-9714-401d-bb58-e8845925240c,d5b3375e-abd9-4aae-ad46-f235c1d94094,36457024-7d12-4c56-9544-18674a4e8faf,King Kulfa  SLICE,8721274610949,1,80.0,70.52,80.0,3643e13e-635a-4583-97ac-5341bf0edbc0,Piece,1
b60865d5-faee-4e0e-901e-aec041cab160,d6398581-c7b3-4f3d-8490-a7e70de7a554,403ea510-fb07-48bc-a730-8f1f2391b3be,STING L,8964000101704,1,140.0,105.8,140.0,7b817808-9ae8-4d8f-9f89-3f3e11cfe183,Piece,1
94e9ff19-df79-41ee-9f04-e6f40c8e7806,d6398581-c7b3-4f3d-8490-a7e70de7a554,30e73934-8b1f-4e5b-8a7e-459183ab89ff,BENSON & HEDGES,ZIC2321183204,20,15.0,14.0,300.0,bd464178-34a5-4c51-ab7a-fb38e14501f9,Box,1
821ff18f-5ca7-4488-a5f9-322f6a9b37e5,d67369e6-8a05-455e-861d-e1e7ecc9f0c9,8af4077d-37f1-441f-936d-9507cb56ca9d,candy,1232784048698,4,5.0,3.5,20.0,7534df49-d891-461a-8b69-7d03cb9ce755,Piece,4
587d1661-be97-42e9-86fb-ce49e204f4ea,d714e021-f051-406d-9a5f-a8c3076530d8,d8796b4b-5314-467f-9f25-42b0d0536dc2,SPOUT PEPPERMINT,671866277716,2,60.0,46.0,120.0,1083f11e-f72c-4e4e-96e3-95803ff880f7,Piece,2
a69b7101-1cf9-4400-98ea-1a95eaef4ee8,d72e4d2a-c312-4d04-b2ed-6b5bfd4d9de4,aeec8327-c8e3-49ae-830d-5ae48228671a,DISPOSIBLE GLASS,1233763958519,8,5.0,1.7,40.0,2bc021cb-4f78-4684-ad9e-7fae8bd628d9,Piece,8
dea9b970-f158-494e-b4cd-cc63c1b3ca34,da6f816c-1c5a-4396-826c-3dc623fcb362,8af4077d-37f1-441f-936d-9507cb56ca9d,candy,1232784048698,8,5.0,3.5,40.0,7534df49-d891-461a-8b69-7d03cb9ce755,Piece,8
f7c86bd2-ebc2-49ef-9afb-b942b791a8fb,db3b6eeb-b35e-455b-af14-10ab26371194,e55f9b15-e456-4841-9cb1-f57f07bf46b8,FRUITIEN APPLE,8964000876503,1,70.0,45.41,70.0,4eea30fe-1cb9-411a-84f7-1da5f5b3e6c2,Piece,1
2ab9ded9-1112-4ba5-b073-f32209cc5e22,db3b6eeb-b35e-455b-af14-10ab26371194,07fa01e8-d63f-4911-808c-d14fa2eff47e,twin donut,6446374509604,1,60.0,44.0,60.0,2c5c0e38-1144-4e3e-be4f-a64d983eeb80,Piece,1
55c67b1b-7714-4900-a274-998e55108cf0,df192f31-6baa-4536-a19e-0180b41ba704,9b8a64b3-0eff-49bd-a7e9-7ae1f4c6211f,Capstan White,89600078,3,15.0,12.5,45.0,2ee97f16-83f8-4fe8-8004-f20228fc010c,piece,3
5c40c9ef-bfc3-4fb8-b024-e4caed28588c,df192f31-6baa-4536-a19e-0180b41ba704,4ea8ab87-bf13-4523-b83d-509c89f52789,hockey match stick,9231012019358,1,5.0,3.0,5.0,21683564-a53b-4d8c-a0a6-4066d1367085,Piece,1
34d8da3e-17d5-414a-8a16-b98a804b463f,e34d0fa1-a910-4755-aff7-186582f999d0,6b21c075-c752-4bf7-a4c2-2a4c8441c546,sifarish khan,1232255618481,1,30.0,25.0,30.0,289e28e9-66d0-4026-9fd4-67bfa88cb04c,Piece,1
75f1b020-ac37-4906-9454-fb030d995563,e34d0fa1-a910-4755-aff7-186582f999d0,df83db32-d270-4a08-8f67-85f4967a923d,Red & White,89600320,2,10.0,9.5,20.0,4c010ae2-567a-4d9a-a3ee-7be8b0099de4,Piece,2
6d7f4b01-44c9-4281-94f3-e35d71aed72a,e34d0fa1-a910-4755-aff7-186582f999d0,8af4077d-37f1-441f-936d-9507cb56ca9d,candy,1232784048698,4,5.0,3.5,20.0,7534df49-d891-461a-8b69-7d03cb9ce755,Piece,4
ac26e52f-0c88-45df-8823-6592d14455cb,e4756338-a598-473a-b4c7-4632f760292d,9863fa08-b141-4a19-959c-fc1dae64e577,pepsi 1.5L,012000800085,1,210.0,163.0,210.0,8e6db930-330d-46af-a62c-e673e3d938a7,Piece,1
c5a8ae40-d4e6-4ba7-a9e6-20aef41b9f95,e4e27a47-84bb-49e3-9bff-a245dc246679,113a9bd7-369e-49d6-8331-ce4d03854d07,BOUNCE,8961103503527,1,10.0,8.9,10.0,5e4f1b89-1d0b-4c9b-8a0f-d7298eafafdb,Piece,1
6bd6fcc1-5e40-475e-bd73-e7c92ecc3a53,e5271d95-47d3-4f6b-afff-f2257c2433c9,e7bb27c1-bd26-4412-b66a-aa1baf0cb1fd,Elfy,1231473425567,1,30.0,12.0,30.0,9c05f1c3-40ab-43d3-bc49-c9c2d37a7f86,Piece,1
5b9614e5-e8f4-4c8b-9a6b-0118e657695c,e83de39c-aaef-40c9-8be7-eb7f5d42a611,b21064d9-07ce-42e8-8bdf-a7c61df06adb,jet spoort,8721274610482,1,40.0,29.38,40.0,347ee8ca-b35c-456e-a2d3-8c9b2417b33e,Piece,1
4c045e5f-ecea-4683-b3ec-99a4f1635521,e83de39c-aaef-40c9-8be7-eb7f5d42a611,bcbfb413-a2aa-4b4b-aa6e-51227d61ac74,FIZUP 1.5L,8964001179412,1,180.0,130.0,180.0,a46a0498-3708-46b8-93a2-7e1719aaeac2,Piece,1
89f6ca48-991f-4821-a4bf-ebdf4f520c85,eaa06f44-79f1-4f43-8c88-a88d7f1a50f5,53f03778-6742-4faf-b4d5-a61296bc20bf,FRUTACHU ORANGE,8964003698218,1,100.0,50.0,100.0,9fe89f97-18af-4150-90b4-5096d30cbebd,Piece,1
d31a1c33-3b67-4e53-98fd-d28b33665476,eac4ac89-230c-49c6-bbf1-611b13390240,ebecba97-a5dc-432a-a675-b07992cfe188,DUNHILL,89600047,20,30.0,29.5,600.0,4d75b869-1d20-4862-9c75-0c8a26f90c5d,Box,1
c54fb173-f068-4094-b58f-c6359a59035f,eb015460-d2af-46e9-9b91-bc59902e7175,113a9bd7-369e-49d6-8331-ce4d03854d07,BOUNCE,8961103503527,1,10.0,8.9,10.0,5e4f1b89-1d0b-4c9b-8a0f-d7298eafafdb,Piece,1
e6b3c632-936d-4b5c-a6de-476eba732dd0,eb015460-d2af-46e9-9b91-bc59902e7175,36a30f2b-248a-4769-bc28-046500d0daf4,bar,1230421521603,1,10.0,5.0,10.0,9c505cbc-8e3d-4e6a-a8f2-96b2991c3bee,Piece,1
eaca7a01-7938-434b-8048-4b744dc54623,f1508728-53ac-4bc3-8d2a-d4c0f7360c97,10ebe327-96fb-4e2c-9292-ee7ccf3b8127,local fry,8964000695555,1,10.0,8.0,10.0,ca63db85-6796-4904-8894-101cfc6813be,Piece,1
6736085f-b59f-4c85-90de-bc076eecf255,f1d04f8c-2c00-41af-bafd-14ec0fcb22ad,2505a9e6-32d6-425c-8c5d-d31507ce904d,lighter,1236376536280,1,40.0,21.0,40.0,4b1a6d94-51e0-4c20-8be3-f4e43962efbf,Piece,1
154ebf37-601b-40b6-91c8-df772a40b9b7,f260cd62-54d6-4826-9f83-8c944cbfb69a,30e73934-8b1f-4e5b-8a7e-459183ab89ff,BENSON & HEDGES,ZIC2321183204,20,15.0,14.0,300.0,bd464178-34a5-4c51-ab7a-fb38e14501f9,Box,1
8440425a-4e85-420d-b54d-10b63bcac39c,f2977dcc-dd9a-48f4-ad9f-9b4796b7119f,20a6b7b0-b32d-4ef7-a68f-a34e139e6aa7,Fruiten joy Mango,8964000876466,1,70.0,45.41,70.0,0e8ea209-a7c4-4e46-aaf4-45fd453bdec9,Piece,1
3679dd29-472f-4288-b08c-259e18ba3c30,f2977dcc-dd9a-48f4-ad9f-9b4796b7119f,ad8cfb55-0904-485b-900f-035591c78774,Gluco Teddy c,8964002527373,1,40.0,36.0,40.0,9c7e8315-3e15-47f1-9a01-17989eeb9a47,Piece,1
5fc54433-7ef6-4886-8a26-c7029ae701e9,f2977dcc-dd9a-48f4-ad9f-9b4796b7119f,0383457d-1f9f-4703-983e-18bd38d2a79c,tedy,8964004771040,1,60.0,40.0,60.0,17eb82a7-363d-497b-90aa-c646a76433eb,Piece,1
662f62db-6af6-48bb-9691-fa2a798415ff,f2977dcc-dd9a-48f4-ad9f-9b4796b7119f,1a9db450-bde7-4119-ba96-710c52c9a641,Tops Mango,2020042410108,1,140.0,91.6,140.0,26de4e9f-5c5a-4d98-83d4-2454e112bb9d,Piece,1
4730d22e-300e-4f4a-8421-dcb47df58fa9,f2977dcc-dd9a-48f4-ad9f-9b4796b7119f,052bc035-870d-4abb-8648-338b99bea7d6,MELLO,8964001435525,1,10.0,9.0,10.0,1eb8706e-7c5c-4b63-9af0-311768873056,Piece,1
6f82b9ab-f961-4e96-ae2a-8e94e4a06df6,f2977dcc-dd9a-48f4-ad9f-9b4796b7119f,8f272532-b008-4f8d-88b7-c1d98b8479b0,LAYS Y&H,8964002345670,1,30.0,27.0,30.0,66b973e5-9238-4e42-9914-21193d1f0b37,Piece,1
021eb517-74ce-4f25-bf71-8ab655709381,f2977dcc-dd9a-48f4-ad9f-9b4796b7119f,8af4077d-37f1-441f-936d-9507cb56ca9d,candy,1232784048698,3,5.0,3.5,15.0,7534df49-d891-461a-8b69-7d03cb9ce755,Piece,3
10bacb0a-8ccd-4c31-862f-cd1f5e34ea05,f34331dd-35a0-46c6-a4b9-574ef2b97512,07a0a801-1a80-4505-9e73-bf513e54c9f6,popcorn caramel,745240202042,3,150.0,100.0,450.0,dcc56dcd-a1a9-467c-82b2-3b01843b8b9a,Piece,3
fbd4c2d8-47ca-4744-bcbd-e4230ba014bd,f34331dd-35a0-46c6-a4b9-574ef2b97512,00d1562c-b414-4583-a7bf-82b121a047ec,popcorn salted,8242000152835,3,80.0,60.0,240.0,0b287bdc-602e-4b0a-922f-a4aff65f3fb6,Piece,3
c5eaf3cf-bd32-47aa-9f7b-f6c34c13d60a,f34331dd-35a0-46c6-a4b9-574ef2b97512,11975fa1-f050-46e8-b0d5-83427794f425,lays classic,8964002345588,7,50.0,45.0,350.0,75c16be8-627b-4a4a-a730-fe3ef81b9530,Piece,7
c0b5cda0-d971-4d7a-bbe5-43c4230d392a,f34331dd-35a0-46c6-a4b9-574ef2b97512,d43a6e92-5604-44fa-b95a-d7a378b93536,Lays FC,8964002345601,1,50.0,46.0,50.0,e707af65-3e99-49c6-83b0-d861d0ecbf1e,Piece,1
8a62ec59-bad4-4b21-a570-63ba8e3a1e2a,f3c434a6-ffd3-4e90-b8b3-34df372e7749,d258d862-8463-431b-ac56-5545e120c5ae,big lychee 500ml,1860074054601,1,120.0,54.1,120.0,486d58bf-cb59-4fac-9f01-5cf149100228,Piece,1
f9d62138-eee8-47ae-ba9c-95afcfc74222,f3c434a6-ffd3-4e90-b8b3-34df372e7749,aeec8327-c8e3-49ae-830d-5ae48228671a,DISPOSIBLE GLASS,1233763958519,2,5.0,1.7,10.0,2bc021cb-4f78-4684-ad9e-7fae8bd628d9,Piece,2
0e119c0a-1a38-4ce1-a421-6b4f30b0a396,f44b8a81-1c92-4146-9429-10e2607a79ae,c394cc41-51cb-49e9-ac0c-65d58bafba88,tops lychee,8964004433115,1,140.0,92.0,140.0,449dfcea-6750-4c24-a42e-9eb08a4f6a25,Piece,1
9b0259ba-e663-4eb5-a881-5b0237385d52,f44b8a81-1c92-4146-9429-10e2607a79ae,a9b9dee8-a9ab-43b1-959d-1d501d696dbf,American Basil Seed,0092552944338,1,180.0,112.5,180.0,90733463-fdfe-4ee9-b61a-b0dd5390895a,Piece,1
6d91b3b1-65ec-4e25-a276-c4a47d520c36,f502279a-e876-4d16-86be-6a8b73b9b583,63fe89d4-f01e-4150-ab4a-58b86b4f68f3,FV Apple,8961008223506,1,90.0,67.79,90.0,d186c76e-6990-4e3d-a2c7-61c79db536bf,Piece,1
5bcd1e9f-5cdd-4296-b5fd-06daba8da671,fa75065e-7425-4d1a-b66a-c5e6cf3052eb,5a5154d9-6994-4dee-9011-efd865af1c8f,GOLD LEAF,1232097295550,2,30.0,25.0,60.0,ff8b0ab8-fd25-4bb6-aafb-a79e8e63a846,Piece,2
c85ee28f-4d28-4558-a23c-5f05543d8754,fa75065e-7425-4d1a-b66a-c5e6cf3052eb,d8f89ad3-02ac-4798-bd1b-2d1d17aa2b54,kite match stick,745178816045,1,5.0,3.0,5.0,052b3a03-75fd-4be6-97f3-c90634e0f3df,Piece,1
257e8b60-7280-4356-8cf3-22ed0a44ccaa,fc2ac5a5-af96-4ee4-af96-227a010c22ec,e76e19e5-ca3c-4ff3-b7b7-4949885b860e,Choc Bar,8721274610581,1,50.0,40.0,50.0,a4fb8af0-18c1-4dc5-a88a-59255effa804,Piece,1
587a6b3f-96ab-4a7e-8665-7d99f707086f,fc9c6ecf-205d-4d4f-abf2-24976e9662d4,5fd22afa-5470-4c6d-ade9-029b9f0ee115,DUBAI KUNFA,6033699608190,1,200.0,116.0,200.0,61842b77-fd22-4d95-a074-cf9567ea5ab9,Piece,1
4a0cea99-ac8b-42fd-bc50-73e9649f9fdf,fcd76bac-2bd0-4709-836c-bbd0a49e7ce9,296944b9-ea79-469c-8425-f11d6e4b7eed,CAPSTAN RED,1230364618200,20,12.5,12.1,250.0,e9169ce5-618b-4046-9957-a321013f7b75,box,1
125b5ad4-3244-46ec-97c2-4f9fe879cc5c,fe101952-90dc-417c-9ada-5d63505eacbb,f90716c0-c257-43d7-bd86-41d0c90f56db,MILCOLU,8961003602016,1,40.0,35.38,40.0,117ff4ac-0b90-4025-a4dc-63af9aabaef5,Piece,1
5ec81335-4273-4028-8e76-52c2988e6167,fe101952-90dc-417c-9ada-5d63505eacbb,16aaea48-fe9c-4a96-8c0e-5fa79cd3fca1,cocomo,8961103500359,3,10.0,9.5,30.0,60a15580-472f-4b42-8bb2-2863cf1872c0,Piece,3
cc75e71f-6b92-43fb-95c6-6be28d0df33b,febf0f0f-1c36-4b74-8348-d03b6a302838,ea60b0c6-77c4-4daf-823d-c986621a9cce,sooper,8964002526031,1,20.0,18.75,20.0,e36be056-1423-4612-bb8b-492116231275,Piece,1
ee08f65f-f17c-4b71-a51c-04d6be077fff,febf0f0f-1c36-4b74-8348-d03b6a302838,12b2be12-d0a6-4da3-804e-f01c740ee3e1,CakeUp D-CHOCOLATE,8964003594084,1,30.0,27.0,30.0,8126f22b-c6b4-4840-8931-403ad63735e6,Piece,1
77c7ed1a-515d-4eed-8896-d45ff29684bc,febf0f0f-1c36-4b74-8348-d03b6a302838,821da543-538c-44dd-bb73-5734877b8878,Cake Up,ZIC6883102095,1,30.0,27.0,30.0,306f6a7e-870b-4233-9a71-d6d95964d55b,Piece,1
b50fd866-7388-44c3-a863-91dbc4c4d7b3,ff25afff-ca83-40bc-9e94-5dc50c181092,11975fa1-f050-46e8-b0d5-83427794f425,lays classic,8964002345588,2,50.0,45.0,100.0,75c16be8-627b-4a4a-a730-fe3ef81b9530,Piece,2
43dcf68e-97c9-470d-874d-00edeb8c7016,012e038b-d366-4893-ad65-6bc3186cd8ad,9ed06880-e15b-44ae-876b-3fcca222bad2,sooper,8964004770456,1,50.0,45.0,50.0,f3625b26-f234-4633-b395-5d2ebc6a6cc8,Piece,1
77d13eb6-f140-4f4b-8aa7-2ecaf3e8fc80,0211c6c5-8a97-4925-9f60-ba2823f30c2b,296944b9-ea79-469c-8425-f11d6e4b7eed,CAPSTAN RED,1230364618200,3,15.0,12.1,45.0,a1bc6a6f-ad8f-468b-afac-44ec8574811d,Piece,3
90985ad4-7516-4a08-a5ae-b19d6e80ce20,0211c6c5-8a97-4925-9f60-ba2823f30c2b,d8f89ad3-02ac-4798-bd1b-2d1d17aa2b54,kite match stick,745178816045,1,5.0,3.0,5.0,052b3a03-75fd-4be6-97f3-c90634e0f3df,Piece,1
363394bf-5719-4a59-a269-dad8cebe564c,02620fea-e08e-454f-bd76-0c2467b80dde,2c73a736-486c-4dbf-8528-fe9ce200d4e8,COCA COLA 1.5L,5449000051981,1,210.0,164.0,210.0,3970e731-82d1-42c7-95be-861d4545f819,Piece,1
fe1a95cd-96c3-4449-895a-36acaf9766e3,02620fea-e08e-454f-bd76-0c2467b80dde,296944b9-ea79-469c-8425-f11d6e4b7eed,CAPSTAN RED,1230364618200,20,12.5,12.1,250.0,e9169ce5-618b-4046-9957-a321013f7b75,box,1
8bde640a-771b-44b6-a911-7387c4bafc1e,02620fea-e08e-454f-bd76-0c2467b80dde,183f01fb-73db-4261-83e7-b3b8fa486321,gala,8961003632617,1,40.0,36.0,40.0,6a550706-cf63-4362-a239-b293046932b3,Piece,1
2592124b-ff09-4d70-8882-8e249c9f8d67,0287cfd7-d356-4fa1-97e1-277cdcf3c09a,b21064d9-07ce-42e8-8bdf-a7c61df06adb,jet spoort,8721274610482,1,40.0,29.38,40.0,347ee8ca-b35c-456e-a2d3-8c9b2417b33e,Piece,1
ee65102a-c6aa-4422-a69a-4c56cf6fb79c,059aee17-7cce-4b4f-847b-0216fd231311,5a5154d9-6994-4dee-9011-efd865af1c8f,GOLD LEAF,1232097295550,1,30.0,25.0,30.0,ff8b0ab8-fd25-4bb6-aafb-a79e8e63a846,Piece,1
7d9383c4-6742-4679-910c-60eeda8e39d1,059aee17-7cce-4b4f-847b-0216fd231311,4ea8ab87-bf13-4523-b83d-509c89f52789,hockey match stick,9231012019358,1,5.0,3.0,5.0,21683564-a53b-4d8c-a0a6-4066d1367085,Piece,1
86618c72-4d3d-42a8-b9ce-41fb9a5865f6,059aee17-7cce-4b4f-847b-0216fd231311,8af4077d-37f1-441f-936d-9507cb56ca9d,candy,1232784048698,1,5.0,3.5,5.0,7534df49-d891-461a-8b69-7d03cb9ce755,Piece,1
ecc5da9c-4cd1-42bb-b58a-2f63e0eff5d9,0711672e-a3b8-4e35-bf03-b57432022d04,39905ed3-9f89-4613-a137-ace26f488a8f,WATERMELON JELLY,8961103501059,2,50.0,45.0,100.0,508f43a1-6b23-4bb2-93c7-890b6c3c5678,Piece,2
9c658455-9b78-4671-ab6e-2a36abdfd274,0711672e-a3b8-4e35-bf03-b57432022d04,113a9bd7-369e-49d6-8331-ce4d03854d07,BOUNCE,8961103503527,1,10.0,8.9,10.0,5e4f1b89-1d0b-4c9b-8a0f-d7298eafafdb,Piece,1
a9f03f6c-2392-44b1-bcee-4bb515612977,0711672e-a3b8-4e35-bf03-b57432022d04,e433e9b7-af19-4259-880e-b957f60e9ace,Yums Sour,870572007444,2,10.0,9.0,20.0,0277bb75-afa1-4184-bb47-605280ed541e,Piece,2
a1acd139-e10e-4cbc-828e-d425dee53c81,0711672e-a3b8-4e35-bf03-b57432022d04,b670459a-e326-4490-bf85-c717dd6912df,SLICE APPLE,8964000103104,1,80.0,43.4,80.0,962458d9-d8a4-496e-b26d-a36295416f95,Piece,1
6ffd55dd-ea3d-4cd0-ae19-315b5193be90,0711672e-a3b8-4e35-bf03-b57432022d04,e55f9b15-e456-4841-9cb1-f57f07bf46b8,FRUITIEN APPLE,8964000876503,1,70.0,45.41,70.0,4eea30fe-1cb9-411a-84f7-1da5f5b3e6c2,Piece,1
eb273752-fe19-4abf-8e22-5676c12281d1,0711672e-a3b8-4e35-bf03-b57432022d04,382387eb-6272-4738-b2d5-3361fa6fc3ca,Potato Sticks,671866277501,1,50.0,46.25,50.0,bc63250f-fd30-4ca2-a788-3340c09f9c89,Piece,1
ce82be8b-b747-4005-97dd-72685f808e12,07bbfdbd-1c3d-469f-8870-1174aa0513c9,b2fa9a08-2130-4d3b-a1f9-f39f694cc18c,Surf Excel S/pack,8961014264760,3,10.0,9.1,30.0,f62c8014-7e26-49a7-9f35-a5eb92f1347c,Piece,3
d0822d57-2ad0-4dab-8167-4570140762b1,0ab31c47-4525-46ed-98c7-9402005e1397,296944b9-ea79-469c-8425-f11d6e4b7eed,CAPSTAN RED,1230364618200,20,12.5,12.1,250.0,e9169ce5-618b-4046-9957-a321013f7b75,box,1
36ea7555-73e7-4f16-9189-bd19fdcb1618,0ab31c47-4525-46ed-98c7-9402005e1397,a8845b15-c816-4634-9dff-70d954fd37a6,ARCO LIGHTER,1239536364303,1,200.0,72.0,200.0,e5860ef9-efb7-4a59-8b20-446e25dbf22e,Piece,1
9647147f-7f23-4f5e-9bb3-a9a165666f5c,0b095389-522b-431c-8eb2-a42acb82895a,e1c7461f-fe2c-43cc-b072-ab2fcdd767ed,olper pack,8964000919934,6,100.0,85.0,600.0,610b7a9f-fa8f-480c-8da4-d5bb1121252c,Piece,6
5e52f3c9-7a61-4d98-9766-8e187ecd573b,0b095389-522b-431c-8eb2-a42acb82895a,4cea3ad1-a2e0-446c-a7c1-e4db7dcd0334,DAIRY CREAM,8961008218328,1,250.0,222.0,250.0,c4ed031f-f232-4473-b5c2-764a3572c2f4,Piece,1
88769137-b998-42c3-9c36-bfc0aa35c26f,0b095389-522b-431c-8eb2-a42acb82895a,a8fb4a82-e252-4c84-8c6b-81bd57ee943e,TANG PINEAPPLE,7622201719340,1,350.0,320.0,350.0,8d91ca9f-b052-4805-b12b-e2ad604b3356,Piece,1
4f9915c3-8300-472f-a779-eb624ed33cc6,0b095389-522b-431c-8eb2-a42acb82895a,8f272532-b008-4f8d-88b7-c1d98b8479b0,LAYS Y&H,8964002345670,2,30.0,27.0,60.0,66b973e5-9238-4e42-9914-21193d1f0b37,Piece,2
70854a0e-5c5b-4e8f-bc08-36cf686b7076,0b095389-522b-431c-8eb2-a42acb82895a,5e884914-bb41-4b1f-accc-ce0d6446028c,Cake up choclate,8964004771279,2,30.0,27.0,60.0,3e6c01eb-63f7-4c6c-a9f1-ae60afed6e96,Piece,2
d55681b1-7a35-4f5d-a68a-46e2085c19c9,0b095389-522b-431c-8eb2-a42acb82895a,af25740f-3f10-435d-88c0-a4f84dd64b0d,tuc,8961003623172,2,10.0,9.06,20.0,d03f37dc-dff5-4d8c-b8f8-7609b1a7153a,Piece,2
19f8a8aa-7797-4f34-85da-9f7d56c86a23,0b095389-522b-431c-8eb2-a42acb82895a,35975484-bb93-4bfb-97c2-d359b967925e,paradise,870572004665,2,10.0,9.0,20.0,8bd05ef6-f7f5-4c81-8fd1-f7a9ff3b1af8,Piece,2
f64cf056-cc50-45b6-ad28-fa1c144a3e58,0b095389-522b-431c-8eb2-a42acb82895a,63909d32-ff7d-4238-875b-2d7ebffedc72,sprite 500 ml,54491069,1,130.0,85.0,130.0,bbbc982c-4ef4-4a12-bdb5-82b369ee4edf,Piece,1
998726f0-4461-47f7-984f-cacf4be606c8,0cd48a98-0764-4813-afd2-88626592f5d9,6c638712-ec0a-46e1-b10b-4c87c1aafbd1,Rio D chocolate,8964003593889,1,20.0,18.0,20.0,3cb151df-f867-4d51-a94f-ecee7a230789,Piece,1
11917ea3-86cc-492e-b02e-10b75ccbad5d,1039356b-1b60-4657-99d7-4cde540a5bbd,89f084ac-a196-47fb-8e25-4e4bd3160c50,STING SMALL,8964000101551,1,100.0,73.0,100.0,24a9904c-bbbb-433e-b85c-bc70707d653c,Piece,1
5e56876e-941e-48ac-a15e-bdbddab332c2,1236d5c1-64e7-4f60-8b25-81ad3a8c2aa8,296944b9-ea79-469c-8425-f11d6e4b7eed,CAPSTAN RED,1230364618200,20,12.5,12.1,250.0,e9169ce5-618b-4046-9957-a321013f7b75,box,1
785c992f-6882-4c14-aeaa-40578449813b,12832115-0878-4b18-b654-3058283eec2c,6b21c075-c752-4bf7-a4c2-2a4c8441c546,sifarish khan,1232255618481,1,30.0,25.0,30.0,289e28e9-66d0-4026-9fd4-67bfa88cb04c,Piece,1
d8a0da9d-d2f3-4f9b-b716-05fa7e723246,12f2ad74-fe9a-49a0-b787-efdb44d2b1ba,0598f36f-238a-4506-8951-fe60be7df3ee,FUDGE BROWNIE,8961103502773,2,50.0,45.0,100.0,53ef4e3d-eaf3-4057-9164-50a3bf2e6bba,Piece,2
b315523d-6c1c-44c6-a2fa-8217dee9428d,12f2ad74-fe9a-49a0-b787-efdb44d2b1ba,5e884914-bb41-4b1f-accc-ce0d6446028c,Cake up choclate,8964004771279,2,30.0,27.0,60.0,3e6c01eb-63f7-4c6c-a9f1-ae60afed6e96,Piece,2
d84739ca-607c-4767-b974-e28bebea7ac5,12f2ad74-fe9a-49a0-b787-efdb44d2b1ba,19fb2202-9dfc-4599-a043-6cb86016dcf3,cake up triple CHOCO.......,8964003592004,1,50.0,45.66,50.0,15d2421f-7ec6-4110-a1e6-d3c37df25d10,Piece,1
0b9453a8-37d4-48ff-b22e-6f3fbc04d9b9,12f2ad74-fe9a-49a0-b787-efdb44d2b1ba,af25740f-3f10-435d-88c0-a4f84dd64b0d,tuc,8961003623172,2,10.0,9.06,20.0,d03f37dc-dff5-4d8c-b8f8-7609b1a7153a,Piece,2
f24a0ac9-db72-4db8-ac52-5b337ce2da95,12f2ad74-fe9a-49a0-b787-efdb44d2b1ba,e4a686bb-19ba-4778-90a2-e323343d0808,chocolicious,8964002759583,2,30.0,27.0,60.0,641f8c3e-0e8f-48b9-afed-00059e46c752,Piece,2
9d88414e-3b44-45da-99b6-f5583e4b587e,12f2ad74-fe9a-49a0-b787-efdb44d2b1ba,109f0961-2390-4f0e-95c9-77552f711ec0,nimko mix,8964003812157,2,20.0,18.0,40.0,ab9e7059-c60b-45c9-bcbb-069352fd3477,Piece,2
eaceb927-7ec0-4ece-8159-2bb7da2780e0,133dcd88-db60-4515-9973-4da790ece981,234c787c-e5e2-4047-bb07-95d114219d2e,AQUA DIRE 0.5 Ltr,5901234039710,1,60.0,22.0,60.0,bc7e8655-4e7a-409b-a5c5-6b9e2e262dff,Piece,1
48c83277-3a73-43ef-b5c3-8dced2f61a55,150f4424-6533-4bdb-9eab-be98c8ce1c59,5a5f040e-fd6f-4546-a9bf-88a8502c9def,DETTOL,6001106309428,2,250.0,207.0,500.0,ee092ae3-8104-4397-b2db-eeab0e70d491,Piece,2
23432762-105b-4e17-88dd-51ec710118c9,159ccc47-0e10-4899-adb0-90b0f55306b5,33819376-e267-418a-adf2-b6190c956759,DEW 1.5L,8964000101117,1,210.0,163.3,210.0,f669561e-4418-41a3-9cb7-31974a38d7c4,Piece,1
6e0322ae-0949-48aa-b59c-f64bce41b85c,159ccc47-0e10-4899-adb0-90b0f55306b5,aeec8327-c8e3-49ae-830d-5ae48228671a,DISPOSIBLE GLASS,1233763958519,4,5.0,1.7,20.0,2bc021cb-4f78-4684-ad9e-7fae8bd628d9,Piece,4
b9cd6666-7d92-4bcc-86a7-9aa6ae7f3005,16203b2c-ce12-4578-bab0-d11b9092e048,6c6ccff1-14e0-4b77-884d-ac35c4441fbd,MOO,8961014017595,1,50.0,44.08,50.0,486c4a3e-978a-4702-95e2-9d661806f528,Piece,1
e0adc4b6-4744-401f-b12d-b75f82760423,16203b2c-ce12-4578-bab0-d11b9092e048,41d9e0ab-6f7d-4c0e-992b-2b4acdbcfcc1,choco bar,8961014034578,1,50.0,35.0,50.0,d9d8be68-a70a-41f2-8c48-7c964f86733e,Piece,1
51f89f7d-4cd6-42a0-a4bf-b8ff412acbe4,1708e57d-8405-4d76-87d6-c232ebf5aac8,d708baee-e4e6-44b7-89a0-5214eeebce4f,prince chocolate,8961003612572,1,50.0,45.0,50.0,556d6997-f2ee-4658-8b85-23a47795b274,Piece,1
df50822d-f8ac-4909-a4c9-39df26325ab7,1708e57d-8405-4d76-87d6-c232ebf5aac8,e101e5a8-3410-4e60-af94-bbe948876ffd,CANDY ORIGINAL,8961003679759,2,50.0,44.5,100.0,1391b547-210a-4a66-a3ca-93d482b74abf,Piece,2
ecd4aa4e-61df-40c4-8a9e-6d1aeabd90fc,170e02a9-dc30-470f-8ff0-e8dbcef29d2b,2347cc4b-9f81-49db-8864-35a43da6769a,FANTA ANAAR,5449000231079,1,100.0,86.0,100.0,c99a9e12-907c-4ef7-84f5-609a8c269002,Piece,1
f24c7789-b3f4-4d82-9274-317f3f08137f,175863b4-5553-4fdb-9a3b-3e5a28ae05e1,df83db32-d270-4a08-8f67-85f4967a923d,Red & White,89600320,5,10.0,9.5,50.0,4c010ae2-567a-4d9a-a3ee-7be8b0099de4,Piece,5
22080b9c-24cf-4a82-b75e-77a534eacc7a,1a33f185-2340-48f6-bd7f-dee54eea7255,5fa7b670-a9ae-4c2a-91c9-127169fe241a,Polo Rings,8964002429813,1,20.0,17.0,20.0,ce364afd-071d-4919-b5f1-7a6822519a4a,Piece,1
3ca5ca8d-06c2-454b-bb83-75bc95c435c3,1a33f185-2340-48f6-bd7f-dee54eea7255,5e884914-bb41-4b1f-accc-ce0d6446028c,Cake up choclate,8964004771279,1,30.0,27.0,30.0,3e6c01eb-63f7-4c6c-a9f1-ae60afed6e96,Piece,1
3e1e8441-9502-406d-bd71-0db9c34dd96e,1a33f185-2340-48f6-bd7f-dee54eea7255,052bc035-870d-4abb-8648-338b99bea7d6,MELLO,8964001435525,5,10.0,9.0,50.0,1eb8706e-7c5c-4b63-9af0-311768873056,Piece,5
78d300e0-7278-408e-85a6-8fe555dc6e07,1a33f185-2340-48f6-bd7f-dee54eea7255,e433e9b7-af19-4259-880e-b957f60e9ace,Yums Sour,870572007444,1,10.0,9.0,10.0,0277bb75-afa1-4184-bb47-605280ed541e,Piece,1
74cc768e-aeca-4b57-8e06-78afc03ecf78,1a33f185-2340-48f6-bd7f-dee54eea7255,58b9cbcf-5f16-4a20-9bbc-5557b5fcb908,chunkin,8964201532291,3,10.0,8.33,30.0,3e650368-f188-4421-b8fb-6fb0b9f85d53,Piece,3
2e1b96e3-cf45-4d6e-aef3-5fc7630cb6f6,1a33f185-2340-48f6-bd7f-dee54eea7255,e7c49791-2e20-4a02-8387-8c135ed96d76,gluco,8964003594060,1,10.0,9.0,10.0,41899d05-7d4c-45f9-b7fe-460d9c20d67f,Piece,1
82f3b868-3d55-4a48-9ffa-bbbe5cc8ab50,1a33f185-2340-48f6-bd7f-dee54eea7255,78564755-1ca2-44ee-a56d-8f13ab72d017,CocoMo Orange,8961103500397,2,10.0,9.3,20.0,707ce536-76a6-44d6-87ed-083e67a00c72,Piece,2
c7632ef5-9327-4fa0-bc22-d8ce16fd0875,1a33f185-2340-48f6-bd7f-dee54eea7255,b8106d87-eb2b-4a4c-bcd9-ebd7b40708e2,lays classic,8964000090596,1,20.0,18.0,20.0,1f70884a-93dd-4a74-954a-95cc02ac4bf6,Piece,1
2512c2a0-49bc-42e5-9475-c79b11d13445,1a33f185-2340-48f6-bd7f-dee54eea7255,19fb2202-9dfc-4599-a043-6cb86016dcf3,cake up triple CHOCO.......,8964003592004,1,50.0,45.66,50.0,15d2421f-7ec6-4110-a1e6-d3c37df25d10,Piece,1
80d14af4-f343-4eb3-bbe8-fb8a83159c95,1a33f185-2340-48f6-bd7f-dee54eea7255,045336a9-6e35-481f-bc73-7a5720d220cc,MELLO,8964001435518,1,10.0,9.0,10.0,beb04b66-8168-4ad7-b046-02c8feb0459b,Piece,1
7cc19388-985b-489d-a394-4b38edb6a8ad,1a33f185-2340-48f6-bd7f-dee54eea7255,216ab9f0-65b5-4cc7-93c1-8d21ecc3f3bb,Chocolatto,8961102508868,1,20.0,18.0,20.0,5103e0a4-abf3-4e1f-9116-b8f2aba5efb1,Piece,1
7cf5955e-3c00-4d2c-8d7d-ffa28ec1deb9,1a33f185-2340-48f6-bd7f-dee54eea7255,10ebe327-96fb-4e2c-9292-ee7ccf3b8127,local fry,8964000695555,1,10.0,8.0,10.0,ca63db85-6796-4904-8894-101cfc6813be,Piece,1
a36f60bb-a93b-4f78-9f19-cd65c4c947bb,1a33f185-2340-48f6-bd7f-dee54eea7255,821da543-538c-44dd-bb73-5734877b8878,Cake Up,ZIC6883102095,1,30.0,27.0,30.0,306f6a7e-870b-4233-9a71-d6d95964d55b,Piece,1
edac1bb7-6bb5-46f0-887b-3eef4f03cdf7,1a33f185-2340-48f6-bd7f-dee54eea7255,06a512e3-0ca6-4c2f-9513-6c706bfca20d,RINGO,5901243142371,1,10.0,9.0,10.0,2d0f898f-810e-4a6a-92b3-07ebf9c6aa64,Piece,1
52ce06b2-dd53-41a5-a1cb-2893ef5d4b12,1bc19286-56f6-4b44-a81e-9e55123db2c7,1ee9644a-ed90-4704-b230-aad125a02878,paradise,8961102504556,1,50.0,41.67,50.0,80f8cdf3-36fb-4dd6-ab2a-b96485a358ef,Piece,1
f7a9db9b-d71b-4974-a205-4320405c34e2,1bc19286-56f6-4b44-a81e-9e55123db2c7,304ce1d5-e0dc-46d8-91d7-310e86b2d095,7up 300ml,8964000103289,1,90.0,65.0,90.0,bcee3595-62d4-4dab-8748-22b68cbb802b,Piece,1
71282438-945f-4b16-80f4-2c3851c1ea37,1bc19286-56f6-4b44-a81e-9e55123db2c7,1a9db450-bde7-4119-ba96-710c52c9a641,Tops Mango,2020042410108,1,140.0,91.6,140.0,26de4e9f-5c5a-4d98-83d4-2454e112bb9d,Piece,1
4b019cf8-cc54-4339-8f18-0719d87823ec,1d22dee3-e3a1-40d7-a660-126a7f019aac,8c7f6d6a-e322-4288-a670-4414a8a98916,MIRINDA 345ML,8964000103319,1,90.0,65.0,90.0,b74ab95f-e6b2-4273-aabd-fb4a21df03a1,Piece,1
5265b558-a57f-4a78-978e-0892f33a5760,1de47920-102f-4675-9316-43ab0b48b020,10ebe327-96fb-4e2c-9292-ee7ccf3b8127,local fry,8964000695555,2,10.0,8.0,20.0,ca63db85-6796-4904-8894-101cfc6813be,Piece,2
76700a87-1f2f-4b4e-84bf-f964f53f0126,1f62f2f1-6ce0-4de9-ae75-141dae46bcae,d258d862-8463-431b-ac56-5545e120c5ae,big lychee 500ml,1860074054601,1,120.0,54.1,120.0,486d58bf-cb59-4fac-9f01-5cf149100228,Piece,1
6116ca7f-5507-4db3-8d07-08425999e569,1f62f2f1-6ce0-4de9-ae75-141dae46bcae,821da543-538c-44dd-bb73-5734877b8878,Cake Up,ZIC6883102095,3,30.0,27.0,90.0,306f6a7e-870b-4233-9a71-d6d95964d55b,Piece,3
5604c72b-e02c-4e3c-8aa4-332e161be352,1f62f2f1-6ce0-4de9-ae75-141dae46bcae,514d46ef-9706-43e2-98e7-dce570579f6c,Lays T BBQ,8964002346806,1,70.0,63.5,70.0,1a8b83aa-3bdd-4f01-9033-54e7e2048ccd,Piece,1
464b8743-4e49-4879-a891-c6eafdf322f2,2092594b-aa64-448d-b755-905067ea0bd5,6c6ccff1-14e0-4b77-884d-ac35c4441fbd,MOO,8961014017595,2,50.0,44.08,100.0,486c4a3e-978a-4702-95e2-9d661806f528,Piece,2
d75d85e8-9164-4817-a5f9-6eddba2467df,21b2ffa3-a122-4af7-903d-6951a2a83dd1,1eca10c5-4891-4e75-8bc9-221518fac91e,Krisko Darbari,2152255622556,1,50.0,41.0,50.0,583fc009-71c4-47c6-b1d0-84701feb3920,Piece,1
5f979ed6-60ec-4fb4-95b1-d73f7c1bc172,21b2ffa3-a122-4af7-903d-6951a2a83dd1,9ed06880-e15b-44ae-876b-3fcca222bad2,sooper,8964004770456,1,50.0,45.0,50.0,f3625b26-f234-4633-b395-5d2ebc6a6cc8,Piece,1
308b0b1e-44c9-4bf0-99b2-d62fd523ffa5,220bb89b-9a53-4cd0-bb89-c9ea3193ad3d,6b21c075-c752-4bf7-a4c2-2a4c8441c546,sifarish khan,1232255618481,1,30.0,25.0,30.0,289e28e9-66d0-4026-9fd4-67bfa88cb04c,Piece,1
61f3219f-bcde-474b-8f66-bdf7221ff27d,25db3a81-fef2-4c04-b3c0-43840aa1b138,d24bbc5f-3fd1-410d-9a57-74e81ed86362,Zia Peanut,8964003813390,1,50.0,41.6,50.0,cbb97db4-8292-477b-a912-3174dca1594b,Piece,1
106f0540-fdd7-4629-b4eb-fdd909627d46,25db3a81-fef2-4c04-b3c0-43840aa1b138,d708baee-e4e6-44b7-89a0-5214eeebce4f,prince chocolate,8961003612572,1,50.0,45.0,50.0,556d6997-f2ee-4658-8b85-23a47795b274,Piece,1
dc5ffe7b-0ecc-4d0a-8376-6ff1d410a415,25db3a81-fef2-4c04-b3c0-43840aa1b138,0decd090-8dd8-4a88-827f-0cbc8bd528a2,Chocolate Chip,8961102882845,1,30.0,27.0,30.0,48d1ab0c-d823-42d1-a672-95441d4c3598,Piece,1
2b86dc87-ea33-4eb1-8c57-0ff5822abe29,25db3a81-fef2-4c04-b3c0-43840aa1b138,fc973d06-9999-433b-9a73-7f752c73233d,chip hop c,8961102505485,1,30.0,27.91,30.0,57413692-b5d5-496e-a7a7-439dc7c060a7,Piece,1
4d4feadc-458a-4292-a0e6-3c3e429b1126,25db3a81-fef2-4c04-b3c0-43840aa1b138,403ea510-fb07-48bc-a730-8f1f2391b3be,STING L,8964000101704,1,140.0,105.8,140.0,7b817808-9ae8-4d8f-9f89-3f3e11cfe183,Piece,1
24d6363a-e18f-4d75-8b55-e31519142f11,290ca57b-6d2d-4a61-b6ce-43eb08a210d3,234c787c-e5e2-4047-bb07-95d114219d2e,AQUA DIRE 0.5 Ltr,5901234039710,1,60.0,22.0,60.0,bc7e8655-4e7a-409b-a5c5-6b9e2e262dff,Piece,1
a056570f-9add-450b-a27c-ca4b75cbf21d,290ca57b-6d2d-4a61-b6ce-43eb08a210d3,b21064d9-07ce-42e8-8bdf-a7c61df06adb,jet spoort,8721274610482,1,40.0,29.38,40.0,347ee8ca-b35c-456e-a2d3-8c9b2417b33e,Piece,1
272cf724-859f-44f1-900c-898013606c6b,294fd32c-8b92-4e22-986a-c0cb0f4bf1ba,d116e873-c5f4-4c8b-ba20-0b2e40d2895d,tokyo wape refill 30 mg,1235912520622,1,300.0,20.0,300.0,5b192d67-fd00-41b2-916a-baeeeaa76469,Piece,1
e1f6fd37-7103-4174-bc51-3bb1ec5fb83e,2a016e6c-2715-4cec-a960-f3b67dcc1d44,a7fcee9f-5f78-4516-9707-487140348ce3,Gave nector ,8964000876152,3,90.0,62.08,270.0,adc344b9-9afa-40d9-922c-5b43e2a7c43f,Piece,3
229ba0db-94a1-4f16-a772-fd1e207643b2,2a016e6c-2715-4cec-a960-f3b67dcc1d44,4c4dabeb-f38d-4b74-9761-7ceb4eae10a3,FV PEACH,8961008223490,5,90.0,66.0,450.0,96308f78-05ab-4321-898a-3e9f87753eae,Piece,5
33b4ff98-74a2-45ee-a538-61606865fe79,2a016e6c-2715-4cec-a960-f3b67dcc1d44,a3649557-f3b6-4a2d-80a9-9a5447a3ebb3,Lays Y&H,8964002345625,5,50.0,45.8,250.0,0330369f-7d98-41fd-9a17-6bd07de63b61,Piece,5
51543b95-8f6a-4e12-9aed-2e809eb96bab,2bd9adb3-fa3c-4a09-ba25-b4339f16ce12,e76e19e5-ca3c-4ff3-b7b7-4949885b860e,Choc Bar,8721274610581,11,50.0,40.0,550.0,a4fb8af0-18c1-4dc5-a88a-59255effa804,Piece,11
78ae90a1-1375-44f7-9858-182560f54ca6,2bd9adb3-fa3c-4a09-ba25-b4339f16ce12,1ef410cd-7a94-44af-b517-d8100813a45a,DONUT,8961014017564,5,100.0,91.16,500.0,9c11edf3-677c-4388-941e-807919db36a3,Piece,5
83176a8d-acf9-463c-9697-c1dcf66bcefa,2bd9adb3-fa3c-4a09-ba25-b4339f16ce12,234c787c-e5e2-4047-bb07-95d114219d2e,AQUA DIRE 0.5 Ltr,5901234039710,6,60.0,22.0,360.0,bc7e8655-4e7a-409b-a5c5-6b9e2e262dff,Piece,6
0e387cd3-1164-4bbf-9962-9a40b424171a,2c57cc80-3b7c-4285-80b7-60341e9d92d2,6b21c075-c752-4bf7-a4c2-2a4c8441c546,sifarish khan,1232255618481,1,30.0,25.0,30.0,289e28e9-66d0-4026-9fd4-67bfa88cb04c,Piece,1
da7f3e95-d743-40e5-8d4a-52e22b1557a2,2cba2cfa-aa9e-4f72-b245-16f71aa079a5,6b21c075-c752-4bf7-a4c2-2a4c8441c546,sifarish khan,1232255618481,1,30.0,25.0,30.0,289e28e9-66d0-4026-9fd4-67bfa88cb04c,Piece,1
70e96d84-f1ca-400d-ad90-338e67a2a30d,2d2de3a0-c2e5-4244-a2bf-f7399015de54,a16b3e1a-5089-4346-8643-5d46df7ee333,HASH SLANTY,6632548785244,2,30.0,18.33,60.0,f855e68b-6316-4f69-be77-64fbf493db54,Piece,2
77ed0545-a83a-4572-b243-0caa80573a1e,2d2de3a0-c2e5-4244-a2bf-f7399015de54,93379316-dccb-444f-9d95-131228d6cf0f,Cheetos,8964002346707,2,50.0,31.0,100.0,8405e14b-806f-477f-9f05-dc9572eb9b3d,Piece,2
e0634574-edf2-4e62-8bb5-a73b1e45c02a,2d2de3a0-c2e5-4244-a2bf-f7399015de54,20a6b7b0-b32d-4ef7-a68f-a34e139e6aa7,Fruiten joy Mango,8964000876466,2,70.0,45.41,140.0,0e8ea209-a7c4-4e46-aaf4-45fd453bdec9,Piece,2
e8f21ade-4915-4d09-aa40-39839d0b0e83,2d2de3a0-c2e5-4244-a2bf-f7399015de54,5e884914-bb41-4b1f-accc-ce0d6446028c,Cake up choclate,8964004771279,2,30.0,27.0,60.0,3e6c01eb-63f7-4c6c-a9f1-ae60afed6e96,Piece,2
6686a9ed-a93c-4743-81fc-686c1a3fbc5e,2e15b913-38d3-4f32-a50f-7ba2c589aa3d,4276cb15-7ab5-4090-9a33-f37c947bddf2,umdah tea,8964004543180,1,10.0,8.5,10.0,f6b0242d-633c-4904-abe4-19f33873c70c,Piece,1
60c58f22-2c84-4271-b910-c0d259944ab3,2ec55f1c-df0b-47b7-8ff3-b393929fdc0b,296944b9-ea79-469c-8425-f11d6e4b7eed,CAPSTAN RED,1230364618200,2,15.0,12.1,30.0,a1bc6a6f-ad8f-468b-afac-44ec8574811d,Piece,2
94fddb71-a557-4e62-80a1-cf29454a554c,2f5d1b77-59d8-45fd-8a16-e4443a32843b,11975fa1-f050-46e8-b0d5-83427794f425,lays classic,8964002345588,2,50.0,45.0,100.0,75c16be8-627b-4a4a-a730-fe3ef81b9530,Piece,2
87004a9e-3114-44bb-b460-62a66bc5f928,2f5d1b77-59d8-45fd-8a16-e4443a32843b,514d46ef-9706-43e2-98e7-dce570579f6c,Lays T BBQ,8964002346806,1,70.0,63.5,70.0,1a8b83aa-3bdd-4f01-9033-54e7e2048ccd,Piece,1
56a2f7a3-8670-4191-8dbd-a5a2c0a0448b,2f5d1b77-59d8-45fd-8a16-e4443a32843b,974851e3-6a77-4a75-b263-4666098c4ae5,Lays Masala,8964002346912,1,70.0,63.75,70.0,177832b6-40a2-4948-af00-6754a30a0f67,Piece,1
caf6a0d2-8f3d-4f8c-b633-8dddc53a1ba1,369056f0-65b1-4496-9301-47e62c98082c,296944b9-ea79-469c-8425-f11d6e4b7eed,CAPSTAN RED,1230364618200,2,15.0,12.1,30.0,a1bc6a6f-ad8f-468b-afac-44ec8574811d,Piece,2
728a341f-a348-46d1-b3e2-794d50c04952,3758549a-93c7-4d01-a5fc-36026a151733,fc374670-9121-4cb8-8484-dd7d77476ba6,Pista PiK,8964002759378,1,40.0,37.5,40.0,fe87193f-f32d-4a64-9396-76aa9f6e317a,Piece,1
3cb45656-7c96-4684-9209-a348370fecd7,3758549a-93c7-4d01-a5fc-36026a151733,85681bdc-ee0e-4592-bf40-94b1d13d0e85,candi,8961003674228,1,10.0,9.0,10.0,b848b8b4-36fc-4af7-bd0d-f7258c18b02c,Piece,1
031722e6-2cfd-4651-8553-d1e1f2e572e8,3758549a-93c7-4d01-a5fc-36026a151733,b21064d9-07ce-42e8-8bdf-a7c61df06adb,jet spoort,8721274610482,1,40.0,29.38,40.0,347ee8ca-b35c-456e-a2d3-8c9b2417b33e,Piece,1
165e5718-3034-46d8-99bd-7595c674cd6d,37e2d9a5-6c46-40e0-8718-b67319b2d658,6b21c075-c752-4bf7-a4c2-2a4c8441c546,sifarish khan,1232255618481,1,30.0,25.0,30.0,289e28e9-66d0-4026-9fd4-67bfa88cb04c,Piece,1
8ca52fc8-ca89-4996-ad42-1d01cbc9543f,37e2d9a5-6c46-40e0-8718-b67319b2d658,df83db32-d270-4a08-8f67-85f4967a923d,Red & White,89600320,2,10.0,9.5,20.0,4c010ae2-567a-4d9a-a3ee-7be8b0099de4,Piece,2
83f1a26f-ec6e-404b-b3be-a54680a5d109,38075905-3a9d-485d-bef8-4c43758dc81e,6e609b5a-1ddc-49e5-8671-2c94cad76beb,national salt,620514001166,1,70.0,50.0,70.0,708a8e44-217f-47cd-a368-f6988840193d,Piece,1
805cbaed-d026-46a9-84cd-b713c0849b8b,38469c40-24d4-4fd5-a7c9-3b0a767e883e,d8f89ad3-02ac-4798-bd1b-2d1d17aa2b54,kite match stick,745178816045,2,5.0,3.0,10.0,052b3a03-75fd-4be6-97f3-c90634e0f3df,Piece,2
68e7f3ce-846c-47a6-b4ba-ded2c6d7bad4,3d104267-e000-475a-9f4b-3f790608c1e3,2f0bd3d2-d095-4cbd-a674-9d1776c2e43a,Zia Mix Nimco,8964002429936,2,50.0,41.6,100.0,60f345fa-41ee-4b27-8c95-1a22adb06e14,Piece,2
48acdaaf-ebb6-4d02-bc5e-a87b19950d31,3d104267-e000-475a-9f4b-3f790608c1e3,03cb2c93-1cf5-4097-9dd8-7287afaec200,Predator,5061013968225,1,70.0,53.91,70.0,5706758d-bd03-47db-b19e-4a4b7b1d547d,Piece,1
02ca8d70-baf4-4a55-925c-529370b6d694,3d7a1aed-e525-4eba-a277-c87428094c75,2440c3fe-cb5d-4334-8fc5-67e70ab781b0,ROSE PEATEL PERFUMED,8961006010467,2,480.0,390.0,960.0,c78fb216-5e86-4736-be4e-5b749e35582b,Piece,2
9490bb34-78c0-4c69-97dd-76590d5f1748,3e0ab30d-502b-4978-8881-9992ded866cc,6b21c075-c752-4bf7-a4c2-2a4c8441c546,sifarish khan,1232255618481,1,30.0,25.0,30.0,289e28e9-66d0-4026-9fd4-67bfa88cb04c,Piece,1
e562751c-43cb-4a2c-b1fa-ba1dddbc9a38,3e0ab30d-502b-4978-8881-9992ded866cc,8af4077d-37f1-441f-936d-9507cb56ca9d,candy,1232784048698,2,5.0,3.5,10.0,7534df49-d891-461a-8b69-7d03cb9ce755,Piece,2
0e5ebb93-d0c7-43f5-8608-aef2d04cf69e,3eca0e44-9d97-413a-9540-52e6a849b57d,c1d97058-aebf-4116-bd64-150baee6a79f,SMILE Strawberry,8964002758913,1,50.0,45.83,50.0,eb7fe099-0d97-48ba-a6cd-20e13e769038,Piece,1
c9c138e9-c93e-4638-a10f-8f7ff5b09155,3eca0e44-9d97-413a-9540-52e6a849b57d,b21064d9-07ce-42e8-8bdf-a7c61df06adb,jet spoort,8721274610482,1,40.0,29.38,40.0,347ee8ca-b35c-456e-a2d3-8c9b2417b33e,Piece,1
a1b33b6f-13e7-48db-ad2a-026f96694e7c,3eca0e44-9d97-413a-9540-52e6a849b57d,5a5154d9-6994-4dee-9011-efd865af1c8f,GOLD LEAF,1232097295550,1,30.0,25.0,30.0,ff8b0ab8-fd25-4bb6-aafb-a79e8e63a846,Piece,1
04ce6214-7a84-4818-982d-8ce1934098c1,40b7b172-528d-4632-a257-3ee6f74e97a2,e1c7461f-fe2c-43cc-b072-ab2fcdd767ed,olper pack,8964000919934,1,100.0,85.0,100.0,610b7a9f-fa8f-480c-8da4-d5bb1121252c,Piece,1
7060e8f1-8614-41ce-92de-c0dd70eec590,40b7b172-528d-4632-a257-3ee6f74e97a2,10ebe327-96fb-4e2c-9292-ee7ccf3b8127,local fry,8964000695555,5,10.0,8.0,50.0,ca63db85-6796-4904-8894-101cfc6813be,Piece,5
19ea61f6-258f-4bcf-b406-b66d6e7982cb,40b7b172-528d-4632-a257-3ee6f74e97a2,296944b9-ea79-469c-8425-f11d6e4b7eed,CAPSTAN RED,1230364618200,8,15.0,12.1,120.0,a1bc6a6f-ad8f-468b-afac-44ec8574811d,Piece,8
63570066-cb0f-47a9-9ac9-ff3103ae5683,40b7b172-528d-4632-a257-3ee6f74e97a2,6b21c075-c752-4bf7-a4c2-2a4c8441c546,sifarish khan,1232255618481,1,30.0,25.0,30.0,289e28e9-66d0-4026-9fd4-67bfa88cb04c,Piece,1
d0e5ef47-3817-4dd8-a82c-49ce8c21cfc9,40fc006a-3b6b-40d0-a3a5-4882013d7dcc,b670459a-e326-4490-bf85-c717dd6912df,SLICE APPLE,8964000103104,1,80.0,43.4,80.0,962458d9-d8a4-496e-b26d-a36295416f95,Piece,1
2fe5ee06-fc46-4e13-98fc-b0ac5f960297,40fc006a-3b6b-40d0-a3a5-4882013d7dcc,ba790275-119d-4f7a-b9d6-2228bf0d7226,badam makkan,095742223213,2,10.0,4.1,20.0,43a1d058-e491-40ad-a268-fc88b700be34,Piece,2
dd7e6e3c-4a5a-4a2a-9d88-87b27103c4a9,41e8a603-273f-421d-bdbd-366ec6931560,9b8a64b3-0eff-49bd-a7e9-7ae1f4c6211f,Capstan White,89600078,2,15.0,12.5,30.0,2ee97f16-83f8-4fe8-8004-f20228fc010c,piece,2
d512b730-39c0-4fdf-9cc8-3cdb58f0afc3,42db6284-92d9-4a16-8c15-8d50ab9e60ed,bdfbec09-02b6-43e1-834e-c6f25f2250da,egg,1239923458738,12,22.5,20.44,270.0,bdd4c51e-e07c-42e7-b727-d85d00d994f8,dozen,1
ac9d770c-b9a2-450a-b6b4-7252f2277667,42db6284-92d9-4a16-8c15-8d50ab9e60ed,ba790275-119d-4f7a-b9d6-2228bf0d7226,badam makkan,095742223213,2,10.0,4.1,20.0,43a1d058-e491-40ad-a268-fc88b700be34,Piece,2
77966637-ecc1-4822-9a9b-79af29821dc2,445bcbd3-a38e-4379-8701-a72f0f492edf,18916bb3-c4ef-4ac2-b07a-3665a93c8f23,LIFEBUOY,8961014266016,1,10.0,9.38,10.0,9fe045e9-9c6c-4b82-aca7-1fe5a7a76f64,Piece,1
ec8f63ef-98b3-4053-83e1-f5123eb2c35f,461b23d6-62ce-46e6-b12e-da910247afa4,9b8a64b3-0eff-49bd-a7e9-7ae1f4c6211f,Capstan White,89600078,6,15.0,12.5,90.0,2ee97f16-83f8-4fe8-8004-f20228fc010c,piece,6
12a8d385-6a2a-4225-bd5c-056055d356af,469dc34d-6a41-42ea-9cf0-1676340d5cb0,e1c7461f-fe2c-43cc-b072-ab2fcdd767ed,olper pack,8964000919934,2,100.0,85.0,200.0,610b7a9f-fa8f-480c-8da4-d5bb1121252c,Piece,2
8d2a1c85-d457-4b45-9a53-37e948219b4a,48a1d234-9437-4676-8f73-2d39c53f7ded,c29dd8dc-32c9-4d09-8dbb-5ee9dd61868b,AQUA DIRE 1.5 Ltr,5901234021753,2,110.0,40.0,220.0,049066b6-d4ed-4ed7-8fc6-a3dde75baa95,Piece,2
b7c6f8fa-01e4-4214-a569-bb9611c34d81,49a50406-5d13-4ace-9033-364724f8871e,2505a9e6-32d6-425c-8c5d-d31507ce904d,lighter,1236376536280,1,40.0,21.0,40.0,4b1a6d94-51e0-4c20-8be3-f4e43962efbf,Piece,1
d93113d2-1bf7-4b26-8679-9627deffd527,4b85ad56-03e2-41a8-8135-825fb84ca6dc,6482d25a-9808-4c92-b465-ee560059c9dd,super crisp,8964000585788,1,100.0,91.66,100.0,f3388e4e-6061-43a5-b9cb-a99dd2022276,Piece,1
ad9620af-734f-4305-80c6-78d004eda701,4b85ad56-03e2-41a8-8135-825fb84ca6dc,3f550dac-b5c1-4fe5-a86a-e846e4e42f47,Lays FC,8964000090435,1,100.0,91.6,100.0,f2a38d82-ace0-44e5-a46a-ea432df7e748,Piece,1
d0f1a983-0339-4c7b-8cf7-4bb5efdcca28,4b85ad56-03e2-41a8-8135-825fb84ca6dc,c75320df-735c-44fe-b32d-46b0170ef53a,Lays Masala,8964000090428,1,100.0,92.3,100.0,b77ba773-b9e7-4763-9761-47c66a223bd9,Piece,1
e8b5e06d-c693-42b3-83e1-bd3d90f9af26,4b85ad56-03e2-41a8-8135-825fb84ca6dc,a0a5cd34-cdb1-4257-bbcf-8061295bca3a,lemon malt,1860236002037,1,120.0,79.02,120.0,5e6a96d5-81b1-4fc3-b9ca-4cde167b0c08,Piece,1
84df1dad-7b61-4ff0-928b-0f219ce88b41,4b85ad56-03e2-41a8-8135-825fb84ca6dc,07656a28-45c4-4da2-9701-c175887c82b5,Chaunsa mango nector,8964000876084,1,90.0,62.08,90.0,9b1ee20c-6a35-495d-bf76-dd0c4c74e379,Piece,1
2412ac23-b5fb-428e-b0c6-6171bd8b5ba6,4b85ad56-03e2-41a8-8135-825fb84ca6dc,58b5e23c-2fbf-49e9-857a-fd0245e4b537,7up 500ML,8964002343959,1,130.0,91.66,130.0,9ef0b418-16b3-446f-95ba-f5c1931f9e3a,Piece,1
8c59a1d5-d962-4c6b-93b7-fcb471f04d8f,4b85ad56-03e2-41a8-8135-825fb84ca6dc,1a9db450-bde7-4119-ba96-710c52c9a641,Tops Mango,2020042410108,1,140.0,91.6,140.0,26de4e9f-5c5a-4d98-83d4-2454e112bb9d,Piece,1
3d677c06-f31e-4d05-a8a6-e024eb63848b,4be5f0e5-aa5f-4a42-8039-2e5550e830a5,e433e9b7-af19-4259-880e-b957f60e9ace,Yums Sour,870572007444,1,10.0,9.0,10.0,0277bb75-afa1-4184-bb47-605280ed541e,Piece,1
451f3a8f-a4c6-4f42-be79-af3c827b1fed,4be5f0e5-aa5f-4a42-8039-2e5550e830a5,36a30f2b-248a-4769-bc28-046500d0daf4,bar,1230421521603,1,10.0,5.0,10.0,9c505cbc-8e3d-4e6a-a8f2-96b2991c3bee,Piece,1
5fb44900-6715-4bde-8b72-ebfe13139e6b,4c63737a-8d3d-427a-98f5-5908482e039c,f9995743-8d14-45d2-be1e-1054f9e04de0,Murree Sparkletts 1.5L,1860201136828,1,110.0,74.0,110.0,8d732b9a-5588-4ceb-af41-c0fdeab4686e,Piece,1
dd33e5f8-b08f-469e-a64c-7da61cdfd9a9,4c8a697a-cb05-4605-8030-cc1515076bb6,296944b9-ea79-469c-8425-f11d6e4b7eed,CAPSTAN RED,1230364618200,1,15.0,12.1,15.0,a1bc6a6f-ad8f-468b-afac-44ec8574811d,Piece,1
e242645a-10ce-4724-816f-0012597348d0,54442ffc-9b6c-4a7d-814b-03e998eddf25,296944b9-ea79-469c-8425-f11d6e4b7eed,CAPSTAN RED,1230364618200,2,15.0,12.1,30.0,a1bc6a6f-ad8f-468b-afac-44ec8574811d,Piece,2
c4841bb7-f6b4-4eea-9ea7-dfc75fa5cb69,563ba004-905a-4761-8576-cb10ff04a795,54d50e5e-c808-4bdf-ae3d-bef310784f59,EVERYDAY POCKET TISSUES,1237505540970,2,20.0,8.0,40.0,c47a9994-3f1a-4ca6-ba9d-78b4c39e02e0,Piece,2
92113f62-318a-4fdf-9bc0-103dc9e141e8,564d0811-84a7-4d96-8f3e-b1c641dca15a,6b21c075-c752-4bf7-a4c2-2a4c8441c546,sifarish khan,1232255618481,1,30.0,25.0,30.0,289e28e9-66d0-4026-9fd4-67bfa88cb04c,Piece,1
e50c78f5-f04d-445e-86f0-a3a37bda89c2,579d0505-f4f7-4dd1-b24e-2510568bed64,296944b9-ea79-469c-8425-f11d6e4b7eed,CAPSTAN RED,1230364618200,6,15.0,12.1,90.0,a1bc6a6f-ad8f-468b-afac-44ec8574811d,Piece,6
efc5b246-39d9-4adb-aad9-9ad3fdf5335a,58245285-5a22-4d33-a00b-955587429470,b2fa9a08-2130-4d3b-a1f9-f39f694cc18c,Surf Excel S/pack,8961014264760,2,10.0,9.1,20.0,f62c8014-7e26-49a7-9f35-a5eb92f1347c,Piece,2
7b46cc88-172b-4535-9285-fbb9d48e0d51,58245285-5a22-4d33-a00b-955587429470,9b8a64b3-0eff-49bd-a7e9-7ae1f4c6211f,Capstan White,89600078,3,15.0,12.5,45.0,2ee97f16-83f8-4fe8-8004-f20228fc010c,piece,3
b7a577fd-ab60-4671-95c5-3730fd3f728d,58b76ef3-0f90-4196-99a6-042e283a07eb,bdfbec09-02b6-43e1-834e-c6f25f2250da,egg,1239923458738,2,22.5,20.0,45.0,1a65cdb6-05dd-4c13-8555-642c6262bc4e,Piece,2
cbb335b3-2d26-4e38-b752-f34e3855887c,58b76ef3-0f90-4196-99a6-042e283a07eb,8af4077d-37f1-441f-936d-9507cb56ca9d,candy,1232784048698,1,5.0,3.5,5.0,7534df49-d891-461a-8b69-7d03cb9ce755,Piece,1
24ff200d-9411-48a8-aef5-bc375b827a7f,58b76ef3-0f90-4196-99a6-042e283a07eb,c3551759-c1ef-47f5-b230-77bce4c2f476,Brite s/pack,8886950015279,2,10.0,9.17,20.0,65d64d63-9e6f-4416-9618-7a79123a69a1,Piece,2
242770d9-da62-4e94-ab3c-0ca5fd1f938b,592c8ab7-ba5f-4661-ba0d-b08216e28e81,11975fa1-f050-46e8-b0d5-83427794f425,lays classic,8964002345588,1,50.0,45.0,50.0,75c16be8-627b-4a4a-a730-fe3ef81b9530,Piece,1
9b3c8f73-1ae8-43f1-a9a4-efd0bb01e357,592c8ab7-ba5f-4661-ba0d-b08216e28e81,df83db32-d270-4a08-8f67-85f4967a923d,Red & White,89600320,20,10.0,9.5,200.0,a78e4c95-45be-4924-8611-a298b7f20e54,Box,1
4d2ac85a-6270-40f5-ad41-9b5ca39b3f9e,59aa034d-4d39-4880-8fd9-3e18f3773c2a,234c787c-e5e2-4047-bb07-95d114219d2e,AQUA DIRE 0.5 Ltr,5901234039710,2,60.0,22.0,120.0,bc7e8655-4e7a-409b-a5c5-6b9e2e262dff,Piece,2
fcc27a43-529b-4598-b4c7-a304e3c30030,59aa034d-4d39-4880-8fd9-3e18f3773c2a,b670459a-e326-4490-bf85-c717dd6912df,SLICE APPLE,8964000103104,1,80.0,43.4,80.0,962458d9-d8a4-496e-b26d-a36295416f95,Piece,1
a071a45d-df36-473f-85e1-e8ad5bd23199,59aa034d-4d39-4880-8fd9-3e18f3773c2a,66df3d12-aa8d-486d-9453-71ff83e9c349,HARVEST BLESSING,725765019110,1,100.0,50.0,100.0,3d0746b5-edc3-4bdb-b424-00495bba7b62,Piece,1
92de240c-9eee-4682-80d6-04b5fae12d61,5a829954-7d54-4805-94d5-8ef43bb03868,df83db32-d270-4a08-8f67-85f4967a923d,Red & White,89600320,5,10.0,9.5,50.0,4c010ae2-567a-4d9a-a3ee-7be8b0099de4,Piece,5
462cf83e-7b7d-4763-980a-9d635942e5d6,5ae57daa-1e1c-4bf7-ae40-0466faf775c8,34fcbdaa-61f9-43a9-bf4e-af3a98e0db39,G Break Fluid L,7289697463111,1,550.0,310.0,550.0,ba2f1c72-d59f-4e67-935f-a38602ad2150,Piece,1
fa5b1797-8972-4a31-a5c2-2a013ae22304,5bd643be-5276-4853-bfc2-013a461dd029,41152a49-b04e-44b9-af44-6b319088669e,Lightning cable,1233118572162,1,1000.0,200.0,1000.0,75465814-1d7a-4d86-a1f3-81fb2f19f3ff,Piece,1
e778d236-1444-4bf5-b749-9a86c9653a5e,5bd643be-5276-4853-bfc2-013a461dd029,ed95a182-23cb-4cf8-aa6b-ff99acccc24f,USB-C 20W,190198889966,1,3000.0,500.0,3000.0,4e25c18a-6f85-45bf-ad3e-c2be8781fb24,Piece,1
454e03b5-5c77-46df-ba92-21cbfa5b2ebf,5bf24acd-3a12-4d8a-9df8-29584a8edef1,8af4077d-37f1-441f-936d-9507cb56ca9d,candy,1232784048698,4,5.0,3.5,20.0,7534df49-d891-461a-8b69-7d03cb9ce755,Piece,4
86e911c3-26d0-4d0a-b96d-41d9a22b122b,5c24af59-80b4-4016-93bd-91c56e51d2a7,986fdfa7-0d1f-4581-980f-f56c15fe2708,dayfresh chocolate,8964000816516,1,150.0,97.0,150.0,6922c626-8f0e-463a-aa49-2c8a8df73c59,Piece,1
0c5d7dee-18c6-44ac-853b-30895fc4cd8d,5c24af59-80b4-4016-93bd-91c56e51d2a7,4c4dabeb-f38d-4b74-9761-7ceb4eae10a3,FV PEACH,8961008223490,1,90.0,66.0,90.0,96308f78-05ab-4321-898a-3e9f87753eae,Piece,1
930ef079-3760-420a-a23c-06807b1f0865,5c24af59-80b4-4016-93bd-91c56e51d2a7,296944b9-ea79-469c-8425-f11d6e4b7eed,CAPSTAN RED,1230364618200,1,15.0,12.1,15.0,a1bc6a6f-ad8f-468b-afac-44ec8574811d,Piece,1
fd72409b-2c5f-4994-b5f6-5f26e6be33bc,5c24af59-80b4-4016-93bd-91c56e51d2a7,8af4077d-37f1-441f-936d-9507cb56ca9d,candy,1232784048698,2,5.0,3.5,10.0,7534df49-d891-461a-8b69-7d03cb9ce755,Piece,2
3536e065-f069-44e9-be66-dab960abfc28,5c24af59-80b4-4016-93bd-91c56e51d2a7,2505a9e6-32d6-425c-8c5d-d31507ce904d,lighter,1236376536280,1,40.0,21.0,40.0,4b1a6d94-51e0-4c20-8be3-f4e43962efbf,Piece,1
0496ab91-84b2-41c0-b20a-aca3f4b8fc6a,5c983e92-8f73-443b-9761-2f04b6cbc164,403ea510-fb07-48bc-a730-8f1f2391b3be,STING L,8964000101704,2,140.0,105.8,280.0,7b817808-9ae8-4d8f-9f89-3f3e11cfe183,Piece,2
0cefdf81-2bf9-4579-aaf3-27e180e62561,5c983e92-8f73-443b-9761-2f04b6cbc164,296944b9-ea79-469c-8425-f11d6e4b7eed,CAPSTAN RED,1230364618200,20,12.5,12.1,250.0,e9169ce5-618b-4046-9957-a321013f7b75,box,1
90fa2c7c-a6af-42d0-99a7-17489ed49859,5c983e92-8f73-443b-9761-2f04b6cbc164,44f948a7-dfee-400d-8118-6be56a359129,LAYS BBQ,8964002346677,1,100.0,93.18,100.0,9fb90044-760d-4926-bdc8-deca0e5e9880,Piece,1
b8061067-f212-4781-9333-c6916d57cf78,5c983e92-8f73-443b-9761-2f04b6cbc164,d18d182c-a161-4eac-8bf3-e06f2da97205,Coated Peanuts Salt,8964003812188,1,50.0,41.6,50.0,83de5732-9503-435f-9fd0-05179ae90ddc,Piece,1
7c71c463-c02b-43e3-bd16-8660cced599a,5e58b0f9-2654-4fa3-b3a9-6a88826047eb,296944b9-ea79-469c-8425-f11d6e4b7eed,CAPSTAN RED,1230364618200,20,12.5,12.1,250.0,e9169ce5-618b-4046-9957-a321013f7b75,box,1
d81d76f2-89e9-44f8-bc7c-c77f7f6ac410,5e58b0f9-2654-4fa3-b3a9-6a88826047eb,6b21c075-c752-4bf7-a4c2-2a4c8441c546,sifarish khan,1232255618481,1,30.0,25.0,30.0,289e28e9-66d0-4026-9fd4-67bfa88cb04c,Piece,1
6d7aeaef-15f7-408d-9cad-23e985290437,5ea1c7e1-4305-48e3-a0b0-999bfc63af23,296944b9-ea79-469c-8425-f11d6e4b7eed,CAPSTAN RED,1230364618200,3,15.0,12.1,45.0,a1bc6a6f-ad8f-468b-afac-44ec8574811d,Piece,3
63196783-1de1-413f-a6de-e6e1851a9acc,5ea1c7e1-4305-48e3-a0b0-999bfc63af23,8af4077d-37f1-441f-936d-9507cb56ca9d,candy,1232784048698,3,5.0,3.5,15.0,7534df49-d891-461a-8b69-7d03cb9ce755,Piece,3
b3b7a9db-129b-4486-ae05-65c83a9977f6,5f3ac7cd-1853-4a4f-9576-bf40fac484ab,0084bf1f-7beb-4c04-9848-2ce0fa28b44e,Chaunsa Mango Cup,8961014033755,1,90.0,77.55,90.0,648aa092-3ee6-4c96-87c6-5610d6e3e4dc,Piece,1
caabed10-9736-483c-bde0-8fe0db0e116f,5f3ac7cd-1853-4a4f-9576-bf40fac484ab,89f4f035-f9a1-4494-a13d-25aea03393fc,Cornetto Strawberry,8961014032239,1,90.0,76.5,90.0,8f48d8d3-dbb8-4cd5-9d62-c9ae8c01c33b,Piece,1
3b94c5fb-65b5-499a-b21b-1f0a474fb1f2,5f3ac7cd-1853-4a4f-9576-bf40fac484ab,7439380d-ff71-4b92-b2ff-56899ca87c0d,tridgum,9555407311019,2,10.0,4.09,20.0,b3c50399-f52e-4960-bdd6-5ef8d99c8de1,Piece,2
1fb9ddc4-4309-444f-a038-7e9f63b201ca,5faae959-67a4-408b-975c-9c1cedb816da,9863fa08-b141-4a19-959c-fc1dae64e577,pepsi 1.5L,012000800085,1,210.0,163.0,210.0,8e6db930-330d-46af-a62c-e673e3d938a7,Piece,1
0f7fc25b-7af1-442d-a905-9a509e887023,61e741cc-8da7-4e3b-bf36-72a62493f719,dc6c043a-aee3-44fe-9e69-206f74154f8b,luster rose,9812121221155,1,20.0,5.0,20.0,89eadc6e-2039-4466-85cb-2bd8ef56c0c7,Piece,1
ee525f96-9c12-4af1-ba94-5400c0db2f73,62e9a294-d1cd-4bb2-86ea-5164d603a46c,6eabb009-fbe6-4018-9f9e-90fbe3bdbd63,SPRITE MINT 1.5ML,5449000216854,1,210.0,166.0,210.0,6e8a956c-f49c-4535-ad7c-0d0897468117,Piece,1
8cfb08a2-0ac5-4375-846a-53aeaeedb800,62e9a294-d1cd-4bb2-86ea-5164d603a46c,2076a146-9376-46e2-94e8-9967d3cd53c5,Sprite 1L,5449000050939,1,170.0,133.0,170.0,91a6b489-9f54-49c4-99e9-c7010383fe3c,Piece,1
7d7cf3e0-3313-4ab9-9eb7-edb2e9cc228b,62e9a294-d1cd-4bb2-86ea-5164d603a46c,77833fff-a52e-4d5a-8536-89536491aec6,DASANI 1.5L,5449000098504,1,110.0,80.0,110.0,878c9be8-5b64-4895-bcd1-c0817948669a,Piece,1
a851cf79-deb0-4614-901a-7061e1f243c7,62e9a294-d1cd-4bb2-86ea-5164d603a46c,aeec8327-c8e3-49ae-830d-5ae48228671a,DISPOSIBLE GLASS,1233763958519,4,5.0,1.7,20.0,2bc021cb-4f78-4684-ad9e-7fae8bd628d9,Piece,4
dd3b8870-b17a-4737-bb38-240fefae615a,665835fb-2cf1-464d-b8bc-8562f28760f4,00d8ce95-d58b-4cb2-822d-88801af04ab0,BRITE J/S,8886950015293,1,50.0,46.6,50.0,ccedcd35-5e20-4985-8b90-0fa74c7ce9f0,Piece,1
1239627b-ee3a-4539-916f-672209ee59ff,665835fb-2cf1-464d-b8bc-8562f28760f4,dff1cf5b-43c0-4680-8382-ae8626dc47af,lifeboy,8961014270624,1,10.0,9.0,10.0,b7a61655-08ca-49d1-8cce-7cd80df1103d,Piece,1
ce5260ec-8167-41d3-b358-dff81450664c,666310c2-d5c5-4697-b8da-73cd8c871b52,296944b9-ea79-469c-8425-f11d6e4b7eed,CAPSTAN RED,1230364618200,2,15.0,12.1,30.0,a1bc6a6f-ad8f-468b-afac-44ec8574811d,Piece,2
8ebcadee-efef-4295-aa11-33b9708b1e13,698f8981-7d42-4102-940a-6258846470fb,8af4077d-37f1-441f-936d-9507cb56ca9d,candy,1232784048698,2,5.0,3.5,10.0,7534df49-d891-461a-8b69-7d03cb9ce755,Piece,2
053ad15c-3795-4036-a655-9895bf66d3a1,699cb870-4a81-4b88-b72d-836a8051c97a,296944b9-ea79-469c-8425-f11d6e4b7eed,CAPSTAN RED,1230364618200,1,15.0,12.1,15.0,a1bc6a6f-ad8f-468b-afac-44ec8574811d,Piece,1
d20d5d7b-b989-410c-afcf-646636275295,6d756cd7-00f7-4231-aa76-fe4133b97986,9863fa08-b141-4a19-959c-fc1dae64e577,pepsi 1.5L,012000800085,1,210.0,163.0,210.0,8e6db930-330d-46af-a62c-e673e3d938a7,Piece,1
edc1bea7-7e70-48d4-8477-bf019efa90ac,6d75b132-a858-47f0-82a5-fdcc052a3e4e,9b8a64b3-0eff-49bd-a7e9-7ae1f4c6211f,Capstan White,89600078,3,15.0,12.5,45.0,2ee97f16-83f8-4fe8-8004-f20228fc010c,piece,3
8b6c4af8-3d53-4dd7-a42e-ade63f643b1f,6f459920-9a5f-40cd-9406-cf7bdacc8a8a,7439380d-ff71-4b92-b2ff-56899ca87c0d,tridgum,9555407311019,3,10.0,4.09,30.0,b3c50399-f52e-4960-bdd6-5ef8d99c8de1,Piece,3
5de57a1c-6937-416a-80ed-c57bd4cb6408,7257b33e-1de7-41aa-b3d0-717b379b3197,296944b9-ea79-469c-8425-f11d6e4b7eed,CAPSTAN RED,1230364618200,1,15.0,12.1,15.0,a1bc6a6f-ad8f-468b-afac-44ec8574811d,Piece,1
86927146-b165-4236-92d8-696c49c98537,7257b33e-1de7-41aa-b3d0-717b379b3197,8af4077d-37f1-441f-936d-9507cb56ca9d,candy,1232784048698,1,5.0,3.5,5.0,7534df49-d891-461a-8b69-7d03cb9ce755,Piece,1
a284fc7e-58b3-4fda-899d-b4dec5225593,738d952e-ab6b-490e-81dc-c5784af2b809,b774485e-d9ac-4d19-83fd-38f4fbd186be,Ringli,745240202097,1,60.0,45.83,60.0,f34784af-8398-4785-ba46-8eec841cc57d,Piece,1
eea3662c-a802-4592-9c1f-56c1d8a0c621,738d952e-ab6b-490e-81dc-c5784af2b809,f4c0439f-a023-4989-995f-cdda01ed18ba,Lays Paprika,8964002345618,1,50.0,45.5,50.0,a85255f1-fb2f-482a-9d2e-8886ab9b1f92,Piece,1
8ef8f3ca-bc64-4ca4-bc41-9bb9aa3b90f1,738d952e-ab6b-490e-81dc-c5784af2b809,dcc48fee-0445-4775-bc38-58a5490e4628,Slanty Veg,671866117586,1,50.0,46.25,50.0,07708f75-4794-460f-9a64-a898355176c2,Piece,1
e4cbebdd-a54b-4c1e-8a59-dad69cb8ce81,738d952e-ab6b-490e-81dc-c5784af2b809,e4a686bb-19ba-4778-90a2-e323343d0808,chocolicious,8964002759583,1,30.0,27.0,30.0,641f8c3e-0e8f-48b9-afed-00059e46c752,Piece,1
49a61b49-0883-4825-81a0-23c309d955f2,738d952e-ab6b-490e-81dc-c5784af2b809,7fe3ad7f-9f94-4ad8-89a5-771214b5dd1a,Choco Lava,8964003591533,1,40.0,36.0,40.0,22aa23fe-3835-4613-9d85-4bb2a3ca6bb7,Piece,1
1048f262-182b-4524-97ff-874e2c567c81,738d952e-ab6b-490e-81dc-c5784af2b809,04f7eecf-613c-42df-a256-34e6f9edfd87,Chocolate brownie,8961103503787,1,50.0,45.0,50.0,5f9c8dc7-20ff-4919-b8b6-ec536409c9c6,Piece,1
fc565be6-f30c-4241-9ed0-740077f72df4,738d952e-ab6b-490e-81dc-c5784af2b809,986fdfa7-0d1f-4581-980f-f56c15fe2708,dayfresh chocolate,8964000816516,1,150.0,97.0,150.0,6922c626-8f0e-463a-aa49-2c8a8df73c59,Piece,1
61f553a9-9791-44f7-be83-eb5cf8c657b9,73e29a0c-7740-4bce-a503-6014ae85b30d,052bc035-870d-4abb-8648-338b99bea7d6,MELLO,8964001435525,2,10.0,9.0,20.0,1eb8706e-7c5c-4b63-9af0-311768873056,Piece,2
3ebeb793-31a8-4f12-a27f-38780490ebbd,73e29a0c-7740-4bce-a503-6014ae85b30d,045336a9-6e35-481f-bc73-7a5720d220cc,MELLO,8964001435518,1,10.0,9.0,10.0,beb04b66-8168-4ad7-b046-02c8feb0459b,Piece,1
4d24b7a7-4e36-47be-8bec-5c3284da2051,73e29a0c-7740-4bce-a503-6014ae85b30d,58b9cbcf-5f16-4a20-9bbc-5557b5fcb908,chunkin,8964201532291,1,10.0,8.33,10.0,3e650368-f188-4421-b8fb-6fb0b9f85d53,Piece,1
852f3f2d-450b-4396-bf28-3c8474a49dd0,75701d49-1278-4a33-87ad-3027ed4130bc,c63e220f-5319-4ed9-a3ac-074ee88faabf,MOBILE KEYCHAIN,1232253900533,1,150.0,40.0,150.0,71148c5c-cae0-4f4f-a348-97909cee8992,Piece,1
e99f2e90-df93-4dc9-969d-65eaa775958e,7649e976-f5bd-4f76-9371-9b43e8fd4526,8af4077d-37f1-441f-936d-9507cb56ca9d,candy,1232784048698,2,5.0,3.5,10.0,7534df49-d891-461a-8b69-7d03cb9ce755,Piece,2
b23bcf06-d5e7-48bc-919b-65760df042f3,7781af3b-bffc-4e92-a629-6d0c5bdc9a49,46fcc52a-54e1-47b8-bef1-78bb52b29da2,FIZUP NEXT,8964001179429,1,160.0,111.67,160.0,c8f6e100-57d8-4a27-b7e1-f22b1c116851,Piece,1
79c92a48-5bb5-4e1c-8686-ff3ff91d6fce,7781af3b-bffc-4e92-a629-6d0c5bdc9a49,6d5767c4-fdbd-42fa-893e-41ddde84601b,Rahat Pamper 3,4985925672456,2,35.0,22.23,70.0,164a6171-0c52-4883-928f-fba982f24094,Piece,2
9bd01958-57cf-4d8f-b68c-260cae98bd3f,7781af3b-bffc-4e92-a629-6d0c5bdc9a49,8af4077d-37f1-441f-936d-9507cb56ca9d,candy,1232784048698,4,5.0,3.5,20.0,7534df49-d891-461a-8b69-7d03cb9ce755,Piece,4
99d16f3c-37a3-4df8-a4d2-fcdb53ca98b0,784f51de-86cc-4afa-a529-62632e005d03,403ea510-fb07-48bc-a730-8f1f2391b3be,STING L,8964000101704,2,140.0,105.8,280.0,7b817808-9ae8-4d8f-9f89-3f3e11cfe183,Piece,2
e3afba20-b654-42fb-a327-a11170fa390d,784f51de-86cc-4afa-a529-62632e005d03,296944b9-ea79-469c-8425-f11d6e4b7eed,CAPSTAN RED,1230364618200,20,12.5,12.1,250.0,e9169ce5-618b-4046-9957-a321013f7b75,box,1
3a87b0f1-ecb7-4231-a30c-a6b1d627d1ae,789dea48-ab4d-4766-81ab-5f6d91795952,ebecba97-a5dc-432a-a675-b07992cfe188,DUNHILL,89600047,1,40.0,29.0,40.0,e30bac80-5143-46a2-bc24-9d55462bcce4,Piece,1
96d57cc1-b3da-4c02-9a66-03605adb255d,789dea48-ab4d-4766-81ab-5f6d91795952,9b8a64b3-0eff-49bd-a7e9-7ae1f4c6211f,Capstan White,89600078,2,15.0,12.5,30.0,2ee97f16-83f8-4fe8-8004-f20228fc010c,piece,2
4c07b5d0-30a1-4480-a5c0-ccd3afc8acd9,79e595ac-171a-4329-96a5-d4c707e8ea67,20a6b7b0-b32d-4ef7-a68f-a34e139e6aa7,Fruiten joy Mango,8964000876466,5,70.0,45.41,350.0,0e8ea209-a7c4-4e46-aaf4-45fd453bdec9,Piece,5
b7ee8044-fee3-46cd-b1cc-ec972cc3d81f,79e595ac-171a-4329-96a5-d4c707e8ea67,52f92909-4f6b-4fa3-9e05-27568f34110f,4U MASALA FLAVOUR,8964000579626,2,50.0,45.0,100.0,f1225cd2-cbef-42f9-9008-cb8dbd34300e,Piece,2
e3ebda41-f360-43b0-9f01-359193bdde70,79e595ac-171a-4329-96a5-d4c707e8ea67,382387eb-6272-4738-b2d5-3361fa6fc3ca,Potato Sticks,671866277501,1,50.0,46.25,50.0,bc63250f-fd30-4ca2-a788-3340c09f9c89,Piece,1
3485a2af-bd2b-4970-afb6-63e37e1a5112,79e595ac-171a-4329-96a5-d4c707e8ea67,dcc48fee-0445-4775-bc38-58a5490e4628,Slanty Veg,671866117586,1,50.0,46.25,50.0,07708f75-4794-460f-9a64-a898355176c2,Piece,1
6377ace4-afee-45d4-a5a3-b9e944680ca4,79e595ac-171a-4329-96a5-d4c707e8ea67,10ebe327-96fb-4e2c-9292-ee7ccf3b8127,local fry,8964000695555,3,10.0,8.0,30.0,ca63db85-6796-4904-8894-101cfc6813be,Piece,3
fe05685a-cc9c-4abd-ac8e-d3e0cd23da31,79e595ac-171a-4329-96a5-d4c707e8ea67,9ed78d65-19ca-4518-a662-46285b964c38,zyn fresh mint 3 dot,89602010,1,180.0,100.0,180.0,ae838aa6-1c03-41f6-9cd8-704da336c7cc,Piece,1
f979c60a-c278-4422-9a83-5426b911aedc,79e595ac-171a-4329-96a5-d4c707e8ea67,296944b9-ea79-469c-8425-f11d6e4b7eed,CAPSTAN RED,1230364618200,1,15.0,12.1,15.0,a1bc6a6f-ad8f-468b-afac-44ec8574811d,Piece,1
cfae3c2a-2661-45b1-929c-27998d4d5d27,7c89702e-b620-40fd-8b01-6cffeae7b049,c2c67da4-a52c-482a-9e17-571f55926926,KRISKO,1512141511004,1,100.0,83.0,100.0,87f5d5e7-0c8a-44e5-9587-57a6e3aba032,Piece,1
f06a3758-49e6-4432-aabf-5ded197ba827,7ec2bc92-c0ff-4ee6-9fc8-1ab16b060d3d,403ea510-fb07-48bc-a730-8f1f2391b3be,STING L,8964000101704,1,140.0,105.8,140.0,7b817808-9ae8-4d8f-9f89-3f3e11cfe183,Piece,1
daa03a05-57ce-4a73-879f-9a0e40170e9c,7f569038-d1b8-4901-a92d-1ce598e65be3,296944b9-ea79-469c-8425-f11d6e4b7eed,CAPSTAN RED,1230364618200,20,12.5,12.1,250.0,e9169ce5-618b-4046-9957-a321013f7b75,box,1
de5b0212-995f-43e1-b6fe-477fc00f000e,7f569038-d1b8-4901-a92d-1ce598e65be3,e389f0ba-a270-4e3b-8305-e9bcae3fe41d,COKE 500ML,54491472,1,130.0,90.0,130.0,c21f0726-fece-497e-bc1a-9bbb9ba77015,Piece,1
6e0b200b-9467-4e4b-a274-fad9ebbbe145,7f569038-d1b8-4901-a92d-1ce598e65be3,2505a9e6-32d6-425c-8c5d-d31507ce904d,lighter,1236376536280,1,40.0,21.0,40.0,4b1a6d94-51e0-4c20-8be3-f4e43962efbf,Piece,1
46b89295-3a30-4fe3-811d-8fe7522eb350,7ff3ff4d-974c-4ce2-9d27-2659cb736e6f,df83db32-d270-4a08-8f67-85f4967a923d,Red & White,89600320,2,10.0,9.5,20.0,4c010ae2-567a-4d9a-a3ee-7be8b0099de4,Piece,2
6dd46e13-6773-412c-8e00-e4eb306b91d6,7fff9161-ab70-4f07-a770-62460b0fc532,403ea510-fb07-48bc-a730-8f1f2391b3be,STING L,8964000101704,1,140.0,105.8,140.0,7b817808-9ae8-4d8f-9f89-3f3e11cfe183,Piece,1
a199a1ad-562c-4783-a7af-6a1613cfbc0f,82ad9414-6b4f-4c31-9514-d297c1e92630,18916bb3-c4ef-4ac2-b07a-3665a93c8f23,LIFEBUOY,8961014266016,2,10.0,9.38,20.0,9fe045e9-9c6c-4b82-aca7-1fe5a7a76f64,Piece,2
b26246ed-0be5-4b55-a70d-38ad392cfccf,82ad9414-6b4f-4c31-9514-d297c1e92630,c3551759-c1ef-47f5-b230-77bce4c2f476,Brite s/pack,8886950015279,2,10.0,9.17,20.0,65d64d63-9e6f-4416-9618-7a79123a69a1,Piece,2
75971c66-9e42-43fd-9f9a-2c9b5e9fbc52,82ad9414-6b4f-4c31-9514-d297c1e92630,7439380d-ff71-4b92-b2ff-56899ca87c0d,tridgum,9555407311019,1,10.0,4.09,10.0,b3c50399-f52e-4960-bdd6-5ef8d99c8de1,Piece,1
11421463-7ac9-49c3-bf9e-dce9f0d12397,82c634e4-c016-4dc1-a055-5e6c2f02ee53,a3a59790-1077-4cd9-aede-92d943c21f12,Cake UP Golden,8964004771316,1,30.0,27.0,30.0,92d334ef-c743-4af6-abfa-e4b07a7c19ba,Piece,1
a39edd2f-316a-4f56-83bd-14741289f7d9,82c634e4-c016-4dc1-a055-5e6c2f02ee53,53109ff7-89f7-4310-8b54-a08bcb3fe1f7,BONJOUR H$ B,725765019059,1,60.0,31.0,60.0,d4cf5872-cf25-4c27-99ba-efdf91572921,Piece,1
e0309539-7d83-4b96-a083-4b3616789cd7,82c634e4-c016-4dc1-a055-5e6c2f02ee53,12b2be12-d0a6-4da3-804e-f01c740ee3e1,CakeUp D-CHOCOLATE,8964003594084,1,30.0,27.0,30.0,8126f22b-c6b4-4840-8931-403ad63735e6,Piece,1
02521f7d-ca43-476c-8453-b079f5859803,842f2975-4dfd-450d-91d9-62ac751c4a54,e07be54a-ef99-4d68-97db-58a730462337,MILANO,815082008130,1,200.0,165.0,200.0,a85e2866-0d3f-4bd2-80f6-a598982e48e0,Box,1
4e6afe37-277e-454c-b403-b16b03833860,857e328a-d83a-4d6a-b0a1-15a130c3ab2a,10ebe327-96fb-4e2c-9292-ee7ccf3b8127,local fry,8964000695555,1,10.0,8.0,10.0,ca63db85-6796-4904-8894-101cfc6813be,Piece,1
016f6fd3-e182-4478-b614-505af459636c,87fd4867-1c69-4187-813e-fb5ab904f5df,11975fa1-f050-46e8-b0d5-83427794f425,lays classic,8964002345588,3,50.0,45.0,150.0,75c16be8-627b-4a4a-a730-fe3ef81b9530,Piece,3
ba829d87-182e-42fc-ac3a-b287fa68e38a,87fd4867-1c69-4187-813e-fb5ab904f5df,3f5cee21-a933-407b-9a6a-6daf3ac36e75,Lays T BBQ,8964002346783,1,50.0,45.8,50.0,6cf35150-fa6e-4af5-9c23-b44badc0b7b6,Piece,1
deb3d548-b83e-4c8a-b295-18012b023e21,87fd4867-1c69-4187-813e-fb5ab904f5df,e8d7abb2-a62f-4b64-8f27-598e40a8513b,COLA NEXT,8964001179023,1,120.0,71.0,120.0,dee6ef51-b227-4a7f-ba38-63878e47fb6d,Piece,1
0018b74f-c7d3-4d83-98bc-0f7088533cec,88a13f37-2ba3-4100-ac08-f51f68fc573d,49d0da8d-0715-45bb-8ed2-bfeb311f210f,lays y$h,8964000103784,1,20.0,17.0,20.0,aa53ae6a-2e7f-4333-8645-91a01ffefc95,Piece,1
9ac13006-602f-4b54-9716-d239eeb18a64,88a13f37-2ba3-4100-ac08-f51f68fc573d,9b8a64b3-0eff-49bd-a7e9-7ae1f4c6211f,Capstan White,89600078,4,15.0,12.5,60.0,2ee97f16-83f8-4fe8-8004-f20228fc010c,piece,4
c294cc62-679c-4564-8382-1a4e47f91d9e,88a13f37-2ba3-4100-ac08-f51f68fc573d,b2fa9a08-2130-4d3b-a1f9-f39f694cc18c,Surf Excel S/pack,8961014264760,2,10.0,9.1,20.0,f62c8014-7e26-49a7-9f35-a5eb92f1347c,Piece,2
0fd7d775-5927-4911-a496-8774529e98d9,8ac89816-a03e-447b-afe7-5c84162444ab,36457024-7d12-4c56-9544-18674a4e8faf,King Kulfa  SLICE,8721274610949,1,80.0,70.52,80.0,3643e13e-635a-4583-97ac-5341bf0edbc0,Piece,1
102106cf-37d9-469a-9f48-f951515ad8da,8ae59d24-8fa8-415d-989b-e99a455b2b25,c29dd8dc-32c9-4d09-8dbb-5ee9dd61868b,AQUA DIRE 1.5 Ltr,5901234021753,1,110.0,40.0,110.0,049066b6-d4ed-4ed7-8fc6-a3dde75baa95,Piece,1
3eea987d-ad55-4379-a9e1-021179b61788,8ae59d24-8fa8-415d-989b-e99a455b2b25,f9995743-8d14-45d2-be1e-1054f9e04de0,Murree Sparkletts 1.5L,1860201136828,1,110.0,74.0,110.0,8d732b9a-5588-4ceb-af41-c0fdeab4686e,Piece,1
77684616-9a87-43d6-9fe2-a94717ce2e92,8ae59d24-8fa8-415d-989b-e99a455b2b25,aeec8327-c8e3-49ae-830d-5ae48228671a,DISPOSIBLE GLASS,1233763958519,4,5.0,1.7,20.0,2bc021cb-4f78-4684-ad9e-7fae8bd628d9,Piece,4
58516041-41eb-44f5-87b6-757470fe76ca,8ae59d24-8fa8-415d-989b-e99a455b2b25,ba790275-119d-4f7a-b9d6-2228bf0d7226,badam makkan,095742223213,1,10.0,4.1,10.0,43a1d058-e491-40ad-a268-fc88b700be34,Piece,1
233bdf74-b09a-49c9-ab10-9b74535c5dd3,8ceda8f2-71e9-49b7-99b0-902cb7819eba,826c0da6-b0aa-4c8a-a024-a17c10878f2f,milk pack,8961008022185,1,100.0,87.7,100.0,fab81662-9567-4d14-93ef-507465b7294c,Piece,1
1f2a2e12-156f-4bb7-b7a4-f9c97cbc1df9,8ceda8f2-71e9-49b7-99b0-902cb7819eba,d5d6372c-5ed7-4b72-998a-708be9b074c3,SUGAR 1/2 KG,1234623077739,1,80.0,72.5,80.0,5426f909-c940-4530-aff4-f6caca3a7bb0,Piece,1
94c4bdd1-9688-452d-9487-e0b5e037deda,917adfe1-0a02-43ac-868c-544484d99444,53109ff7-89f7-4310-8b54-a08bcb3fe1f7,BONJOUR H$ B,725765019059,1,60.0,31.0,60.0,d4cf5872-cf25-4c27-99ba-efdf91572921,Piece,1
43cc16eb-28a9-4f75-9080-b7108f5af894,917adfe1-0a02-43ac-868c-544484d99444,6b21c075-c752-4bf7-a4c2-2a4c8441c546,sifarish khan,1232255618481,1,30.0,25.0,30.0,289e28e9-66d0-4026-9fd4-67bfa88cb04c,Piece,1
047f6162-31f3-4504-8280-06118128ce22,91a67344-4d17-4cb5-9a8a-e4a2d16342d2,ccf49827-e6f5-4bff-aa08-0b921c426c2a,chipso classic bbq,721688696032,1,100.0,81.0,100.0,87b87e39-27c9-45c4-be47-8bcca67fb6b8,Piece,1
026c10bf-b32c-4a25-bba5-aba5612c7120,91dcd046-0f36-4089-9c37-c28b3506ca78,7439380d-ff71-4b92-b2ff-56899ca87c0d,tridgum,9555407311019,2,10.0,4.09,20.0,b3c50399-f52e-4960-bdd6-5ef8d99c8de1,Piece,2
cddd9ccd-aac1-4668-b824-68935e01c8e1,931782f4-0173-447b-bdc6-7b0a13bfad38,6b21c075-c752-4bf7-a4c2-2a4c8441c546,sifarish khan,1232255618481,1,30.0,25.0,30.0,289e28e9-66d0-4026-9fd4-67bfa88cb04c,Piece,1
dea027ea-0f01-4696-a7dd-6a91f9a7e9f2,93aa60ec-e0e7-495c-b7e5-d8996d4fedda,514d46ef-9706-43e2-98e7-dce570579f6c,Lays T BBQ,8964002346806,1,70.0,63.5,70.0,1a8b83aa-3bdd-4f01-9033-54e7e2048ccd,Piece,1
3f764625-66c2-4c51-8358-d7d16e848bd1,93aa60ec-e0e7-495c-b7e5-d8996d4fedda,2a555c61-67ab-4619-9ae1-5dd148e1c3e7,lays maxx spicy k,8964002345847,1,100.0,93.18,100.0,d317ccc3-59e7-462f-ac88-787053d0e568,Piece,1
160b9d8c-0e1b-4422-9e31-587ac7076eef,93aa60ec-e0e7-495c-b7e5-d8996d4fedda,64a0260c-b4ff-42bc-a28d-16f0668b16d6,lays masala,8964002345649,1,30.0,27.6,30.0,0ca93a56-dbb6-4176-a2cf-8ac8c48a6f5d,Piece,1
bb9a2418-0afd-426c-863b-1741b2219b7b,93eac9c6-8dcd-48cd-b348-479bec225437,296944b9-ea79-469c-8425-f11d6e4b7eed,CAPSTAN RED,1230364618200,10,14.0,12.25,140.0,0ea2547b-ff52-4fd2-a713-c4c425c19caa,Half box,1
dc45814f-c32f-4176-be5f-c317804010d9,95b88ba2-0893-486f-8df1-f45a1f6979ab,ebecba97-a5dc-432a-a675-b07992cfe188,DUNHILL,89600047,2,40.0,29.0,80.0,e30bac80-5143-46a2-bc24-9d55462bcce4,Piece,2
8a4f7389-9eb5-4f20-b43b-9149d05bcdc3,95db6f66-f4cc-4c78-a045-57c427a6d165,89f084ac-a196-47fb-8e25-4e4bd3160c50,STING SMALL,8964000101551,1,100.0,73.0,100.0,24a9904c-bbbb-433e-b85c-bc70707d653c,Piece,1
94323f4b-e2c0-46ec-b9bb-662f9f80f583,971fe9bd-837b-4f2b-aed8-d18a1cdf6ad2,9b8a64b3-0eff-49bd-a7e9-7ae1f4c6211f,Capstan White,89600078,2,15.0,12.5,30.0,2ee97f16-83f8-4fe8-8004-f20228fc010c,piece,2
e987fd51-1569-48ce-8abd-dd5c9ca5a1c9,971fe9bd-837b-4f2b-aed8-d18a1cdf6ad2,d8f89ad3-02ac-4798-bd1b-2d1d17aa2b54,kite match stick,745178816045,2,5.0,3.0,10.0,052b3a03-75fd-4be6-97f3-c90634e0f3df,Piece,2
335c9596-a7d1-4e83-9ec3-f311e12936b3,9789220e-71a5-4eb7-9e71-6008275fae63,03cb2c93-1cf5-4097-9dd8-7287afaec200,Predator,5061013968225,1,70.0,53.91,70.0,5706758d-bd03-47db-b19e-4a4b7b1d547d,Piece,1
7a2abbc9-815f-46ec-a13d-9ee7429398d1,9809f0b4-e639-423f-bb75-49436946e625,a3649557-f3b6-4a2d-80a9-9a5447a3ebb3,Lays Y&H,8964002345625,1,50.0,45.8,50.0,0330369f-7d98-41fd-9a17-6bd07de63b61,Piece,1
ac71219e-590b-4eed-8be5-da9c76d432c9,9a9de61a-bcce-41da-a6df-7dde80289889,4bcc9167-f8bb-4ba1-8eda-608d0c4d6d73,chips c,6446373780660,1,40.0,26.0,40.0,9c99360b-0f87-4015-9fdb-160b33976477,Piece,1
f30d9747-9d3d-4faf-91ba-db2e16a1a1d0,9b35b7c1-0f9d-4d70-ad00-75e912d2ebb5,9b8a64b3-0eff-49bd-a7e9-7ae1f4c6211f,Capstan White,89600078,6,15.0,12.5,90.0,2ee97f16-83f8-4fe8-8004-f20228fc010c,piece,6
9d0bc55e-cfc2-43e2-9872-f1d38c23dff0,9b4bf771-2447-4018-b6fc-c9c27e054206,296944b9-ea79-469c-8425-f11d6e4b7eed,CAPSTAN RED,1230364618200,2,15.0,12.1,30.0,a1bc6a6f-ad8f-468b-afac-44ec8574811d,Piece,2
c5dfabbb-920d-4b49-81a6-298c2a79e935,9b4bf771-2447-4018-b6fc-c9c27e054206,6b21c075-c752-4bf7-a4c2-2a4c8441c546,sifarish khan,1232255618481,1,30.0,25.0,30.0,289e28e9-66d0-4026-9fd4-67bfa88cb04c,Piece,1
420c23e0-54d5-4f22-8ccf-9ed46354a64e,9b4bf771-2447-4018-b6fc-c9c27e054206,d8f89ad3-02ac-4798-bd1b-2d1d17aa2b54,kite match stick,745178816045,1,5.0,3.0,5.0,052b3a03-75fd-4be6-97f3-c90634e0f3df,Piece,1
47aa8879-da0b-42e6-94b5-fd9b004ad1c4,9c394af3-054d-48be-8fc4-e22a5ce725bf,8f421553-10c3-4fa2-9e4d-51f5bbc06cbc,KURKURAY TM,8964002347278,1,40.0,36.9,40.0,74737246-4041-42e1-b1a9-1a501d24fe22,Piece,1
907a57f4-a7c6-4aa1-a0f4-738555df5d53,9d5faefd-00e3-400f-b176-21d184375aa8,e55f9b15-e456-4841-9cb1-f57f07bf46b8,FRUITIEN APPLE,8964000876503,1,70.0,45.41,70.0,4eea30fe-1cb9-411a-84f7-1da5f5b3e6c2,Piece,1
d3a1c81f-18aa-4bef-bf09-0a75b796f0e6,9d5faefd-00e3-400f-b176-21d184375aa8,aeef62c3-546c-4d54-abab-63f423b6347a,CHILI MILI,870572004818,2,10.0,9.0,20.0,b41cd9c5-6581-4be4-8ed5-873b391aa793,Piece,2
24fe8895-a5fa-41f5-ad22-a6a1d4fff6af,9d5faefd-00e3-400f-b176-21d184375aa8,ba790275-119d-4f7a-b9d6-2228bf0d7226,badam makkan,095742223213,1,10.0,4.1,10.0,43a1d058-e491-40ad-a268-fc88b700be34,Piece,1
8953b5df-5ed8-4dec-b7de-8fd2e8650cd8,9f01cdaa-31ab-4753-9a6c-c5af197b5c93,8cd8179b-4989-40f8-8fb8-2f74faf32ddc,RING POPS,2542753927091,1,60.0,41.66,60.0,56ebd917-e542-4139-987a-4e965aff135a,Piece,1
2f03de78-a2a8-406b-b386-060b59224625,9f68604a-be40-44b3-98b1-4aa54599c57d,f02c67c8-9439-4038-a271-ca521330d8ce,SALONA ACHARII,8964002429424,1,20.0,17.3,20.0,85eb6fa5-2e41-4ae6-84fe-1e754c24c4e6,Piece,1
cbfb0058-c1a6-41be-b1f6-b76baa5ff78f,9f68604a-be40-44b3-98b1-4aa54599c57d,f2bbd782-884e-492c-ba3b-30bbb22514f9,anytime snacks,8964002429752,1,20.0,17.5,20.0,4a9f1b8b-9754-4350-9f0e-787cfa591129,Piece,1
f994e7d8-4d8f-4245-b446-d5260dae0be2,9f68604a-be40-44b3-98b1-4aa54599c57d,10ebe327-96fb-4e2c-9292-ee7ccf3b8127,local fry,8964000695555,1,10.0,8.0,10.0,ca63db85-6796-4904-8894-101cfc6813be,Piece,1
6e37b533-2f79-459b-9cd4-399f09f0b741,a009d67d-7dc4-4749-bcb2-747243813b15,b2fa9a08-2130-4d3b-a1f9-f39f694cc18c,Surf Excel S/pack,8961014264760,2,10.0,9.1,20.0,f62c8014-7e26-49a7-9f35-a5eb92f1347c,Piece,2
ce126b7d-2490-4e27-ac5e-95c2c4b9b05f,a1b602dc-71c8-4e17-83d3-815a9cc6762c,11975fa1-f050-46e8-b0d5-83427794f425,lays classic,8964002345588,1,50.0,45.0,50.0,75c16be8-627b-4a4a-a730-fe3ef81b9530,Piece,1
1dd0ea6f-d5f2-4a9e-94bc-7d7c01f6b8a4,a2a42c42-3e0a-4554-8965-561663d94d04,304ce1d5-e0dc-46d8-91d7-310e86b2d095,7up 300ml,8964000103289,1,90.0,65.0,90.0,bcee3595-62d4-4dab-8748-22b68cbb802b,Piece,1
ee84e915-8dda-4bd4-8c00-e8f29dd6af00,a2a42c42-3e0a-4554-8965-561663d94d04,90ffa419-8bc9-4c39-81e1-cffb74841141,FIZUP,8964001179719,1,70.0,52.0,70.0,3f782984-279e-4f0c-9120-822961a7584c,Piece,1
f3351ee7-81f9-4a18-9719-5564155d2a32,a47b3d6d-a35f-46b0-941a-3ba0dc747d47,514d46ef-9706-43e2-98e7-dce570579f6c,Lays T BBQ,8964002346806,1,70.0,63.5,70.0,1a8b83aa-3bdd-4f01-9033-54e7e2048ccd,Piece,1
e78d8155-b004-415b-83c8-19ed4820a6e8,a47b3d6d-a35f-46b0-941a-3ba0dc747d47,5d858261-9ada-44bd-ab18-e97ba65193ca,fruitien Red Grape ,8964000876138,1,90.0,62.08,90.0,6074cb61-2048-4775-9804-016af2a08d4f,Piece,1
83cc24df-6482-41b5-9a01-bfa66485f98e,a47b3d6d-a35f-46b0-941a-3ba0dc747d47,fd591f84-cfb8-440d-ab2f-7451d561dd44,nani cocoa cereal,6261149055878,1,70.0,37.5,70.0,2ead5d47-5874-4e66-ba95-a0e41ca39e7e,Piece,1
ff68cf17-9d10-4868-bcfe-a7f249c8d625,a47b3d6d-a35f-46b0-941a-3ba0dc747d47,8af4077d-37f1-441f-936d-9507cb56ca9d,candy,1232784048698,4,5.0,3.5,20.0,7534df49-d891-461a-8b69-7d03cb9ce755,Piece,4
0a0f4bf0-976f-4576-8987-7dd4fe6e2bb5,a640276a-d2cd-4632-92b1-8baf9f1e323b,1648b5c5-0770-4e30-98c4-5fb5cbb1cc75,cafe biscuits,8964002444441,5,10.0,8.0,50.0,3f4d3212-8f1c-4570-bd07-a9a5a1a41fa7,Piece,5
e1eac9b4-64e8-4d6a-b34b-25e68a51f3d6,a640276a-d2cd-4632-92b1-8baf9f1e323b,296944b9-ea79-469c-8425-f11d6e4b7eed,CAPSTAN RED,1230364618200,3,15.0,12.1,45.0,a1bc6a6f-ad8f-468b-afac-44ec8574811d,Piece,3
3fc8606d-b89d-433d-935d-e6d6dbfa3680,a640276a-d2cd-4632-92b1-8baf9f1e323b,8d461728-be1b-440c-86ee-f7a31b9a6d27,Chocolatto,870572008007,2,10.0,9.31,20.0,08a6ddec-263a-4d1b-9f75-5a39630e6b76,Piece,2
3eef8135-6a50-4353-88ec-7f4120d601fb,a640276a-d2cd-4632-92b1-8baf9f1e323b,8af4077d-37f1-441f-936d-9507cb56ca9d,candy,1232784048698,1,5.0,3.5,5.0,7534df49-d891-461a-8b69-7d03cb9ce755,Piece,1
9d1d9f4c-652a-40b8-9660-961e6678f11d,a692251a-6a5f-4cdc-bd53-3db12f2e718c,2f0bd3d2-d095-4cbd-a674-9d1776c2e43a,Zia Mix Nimco,8964002429936,1,50.0,41.6,50.0,60f345fa-41ee-4b27-8c95-1a22adb06e14,Piece,1
995b01be-c350-40ec-b2c1-690196d8b942,a692251a-6a5f-4cdc-bd53-3db12f2e718c,d70dcda7-7821-45d9-aba9-56ed471ad7e1,7up 1L ,8964000101377,1,170.0,130.0,170.0,cc2d260c-7b11-45fa-936e-18bf9be245f7,Piece,1
91c65374-7f7c-4cbe-8be5-d0c2e68ae424,a6bfd90a-bf5b-4fcb-94cc-e1a566c75e8e,a3649557-f3b6-4a2d-80a9-9a5447a3ebb3,Lays Y&H,8964002345625,1,50.0,45.8,50.0,0330369f-7d98-41fd-9a17-6bd07de63b61,Piece,1
c278c2e0-4b2b-44c4-b7fb-1ed4305469a4,a6bfd90a-bf5b-4fcb-94cc-e1a566c75e8e,20a6b7b0-b32d-4ef7-a68f-a34e139e6aa7,Fruiten joy Mango,8964000876466,1,70.0,45.41,70.0,0e8ea209-a7c4-4e46-aaf4-45fd453bdec9,Piece,1
08492108-4953-40d9-ab65-15c9fcc230aa,a6bfd90a-bf5b-4fcb-94cc-e1a566c75e8e,c3551759-c1ef-47f5-b230-77bce4c2f476,Brite s/pack,8886950015279,2,10.0,9.17,20.0,65d64d63-9e6f-4416-9618-7a79123a69a1,Piece,2
29547ed4-d0d3-4b8b-af36-888fd079372c,a6bfd90a-bf5b-4fcb-94cc-e1a566c75e8e,9b8a64b3-0eff-49bd-a7e9-7ae1f4c6211f,Capstan White,89600078,2,15.0,12.5,30.0,2ee97f16-83f8-4fe8-8004-f20228fc010c,piece,2
ae8fc8f5-c322-4158-96bc-e4d096e68026,a828f5bc-103e-45b4-875a-d4b7a8f27555,296944b9-ea79-469c-8425-f11d6e4b7eed,CAPSTAN RED,1230364618200,6,15.0,12.1,90.0,a1bc6a6f-ad8f-468b-afac-44ec8574811d,Piece,6
157a4af1-fcf3-4046-a3e6-012304384ef9,a828f5bc-103e-45b4-875a-d4b7a8f27555,4ea8ab87-bf13-4523-b83d-509c89f52789,hockey match stick,9231012019358,1,5.0,3.0,5.0,21683564-a53b-4d8c-a0a6-4066d1367085,Piece,1
88048777-232a-4023-9293-8499f7d87e7d,a828f5bc-103e-45b4-875a-d4b7a8f27555,8af4077d-37f1-441f-936d-9507cb56ca9d,candy,1232784048698,1,5.0,3.5,5.0,7534df49-d891-461a-8b69-7d03cb9ce755,Piece,1
8d9e4f5e-1caa-40d9-b48d-d5cf0b86a366,a937a1e6-f175-47f5-ba58-415fce9568ca,0641e502-0965-44db-bcf9-104cf2a42f37,FRUITIEN Peach,8964000876480,3,60.0,45.0,180.0,469fcf86-77ad-4d28-ac5d-44cace081107,Piece,3
1ab2a540-173a-42fb-9fac-ac81a9710b18,a937a1e6-f175-47f5-ba58-415fce9568ca,dcc48fee-0445-4775-bc38-58a5490e4628,Slanty Veg,671866117586,3,50.0,46.25,150.0,07708f75-4794-460f-9a64-a898355176c2,Piece,3
e3d07f4f-14c7-4cfa-9d1f-45d52086826e,a972012d-5d94-4c01-ade2-6595a8b70e6f,296944b9-ea79-469c-8425-f11d6e4b7eed,CAPSTAN RED,1230364618200,1,15.0,12.1,15.0,a1bc6a6f-ad8f-468b-afac-44ec8574811d,Piece,1
9bad02a7-9268-416a-9ded-ae4f80b28451,ab38db81-d51a-4286-8bf5-467d671e1c24,5518f5e0-aef7-4c52-9d00-60487d01ab5f,RIO DOUBBLE CHOC,8964003593841,1,50.0,45.0,50.0,00446bf2-2bf9-4a53-ba02-bfdc948e3df9,Piece,1
c9e25037-1968-4cec-a6fe-fee88ea8adc4,ab4bcfba-991d-405c-a697-3fd35a38255c,e1c7461f-fe2c-43cc-b072-ab2fcdd767ed,olper pack,8964000919934,2,100.0,85.0,200.0,610b7a9f-fa8f-480c-8da4-d5bb1121252c,Piece,2
4b8d2edd-0db1-4609-99b1-2755ad04fdc3,ab4bcfba-991d-405c-a697-3fd35a38255c,b5987cf6-eb28-453f-833d-b7adb5c351c4,rio stawberry v,8964004770517,1,50.0,45.0,50.0,9d4a3604-18f9-443d-b8da-9da694eefafe,Piece,1
b29b0dbf-078b-4502-acb9-35326e2a3360,ab4bcfba-991d-405c-a697-3fd35a38255c,9ed06880-e15b-44ae-876b-3fcca222bad2,sooper,8964004770456,1,50.0,45.0,50.0,f3625b26-f234-4633-b395-5d2ebc6a6cc8,Piece,1
a27cc3a5-2250-4d3c-8428-9e3847146e76,ab4bcfba-991d-405c-a697-3fd35a38255c,5e38679d-6413-4f2c-8dea-c53d50116951,Bazooka,725765020536,1,100.0,58.33,100.0,54853cdb-84f4-4f9e-9880-ce52951e8721,Piece,1
457a9468-e066-44a1-ab2b-a5630f096f41,ab614be3-dcb4-47a0-8510-e2aa8e59277f,8af4077d-37f1-441f-936d-9507cb56ca9d,candy,1232784048698,2,5.0,3.5,10.0,7534df49-d891-461a-8b69-7d03cb9ce755,Piece,2
a40470e1-3fa1-4d79-b97e-c000292ea258,abbbbceb-8f18-47f4-8f23-b6d3a2355e40,183f01fb-73db-4261-83e7-b3b8fa486321,gala,8961003632617,1,40.0,36.0,40.0,6a550706-cf63-4362-a239-b293046932b3,Piece,1
862ceaff-260b-410e-ad43-44cf96115c0f,abbbbceb-8f18-47f4-8f23-b6d3a2355e40,7d11d4df-29d6-4184-854f-ebbcea218897,COCONUT,8961003021732,1,50.0,45.0,50.0,bf56facd-28fe-4957-bfa9-f7b4f0a1eab7,Piece,1
d5c151c7-e527-400a-81cc-2256ac38b2d3,abbbbceb-8f18-47f4-8f23-b6d3a2355e40,188b0bc1-c811-435d-9cd7-84a6e7787fe1,Zeera plus,8961003642166,1,50.0,43.0,50.0,daae7360-e661-4316-9b57-e301e684f423,Piece,1
26981d7a-b81b-41d7-a1f9-0d19155de47e,abbbbceb-8f18-47f4-8f23-b6d3a2355e40,9ff22c81-64be-446a-a786-d1e0c60f1168,SHORT BREAD MINI BOX,8965310055664,1,50.0,42.85,50.0,86c2b66c-0197-4ee1-83b9-dd5d9a46d3bb,Piece,1
bea2914e-4096-43e7-80ec-6753dc946376,abbbbceb-8f18-47f4-8f23-b6d3a2355e40,d9e57393-b94e-4f71-8545-4bd68a1bb1f7,MONACO,6446373317712,1,30.0,25.0,30.0,291115e2-8e60-45f2-b6e3-58c8618a3e0f,Piece,1
29222428-3ec2-458e-a7b4-2a5f228729de,abbbbceb-8f18-47f4-8f23-b6d3a2355e40,4c3ffc64-e3bc-4d68-8fca-21836ea0aaf3,Party pik,8964004770685,1,50.0,46.0,50.0,1195b168-cb01-445b-a1f0-59b52ce5c289,Piece,1
7fa41c89-7213-4dd5-8dda-be8b90494c6e,abbbbceb-8f18-47f4-8f23-b6d3a2355e40,934bac57-0746-440b-abc8-5913b5919788,bistiks,8961003024016,1,40.0,37.36,40.0,2051ee12-91bc-4418-b071-0f15a5f5944b,Piece,1
c6824aef-2692-4f17-ad5e-e050f61a458b,abbbbceb-8f18-47f4-8f23-b6d3a2355e40,931cb706-efbe-483c-8871-5dad2ea4343b,Chocolate Chip,8961102508981,2,20.0,18.61,40.0,ad7f5168-5c83-49b2-95f4-725367a2e2e6,Piece,2
222ce606-3810-4d21-9cc6-fa75911455c6,abbbbceb-8f18-47f4-8f23-b6d3a2355e40,a3649557-f3b6-4a2d-80a9-9a5447a3ebb3,Lays Y&H,8964002345625,2,50.0,45.8,100.0,0330369f-7d98-41fd-9a17-6bd07de63b61,Piece,2
a3d4e95c-4c68-4be9-a07f-9500de8462ae,abbbbceb-8f18-47f4-8f23-b6d3a2355e40,0383457d-1f9f-4703-983e-18bd38d2a79c,tedy,8964004771040,2,60.0,40.0,120.0,17eb82a7-363d-497b-90aa-c646a76433eb,Piece,2
cfdb1d2c-70a3-41c5-9c62-9180471e96cf,abbbbceb-8f18-47f4-8f23-b6d3a2355e40,b670459a-e326-4490-bf85-c717dd6912df,SLICE APPLE,8964000103104,2,80.0,43.4,160.0,962458d9-d8a4-496e-b26d-a36295416f95,Piece,2
f97cf958-c7f3-48da-9ba5-06ab79dbbf68,abbbbceb-8f18-47f4-8f23-b6d3a2355e40,8f272532-b008-4f8d-88b7-c1d98b8479b0,LAYS Y&H,8964002345670,2,30.0,27.0,60.0,66b973e5-9238-4e42-9914-21193d1f0b37,Piece,2
f02eba92-651b-4e7d-89c9-2ea537be15fe,abbbbceb-8f18-47f4-8f23-b6d3a2355e40,61208acb-3d9e-41b2-a1ed-a65aef55d3da,knorr chattpatta,8961014038200,14,50.0,47.0,700.0,6911d27f-a24a-40c5-8761-c6954c0a797b,Piece,14
3609ea1a-75c8-4c9c-9058-31caf04031ac,abbbbceb-8f18-47f4-8f23-b6d3a2355e40,c16ec9c5-9f5f-45ee-9c0b-768dfa3ba355,VELO BERRY FORST 3DOT,89601365,1,250.0,146.0,250.0,6eaa0713-11cb-48b1-9949-759fd149533a,Piece,1
ab7b6308-80bd-47a6-93d2-8959459d1c60,adbffd43-6e0f-47b5-961c-e3a65fa9adfb,296944b9-ea79-469c-8425-f11d6e4b7eed,CAPSTAN RED,1230364618200,8,15.0,12.1,120.0,a1bc6a6f-ad8f-468b-afac-44ec8574811d,Piece,8
b98dac78-24f5-47c4-89b5-33427363fa39,adc2a16d-162c-4417-8af1-99c8cb215443,e8a7c3a5-a50a-4998-a654-c58b46116d4a,cornetto c,8721274610437,2,140.0,130.0,280.0,4013238f-d403-4755-a2d3-e73fc6730f6c,Piece,2
c41271e8-1324-47b4-94a7-191aa8a616ac,aeb0e3b3-f7e4-4d2a-aff8-11e7e26a6f66,bcbfb413-a2aa-4b4b-aa6e-51227d61ac74,FIZUP 1.5L,8964001179412,1,180.0,130.0,180.0,a46a0498-3708-46b8-93a2-7e1719aaeac2,Piece,1
b9fea5e4-72be-44a8-a63d-c319c8aa916c,afe4beb7-e7c0-44a9-b61f-38e242ca6978,8af4077d-37f1-441f-936d-9507cb56ca9d,candy,1232784048698,2,5.0,3.5,10.0,7534df49-d891-461a-8b69-7d03cb9ce755,Piece,2
48eb0347-b832-4b06-9ee4-401a9d8f4b4b,b1987852-d922-489c-bb59-81e2692d345c,4b435e3a-0c1b-468c-8211-d394ff490098,lux soap,8961014268348,1,160.0,150.0,160.0,ddeecaed-7971-446d-b0c0-6da10ce32d98,Piece,1
4a838657-7119-44d8-8ea5-cf0ac9fc82c8,b331ea3b-afde-4664-8cce-9ade8712fc61,fb9e7a2c-2f8e-4ac3-9a64-d92464b4d49e,Josh ULTRA THIN,8852961021431,1,150.0,70.0,150.0,074f774e-6012-4fe5-98cd-72169b6db00b,Piece,1
60efbe14-a6a0-4f05-ba5a-1000c5b30fa0,b4a0ee00-27d1-4479-b59e-e3b8bd5c0a03,4ea8ab87-bf13-4523-b83d-509c89f52789,hockey match stick,9231012019358,1,5.0,3.0,5.0,21683564-a53b-4d8c-a0a6-4066d1367085,Piece,1
32a84e2a-61d8-41f3-9bbc-65b3900e89f9,b4a0ee00-27d1-4479-b59e-e3b8bd5c0a03,296944b9-ea79-469c-8425-f11d6e4b7eed,CAPSTAN RED,1230364618200,2,15.0,12.1,30.0,a1bc6a6f-ad8f-468b-afac-44ec8574811d,Piece,2
a5ccaac3-ff84-41df-93ea-573447ff2bc7,b4a0ee00-27d1-4479-b59e-e3b8bd5c0a03,8af4077d-37f1-441f-936d-9507cb56ca9d,candy,1232784048698,1,5.0,3.5,5.0,7534df49-d891-461a-8b69-7d03cb9ce755,Piece,1
da6a73fc-4621-44db-980b-26fc85b2419c,b529bdfe-2d1c-4c30-baf5-60a388117eb8,296944b9-ea79-469c-8425-f11d6e4b7eed,CAPSTAN RED,1230364618200,7,15.0,12.1,105.0,a1bc6a6f-ad8f-468b-afac-44ec8574811d,Piece,7
928e3f5d-d395-497d-ba23-12ac4e2580cd,b529bdfe-2d1c-4c30-baf5-60a388117eb8,af25740f-3f10-435d-88c0-a4f84dd64b0d,tuc,8961003623172,1,10.0,9.06,10.0,d03f37dc-dff5-4d8c-b8f8-7609b1a7153a,Piece,1
daba8e11-c0ba-4900-a2a5-cff4d415dbdb,b529bdfe-2d1c-4c30-baf5-60a388117eb8,8af4077d-37f1-441f-936d-9507cb56ca9d,candy,1232784048698,1,5.0,3.5,5.0,7534df49-d891-461a-8b69-7d03cb9ce755,Piece,1
93c7fda1-b1e0-4e3d-9fca-371761854129,b68a4b80-2e32-4457-8bfb-4e22f29b35c7,b8114fe2-506f-4e27-ab08-c2626a8f1661,SPOUT LOTTE STWABRY,671866277730,1,60.0,46.0,60.0,6fc0dfc4-17ef-4974-b071-1cce60c2e67a,Piece,1
c9098531-3a1c-45d0-a2bc-858ba815e694,b6b81106-d3dc-4680-958d-44dcfa293693,296944b9-ea79-469c-8425-f11d6e4b7eed,CAPSTAN RED,1230364618200,3,15.0,12.1,45.0,a1bc6a6f-ad8f-468b-afac-44ec8574811d,Piece,3
8458535d-95cd-41ee-ab75-456da58e12ae,b6b81106-d3dc-4680-958d-44dcfa293693,8af4077d-37f1-441f-936d-9507cb56ca9d,candy,1232784048698,1,5.0,3.5,5.0,7534df49-d891-461a-8b69-7d03cb9ce755,Piece,1
07ca959b-c3d5-4b53-9013-abeb6e0dde13,b7bfc43c-c3f9-4b8e-8db2-4ce5fdbe823e,9b8a64b3-0eff-49bd-a7e9-7ae1f4c6211f,Capstan White,89600078,3,15.0,12.5,45.0,2ee97f16-83f8-4fe8-8004-f20228fc010c,piece,3
ec4adfb9-60a9-4047-b4a1-079f610d8969,b80d32c1-a54c-4595-9ce7-82432721b2bd,9b8a64b3-0eff-49bd-a7e9-7ae1f4c6211f,Capstan White,89600078,4,15.0,12.5,60.0,2ee97f16-83f8-4fe8-8004-f20228fc010c,piece,4
9f917ef2-9948-4f0b-9d5b-a9fb789790d5,b8a867e7-eec4-4614-ac81-a29c2d6b1aac,296944b9-ea79-469c-8425-f11d6e4b7eed,CAPSTAN RED,1230364618200,2,15.0,12.1,30.0,a1bc6a6f-ad8f-468b-afac-44ec8574811d,Piece,2
eaf6e90c-8706-4334-8c6c-aa14c8a7411f,ba3b5dc6-6049-47e8-bc23-9451fb4e9b11,296944b9-ea79-469c-8425-f11d6e4b7eed,CAPSTAN RED,1230364618200,1,15.0,12.1,15.0,a1bc6a6f-ad8f-468b-afac-44ec8574811d,Piece,1
ec9a187f-e396-418e-ae36-fb5c5284971f,ba3b5dc6-6049-47e8-bc23-9451fb4e9b11,8af4077d-37f1-441f-936d-9507cb56ca9d,candy,1232784048698,1,5.0,3.5,5.0,7534df49-d891-461a-8b69-7d03cb9ce755,Piece,1
aa8a3f4a-d666-4170-84fe-093b6d7b3a3a,bb664f66-29b2-4bb4-b799-fa5a19d1f835,296944b9-ea79-469c-8425-f11d6e4b7eed,CAPSTAN RED,1230364618200,2,15.0,12.1,30.0,a1bc6a6f-ad8f-468b-afac-44ec8574811d,Piece,2
7b2ee87d-7bad-405d-b5a7-e84a86dc4941,bbb24e31-4404-4cc4-be7f-40d738b042a1,d5d6372c-5ed7-4b72-998a-708be9b074c3,SUGAR 1/2 KG,1234623077739,1,80.0,72.5,80.0,5426f909-c940-4530-aff4-f6caca3a7bb0,Piece,1
a0905d26-8023-4c16-b1a4-287580dc22d5,bd11066e-96b2-4f79-983d-c4f38969ded0,1a9db450-bde7-4119-ba96-710c52c9a641,Tops Mango,2020042410108,3,140.0,91.6,420.0,26de4e9f-5c5a-4d98-83d4-2454e112bb9d,Piece,3
77f76b77-1f37-4305-8b85-4b233883c390,bd11066e-96b2-4f79-983d-c4f38969ded0,d708baee-e4e6-44b7-89a0-5214eeebce4f,prince chocolate,8961003612572,3,50.0,45.0,150.0,556d6997-f2ee-4658-8b85-23a47795b274,Piece,3
26a9dcda-1b83-4e93-b13b-7c953ed1b0d7,bd11066e-96b2-4f79-983d-c4f38969ded0,296944b9-ea79-469c-8425-f11d6e4b7eed,CAPSTAN RED,1230364618200,20,12.5,12.1,250.0,e9169ce5-618b-4046-9957-a321013f7b75,box,1
4734ee8d-6c36-4cf4-977f-bc8f224b2d4e,bd11066e-96b2-4f79-983d-c4f38969ded0,2815563c-0275-471c-9ae1-a226d0ab5c45,FLORO PENCIL,8963920320318,3,25.0,14.0,75.0,8c1d2afc-b377-498d-8049-fcead789c068,Piece,3
d5e27b3a-c452-4fb0-9b8e-141e2468d502,bd11066e-96b2-4f79-983d-c4f38969ded0,04ff51ba-f0f9-42f1-b91b-2bd8385551e7,Camel Eraser,2131589701113,6,10.0,6.0,60.0,7f82d411-9294-44f9-9e68-7deca0f6c998,Piece,6
a0159615-c730-4d82-85e9-7313eb9d52f9,bd11066e-96b2-4f79-983d-c4f38969ded0,8af4077d-37f1-441f-936d-9507cb56ca9d,candy,1232784048698,1,5.0,3.5,5.0,7534df49-d891-461a-8b69-7d03cb9ce755,Piece,1
9c72942d-96cd-463e-b210-3a0ee5852deb,bd97ca91-088d-42e0-9b05-876d41ece57a,10ebe327-96fb-4e2c-9292-ee7ccf3b8127,local fry,8964000695555,2,10.0,8.0,20.0,ca63db85-6796-4904-8894-101cfc6813be,Piece,2
cde8b9bf-a79e-46cd-b96f-0dab095e0a56,bdd44dd1-6b1e-4ea9-945d-b18ae9b850b1,5e38679d-6413-4f2c-8dea-c53d50116951,Bazooka,725765020536,1,100.0,58.33,100.0,54853cdb-84f4-4f9e-9880-ce52951e8721,Piece,1
59456ad1-1da0-4fc6-b62b-b020b6d7b812,bdd44dd1-6b1e-4ea9-945d-b18ae9b850b1,234c787c-e5e2-4047-bb07-95d114219d2e,AQUA DIRE 0.5 Ltr,5901234039710,2,60.0,22.0,120.0,bc7e8655-4e7a-409b-a5c5-6b9e2e262dff,Piece,2
1329c90e-89a2-4212-843a-c05f8463ff74,c22a8d10-34a5-4414-a054-1da770225d63,c29dd8dc-32c9-4d09-8dbb-5ee9dd61868b,AQUA DIRE 1.5 Ltr,5901234021753,1,110.0,40.0,110.0,049066b6-d4ed-4ed7-8fc6-a3dde75baa95,Piece,1
c75a587c-f3cb-4126-9760-e969ef7d7d85,c22a8d10-34a5-4414-a054-1da770225d63,403ea510-fb07-48bc-a730-8f1f2391b3be,STING L,8964000101704,1,140.0,105.8,140.0,7b817808-9ae8-4d8f-9f89-3f3e11cfe183,Piece,1
362f7a87-e831-4b5c-91bd-301f1a4b99f1,c22a8d10-34a5-4414-a054-1da770225d63,aeec8327-c8e3-49ae-830d-5ae48228671a,DISPOSIBLE GLASS,1233763958519,4,5.0,1.7,20.0,2bc021cb-4f78-4684-ad9e-7fae8bd628d9,Piece,4
31d0bd94-7a5d-40a7-90f4-5d17ad440963,c22a8d10-34a5-4414-a054-1da770225d63,a0d9dd33-4b2f-4a0a-add6-a2057a8330c8,ZIA MIX NIMKO,8964002429943,1,100.0,83.33,100.0,70922120-c405-49ff-bafc-fe54e91fdaef,Piece,1
a6359033-52b6-468e-96dc-9ed50684a16d,c22a8d10-34a5-4414-a054-1da770225d63,514d46ef-9706-43e2-98e7-dce570579f6c,Lays T BBQ,8964002346806,1,70.0,63.5,70.0,1a8b83aa-3bdd-4f01-9033-54e7e2048ccd,Piece,1
831c3659-25de-44d4-a00d-0dd73cd0bb71,c22a8d10-34a5-4414-a054-1da770225d63,5d858261-9ada-44bd-ab18-e97ba65193ca,fruitien Red Grape ,8964000876138,1,90.0,62.08,90.0,6074cb61-2048-4775-9804-016af2a08d4f,Piece,1
127e7b91-2f49-4b0a-a97a-1c42bed6df8a,c2354a8e-66aa-4d2d-a885-fbdda6399be5,296944b9-ea79-469c-8425-f11d6e4b7eed,CAPSTAN RED,1230364618200,2,15.0,12.1,30.0,a1bc6a6f-ad8f-468b-afac-44ec8574811d,Piece,2
db5f7549-03de-436c-8eb9-7fe025f1b5dd,c2354a8e-66aa-4d2d-a885-fbdda6399be5,403ea510-fb07-48bc-a730-8f1f2391b3be,STING L,8964000101704,1,140.0,105.8,140.0,7b817808-9ae8-4d8f-9f89-3f3e11cfe183,Piece,1
d73acc90-1993-44e5-94e1-9da6f5f35f04,c2354a8e-66aa-4d2d-a885-fbdda6399be5,974851e3-6a77-4a75-b263-4666098c4ae5,Lays Masala,8964002346912,1,70.0,63.75,70.0,177832b6-40a2-4948-af00-6754a30a0f67,Piece,1
d2a8fbec-9072-495f-ac46-8e8693ead910,c276c19e-1e88-4ec0-ad29-52598558bd78,b2fa9a08-2130-4d3b-a1f9-f39f694cc18c,Surf Excel S/pack,8961014264760,1,10.0,9.1,10.0,f62c8014-7e26-49a7-9f35-a5eb92f1347c,Piece,1
3e47d9fb-2e04-4206-b5c3-1e3c26840e9a,c276c19e-1e88-4ec0-ad29-52598558bd78,f02c67c8-9439-4038-a271-ca521330d8ce,SALONA ACHARII,8964002429424,1,20.0,17.3,20.0,85eb6fa5-2e41-4ae6-84fe-1e754c24c4e6,Piece,1
cf148731-36f7-4782-bb64-3acfbf9f0aad,c276c19e-1e88-4ec0-ad29-52598558bd78,af25740f-3f10-435d-88c0-a4f84dd64b0d,tuc,8961003623172,1,10.0,9.06,10.0,d03f37dc-dff5-4d8c-b8f8-7609b1a7153a,Piece,1
71e3b64f-c394-403a-a339-dc454c053149,c276c19e-1e88-4ec0-ad29-52598558bd78,8af4077d-37f1-441f-936d-9507cb56ca9d,candy,1232784048698,2,5.0,3.5,10.0,7534df49-d891-461a-8b69-7d03cb9ce755,Piece,2
d9f5d3a9-aebd-419e-852a-98f8986ffa70,c6610169-ebd5-41dc-af9b-d96de9ca6769,54d50e5e-c808-4bdf-ae3d-bef310784f59,EVERYDAY POCKET TISSUES,1237505540970,1,20.0,8.0,20.0,c47a9994-3f1a-4ca6-ba9d-78b4c39e02e0,Piece,1
55f235e9-35e7-4e2d-8e3e-9134fbce93f9,c6610169-ebd5-41dc-af9b-d96de9ca6769,267000c3-a7df-4376-9f3f-e4a8129ba391,frisky c c w r,8965310055787,1,60.0,52.0,60.0,23a38cfb-9dc0-46e1-b47e-5bedf315dd04,Piece,1
bdc59316-a222-41ac-935f-be50c9302dcc,c6610169-ebd5-41dc-af9b-d96de9ca6769,296944b9-ea79-469c-8425-f11d6e4b7eed,CAPSTAN RED,1230364618200,5,15.0,12.1,75.0,a1bc6a6f-ad8f-468b-afac-44ec8574811d,Piece,5
6c3efeff-66d0-4507-9a81-9d70d06e21e2,c7ae205c-45d2-441a-9be7-ae992ca23f5d,c6e78aa4-a247-4421-9083-0d5ec0a5f914,power plus cell per piece,6924429863487,3,40.0,30.0,120.0,3ca9a970-b002-4cc1-bab5-b5d54d70f6f7,Piece,3
9910aa48-c5ca-45bb-abff-55e8988c0feb,c7f5bcf8-2a4e-43d6-8fb9-9a4ac691198f,33819376-e267-418a-adf2-b6190c956759,DEW 1.5L,8964000101117,1,210.0,163.3,210.0,f669561e-4418-41a3-9cb7-31974a38d7c4,Piece,1
7588afb2-58e2-4c6e-a455-59b2c2567c7e,c96a8811-afa8-4779-908f-8688f401a504,a0a5cd34-cdb1-4257-bbcf-8061295bca3a,lemon malt,1860236002037,1,120.0,79.02,120.0,5e6a96d5-81b1-4fc3-b9ca-4cde167b0c08,Piece,1
62993128-9381-4292-bcce-4315dbf540a2,cb29c4c7-5bc1-443e-bd1f-0a80dbd1a834,dabede9c-eb98-47b3-848d-77e6850a56e1,7UP 1.5L,0012000800337,1,210.0,163.0,210.0,f7ce623b-7879-474d-9773-f703bf0ae037,Piece,1
4286a3b1-0107-4258-837c-a12870c11028,cbef29b3-342d-453b-a5a8-4c7f7fe11d09,0641e502-0965-44db-bcf9-104cf2a42f37,FRUITIEN Peach,8964000876480,1,60.0,45.0,60.0,469fcf86-77ad-4d28-ac5d-44cace081107,Piece,1
a8c4d4b4-b858-40ac-a3be-cc8f77068082,cc55e5f2-9eef-46f4-9028-606ceb49ccf2,296944b9-ea79-469c-8425-f11d6e4b7eed,CAPSTAN RED,1230364618200,1,15.0,12.1,15.0,a1bc6a6f-ad8f-468b-afac-44ec8574811d,Piece,1
893bb3b1-d3c9-4798-ad1f-f9b62f9891b6,ce4c9a4c-02e7-4239-a645-bc150310887a,08d613ea-4400-4b70-a0c4-5b7aa2cb0b66,coke 1 ltr,5449000054227,1,170.0,135.0,170.0,719afd03-f700-4a34-ad24-e310603521cc,Piece,1
3359cba7-972f-4a76-970a-ab7dd058f190,ce4c9a4c-02e7-4239-a645-bc150310887a,aeec8327-c8e3-49ae-830d-5ae48228671a,DISPOSIBLE GLASS,1233763958519,3,5.0,1.7,15.0,2bc021cb-4f78-4684-ad9e-7fae8bd628d9,Piece,3
0f419217-8abb-4593-b897-b0ff5e5a33a0,ce4c9a4c-02e7-4239-a645-bc150310887a,304ce1d5-e0dc-46d8-91d7-310e86b2d095,7up 300ml,8964000103289,1,90.0,65.0,90.0,bcee3595-62d4-4dab-8748-22b68cbb802b,Piece,1
70113fbf-86a6-4fa1-ab50-9906a5f67abd,ceaaff54-a832-4476-bfa6-12bbc3850728,1c7d4a02-65dd-4eef-9adb-e6525e3a7bc0,FABULOUS PCC,8965310055589,4,30.0,27.0,120.0,48d72b2f-a9f9-4b2b-bcac-2ab5fc63bd76,Piece,4
54650a55-c8c3-4f2c-a8d3-87b8ed0c1d71,ceaaff54-a832-4476-bfa6-12bbc3850728,d9e57393-b94e-4f71-8545-4bd68a1bb1f7,MONACO,6446373317712,2,30.0,25.0,60.0,291115e2-8e60-45f2-b6e3-58c8618a3e0f,Piece,2
fc5bf614-4f66-49fe-a677-0a95408ae394,ceaaff54-a832-4476-bfa6-12bbc3850728,8d461728-be1b-440c-86ee-f7a31b9a6d27,Chocolatto,870572008007,2,10.0,9.31,20.0,08a6ddec-263a-4d1b-9f75-5a39630e6b76,Piece,2
b7396122-4afc-48f8-a63e-2922a6a97bd5,cfdccff2-e7e8-46a7-9e41-d6a276829143,200e2456-15b8-4196-9fee-3c4061a5d192,Spicy  jalpeno,8966000056145,1,50.0,45.0,50.0,61e9bb04-8409-45b6-9bb6-2e0dfc89d4f8,Piece,1
4bbb6f1d-8b2b-4b03-8213-553194f39cbb,d070d977-d3e5-4bcf-9e66-1763911b29e1,2076a146-9376-46e2-94e8-9967d3cd53c5,Sprite 1L,5449000050939,1,170.0,133.0,170.0,91a6b489-9f54-49c4-99e9-c7010383fe3c,Piece,1
e60c5506-f47c-4111-b47a-4de66a08a828,d070d977-d3e5-4bcf-9e66-1763911b29e1,aeec8327-c8e3-49ae-830d-5ae48228671a,DISPOSIBLE GLASS,1233763958519,4,5.0,1.7,20.0,2bc021cb-4f78-4684-ad9e-7fae8bd628d9,Piece,4
de801629-34b9-4d1b-9a32-cec6ed5bbfab,d070d977-d3e5-4bcf-9e66-1763911b29e1,514d46ef-9706-43e2-98e7-dce570579f6c,Lays T BBQ,8964002346806,1,70.0,63.5,70.0,1a8b83aa-3bdd-4f01-9033-54e7e2048ccd,Piece,1
5c1310c8-bf55-4348-8e56-1f7e43f76906,d0b81c5f-14b0-4bb1-b16c-a119efc90daf,30e73934-8b1f-4e5b-8a7e-459183ab89ff,BENSON & HEDGES,ZIC2321183204,20,15.0,14.0,300.0,bd464178-34a5-4c51-ab7a-fb38e14501f9,Box,1
f17d9fe9-3614-4680-9fe8-60409609aeec,d515f823-df42-4f0b-b098-de74c6b5cc73,296944b9-ea79-469c-8425-f11d6e4b7eed,CAPSTAN RED,1230364618200,2,15.0,12.1,30.0,a1bc6a6f-ad8f-468b-afac-44ec8574811d,Piece,2
d20756e3-12dd-4a03-a632-813590ab3efd,da8c543f-31cf-4227-b522-97e4d4d8f28d,9d236562-684f-4a5c-b7fe-dec810a1ede0,Fruitien pomegranate,8964000876145,1,90.0,62.0,90.0,16090fff-696d-4201-9433-31e77b5a314c,Piece,1
40b88ff2-5fa5-4f36-b1e2-04d1d58acd45,db86ec44-a466-4a60-bbb5-734763dd9123,d708baee-e4e6-44b7-89a0-5214eeebce4f,prince chocolate,8961003612572,1,50.0,45.0,50.0,556d6997-f2ee-4658-8b85-23a47795b274,Piece,1
5597a1f9-f137-453d-acde-ca36fe1b4d00,db86ec44-a466-4a60-bbb5-734763dd9123,0641e502-0965-44db-bcf9-104cf2a42f37,FRUITIEN Peach,8964000876480,1,60.0,45.0,60.0,469fcf86-77ad-4d28-ac5d-44cace081107,Piece,1
b62a7abe-a8e9-4cf5-9171-8717cf1eed90,ddc635c0-2c1d-4930-868e-5b71024ec3fe,e07be54a-ef99-4d68-97db-58a730462337,MILANO,815082008130,1,200.0,165.0,200.0,a85e2866-0d3f-4bd2-80f6-a598982e48e0,Box,1
353ea105-81f7-4dd3-9cf7-21a31b22e028,de2e2e70-2ad8-473e-8320-36db761b7e5d,d70dcda7-7821-45d9-aba9-56ed471ad7e1,7up 1L ,8964000101377,1,170.0,130.0,170.0,cc2d260c-7b11-45fa-936e-18bf9be245f7,Piece,1
e5be0897-b03b-47fb-b20b-6f12d6df1bd4,de2e2e70-2ad8-473e-8320-36db761b7e5d,7a17eafb-adc5-4fe4-823a-276a0aef8f80,Sprite Mint 350ml,5449000283467,1,90.0,65.0,90.0,7253e00e-b639-4f94-8f55-afe8c41730f3,Piece,1
dc429362-9ec0-4c1f-ac42-fab8ecd5a1ad,de2e2e70-2ad8-473e-8320-36db761b7e5d,5d858261-9ada-44bd-ab18-e97ba65193ca,fruitien Red Grape ,8964000876138,1,90.0,62.08,90.0,6074cb61-2048-4775-9804-016af2a08d4f,Piece,1
cbb003c4-3f59-40cb-9d6d-92b1d2049cd7,de2e2e70-2ad8-473e-8320-36db761b7e5d,296944b9-ea79-469c-8425-f11d6e4b7eed,CAPSTAN RED,1230364618200,2,15.0,12.1,30.0,a1bc6a6f-ad8f-468b-afac-44ec8574811d,Piece,2
04e09b0d-5a70-4a1a-a4d2-6166aaddc25e,de85ed7d-fa4c-4237-a2d5-3217640c8195,296944b9-ea79-469c-8425-f11d6e4b7eed,CAPSTAN RED,1230364618200,2,15.0,12.1,30.0,a1bc6a6f-ad8f-468b-afac-44ec8574811d,Piece,2
bac10df1-51be-47b1-b209-436894630392,df7f13a8-2332-4392-9309-e53e642e2426,8af4077d-37f1-441f-936d-9507cb56ca9d,candy,1232784048698,2,5.0,3.5,10.0,7534df49-d891-461a-8b69-7d03cb9ce755,Piece,2
2e73317d-f567-4392-9bf1-617fc68f0c7d,e1193f88-7c6c-4519-855a-e342c69bbe15,df83db32-d270-4a08-8f67-85f4967a923d,Red & White,89600320,2,10.0,9.5,20.0,4c010ae2-567a-4d9a-a3ee-7be8b0099de4,Piece,2
939a8fc7-1a56-49b3-b476-7523d3965a17,e1193f88-7c6c-4519-855a-e342c69bbe15,6b21c075-c752-4bf7-a4c2-2a4c8441c546,sifarish khan,1232255618481,1,30.0,25.0,30.0,289e28e9-66d0-4026-9fd4-67bfa88cb04c,Piece,1
171f770e-6338-4c7e-ae2c-1e5ba8147675,e39c954b-22dc-4f07-af7e-f1e07671ebc3,49794596-aa57-4b63-b91c-ff5d3c55ab02,fresh up,ZIC3705852532,2,60.0,48.2,120.0,f9597713-f9e1-4f11-aebd-e23efe09b9ac,Piece,2
b1f59c5b-c640-41f8-ae05-d3162f344bdd,e39c954b-22dc-4f07-af7e-f1e07671ebc3,2f0bd3d2-d095-4cbd-a674-9d1776c2e43a,Zia Mix Nimco,8964002429936,1,50.0,41.6,50.0,60f345fa-41ee-4b27-8c95-1a22adb06e14,Piece,1
c486c24b-5e09-408d-8fdf-699644f51f06,e39c954b-22dc-4f07-af7e-f1e07671ebc3,d24bbc5f-3fd1-410d-9a57-74e81ed86362,Zia Peanut,8964003813390,1,50.0,41.6,50.0,cbb97db4-8292-477b-a912-3174dca1594b,Piece,1
73fa15cf-c1a8-49ab-a190-64877a68b3f4,e39c954b-22dc-4f07-af7e-f1e07671ebc3,052bc035-870d-4abb-8648-338b99bea7d6,MELLO,8964001435525,1,10.0,9.0,10.0,1eb8706e-7c5c-4b63-9af0-311768873056,Piece,1
ec934e9f-be54-43fe-8c40-197b0ec6ee5b,e39c954b-22dc-4f07-af7e-f1e07671ebc3,d18d182c-a161-4eac-8bf3-e06f2da97205,Coated Peanuts Salt,8964003812188,1,50.0,41.6,50.0,83de5732-9503-435f-9fd0-05179ae90ddc,Piece,1
b3e1af45-80c6-4fe2-8306-c68ea0348e83,e4ee2a21-1476-4e19-b5e1-339ff0ec9b7f,a0a5cd34-cdb1-4257-bbcf-8061295bca3a,lemon malt,1860236002037,1,120.0,79.02,120.0,5e6a96d5-81b1-4fc3-b9ca-4cde167b0c08,Piece,1
b4290124-95aa-4a4c-92a5-e6fd5943b686,e4ee2a21-1476-4e19-b5e1-339ff0ec9b7f,2c73a736-486c-4dbf-8528-fe9ce200d4e8,COCA COLA 1.5L,5449000051981,1,210.0,164.0,210.0,3970e731-82d1-42c7-95be-861d4545f819,Piece,1
b80b7e36-3ab6-4340-a008-ff484a004947,e4ee2a21-1476-4e19-b5e1-339ff0ec9b7f,aeec8327-c8e3-49ae-830d-5ae48228671a,DISPOSIBLE GLASS,1233763958519,3,5.0,1.7,15.0,2bc021cb-4f78-4684-ad9e-7fae8bd628d9,Piece,3
ff30dff8-5a9f-4fab-8a74-e2322c354d9e,e950607f-06d4-43b9-8630-f313d51fd9b5,7a17eafb-adc5-4fe4-823a-276a0aef8f80,Sprite Mint 350ml,5449000283467,1,90.0,65.0,90.0,7253e00e-b639-4f94-8f55-afe8c41730f3,Piece,1
d062050a-be52-475f-9e4c-b2634bdcff3c,e9af915f-bd74-4897-967f-a2ab16b5a319,0afb9312-e5a9-441c-bf7f-2fe1851a594e,cake Rusk,89611035033744,2,20.0,18.0,40.0,b6b9139e-2ff5-444d-ad53-ea994b1ec3aa,Piece,2
03bded9d-c8e4-4a1f-bfb2-1f2245701eb6,ea0f6484-36e2-48be-b6b6-bacce6c4eb7c,0383457d-1f9f-4703-983e-18bd38d2a79c,tedy,8964004771040,1,60.0,40.0,60.0,17eb82a7-363d-497b-90aa-c646a76433eb,Piece,1
7eab393a-67d9-4e44-93af-368a04ad13bb,ea0f6484-36e2-48be-b6b6-bacce6c4eb7c,a22eb9b4-0fa6-49c9-b5c6-df7f4d47865c,doni,6156783805784,1,50.0,26.0,50.0,2a81ca7c-2dfb-4952-9cc7-4b171e22c481,Piece,1
f77501f1-4cd8-45f0-8b4e-f95ec6c2ebec,ea0f6484-36e2-48be-b6b6-bacce6c4eb7c,331b84b0-56f3-43b3-bd8d-92670f1d7590,smile,8964004770975,1,60.0,55.0,60.0,cabd8c07-c5a5-45bf-95f6-a140a3aa4b0d,Piece,1
6a50c3a4-8467-494e-b884-505a4cb06dfc,ea0f6484-36e2-48be-b6b6-bacce6c4eb7c,8af4077d-37f1-441f-936d-9507cb56ca9d,candy,1232784048698,2,5.0,3.5,10.0,7534df49-d891-461a-8b69-7d03cb9ce755,Piece,2
0272b878-d17f-41e3-a933-2da51b7e0f85,eb5a7b8f-39e8-4c7c-a045-54c9994b9c7e,5a5154d9-6994-4dee-9011-efd865af1c8f,GOLD LEAF,1232097295550,20,25.0,24.5,500.0,38175889-2f66-461f-8e62-69907628ca63,Box,1
2b7dd4dc-5f98-4c79-b1cf-abf25b036d24,eb5a7b8f-39e8-4c7c-a045-54c9994b9c7e,8c7f6d6a-e322-4288-a670-4414a8a98916,MIRINDA 345ML,8964000103319,2,90.0,65.0,180.0,b74ab95f-e6b2-4273-aabd-fb4a21df03a1,Piece,2
fb518ffb-f639-40fb-9f42-8b18f889a0bf,efa6e769-189f-4669-86cb-d38e45e16d35,1e816735-0e24-4f7c-b240-460a7f0fb710,Slanty salt ,671866117579,1,50.0,45.25,50.0,3008b554-592b-4de4-8db7-b84851c388c5,Piece,1
519025ff-6bf4-4035-bfef-4a22d2c6efd1,efa6e769-189f-4669-86cb-d38e45e16d35,8f272532-b008-4f8d-88b7-c1d98b8479b0,LAYS Y&H,8964002345670,1,30.0,27.0,30.0,66b973e5-9238-4e42-9914-21193d1f0b37,Piece,1
90464f76-eb9b-4873-98e8-dfe7786c09eb,efa6e769-189f-4669-86cb-d38e45e16d35,49d0da8d-0715-45bb-8ed2-bfeb311f210f,lays y$h,8964000103784,1,20.0,17.0,20.0,aa53ae6a-2e7f-4333-8645-91a01ffefc95,Piece,1
f392b1f2-03fa-41be-8606-9896db21f6ec,efa6e769-189f-4669-86cb-d38e45e16d35,f4c0439f-a023-4989-995f-cdda01ed18ba,Lays Paprika,8964002345618,1,50.0,45.5,50.0,a85255f1-fb2f-482a-9d2e-8886ab9b1f92,Piece,1
dc02335c-47cd-494b-b8bc-0353faa64b27,efa6e769-189f-4669-86cb-d38e45e16d35,2191b979-dc6b-4487-a5db-4f4248da979b,LAYS CLASSIC,8964002345632,1,30.0,27.66,30.0,6e04bce6-7dc2-422b-aba8-ff080af9ddae,Piece,1
85c2fdfa-08e8-4025-ae8f-1a91ba19ff6a,efa6e769-189f-4669-86cb-d38e45e16d35,fd5e9b8c-d662-4759-aa2d-52ffc324740e,Kurkure CC,8964002347353,1,40.0,36.0,40.0,3f7ce760-8133-42c5-83ec-4f380f2626ff,Piece,1
4b905e5b-4ca4-4a17-9787-394dba572fb0,f689ba10-05fa-4a35-a1d0-363bcaecf1fc,66a64cc9-3d36-4ec9-94c4-fd0e9a56f32c,Lays Masala,8964000090602,1,20.0,18.0,20.0,c40492ef-d853-48e0-9c39-df0966445872,Piece,1
912aca82-98bc-479e-aecf-c2b5a084aea1,f7442326-dbb1-4211-bbd1-83321395efab,03cb2c93-1cf5-4097-9dd8-7287afaec200,Predator,5061013968225,1,70.0,53.91,70.0,5706758d-bd03-47db-b19e-4a4b7b1d547d,Piece,1
1d711764-8210-4d81-878c-73852022d0d8,f7442326-dbb1-4211-bbd1-83321395efab,296944b9-ea79-469c-8425-f11d6e4b7eed,CAPSTAN RED,1230364618200,10,14.0,12.25,140.0,0ea2547b-ff52-4fd2-a713-c4c425c19caa,Half box,1
f7fa9afb-f5de-4101-ad31-dcc365a17817,f7442326-dbb1-4211-bbd1-83321395efab,90ffa419-8bc9-4c39-81e1-cffb74841141,FIZUP,8964001179719,1,70.0,52.0,70.0,3f782984-279e-4f0c-9120-822961a7584c,Piece,1
44bdfda8-25d4-4b03-9259-856c37d3583a,f7cf84a9-cf4d-43b0-8b72-7466c89ef66f,5a5ad28c-287f-4a0f-8a55-bfd5a556b68a,pepsi 2 L,8964000103234,1,250.0,190.0,250.0,d34cf16b-e541-4ed0-815e-e61627cc5511,Piece,1
fab36bca-1042-4d64-bbb7-8261d6af86d3,f7cf84a9-cf4d-43b0-8b72-7466c89ef66f,e1c7461f-fe2c-43cc-b072-ab2fcdd767ed,olper pack,8964000919934,1,100.0,85.0,100.0,610b7a9f-fa8f-480c-8da4-d5bb1121252c,Piece,1
96f8bd5e-a89e-4d0c-91f2-b4e7bb5c87bf,f93e095d-7cce-45ac-8069-84babc491aa9,9b8a64b3-0eff-49bd-a7e9-7ae1f4c6211f,Capstan White,89600078,4,15.0,12.5,60.0,2ee97f16-83f8-4fe8-8004-f20228fc010c,piece,4
54c08c47-71fd-4d68-b69a-d1abafaece6c,fbd19f49-bb0b-48aa-8f3a-b741d145d726,64a0260c-b4ff-42bc-a28d-16f0668b16d6,lays masala,8964002345649,1,30.0,27.6,30.0,0ca93a56-dbb6-4176-a2cf-8ac8c48a6f5d,Piece,1
32f549ad-e379-41cf-ae7b-a53b121a7344,fc15dfab-fd6f-4732-bae0-63c28ca98d41,6d5767c4-fdbd-42fa-893e-41ddde84601b,Rahat Pamper 3,4985925672456,2,35.0,22.23,70.0,164a6171-0c52-4883-928f-fba982f24094,Piece,2
0efbfa82-890c-43bc-b7a9-d4f8bfb306a3,ff0629dc-dd6f-48af-bae9-1abdbb3e562d,89f084ac-a196-47fb-8e25-4e4bd3160c50,STING SMALL,8964000101551,1,100.0,73.0,100.0,24a9904c-bbbb-433e-b85c-bc70707d653c,Piece,1
0d25d6ec-5bed-4551-9dc7-119150e9d529,ff0629dc-dd6f-48af-bae9-1abdbb3e562d,e389f0ba-a270-4e3b-8305-e9bcae3fe41d,COKE 500ML,54491472,1,130.0,90.0,130.0,c21f0726-fece-497e-bc1a-9bbb9ba77015,Piece,1
20d36bf3-3b3f-4fb5-9009-939e051c1b74,0152ce5a-f12e-4220-8f40-5627298b6551,975cf5aa-4ec6-4b0f-bd0b-a79640860da8,CHOICE,9254120000254,1,40.0,22.5,40.0,45baadf7-3c4f-430c-b19c-ed8a6e8538df,Piece,1
33862f1a-825c-49a8-9f75-decce335cdca,0152ce5a-f12e-4220-8f40-5627298b6551,8af4077d-37f1-441f-936d-9507cb56ca9d,candy,1232784048698,2,5.0,3.5,10.0,7534df49-d891-461a-8b69-7d03cb9ce755,Piece,2
3c1dbbf6-4afa-49eb-853f-c5db4e331dd4,0372dd4a-4cb1-47b2-a107-db1a72a5609d,296944b9-ea79-469c-8425-f11d6e4b7eed,CAPSTAN RED,1230364618200,10,14.0,12.25,140.0,0ea2547b-ff52-4fd2-a713-c4c425c19caa,Half box,1
a1a705b5-0e41-4cc4-8ec4-215099113b74,0372dd4a-4cb1-47b2-a107-db1a72a5609d,8af4077d-37f1-441f-936d-9507cb56ca9d,candy,1232784048698,2,5.0,3.5,10.0,7534df49-d891-461a-8b69-7d03cb9ce755,Piece,2
65f68f7a-ca14-4f37-a7c3-16b64f1644f2,095b5d0c-46c9-4ded-af05-aa7a534861f1,b670459a-e326-4490-bf85-c717dd6912df,SLICE APPLE,8964000103104,1,80.0,43.4,80.0,962458d9-d8a4-496e-b26d-a36295416f95,Piece,1
2741df99-0c5d-4665-8128-02af4121d64c,0ce3b933-7696-4999-94de-c44d2154c6ec,61208acb-3d9e-41b2-a1ed-a65aef55d3da,knorr chattpatta,8961014038200,4,50.0,47.0,200.0,6911d27f-a24a-40c5-8761-c6954c0a797b,Piece,4
8ac0727c-246d-4f49-8606-eeb2c6231481,0d7ad023-4942-46e1-b010-f6a083888378,296944b9-ea79-469c-8425-f11d6e4b7eed,CAPSTAN RED,1230364618200,40,12.5,12.1,500.0,e9169ce5-618b-4046-9957-a321013f7b75,box,2
b2c97ea7-3d52-4eb0-bc6f-229748baea72,11007f23-5200-4ea2-ba24-b31f9e985d33,296944b9-ea79-469c-8425-f11d6e4b7eed,CAPSTAN RED,1230364618200,2,15.0,12.1,30.0,a1bc6a6f-ad8f-468b-afac-44ec8574811d,Piece,2
32053e8c-074e-44d6-81ef-a81cafb79d91,120a2d40-6f27-4ce0-afdb-ed8a5642e21d,234c787c-e5e2-4047-bb07-95d114219d2e,AQUA DIRE 0.5 Ltr,5901234039710,1,60.0,22.0,60.0,bc7e8655-4e7a-409b-a5c5-6b9e2e262dff,Piece,1
ee45e9d4-54cb-4eeb-a79c-6b08e9ff49d1,120a2d40-6f27-4ce0-afdb-ed8a5642e21d,403ea510-fb07-48bc-a730-8f1f2391b3be,STING L,8964000101704,1,140.0,105.8,140.0,7b817808-9ae8-4d8f-9f89-3f3e11cfe183,Piece,1
54de5ef6-adff-4543-8ccc-fdadbf29b69d,13443a7d-6854-4d11-9ebd-b5ab8171ea92,6b21c075-c752-4bf7-a4c2-2a4c8441c546,sifarish khan,1232255618481,1,30.0,25.0,30.0,289e28e9-66d0-4026-9fd4-67bfa88cb04c,Piece,1
22e6277e-b3b4-46c5-80cc-4679a1c5e29e,13443a7d-6854-4d11-9ebd-b5ab8171ea92,8af4077d-37f1-441f-936d-9507cb56ca9d,candy,1232784048698,2,5.0,3.5,10.0,7534df49-d891-461a-8b69-7d03cb9ce755,Piece,2
5fb6ce25-b152-463d-9cb1-4a15c9148938,18926bf2-06b7-4401-81b1-3b05cf732e82,296944b9-ea79-469c-8425-f11d6e4b7eed,CAPSTAN RED,1230364618200,7,15.0,12.1,105.0,a1bc6a6f-ad8f-468b-afac-44ec8574811d,Piece,7
028d91a8-88be-4ba2-9f75-d64fc9b53793,19966cc2-a162-4053-a808-ee9edfd3ede8,8af4077d-37f1-441f-936d-9507cb56ca9d,candy,1232784048698,2,5.0,3.5,10.0,7534df49-d891-461a-8b69-7d03cb9ce755,Piece,2
63a98392-fe45-47ac-8999-3d159b1ebe82,1cffc7c4-9fe8-4f86-98aa-6f201d2aa678,dabede9c-eb98-47b3-848d-77e6850a56e1,7UP 1.5L,0012000800337,1,210.0,163.0,210.0,f7ce623b-7879-474d-9773-f703bf0ae037,Piece,1
4c4a76c7-003f-419c-8c5b-55bcc60d0edf,1deec71f-4345-4791-bf75-abf88faa4130,403ea510-fb07-48bc-a730-8f1f2391b3be,STING L,8964000101704,1,140.0,105.8,140.0,7b817808-9ae8-4d8f-9f89-3f3e11cfe183,Piece,1
3da06045-cc37-47d9-a640-b014f748d36e,1deec71f-4345-4791-bf75-abf88faa4130,2eeb2840-498a-4d8b-b428-a35305ad400a,sunslik,8961014255461,2,10.0,8.0,20.0,f1a20860-f949-46af-ba9a-2b1e565a810f,Piece,2
d1dc9aec-03bc-4d60-9c63-c9fb51a6159b,1e0c5a1f-6ccc-4dc4-9b99-fc5bef32cbbd,bdfbec09-02b6-43e1-834e-c6f25f2250da,egg,1239923458738,8,22.5,20.0,180.0,1a65cdb6-05dd-4c13-8555-642c6262bc4e,Piece,8
6cfb1179-628d-427a-97d9-bbc73b80ce3a,1e8e5c70-7e91-48b8-a5de-eedc341a2962,6b21c075-c752-4bf7-a4c2-2a4c8441c546,sifarish khan,1232255618481,1,30.0,25.0,30.0,289e28e9-66d0-4026-9fd4-67bfa88cb04c,Piece,1
1ff4bec1-4d97-47ae-b51f-06f294f2b640,1f38ee12-454c-417d-ac15-5b4596a747da,5e884914-bb41-4b1f-accc-ce0d6446028c,Cake up choclate,8964004771279,1,30.0,27.0,30.0,3e6c01eb-63f7-4c6c-a9f1-ae60afed6e96,Piece,1
39d8d103-946d-417a-8fb8-071f08b7138b,1f38ee12-454c-417d-ac15-5b4596a747da,58b9cbcf-5f16-4a20-9bbc-5557b5fcb908,chunkin,8964201532291,1,10.0,8.33,10.0,3e650368-f188-4421-b8fb-6fb0b9f85d53,Piece,1
86d894c1-db8d-4758-8b9e-4e60cb6094f2,1f38ee12-454c-417d-ac15-5b4596a747da,b8106d87-eb2b-4a4c-bcd9-ebd7b40708e2,lays classic,8964000090596,1,20.0,18.0,20.0,1f70884a-93dd-4a74-954a-95cc02ac4bf6,Piece,1
05da0918-7c6e-40c6-8c92-1922e045c0cc,1f38ee12-454c-417d-ac15-5b4596a747da,183f01fb-73db-4261-83e7-b3b8fa486321,gala,8961003632617,1,40.0,36.0,40.0,6a550706-cf63-4362-a239-b293046932b3,Piece,1
437d4040-12ef-4414-95c1-264c1d9c9e4a,1f6e348f-772a-433b-9439-5b86dc2e130e,c1129656-5662-4496-b109-61981dbe1cf3,YUMS,870572007376,1,10.0,9.08,10.0,92f9efd1-b445-4013-beb0-e99b741f3e2b,Piece,1
c0c1cc1d-dd8b-4bf0-9a64-262f2480c122,1f6e348f-772a-433b-9439-5b86dc2e130e,e07be54a-ef99-4d68-97db-58a730462337,MILANO,815082008130,1,200.0,165.0,200.0,a85e2866-0d3f-4bd2-80f6-a598982e48e0,Box,1
66fbb6f1-7984-474a-8b12-08f5c014c6e5,1f6e348f-772a-433b-9439-5b86dc2e130e,aeec8327-c8e3-49ae-830d-5ae48228671a,DISPOSIBLE GLASS,1233763958519,4,5.0,1.7,20.0,2bc021cb-4f78-4684-ad9e-7fae8bd628d9,Piece,4
b0b6d504-a2dc-4248-9ff0-8c2ffa3cd467,1f6e348f-772a-433b-9439-5b86dc2e130e,296944b9-ea79-469c-8425-f11d6e4b7eed,CAPSTAN RED,1230364618200,2,15.0,12.1,30.0,a1bc6a6f-ad8f-468b-afac-44ec8574811d,Piece,2
37e4c486-642f-4950-b5c9-67cc07c27f65,2167134d-e5bc-4972-88fb-4ffae4b7aa7d,403ea510-fb07-48bc-a730-8f1f2391b3be,STING L,8964000101704,1,140.0,105.8,140.0,7b817808-9ae8-4d8f-9f89-3f3e11cfe183,Piece,1
391e1c1c-3443-47ab-bd86-5afb833a9274,22133ab8-3caf-4a82-b311-cf8916d977d3,0084bf1f-7beb-4c04-9848-2ce0fa28b44e,Chaunsa Mango Cup,8961014033755,1,90.0,77.55,90.0,648aa092-3ee6-4c96-87c6-5610d6e3e4dc,Piece,1
a4fd2a15-e15f-498c-8c10-2cbc14008ca0,22133ab8-3caf-4a82-b311-cf8916d977d3,9f61e160-7af9-471d-87df-a7c46405286f,paddle pop VANILLA CUP,8721274610468,1,40.0,34.0,40.0,15b2f430-290d-46a5-870b-99d701ce42b7,Piece,1
047c8f18-0454-42b3-a79c-73b6c3674727,2324e4ba-67f5-40e1-a709-01f317868a28,296944b9-ea79-469c-8425-f11d6e4b7eed,CAPSTAN RED,1230364618200,20,12.5,12.1,250.0,e9169ce5-618b-4046-9957-a321013f7b75,box,1
33288b6a-c049-4172-ad2e-9b808bc982b1,237ceee3-3d85-4d86-922d-45e6430f1d63,3c9df82b-a8e2-49c2-a773-46edf5859135,RAHAT  4,4985925672487,1,35.0,26.1,35.0,287627b8-4e98-49f3-9268-58f71cd70eb3,Piece,1
dfb91ef9-2106-4514-ad17-4889e2928225,237ceee3-3d85-4d86-922d-45e6430f1d63,8af4077d-37f1-441f-936d-9507cb56ca9d,candy,1232784048698,2,5.0,3.5,10.0,7534df49-d891-461a-8b69-7d03cb9ce755,Piece,2
cc914ed2-cc29-45b0-8048-7ee193de73d4,25aaacc3-e737-4b1d-a2ed-fa841f339a14,6b21c075-c752-4bf7-a4c2-2a4c8441c546,sifarish khan,1232255618481,1,30.0,25.0,30.0,289e28e9-66d0-4026-9fd4-67bfa88cb04c,Piece,1
1d3b1b61-74f0-4de3-b035-4c877de3f7a0,27a99d16-df34-4a0d-8a4e-1ee557aa8980,c04374cc-7bb3-429b-9dbb-21eda76aed5e,Coated Peanuts Cheese,8964003812171,3,50.0,41.0,150.0,56706665-ca8a-44bd-a35e-85afee47e7bb,Piece,3
d5fda379-9c59-401a-85f4-3f08f120a0e6,27a99d16-df34-4a0d-8a4e-1ee557aa8980,11e1500f-9918-4f52-b396-536cdf61732a,Face Mask,1230577825976,10,10.0,5.0,100.0,edc7c94c-8476-4437-a511-ac26d89b1774,Piece,10
6fa6c530-12fb-445f-8e72-f1736e9a4d0c,27a99d16-df34-4a0d-8a4e-1ee557aa8980,9b8a64b3-0eff-49bd-a7e9-7ae1f4c6211f,Capstan White,89600078,1,15.0,12.5,15.0,2ee97f16-83f8-4fe8-8004-f20228fc010c,piece,1
5135566d-3fde-45d5-ad76-e7156ed66d0a,27a99d16-df34-4a0d-8a4e-1ee557aa8980,8af4077d-37f1-441f-936d-9507cb56ca9d,candy,1232784048698,2,5.0,3.5,10.0,7534df49-d891-461a-8b69-7d03cb9ce755,Piece,2
6c7358d4-1597-4258-ab9a-25dd8d422d6f,28175c93-c9e7-4b95-b11c-75c16d8a67ad,8af4077d-37f1-441f-936d-9507cb56ca9d,candy,1232784048698,4,5.0,3.5,20.0,7534df49-d891-461a-8b69-7d03cb9ce755,Piece,4
7791075f-8606-4b23-b5ae-bbe4c675352b,299941d5-8d67-4c79-8ea9-e11c0ce78cbc,bdfbec09-02b6-43e1-834e-c6f25f2250da,egg,1239923458738,12,22.5,20.44,270.0,bdd4c51e-e07c-42e7-b727-d85d00d994f8,dozen,1
6c4c7f73-2dfe-4796-8130-a5fd9fe5ed57,299941d5-8d67-4c79-8ea9-e11c0ce78cbc,267000c3-a7df-4376-9f3f-e4a8129ba391,frisky c c w r,8965310055787,2,60.0,52.0,120.0,23a38cfb-9dc0-46e1-b47e-5bedf315dd04,Piece,2
ab86c24e-8cf0-48be-a16d-67674c5107f7,299941d5-8d67-4c79-8ea9-e11c0ce78cbc,d5d6372c-5ed7-4b72-998a-708be9b074c3,SUGAR 1/2 KG,1234623077739,2,80.0,72.5,160.0,5426f909-c940-4530-aff4-f6caca3a7bb0,Piece,2
c28d87f9-52aa-45e2-adae-4bf9efef779a,299941d5-8d67-4c79-8ea9-e11c0ce78cbc,9520e208-bac7-4127-af7e-a94ac04952b6,BONJOUR,725765019134,1,100.0,50.0,100.0,3b263062-b9f2-4cf4-801c-004967d8916e,Piece,1
03f63240-557c-4d07-a00c-bb3caf2174ab,299941d5-8d67-4c79-8ea9-e11c0ce78cbc,5a5154d9-6994-4dee-9011-efd865af1c8f,GOLD LEAF,1232097295550,3,30.0,25.0,90.0,ff8b0ab8-fd25-4bb6-aafb-a79e8e63a846,Piece,3
eb978b8d-507d-4893-b537-1e534398353f,2bde9042-b134-4f6f-88a6-318fb2782107,769e2e89-ac54-44d5-95f5-ccae70735404,TIGER,8961003694271,1,10.0,8.85,10.0,4aa89d8e-e8d9-41cd-b9dc-1ef6616d3d57,Piece,1
d4a0efe1-483f-4c2f-858e-b045d6e3890b,2c36947d-e979-4c52-93f4-a8c2b97187ac,b2fa9a08-2130-4d3b-a1f9-f39f694cc18c,Surf Excel S/pack,8961014264760,2,10.0,9.1,20.0,f62c8014-7e26-49a7-9f35-a5eb92f1347c,Piece,2
5ac5b543-e5ec-407a-b46d-816f35e6b877,2cac8456-3d4a-4097-b9a6-341de47f073f,b2fa9a08-2130-4d3b-a1f9-f39f694cc18c,Surf Excel S/pack,8961014264760,1,10.0,9.1,10.0,f62c8014-7e26-49a7-9f35-a5eb92f1347c,Piece,1
155fd397-8a13-4c63-9407-d31c95b7d894,2d89e51b-813e-4f15-a0c8-1fc23f0e6a7c,296944b9-ea79-469c-8425-f11d6e4b7eed,CAPSTAN RED,1230364618200,3,15.0,12.1,45.0,a1bc6a6f-ad8f-468b-afac-44ec8574811d,Piece,3
2571b074-b08a-46c3-b56d-2fb61a36efbf,2e3addd7-f52f-4d43-857a-855738e294f3,5a5154d9-6994-4dee-9011-efd865af1c8f,GOLD LEAF,1232097295550,1,30.0,25.0,30.0,ff8b0ab8-fd25-4bb6-aafb-a79e8e63a846,Piece,1
fa3fac4e-84cf-4015-adbf-cb196adf2db7,2e3addd7-f52f-4d43-857a-855738e294f3,8af4077d-37f1-441f-936d-9507cb56ca9d,candy,1232784048698,4,5.0,3.5,20.0,7534df49-d891-461a-8b69-7d03cb9ce755,Piece,4
045ca1e9-6331-418f-b896-be37dbb13e0c,2e7a83f8-6279-42b9-af03-89a81768dc51,382387eb-6272-4738-b2d5-3361fa6fc3ca,Potato Sticks,671866277501,1,50.0,46.25,50.0,bc63250f-fd30-4ca2-a788-3340c09f9c89,Piece,1
37816b00-99b1-499c-ae1a-5348f11dc191,2e7a83f8-6279-42b9-af03-89a81768dc51,403ea510-fb07-48bc-a730-8f1f2391b3be,STING L,8964000101704,1,140.0,105.8,140.0,7b817808-9ae8-4d8f-9f89-3f3e11cfe183,Piece,1
88887630-af04-4ad7-8421-96c7fc6932cc,2e7a83f8-6279-42b9-af03-89a81768dc51,7439380d-ff71-4b92-b2ff-56899ca87c0d,tridgum,9555407311019,1,10.0,4.09,10.0,b3c50399-f52e-4960-bdd6-5ef8d99c8de1,Piece,1
a48d6fb1-8073-4d67-a644-b0665d5b1319,2e8f8a92-cc44-4e8e-8b79-79c695501893,f6046db6-dc44-4536-a34f-9d31407bce40,Olpers Milk 250ml,8964000346549,1,100.0,90.0,100.0,bde1191c-1c72-4612-b867-9c2c65ef54ee,Piece,1
a3d5b8ad-9a7b-43ae-98e9-6a5424a0475f,2e8f8a92-cc44-4e8e-8b79-79c695501893,4276cb15-7ab5-4090-9a33-f37c947bddf2,umdah tea,8964004543180,1,10.0,8.5,10.0,f6b0242d-633c-4904-abe4-19f33873c70c,Piece,1
6b3a97b5-9889-43a1-8952-c2d0bed153ee,3024d16e-a365-4fe4-ba63-58ecc386f85d,296944b9-ea79-469c-8425-f11d6e4b7eed,CAPSTAN RED,1230364618200,1,15.0,12.1,15.0,a1bc6a6f-ad8f-468b-afac-44ec8574811d,Piece,1
3ab3fb16-628c-42a1-beec-f6d156e555ee,3149afbc-c6d5-4572-a927-94f23148d1b8,89f084ac-a196-47fb-8e25-4e4bd3160c50,STING SMALL,8964000101551,2,100.0,73.0,200.0,24a9904c-bbbb-433e-b85c-bc70707d653c,Piece,2
5382d431-1513-48ca-b399-2fb6248dc7b6,3149afbc-c6d5-4572-a927-94f23148d1b8,66a64cc9-3d36-4ec9-94c4-fd0e9a56f32c,Lays Masala,8964000090602,4,20.0,18.0,80.0,c40492ef-d853-48e0-9c39-df0966445872,Piece,4
673e8327-77b9-44f1-b27e-2eb45b8f7787,3149afbc-c6d5-4572-a927-94f23148d1b8,403ea510-fb07-48bc-a730-8f1f2391b3be,STING L,8964000101704,1,140.0,105.8,140.0,7b817808-9ae8-4d8f-9f89-3f3e11cfe183,Piece,1
18012cf9-417e-4af7-98df-ff4074b263a8,32e9bcca-443e-463c-ab84-2fa2da809e06,85594582-8fac-4e45-97aa-fb017eedf3ed,Tuc,8961003622625,1,50.0,43.0,50.0,5d3f27a0-ef98-4aef-bdc0-09fb857dca97,Piece,1
ce39de87-a1ea-4846-b7ca-b93088c6b332,3381c0cb-de77-43c2-a92b-bb830e41cb91,b8a09231-1bf3-4dc3-b3d6-92a1fcd5f3b8,bigg lychee,1860074054618,1,200.0,155.0,200.0,c4bf8736-e202-4b78-b05c-00f5bfa32213,Piece,1
051c53ea-54b1-4ce9-a6d7-4bba0e0d1733,33d3cd91-6810-4036-8169-2fb18bb9d0ec,403ea510-fb07-48bc-a730-8f1f2391b3be,STING L,8964000101704,1,140.0,105.8,140.0,7b817808-9ae8-4d8f-9f89-3f3e11cfe183,Piece,1
0291aed2-da13-403d-a8b8-676021c9c969,33d3cd91-6810-4036-8169-2fb18bb9d0ec,8af4077d-37f1-441f-936d-9507cb56ca9d,candy,1232784048698,2,5.0,3.5,10.0,7534df49-d891-461a-8b69-7d03cb9ce755,Piece,2
9c020e95-3c87-4b0f-8aed-c1131d11c1b2,3519c978-b00e-4c3f-a82b-a64193c622cb,d708baee-e4e6-44b7-89a0-5214eeebce4f,prince chocolate,8961003612572,1,50.0,45.0,50.0,556d6997-f2ee-4658-8b85-23a47795b274,Piece,1
ac9e527a-d617-459c-9d4e-1528f1717406,3add4068-39cd-427e-81bf-acc3dd818720,296944b9-ea79-469c-8425-f11d6e4b7eed,CAPSTAN RED,1230364618200,2,15.0,12.1,30.0,a1bc6a6f-ad8f-468b-afac-44ec8574811d,Piece,2
993bd480-94da-45c9-a73f-9265c6da9ed9,3add4068-39cd-427e-81bf-acc3dd818720,8af4077d-37f1-441f-936d-9507cb56ca9d,candy,1232784048698,4,5.0,3.5,20.0,7534df49-d891-461a-8b69-7d03cb9ce755,Piece,4
b29c9ea4-9307-4a67-98b8-a43780aaac5f,3b2307e1-7b82-4854-ad09-2d41bf856917,296944b9-ea79-469c-8425-f11d6e4b7eed,CAPSTAN RED,1230364618200,1,15.0,12.1,15.0,a1bc6a6f-ad8f-468b-afac-44ec8574811d,Piece,1
cf959e6c-8c5d-4478-a7fb-1e3ee5b349b0,3e59fc9b-561f-4614-8616-b51c0748bd36,296944b9-ea79-469c-8425-f11d6e4b7eed,CAPSTAN RED,1230364618200,3,15.0,12.1,45.0,a1bc6a6f-ad8f-468b-afac-44ec8574811d,Piece,3
d555ca76-b39c-46bd-9d78-9a469e67eaf5,3e59fc9b-561f-4614-8616-b51c0748bd36,8af4077d-37f1-441f-936d-9507cb56ca9d,candy,1232784048698,1,5.0,3.5,5.0,7534df49-d891-461a-8b69-7d03cb9ce755,Piece,1
dde88787-8c9e-43d7-809e-d03f732e9213,3e59fc9b-561f-4614-8616-b51c0748bd36,6b21c075-c752-4bf7-a4c2-2a4c8441c546,sifarish khan,1232255618481,1,30.0,25.0,30.0,289e28e9-66d0-4026-9fd4-67bfa88cb04c,Piece,1
8a06a616-c6c0-4484-b545-3f896cb49525,3f99b78f-6b99-4662-8afb-8cde1fc56bc3,3f7012e2-7545-4901-bd03-3ea880bdb27e,Flagyl 400mg,1235783565074,1,50.0,42.0,50.0,c51ff79d-f794-4fe8-bf6f-95b2a8358c93,Piece,1
b941c11f-f251-4c32-acf0-9a501b15c403,4004ae01-f9d9-47de-a06f-07f17c6cb2c6,ebecba97-a5dc-432a-a675-b07992cfe188,DUNHILL,89600047,20,30.0,29.5,600.0,4d75b869-1d20-4862-9c75-0c8a26f90c5d,Box,1
24a08e61-f3be-469b-96aa-519690809bd5,417c5c2c-5e0f-459b-ab5a-69061a930256,ebecba97-a5dc-432a-a675-b07992cfe188,DUNHILL,89600047,20,30.0,29.5,600.0,4d75b869-1d20-4862-9c75-0c8a26f90c5d,Box,1
daa3fd2a-a05a-418e-b005-3dc06ca5f9e0,41c095a4-92dd-48c6-bc35-b72ac754b9d2,df83db32-d270-4a08-8f67-85f4967a923d,Red & White,89600320,2,10.0,9.5,20.0,4c010ae2-567a-4d9a-a3ee-7be8b0099de4,Piece,2
c2a1562c-4627-4f8b-ad6c-95bcb43ead97,4516257e-91cd-4499-a227-25f29c85f4e6,c75320df-735c-44fe-b32d-46b0170ef53a,Lays Masala,8964000090428,2,100.0,92.3,200.0,b77ba773-b9e7-4763-9761-47c66a223bd9,Piece,2
6ba871de-9feb-4874-b154-563b941185e7,4516257e-91cd-4499-a227-25f29c85f4e6,89f084ac-a196-47fb-8e25-4e4bd3160c50,STING SMALL,8964000101551,2,100.0,73.0,200.0,24a9904c-bbbb-433e-b85c-bc70707d653c,Piece,2
db170cd7-ba10-4682-a340-50766ea10453,45332d90-8a2e-43f1-8a71-532b3e65b0d1,975cf5aa-4ec6-4b0f-bd0b-a79640860da8,CHOICE,9254120000254,1,40.0,22.5,40.0,45baadf7-3c4f-430c-b19c-ed8a6e8538df,Piece,1
c57a3470-ab9a-41cb-88f1-3836aaaaa63e,46450900-5eb8-414e-9ce4-b94022ff8b90,1330888d-09e3-4704-ad0e-c6910547e08b,COCATEA PEANUT,762497639377,1,50.0,41.66,50.0,6690d456-6ac5-4661-8b6d-1e96e1b9527d,Piece,1
aaae6d98-6bb4-47b3-8ef6-6b269c414543,471e3904-7a86-4820-84a5-898de8099ec6,a36c8253-646f-48ea-8729-de00c40af493,COCATEA BADSHAI,762497639360,1,50.0,41.66,50.0,7326edc6-496f-4177-8f5b-c44c7383b1b2,Piece,1
a6ff8539-5557-4b12-932a-784618c934a2,471e3904-7a86-4820-84a5-898de8099ec6,1330888d-09e3-4704-ad0e-c6910547e08b,COCATEA PEANUT,762497639377,1,50.0,41.66,50.0,6690d456-6ac5-4661-8b6d-1e96e1b9527d,Piece,1
16d53a5b-6e4f-4000-8052-d37e6cb52838,471e3904-7a86-4820-84a5-898de8099ec6,fdb8766b-6fe2-448b-9d04-0711c389fbd0,popcop,745240202448,1,50.0,40.0,50.0,538ca8b9-68cb-4e40-8642-65d3d3d65323,Piece,1
a1ab2a04-ed2c-47c3-bd0f-bc9d96e6658f,471e3904-7a86-4820-84a5-898de8099ec6,af69d822-86b0-44a5-95c6-e6eb63bf046f,4U peri Per,725765417107,1,20.0,18.33,20.0,f9b1f94e-eb83-4553-ac61-9dc96aaae598,Piece,1
2693b6d6-49fe-44a1-8c79-5f21ea792f90,471e3904-7a86-4820-84a5-898de8099ec6,fd5e9b8c-d662-4759-aa2d-52ffc324740e,Kurkure CC,8964002347353,1,40.0,36.0,40.0,3f7ce760-8133-42c5-83ec-4f380f2626ff,Piece,1
d5c9d2f6-c5c9-4171-96fc-20180310abf9,471e3904-7a86-4820-84a5-898de8099ec6,e72cc9fe-22b1-4ea0-b7ba-50b2a81ae9cc,4U Bar Beta,8964000579435,1,20.0,18.33,20.0,19cf5be3-be93-483b-a1f4-a2bb5e331f51,Piece,1
a43d5fd2-b396-407a-ac46-4b22518c3b81,471e3904-7a86-4820-84a5-898de8099ec6,6f62f74f-7ee8-42e9-9657-15f8ca0cea38,frisky cream,8965310055183,1,50.0,43.7,50.0,9533f3ca-1b22-4f01-bfdd-4249b8c23f91,Piece,1
b6c66e20-4dc2-4bb6-b2cf-8b456fefbfb6,471e3904-7a86-4820-84a5-898de8099ec6,477ef534-005d-42fb-9cdb-ae0e6e0e4624,Lays Masala,8964002345595,2,50.0,46.0,100.0,3294cf9e-a80d-4e5a-bb6f-3a8fd4122ffc,Piece,2
ad2679e9-321b-44f3-80a5-99c7974f9faf,471e3904-7a86-4820-84a5-898de8099ec6,8f272532-b008-4f8d-88b7-c1d98b8479b0,LAYS Y&H,8964002345670,2,30.0,27.0,60.0,66b973e5-9238-4e42-9914-21193d1f0b37,Piece,2
d1549c54-89fb-4c46-8329-b9665471dd8d,471e3904-7a86-4820-84a5-898de8099ec6,75e83387-d17d-4434-9890-e344fe382760,Coated Peanuts Masala,8964003813109,1,50.0,41.6,50.0,56a58959-d195-45e2-91f2-b39c14ef0e25,Piece,1
39d53117-44e8-4f4b-b7b5-0017aacc3356,471e3904-7a86-4820-84a5-898de8099ec6,8845956e-b9eb-4935-a785-b670f21f8023,Divine,8961103503640,3,40.0,36.0,120.0,16c3c46e-3594-4d9d-a1d2-9e9c94245102,Piece,3
2772bd48-5a92-428e-8c9c-f5cde49a6d61,471e3904-7a86-4820-84a5-898de8099ec6,66df3d12-aa8d-486d-9453-71ff83e9c349,HARVEST BLESSING,725765019110,1,100.0,50.0,100.0,3d0746b5-edc3-4bdb-b424-00495bba7b62,Piece,1
0bd30cda-d056-49bd-970f-05eeb9532035,471e3904-7a86-4820-84a5-898de8099ec6,94dfb024-8c6c-405a-96d6-b55f7533632f,SPRITE 350ML,40822099,1,90.0,58.67,90.0,f6f3d17b-323d-46a3-b7a4-41b79602b907,Piece,1
8dac667a-2b11-47cf-b5f8-c62e829ccc76,48852d9d-b1aa-42aa-a2a5-b0d8bb197286,826c0da6-b0aa-4c8a-a024-a17c10878f2f,milk pack,8961008022185,1,100.0,87.7,100.0,fab81662-9567-4d14-93ef-507465b7294c,Piece,1
93d8c8ee-bd2e-42a3-a0e8-182b479fdb24,48852d9d-b1aa-42aa-a2a5-b0d8bb197286,318b66d4-6b22-4dcd-a11d-7f164c5b745e,Johar joshanda,855434009675,4,25.0,20.0,100.0,ae68597e-8255-491f-b7b0-c8ae564da2fc,Piece,4
07020a0d-0a05-4882-96c3-fc392de9e91f,490fa96b-9174-4e4d-bd08-85710109a5d1,b2fa9a08-2130-4d3b-a1f9-f39f694cc18c,Surf Excel S/pack,8961014264760,3,10.0,9.1,30.0,f62c8014-7e26-49a7-9f35-a5eb92f1347c,Piece,3
a209e077-09cf-48e6-b59f-61f9d40c0875,490fa96b-9174-4e4d-bd08-85710109a5d1,6aaf112c-b5e1-40e0-8e05-6119d9979f45,Sonnet,870572004658,1,10.0,9.1,10.0,c01d21af-e0ac-4f85-afca-5c146ff8064a,Piece,1
0c5bc9f3-50fd-4c73-b14b-f8111eba3419,490fa96b-9174-4e4d-bd08-85710109a5d1,35975484-bb93-4bfb-97c2-d359b967925e,paradise,870572004665,1,10.0,9.0,10.0,8bd05ef6-f7f5-4c81-8fd1-f7a9ff3b1af8,Piece,1
a03919c7-5bc7-404f-bc72-7712d88a2e0b,4ab5a7e4-90a9-4f2b-b3f5-7e97541a285d,296944b9-ea79-469c-8425-f11d6e4b7eed,CAPSTAN RED,1230364618200,3,15.0,12.1,45.0,a1bc6a6f-ad8f-468b-afac-44ec8574811d,Piece,3
e593f131-5e1a-45de-9064-f839f8feaff1,4ab5a7e4-90a9-4f2b-b3f5-7e97541a285d,8af4077d-37f1-441f-936d-9507cb56ca9d,candy,1232784048698,1,5.0,3.5,5.0,7534df49-d891-461a-8b69-7d03cb9ce755,Piece,1
103d3619-8a31-45cc-ae2d-df3814c1b8ca,4b619e97-a5ab-48ec-a479-476cc69a8399,d116e873-c5f4-4c8b-ba20-0b2e40d2895d,tokyo wape refill 30 mg,1235912520622,1,300.0,20.0,300.0,5b192d67-fd00-41b2-916a-baeeeaa76469,Piece,1
4c6e9c29-8a6f-444a-a960-6b6ac80b03bc,4cb88960-e201-4370-bb05-0580e6f12e47,052bc035-870d-4abb-8648-338b99bea7d6,MELLO,8964001435525,1,10.0,9.0,10.0,1eb8706e-7c5c-4b63-9af0-311768873056,Piece,1
bf601805-eb51-44e9-8452-8e5fde0a2680,4cb88960-e201-4370-bb05-0580e6f12e47,727fb333-3c91-459b-abef-370df5b186a5,cocomo,8961103500236,2,10.0,9.16,20.0,65c14f2c-759a-4b05-aba5-23b13a2b0a6c,Piece,2
084c56bb-d95c-430b-9bb1-aec4b052a5be,4cb88960-e201-4370-bb05-0580e6f12e47,8af4077d-37f1-441f-936d-9507cb56ca9d,candy,1232784048698,2,5.0,3.5,10.0,7534df49-d891-461a-8b69-7d03cb9ce755,Piece,2
ac595bdf-88dc-4450-93bb-b5181657b924,4d9067de-7ec5-4320-ab5f-e9858c636b61,296944b9-ea79-469c-8425-f11d6e4b7eed,CAPSTAN RED,1230364618200,6,15.0,12.1,90.0,a1bc6a6f-ad8f-468b-afac-44ec8574811d,Piece,6
823457ba-411e-493d-be11-a15e3e92a66a,4eec057e-cfe6-4f0c-979a-892d3c72e9c4,86d02f84-f627-48b7-86b7-7ce9f5f6cf90,durex Fether Lite,5010232953994,1,380.0,250.0,380.0,ca24d088-e653-4412-92e7-24c073c2f7d6,Piece,1
cc6b302b-34d5-40a1-9415-28bc4508f0e2,51368076-c21f-4425-afb3-b88f5fcaab8f,df83db32-d270-4a08-8f67-85f4967a923d,Red & White,89600320,10,10.0,9.5,100.0,9906134c-2d34-42ea-8503-8a4aeb21af05,Half Box,1
34d70f82-3fb9-43a0-901e-0c28f55356f7,5182f09d-e091-4b41-ac24-62e30f24b35d,a3649557-f3b6-4a2d-80a9-9a5447a3ebb3,Lays Y&H,8964002345625,1,50.0,45.8,50.0,0330369f-7d98-41fd-9a17-6bd07de63b61,Piece,1
8b88ca19-c9ab-4863-bd03-1024cf07279c,521071f2-84bc-4a63-a710-13990df18a80,5d858261-9ada-44bd-ab18-e97ba65193ca,fruitien Red Grape ,8964000876138,1,90.0,62.08,90.0,6074cb61-2048-4775-9804-016af2a08d4f,Piece,1
d7b319a1-829b-489f-902f-6c92eca4b6bd,521071f2-84bc-4a63-a710-13990df18a80,5a5154d9-6994-4dee-9011-efd865af1c8f,GOLD LEAF,1232097295550,1,30.0,25.0,30.0,ff8b0ab8-fd25-4bb6-aafb-a79e8e63a846,Piece,1
cf062a5e-572e-42d2-bc4e-f4ef7c7adf8c,549eb7cd-a945-4b92-9b63-cebe1700f71a,df83db32-d270-4a08-8f67-85f4967a923d,Red & White,89600320,2,10.0,9.5,20.0,4c010ae2-567a-4d9a-a3ee-7be8b0099de4,Piece,2
e9996804-2441-4789-bc9f-31a2ca398821,54a8b42a-3637-46c7-b2d1-926bd3d1178d,b21064d9-07ce-42e8-8bdf-a7c61df06adb,jet spoort,8721274610482,2,40.0,29.38,80.0,347ee8ca-b35c-456e-a2d3-8c9b2417b33e,Piece,2
38cf5cb4-22cc-48b5-b85b-39772a6dfe97,560fed7d-2cd6-4e52-95ac-b45784ba0d9a,d43a6e92-5604-44fa-b95a-d7a378b93536,Lays FC,8964002345601,2,50.0,46.0,100.0,e707af65-3e99-49c6-83b0-d861d0ecbf1e,Piece,2
9c7a0b47-977a-407b-ba9c-8734193f9658,560fed7d-2cd6-4e52-95ac-b45784ba0d9a,91ffc46b-44fc-4d7b-823e-bc162c9cf24f,bigg apple,1860071012147,1,80.0,54.0,80.0,baa1a505-ea2c-44e0-8a28-0195bd62bbb6,Piece,1
63c1c6f2-a1b6-4c61-b3e6-dd2a43a3c67b,560fed7d-2cd6-4e52-95ac-b45784ba0d9a,ba790275-119d-4f7a-b9d6-2228bf0d7226,badam makkan,095742223213,2,10.0,4.1,20.0,43a1d058-e491-40ad-a268-fc88b700be34,Piece,2
f80b19ea-7319-414a-b07c-798210c0fbd5,577ac80f-d510-457d-a9fe-d92e572d346a,fd5e9b8c-d662-4759-aa2d-52ffc324740e,Kurkure CC,8964002347353,1,40.0,36.0,40.0,3f7ce760-8133-42c5-83ec-4f380f2626ff,Piece,1
5d102c5e-2f4a-4028-a56e-031a7877a0f9,577ac80f-d510-457d-a9fe-d92e572d346a,89840fa8-51f7-4d61-b25d-5a43e328f844,Kurkure RC,8964002347360,1,60.0,56.0,60.0,f72a4fe7-e8c4-4591-97a9-a33e2ce87b07,Piece,1
5c323b73-43c8-44ad-9f56-5b6be569b844,577ac80f-d510-457d-a9fe-d92e572d346a,fc973d06-9999-433b-9a73-7f752c73233d,chip hop c,8961102505485,2,30.0,27.91,60.0,57413692-b5d5-496e-a7a7-439dc7c060a7,Piece,2
44402111-4b60-4b9b-be3b-dc99519829bc,57ba6c3b-22f3-4691-8e42-a2df5e1ded1b,5a5154d9-6994-4dee-9011-efd865af1c8f,GOLD LEAF,1232097295550,1,30.0,25.0,30.0,ff8b0ab8-fd25-4bb6-aafb-a79e8e63a846,Piece,1
bf0916f1-af29-4249-8706-274170f60249,57d5a9f5-35c6-463e-bbb3-0f97394c9ac5,75458cc3-08c9-40b8-a342-d2e22402d0b4,tuc,8961003624575,1,20.0,18.0,20.0,2dcc8fa7-7de1-4590-909f-1dbad950ac71,Piece,1
8fcc8467-6fe9-4126-8029-4cab7404ba23,596a19be-43ee-429f-9815-26ca41ee769a,296944b9-ea79-469c-8425-f11d6e4b7eed,CAPSTAN RED,1230364618200,2,15.0,12.1,30.0,a1bc6a6f-ad8f-468b-afac-44ec8574811d,Piece,2
fcbb42ca-afd1-4d5e-98f5-e2e2d0d07192,59b70662-5dee-41dd-89e7-5a8e855bc618,b8d346e3-9757-4536-b898-55430d1e1041,Rite,8961102508967,2,20.0,18.0,40.0,b6a8eb92-bef0-43df-9d3d-18eeadac5f4b,Piece,2
1e15c3b8-85fa-40a2-b8f1-2d26e20d83b8,59b70662-5dee-41dd-89e7-5a8e855bc618,727fb333-3c91-459b-abef-370df5b186a5,cocomo,8961103500236,1,10.0,9.16,10.0,65c14f2c-759a-4b05-aba5-23b13a2b0a6c,Piece,1
d41b4c85-f8e3-4c54-a810-a0a63e48c09c,59beca20-a60e-4d8f-97e7-706266e074c6,296944b9-ea79-469c-8425-f11d6e4b7eed,CAPSTAN RED,1230364618200,2,15.0,12.1,30.0,a1bc6a6f-ad8f-468b-afac-44ec8574811d,Piece,2
56c3b149-2fc1-4d0e-9f00-0fd64c91dc22,5c594d25-fe20-467c-afda-c497faf12c6c,296944b9-ea79-469c-8425-f11d6e4b7eed,CAPSTAN RED,1230364618200,1,15.0,12.1,15.0,a1bc6a6f-ad8f-468b-afac-44ec8574811d,Piece,1
560f79b6-435d-403d-8df7-6a3d18110350,5c594d25-fe20-467c-afda-c497faf12c6c,8af4077d-37f1-441f-936d-9507cb56ca9d,candy,1232784048698,1,5.0,3.5,5.0,7534df49-d891-461a-8b69-7d03cb9ce755,Piece,1
67f27be5-8744-44eb-94c0-698f60b5a854,5c996f54-8eee-45e3-98c4-fe9ee56273a2,d0ea7687-1654-4b17-b313-1c89ac741d71,NANKHATAI,8961003669347,2,50.0,45.0,100.0,7c5574a7-3027-4066-a9a4-deb43ded924b,Piece,2
bf39bcf0-4268-4d61-97c9-d85c180f62c3,5c996f54-8eee-45e3-98c4-fe9ee56273a2,e632d34a-2fce-4251-b925-dd168b83f20b,Ossum chocolate,9468517305406,1,100.0,40.0,100.0,5d2002d1-2004-43df-badf-f68e4da1f00c,Piece,1
19710dcb-ddf9-4b6f-875e-13778d461991,5c996f54-8eee-45e3-98c4-fe9ee56273a2,4bcc9167-f8bb-4ba1-8eda-608d0c4d6d73,chips c,6446373780660,1,40.0,26.0,40.0,9c99360b-0f87-4015-9fdb-160b33976477,Piece,1
5d862fe5-f033-4a2c-8732-680d83d4d413,5c996f54-8eee-45e3-98c4-fe9ee56273a2,faca038c-a083-435d-a433-3024e08a7f3e,spark,6121420648949,2,20.0,13.3,40.0,3ec69693-93bd-4a23-be57-bb14e100f14c,Piece,2
e1ebf28d-7d04-476e-96cc-077165f4af90,5c996f54-8eee-45e3-98c4-fe9ee56273a2,e3d69a8d-dc7f-4c6a-945f-f747f76ba498,RAMTIN,6261715250607,1,60.0,33.0,60.0,5d064673-6b20-462c-bc35-72865b0bc0df,Piece,1
e2d4d9f2-53d2-4f31-a8ef-2790ccecc581,5c996f54-8eee-45e3-98c4-fe9ee56273a2,045336a9-6e35-481f-bc73-7a5720d220cc,MELLO,8964001435518,1,10.0,9.0,10.0,beb04b66-8168-4ad7-b046-02c8feb0459b,Piece,1
49d2f572-c23a-44fa-ae1b-12382d9a4de0,5c996f54-8eee-45e3-98c4-fe9ee56273a2,fd591f84-cfb8-440d-ab2f-7451d561dd44,nani cocoa cereal,6261149055878,1,70.0,37.5,70.0,2ead5d47-5874-4e66-ba95-a0e41ca39e7e,Piece,1
38b08aca-8ec4-44b0-a9c3-87cce2259446,5d473f52-b1f2-41b9-b109-ef5c7e849f09,9b8a64b3-0eff-49bd-a7e9-7ae1f4c6211f,Capstan White,89600078,20,12.5,12.1,250.0,b371a280-0cea-4bc1-87c8-4befe828f950,Box,1
ba469801-b421-4e24-9fb4-e36b482d053a,5e150220-af96-418e-ac38-a4845bc0bfa4,d8f89ad3-02ac-4798-bd1b-2d1d17aa2b54,kite match stick,745178816045,1,5.0,3.0,5.0,052b3a03-75fd-4be6-97f3-c90634e0f3df,Piece,1
3e2d15f6-4a7c-4467-823d-046465aef9ee,5e150220-af96-418e-ac38-a4845bc0bfa4,296944b9-ea79-469c-8425-f11d6e4b7eed,CAPSTAN RED,1230364618200,3,15.0,12.1,45.0,a1bc6a6f-ad8f-468b-afac-44ec8574811d,Piece,3
fa3b2e95-2a4d-4912-a3a9-73bcba657dc5,5ec4e423-d05d-4060-ac58-87ed5f6fb9b4,5a5154d9-6994-4dee-9011-efd865af1c8f,GOLD LEAF,1232097295550,20,25.0,24.5,500.0,38175889-2f66-461f-8e62-69907628ca63,Box,1
12ae0261-47e1-4ebe-97a2-23d7b5ee2f9d,6040fcaf-2924-4585-81e5-0f903394a878,99e1bc74-22b4-456e-a729-5baabbf6dff3,krisko,1456587854243,1,20.0,15.0,20.0,887fe7ef-236c-4d4d-a225-789c008373c8,Piece,1
811b4d60-760f-40db-8b27-ebcea94ff9e6,625a16de-c1a0-4e19-ac62-078cb7c1c1b7,6b21c075-c752-4bf7-a4c2-2a4c8441c546,sifarish khan,1232255618481,1,30.0,25.0,30.0,289e28e9-66d0-4026-9fd4-67bfa88cb04c,Piece,1
13269676-ce74-49ab-9175-4f367d809f20,63640400-8498-41a3-863e-1d27ba4d0f5b,d708baee-e4e6-44b7-89a0-5214eeebce4f,prince chocolate,8961003612572,1,50.0,45.0,50.0,556d6997-f2ee-4658-8b85-23a47795b274,Piece,1
048fca81-3011-4e00-b3ea-2c38f83cb9a6,64019bec-c4e2-4d53-9f0c-661c19c28004,234c787c-e5e2-4047-bb07-95d114219d2e,AQUA DIRE 0.5 Ltr,5901234039710,1,60.0,22.0,60.0,bc7e8655-4e7a-409b-a5c5-6b9e2e262dff,Piece,1
9a0e8a31-cbc1-4249-b79b-b2e801ea8149,64019bec-c4e2-4d53-9f0c-661c19c28004,f02c67c8-9439-4038-a271-ca521330d8ce,SALONA ACHARII,8964002429424,1,20.0,17.3,20.0,85eb6fa5-2e41-4ae6-84fe-1e754c24c4e6,Piece,1
124bf240-5b40-4fd1-ba56-a61999f93a87,64019bec-c4e2-4d53-9f0c-661c19c28004,2f0bd3d2-d095-4cbd-a674-9d1776c2e43a,Zia Mix Nimco,8964002429936,1,50.0,41.6,50.0,60f345fa-41ee-4b27-8c95-1a22adb06e14,Piece,1
ec292104-7b6f-4b54-ae51-9b5ef3221a47,64019bec-c4e2-4d53-9f0c-661c19c28004,f2bbd782-884e-492c-ba3b-30bbb22514f9,anytime snacks,8964002429752,1,20.0,17.5,20.0,4a9f1b8b-9754-4350-9f0e-787cfa591129,Piece,1
b2d56a3d-fe56-4ded-a3f5-1df8cdd698b8,640b86d9-bd1d-4b7a-81e1-7b1c05eb7df0,5e38679d-6413-4f2c-8dea-c53d50116951,Bazooka,725765020536,1,100.0,58.33,100.0,54853cdb-84f4-4f9e-9880-ce52951e8721,Piece,1
a8427a72-69f5-488c-9a72-616c849ae2aa,640b86d9-bd1d-4b7a-81e1-7b1c05eb7df0,44f948a7-dfee-400d-8118-6be56a359129,LAYS BBQ,8964002346677,1,100.0,93.18,100.0,9fb90044-760d-4926-bdc8-deca0e5e9880,Piece,1
ecc08cf0-a215-4e7a-8eba-c022aac4ff68,640b86d9-bd1d-4b7a-81e1-7b1c05eb7df0,e389f0ba-a270-4e3b-8305-e9bcae3fe41d,COKE 500ML,54491472,1,130.0,90.0,130.0,c21f0726-fece-497e-bc1a-9bbb9ba77015,Piece,1
d5009ade-fed6-4d40-be4c-823f2e6b6425,640b86d9-bd1d-4b7a-81e1-7b1c05eb7df0,2a555c61-67ab-4619-9ae1-5dd148e1c3e7,lays maxx spicy k,8964002345847,1,100.0,93.18,100.0,d317ccc3-59e7-462f-ac88-787053d0e568,Piece,1
7e9ddb88-a4b6-4c4f-b5c8-ae291f67b99b,640b86d9-bd1d-4b7a-81e1-7b1c05eb7df0,2a414eca-686a-43a3-a7c3-cc0d4f643082,Bottle jelly ,8961102504167,1,50.0,45.42,50.0,d35733b1-2783-47ee-9fcd-d3fcebae29f3,Piece,1
87286158-5eb4-4e14-9941-8238a9a0d044,640b86d9-bd1d-4b7a-81e1-7b1c05eb7df0,64a0260c-b4ff-42bc-a28d-16f0668b16d6,lays masala,8964002345649,1,30.0,27.6,30.0,0ca93a56-dbb6-4176-a2cf-8ac8c48a6f5d,Piece,1
ffda6129-9450-4913-a809-d7d92882d643,640b86d9-bd1d-4b7a-81e1-7b1c05eb7df0,8af4077d-37f1-441f-936d-9507cb56ca9d,candy,1232784048698,2,5.0,3.5,10.0,7534df49-d891-461a-8b69-7d03cb9ce755,Piece,2
a014c160-2da9-4366-a182-2aca78613752,6410068b-f5ac-432f-962f-e562c6f4b6a9,296944b9-ea79-469c-8425-f11d6e4b7eed,CAPSTAN RED,1230364618200,2,15.0,12.1,30.0,a1bc6a6f-ad8f-468b-afac-44ec8574811d,Piece,2
1bc2171c-856f-4f8f-9fa6-ece7fb9cc82d,6430611f-675c-45cd-a76b-27f0e0ef4fcb,6b21c075-c752-4bf7-a4c2-2a4c8441c546,sifarish khan,1232255618481,1,30.0,25.0,30.0,289e28e9-66d0-4026-9fd4-67bfa88cb04c,Piece,1
15d1560a-5645-42b4-a9c9-bc50c3ac8ec3,6430611f-675c-45cd-a76b-27f0e0ef4fcb,5a5154d9-6994-4dee-9011-efd865af1c8f,GOLD LEAF,1232097295550,1,30.0,25.0,30.0,ff8b0ab8-fd25-4bb6-aafb-a79e8e63a846,Piece,1
a8794fa8-999f-417c-bd8a-024c93d56b82,644d82f5-cb61-4440-bb54-c471b4508c59,296944b9-ea79-469c-8425-f11d6e4b7eed,CAPSTAN RED,1230364618200,3,15.0,12.1,45.0,a1bc6a6f-ad8f-468b-afac-44ec8574811d,Piece,3
823643a9-5c4b-44db-8e6a-d69d98c3ba20,644d82f5-cb61-4440-bb54-c471b4508c59,8af4077d-37f1-441f-936d-9507cb56ca9d,candy,1232784048698,1,5.0,3.5,5.0,7534df49-d891-461a-8b69-7d03cb9ce755,Piece,1
f0cbe081-1355-47bc-b226-ea9493d882d0,657f184c-e4c9-4de2-a74f-994730bb181c,b670459a-e326-4490-bf85-c717dd6912df,SLICE APPLE,8964000103104,2,80.0,43.4,160.0,962458d9-d8a4-496e-b26d-a36295416f95,Piece,2
d3701329-b269-428b-81a5-6abdad9197d2,657f184c-e4c9-4de2-a74f-994730bb181c,8845956e-b9eb-4935-a785-b670f21f8023,Divine,8961103503640,1,40.0,36.0,40.0,16c3c46e-3594-4d9d-a1d2-9e9c94245102,Piece,1
c2289306-8c21-4648-a577-ac8eb13627ff,657f184c-e4c9-4de2-a74f-994730bb181c,4bcc9167-f8bb-4ba1-8eda-608d0c4d6d73,chips c,6446373780660,1,40.0,26.0,40.0,9c99360b-0f87-4015-9fdb-160b33976477,Piece,1
7d8efdc6-a686-436e-83ba-69ec4a0163cd,65c81ad6-3d98-4481-b2ae-969dccc78347,df83db32-d270-4a08-8f67-85f4967a923d,Red & White,89600320,5,10.0,9.5,50.0,4c010ae2-567a-4d9a-a3ee-7be8b0099de4,Piece,5
e04ee26c-b11b-45d2-83d1-6e7c6d287209,661a9c47-902e-46e9-ac55-53a38ca2854e,b2fa9a08-2130-4d3b-a1f9-f39f694cc18c,Surf Excel S/pack,8961014264760,2,10.0,9.1,20.0,f62c8014-7e26-49a7-9f35-a5eb92f1347c,Piece,2
7871dfac-9989-4488-a5d0-f8f504d0fb39,666447c7-fae8-4da1-8174-c28871208890,2bf2df12-6473-4a74-8c33-72bf83294b97,dayfresh Banana,8964000816622,2,150.0,97.5,300.0,92815730-aa51-4d4d-8875-84e6f8a7260e,Piece,2
eb8c2b01-05e1-4460-b05d-72a22b2018e8,666447c7-fae8-4da1-8174-c28871208890,296944b9-ea79-469c-8425-f11d6e4b7eed,CAPSTAN RED,1230364618200,10,14.0,12.25,140.0,0ea2547b-ff52-4fd2-a713-c4c425c19caa,Half box,1
f93b1b79-4a93-4d9d-9ac5-524002db481c,685ff6f9-5220-4ff6-914e-ccdf16d5b9d4,89840fa8-51f7-4d61-b25d-5a43e328f844,Kurkure RC,8964002347360,1,60.0,56.0,60.0,f72a4fe7-e8c4-4591-97a9-a33e2ce87b07,Piece,1
ddb6494a-154c-4712-a50c-e65cf5b956ac,68daeb91-872e-48c7-9ae9-ffab0dd1398d,bcbfb413-a2aa-4b4b-aa6e-51227d61ac74,FIZUP 1.5L,8964001179412,1,180.0,130.0,180.0,a46a0498-3708-46b8-93a2-7e1719aaeac2,Piece,1
588ed6b5-37bc-4b2e-9d89-13381312893d,68daeb91-872e-48c7-9ae9-ffab0dd1398d,63fe89d4-f01e-4150-ab4a-58b86b4f68f3,FV Apple,8961008223506,1,90.0,67.79,90.0,d186c76e-6990-4e3d-a2c7-61c79db536bf,Piece,1
1e4f858f-f852-4c9a-ad1f-aa38e7cac38c,68daeb91-872e-48c7-9ae9-ffab0dd1398d,4c4dabeb-f38d-4b74-9761-7ceb4eae10a3,FV PEACH,8961008223490,1,90.0,66.0,90.0,96308f78-05ab-4321-898a-3e9f87753eae,Piece,1
6a0f1e28-53fa-4a24-b216-2d239aa3002a,6965c609-20e7-42d6-b98b-f29e5a948608,a8c690d8-15f1-493e-9507-c2f9ed786483,Peanut pik,8964004770616,1,50.0,46.0,50.0,76df9348-eb2d-49e1-91c8-39c3cbfd7d3c,Piece,1
ed748d44-fb03-41b3-928b-eb763980e4a5,6965c609-20e7-42d6-b98b-f29e5a948608,188b0bc1-c811-435d-9cd7-84a6e7787fe1,Zeera plus,8961003642166,1,50.0,43.0,50.0,daae7360-e661-4316-9b57-e301e684f423,Piece,1
5e4bc016-8849-4bac-a6ab-349edafd6129,6a27b05b-88ad-4643-8305-9cc73fd1cb53,cdb81930-67a7-4ee9-b89a-f6d0aef5d131,Lays Wavy Y&H,8964002345809,1,50.0,45.5,50.0,def32295-544e-4cd9-9216-32e217c2571b,Piece,1
9fc53722-9afb-4a2d-8298-e30bcbf7c93a,6a27b05b-88ad-4643-8305-9cc73fd1cb53,9460ac72-be4b-4f6a-bfdc-43fe5079b84c,Kurkure RC,8964002347292,1,40.0,36.0,40.0,664a6c4a-5e72-439b-b165-4b990d232d86,Piece,1
e492c41e-4cdd-4aa0-8835-555f72b7e785,6cc09964-593a-4db4-93bb-5d3c645a8fe3,36457024-7d12-4c56-9544-18674a4e8faf,King Kulfa  SLICE,8721274610949,3,80.0,70.52,240.0,3643e13e-635a-4583-97ac-5341bf0edbc0,Piece,3
f0d098be-065e-41a5-8c6d-b601d4432c17,6e1888fe-7cd0-4fc9-8bcf-d70ca7e48b12,5a5154d9-6994-4dee-9011-efd865af1c8f,GOLD LEAF,1232097295550,1,30.0,25.0,30.0,ff8b0ab8-fd25-4bb6-aafb-a79e8e63a846,Piece,1
47b4282f-68c4-458c-8e17-1d6b2360c429,6e1888fe-7cd0-4fc9-8bcf-d70ca7e48b12,8af4077d-37f1-441f-936d-9507cb56ca9d,candy,1232784048698,4,5.0,3.5,20.0,7534df49-d891-461a-8b69-7d03cb9ce755,Piece,4
a9a70ce3-d898-4bef-8ddd-a18b927c3f65,6f91ce20-ae31-4d82-812c-99f810e4a491,3c38766a-a4e7-45aa-99b8-7b7695b704fb,SPRITE MINT 2L,5449000334473,1,200.0,170.0,200.0,b56c0a4a-a13f-48ad-8d57-d656654159b5,Piece,1
645101a4-6ae5-4960-9c96-e5aaacbfc8c1,6f91ce20-ae31-4d82-812c-99f810e4a491,a0d9dd33-4b2f-4a0a-add6-a2057a8330c8,ZIA MIX NIMKO,8964002429943,1,100.0,83.33,100.0,70922120-c405-49ff-bafc-fe54e91fdaef,Piece,1
61ec0ca2-26ee-437a-be15-3fc21cdc0ac0,6fd524d9-cd7b-4fd7-a083-1a5ec94327e3,5a5ad28c-287f-4a0f-8a55-bfd5a556b68a,pepsi 2 L,8964000103234,1,250.0,190.0,250.0,d34cf16b-e541-4ed0-815e-e61627cc5511,Piece,1
34309670-474d-4e46-b750-035a73c86f93,705bc883-3767-4db3-ad3c-d51395015a4f,296944b9-ea79-469c-8425-f11d6e4b7eed,CAPSTAN RED,1230364618200,3,15.0,12.1,45.0,a1bc6a6f-ad8f-468b-afac-44ec8574811d,Piece,3
e9e91173-1c75-42e0-843b-32d83803e563,705bc883-3767-4db3-ad3c-d51395015a4f,8af4077d-37f1-441f-936d-9507cb56ca9d,candy,1232784048698,1,5.0,3.5,5.0,7534df49-d891-461a-8b69-7d03cb9ce755,Piece,1
24ef8fff-b35b-44e6-b433-1cb16e3b6981,70c9cfcf-6c31-4f20-9928-18713c3798c5,e3359463-13c6-4da3-91c0-1b9d90d5012c,lays maxx cheese,8964002345861,1,100.0,92.0,100.0,e72184e5-7a95-4659-8944-b555745d509f,Piece,1
f3cb46bf-bbe7-4c01-bc28-813f07b7f8ba,719eb233-3392-4d39-b0ab-c57a1f3a9a71,296944b9-ea79-469c-8425-f11d6e4b7eed,CAPSTAN RED,1230364618200,4,15.0,12.1,60.0,a1bc6a6f-ad8f-468b-afac-44ec8574811d,Piece,4
5db080b8-b2d6-402d-b04b-ff740c9aed65,734afde7-e28d-4900-87ad-2703286571f3,296944b9-ea79-469c-8425-f11d6e4b7eed,CAPSTAN RED,1230364618200,2,15.0,12.1,30.0,a1bc6a6f-ad8f-468b-afac-44ec8574811d,Piece,2
1f087f73-b589-4818-9449-a2bf170a227d,734afde7-e28d-4900-87ad-2703286571f3,514d46ef-9706-43e2-98e7-dce570579f6c,Lays T BBQ,8964002346806,1,70.0,63.5,70.0,1a8b83aa-3bdd-4f01-9033-54e7e2048ccd,Piece,1
971f903c-ea49-46c8-98fa-f8069714870a,7499a85f-665a-4c15-be7b-1ea0d5968cc3,296944b9-ea79-469c-8425-f11d6e4b7eed,CAPSTAN RED,1230364618200,4,15.0,12.1,60.0,a1bc6a6f-ad8f-468b-afac-44ec8574811d,Piece,4
80ccd026-4ac1-44b7-b331-11b2550af46d,74ebb904-9d91-424b-bb81-9ae8f8163a07,234c787c-e5e2-4047-bb07-95d114219d2e,AQUA DIRE 0.5 Ltr,5901234039710,1,60.0,22.0,60.0,bc7e8655-4e7a-409b-a5c5-6b9e2e262dff,Piece,1
c645f599-2e16-4449-8b83-641ba4e7817d,74ebb904-9d91-424b-bb81-9ae8f8163a07,296944b9-ea79-469c-8425-f11d6e4b7eed,CAPSTAN RED,1230364618200,1,15.0,12.1,15.0,a1bc6a6f-ad8f-468b-afac-44ec8574811d,Piece,1
8873f61d-c4f9-4275-b6b3-dc4f2097e3ee,75c55bdb-975a-4e1c-a7c3-f6897918c475,9f61e160-7af9-471d-87df-a7c46405286f,paddle pop VANILLA CUP,8721274610468,1,40.0,34.0,40.0,15b2f430-290d-46a5-870b-99d701ce42b7,Piece,1
70fac40a-b10d-4839-92e3-c4e19fc673c0,75c55bdb-975a-4e1c-a7c3-f6897918c475,5a5154d9-6994-4dee-9011-efd865af1c8f,GOLD LEAF,1232097295550,1,30.0,25.0,30.0,ff8b0ab8-fd25-4bb6-aafb-a79e8e63a846,Piece,1
7618c3be-9884-43c1-9f7d-aa4825e74e3a,7673048d-618e-4d57-ab80-c7829fa581dc,296944b9-ea79-469c-8425-f11d6e4b7eed,CAPSTAN RED,1230364618200,2,15.0,12.1,30.0,a1bc6a6f-ad8f-468b-afac-44ec8574811d,Piece,2
9210528c-3cfd-4f21-be61-2dcb158afd18,7673048d-618e-4d57-ab80-c7829fa581dc,36a30f2b-248a-4769-bc28-046500d0daf4,bar,1230421521603,5,10.0,5.0,50.0,9c505cbc-8e3d-4e6a-a8f2-96b2991c3bee,Piece,5
cc7751f1-1faa-4b19-bcf2-4fda19b2e708,7717a8a9-ae41-44f1-b145-337522f7589c,bdfbec09-02b6-43e1-834e-c6f25f2250da,egg,1239923458738,12,22.5,20.44,270.0,bdd4c51e-e07c-42e7-b727-d85d00d994f8,dozen,1
a6d04b5c-6336-4dd2-8e89-109bc1ab474c,7717a8a9-ae41-44f1-b145-337522f7589c,64a0260c-b4ff-42bc-a28d-16f0668b16d6,lays masala,8964002345649,2,30.0,27.6,60.0,0ca93a56-dbb6-4176-a2cf-8ac8c48a6f5d,Piece,2
3ea353aa-423a-4db6-8cbb-2e5fbd68a54c,7717a8a9-ae41-44f1-b145-337522f7589c,8d461728-be1b-440c-86ee-f7a31b9a6d27,Chocolatto,870572008007,2,10.0,9.31,20.0,08a6ddec-263a-4d1b-9f75-5a39630e6b76,Piece,2
50dcc330-cf40-4b88-b6a0-fc8b2a3bff71,7717a8a9-ae41-44f1-b145-337522f7589c,78564755-1ca2-44ee-a56d-8f13ab72d017,CocoMo Orange,8961103500397,2,10.0,9.3,20.0,707ce536-76a6-44d6-87ed-083e67a00c72,Piece,2
8666aae0-19f1-451f-a458-028506e38d21,7717a8a9-ae41-44f1-b145-337522f7589c,0383457d-1f9f-4703-983e-18bd38d2a79c,tedy,8964004771040,2,60.0,40.0,120.0,17eb82a7-363d-497b-90aa-c646a76433eb,Piece,2
5eae7afa-68a2-4a2b-9bbb-54a0f015dcae,7717a8a9-ae41-44f1-b145-337522f7589c,461edab5-14a8-4285-8d8b-d52e4992e4de,JET GRAZE PENCIL,742761776991,2,30.0,15.5,60.0,5f30adb4-09d8-4960-b85a-095423a4cbca,Piece,2
a9e4a217-b15c-43e5-895e-a81f2d76099a,7717a8a9-ae41-44f1-b145-337522f7589c,2815563c-0275-471c-9ae1-a226d0ab5c45,FLORO PENCIL,8963920320318,2,25.0,14.0,50.0,8c1d2afc-b377-498d-8049-fcead789c068,Piece,2
8bcc8eb0-d923-4576-972b-23daa635376f,7717a8a9-ae41-44f1-b145-337522f7589c,04ff51ba-f0f9-42f1-b91b-2bd8385551e7,Camel Eraser,2131589701113,3,10.0,6.0,30.0,7f82d411-9294-44f9-9e68-7deca0f6c998,Piece,3
c22f6cda-fe3c-4a5e-8049-0710108ea9a5,7717a8a9-ae41-44f1-b145-337522f7589c,49a31e55-b595-4b12-9533-48242a2a798c,sharpener,1236520173880,2,10.0,5.0,20.0,7bb6945c-804e-4d15-abc1-53f1600d3ae5,Piece,2
f7e78be5-d6bd-4395-b4d6-a10bbeb89703,7717a8a9-ae41-44f1-b145-337522f7589c,524bdd08-a3a7-4952-ac37-bf36663c0847,Gooral Tooth Brush,6972919086205,1,180.0,100.0,180.0,4a36a861-17f1-4e70-af96-e2f7a4935eae,Piece,1
2027e53d-7974-489f-aea9-21496debd1a6,7717a8a9-ae41-44f1-b145-337522f7589c,40d23903-76be-4460-8d60-02f321024890,sensdyne,8964004257025,1,150.0,120.0,150.0,d59116bd-39bf-41e9-ae76-8fb1f80faef3,Piece,1
b330bf4d-6636-4337-895d-7e56a09874e0,77d372b6-1d42-4248-89a4-faf0b3e64594,9b8a64b3-0eff-49bd-a7e9-7ae1f4c6211f,Capstan White,89600078,3,15.0,12.5,45.0,2ee97f16-83f8-4fe8-8004-f20228fc010c,piece,3
ece1f485-c2f6-4a7d-89c2-fe46cafaa92f,7bb129e6-3173-4806-bd60-bacd759d38f4,1bd30749-19a7-4dd2-b09f-3f9f7b0ca45e,Fruitien joy 1L,8964000876435,2,300.0,205.0,600.0,035f3af1-557a-4f16-876d-c806a7fa5eba,Piece,2
9ccaf689-0b93-4ce6-91ec-8cec0b8b7020,7bb129e6-3173-4806-bd60-bacd759d38f4,44900965-d077-449e-a18e-bb79c3af9c07,FANTA 1.5L,5449000052926,1,210.0,175.0,210.0,0035b914-bbf9-4938-b132-01d651859917,Piece,1
cdf78572-d8c1-4d97-b3cf-e1ee7dfce3fd,7bb56002-912a-4ea5-9a35-23c76284326b,e7bb27c1-bd26-4412-b66a-aa1baf0cb1fd,Elfy,1231473425567,1,30.0,12.0,30.0,9c05f1c3-40ab-43d3-bc49-c9c2d37a7f86,Piece,1
7d248cda-ce26-4f2c-ae4f-a790f0e26706,7cbe4906-b994-49ef-9ceb-a5f3998569d5,5e38679d-6413-4f2c-8dea-c53d50116951,Bazooka,725765020536,1,100.0,58.33,100.0,54853cdb-84f4-4f9e-9880-ce52951e8721,Piece,1
8294099f-d012-47ba-9cae-4f65d153552f,7cbe4906-b994-49ef-9ceb-a5f3998569d5,96b9f631-6ccd-4daa-bf03-d63ad93ce1f7,dayfresh malae kulfi,796554817477,1,150.0,98.75,150.0,8d79a904-f31e-4137-95f2-582301fa33bc,Piece,1
d5f53838-8b5d-4a0d-962a-6be4d367836e,8067099c-351e-4075-9588-96180c921189,10ebe327-96fb-4e2c-9292-ee7ccf3b8127,local fry,8964000695555,2,10.0,8.0,20.0,ca63db85-6796-4904-8894-101cfc6813be,Piece,2
213cb276-67a4-4992-8e3c-62c4283c41d6,832857b6-550a-406f-82c8-2d7f57a8951e,296944b9-ea79-469c-8425-f11d6e4b7eed,CAPSTAN RED,1230364618200,10,14.0,12.25,140.0,0ea2547b-ff52-4fd2-a713-c4c425c19caa,Half box,1
430b6df7-6bb5-4450-bc37-758cd3343ec8,832857b6-550a-406f-82c8-2d7f57a8951e,a0a5cd34-cdb1-4257-bbcf-8061295bca3a,lemon malt,1860236002037,1,120.0,79.02,120.0,5e6a96d5-81b1-4fc3-b9ca-4cde167b0c08,Piece,1
3590c49b-2392-468d-b89b-eb5a63e8b702,832857b6-550a-406f-82c8-2d7f57a8951e,2505a9e6-32d6-425c-8c5d-d31507ce904d,lighter,1236376536280,1,40.0,21.0,40.0,4b1a6d94-51e0-4c20-8be3-f4e43962efbf,Piece,1
bc991f92-54cc-443a-a30a-c00f990f7332,8342bb4d-c9a7-46a7-805b-226898ba5f28,382387eb-6272-4738-b2d5-3361fa6fc3ca,Potato Sticks,671866277501,1,50.0,46.25,50.0,bc63250f-fd30-4ca2-a788-3340c09f9c89,Piece,1
6fec804e-37b7-4c44-8394-0d43a2414c65,8342bb4d-c9a7-46a7-805b-226898ba5f28,af69d822-86b0-44a5-95c6-e6eb63bf046f,4U peri Per,725765417107,3,20.0,18.33,60.0,f9b1f94e-eb83-4553-ac61-9dc96aaae598,Piece,3
362cac13-e214-429d-b9bb-049183e81f44,8342bb4d-c9a7-46a7-805b-226898ba5f28,113a9bd7-369e-49d6-8331-ce4d03854d07,BOUNCE,8961103503527,2,10.0,8.9,20.0,5e4f1b89-1d0b-4c9b-8a0f-d7298eafafdb,Piece,2
ded5556d-e2c5-4021-a192-987862e03b64,8342bb4d-c9a7-46a7-805b-226898ba5f28,6801fd0e-cae3-4356-b2ac-0dc6c9f9501e,puff mashmallow,870572007994,1,50.0,46.0,50.0,368b2559-ac15-4d76-8529-c309d366ee46,Piece,1
6d9e31ed-e179-4333-a66e-ad5957b7e2c6,8342bb4d-c9a7-46a7-805b-226898ba5f28,faca038c-a083-435d-a433-3024e08a7f3e,spark,6121420648949,1,20.0,13.3,20.0,3ec69693-93bd-4a23-be57-bb14e100f14c,Piece,1
28b31157-67b1-4956-abf5-73a389255aa2,8655bfb3-f3e4-4545-91b5-6d6cfb4096ef,296944b9-ea79-469c-8425-f11d6e4b7eed,CAPSTAN RED,1230364618200,6,15.0,12.1,90.0,a1bc6a6f-ad8f-468b-afac-44ec8574811d,Piece,6
6000e446-2c01-493c-be63-d83b89122ceb,875385a8-499f-4514-8cf6-30c7fd0169db,1ef410cd-7a94-44af-b517-d8100813a45a,DONUT,8961014017564,2,100.0,91.16,200.0,9c11edf3-677c-4388-941e-807919db36a3,Piece,2
aebe3687-2e86-4495-b31f-86c79f658e5f,875385a8-499f-4514-8cf6-30c7fd0169db,9f61e160-7af9-471d-87df-a7c46405286f,paddle pop VANILLA CUP,8721274610468,2,40.0,34.0,80.0,15b2f430-290d-46a5-870b-99d701ce42b7,Piece,2
865c5d8c-73b1-48f0-9aa7-c4d6468e9466,8cd5e4de-d5e5-4847-bea5-bca6aa16dff4,c7bd1ce5-d295-4e7a-8039-df18bcb4680b,Paradise,8961102502286,5,20.0,17.41,100.0,4751fd35-1514-4c67-98cc-b4759f22600f,Piece,5
e5365091-1386-4d4b-ac30-dcc985941841,8cd5e4de-d5e5-4847-bea5-bca6aa16dff4,974851e3-6a77-4a75-b263-4666098c4ae5,Lays Masala,8964002346912,1,70.0,63.75,70.0,177832b6-40a2-4948-af00-6754a30a0f67,Piece,1
2fa3d43a-7aab-4366-86bf-231ebfb3cee3,8cd5e4de-d5e5-4847-bea5-bca6aa16dff4,514d46ef-9706-43e2-98e7-dce570579f6c,Lays T BBQ,8964002346806,1,70.0,63.5,70.0,1a8b83aa-3bdd-4f01-9033-54e7e2048ccd,Piece,1
52584926-1237-44f5-ba22-c0674ffec78b,8cd5e4de-d5e5-4847-bea5-bca6aa16dff4,10ebe327-96fb-4e2c-9292-ee7ccf3b8127,local fry,8964000695555,6,10.0,8.0,60.0,ca63db85-6796-4904-8894-101cfc6813be,Piece,6
65be1652-baab-42f1-9fde-95d2b5fc2d57,8cd5e4de-d5e5-4847-bea5-bca6aa16dff4,216ab9f0-65b5-4cc7-93c1-8d21ecc3f3bb,Chocolatto,8961102508868,1,20.0,18.0,20.0,5103e0a4-abf3-4e1f-9116-b8f2aba5efb1,Piece,1
7645ed07-4b96-4326-9264-a73dd9de5c0d,8cd5e4de-d5e5-4847-bea5-bca6aa16dff4,85681bdc-ee0e-4592-bf40-94b1d13d0e85,candi,8961003674228,1,10.0,9.0,10.0,b848b8b4-36fc-4af7-bd0d-f7258c18b02c,Piece,1
71e5e274-2ee4-4678-9687-eda1f8590533,8cd5e4de-d5e5-4847-bea5-bca6aa16dff4,4a3d8fad-fe87-430c-be42-09480eda4fb5,Mortein Coil,6001106114862,1,50.0,36.0,50.0,e4a4a258-61f5-46fd-806b-6f74181af89b,Piece,1
7a70f706-e5fe-441b-8957-ffe7a2c3541e,8d3f77ff-bd2d-460f-b836-cab23ed4018d,b21064d9-07ce-42e8-8bdf-a7c61df06adb,jet spoort,8721274610482,3,40.0,29.38,120.0,347ee8ca-b35c-456e-a2d3-8c9b2417b33e,Piece,3
ce626986-7217-4adb-aae6-9d050df043e2,8d3f77ff-bd2d-460f-b836-cab23ed4018d,5d858261-9ada-44bd-ab18-e97ba65193ca,fruitien Red Grape ,8964000876138,1,90.0,62.08,90.0,6074cb61-2048-4775-9804-016af2a08d4f,Piece,1
cb02c71e-4414-4309-bec0-e29dba928a25,8d3f77ff-bd2d-460f-b836-cab23ed4018d,85594582-8fac-4e45-97aa-fb017eedf3ed,Tuc,8961003622625,2,50.0,43.0,100.0,5d3f27a0-ef98-4aef-bdc0-09fb857dca97,Piece,2
7a6e25bb-bb42-47e7-aa5c-c1a531b40dfe,8d3f77ff-bd2d-460f-b836-cab23ed4018d,d0ea7687-1654-4b17-b313-1c89ac741d71,NANKHATAI,8961003669347,1,50.0,45.0,50.0,7c5574a7-3027-4066-a9a4-deb43ded924b,Piece,1
b57d7c0e-810b-41b8-91a7-5c1d2faf8c11,8d3f77ff-bd2d-460f-b836-cab23ed4018d,ba790275-119d-4f7a-b9d6-2228bf0d7226,badam makkan,095742223213,13,10.0,4.1,130.0,43a1d058-e491-40ad-a268-fc88b700be34,Piece,13
94aeecac-5993-4c8f-9f71-6baa3091f0dc,8d3f77ff-bd2d-460f-b836-cab23ed4018d,c130a6f7-7a2e-4798-a170-ffff5b14a834,Zia Daal Mooth,8964003812195,1,50.0,42.0,50.0,66c940b4-c785-4c8a-8bfb-0db722c2fff8,Piece,1
d375cff3-707f-4675-b4a9-467ed602951a,8e86f839-d510-4dc8-8fa9-965e085b3a8c,8af4077d-37f1-441f-936d-9507cb56ca9d,candy,1232784048698,4,5.0,3.5,20.0,7534df49-d891-461a-8b69-7d03cb9ce755,Piece,4
2141a2e5-0fbe-4e3b-9f26-3d2f0cf51e37,8fd30d0e-0d5d-4894-92be-45791370e307,c8cc8181-cef3-497d-9cfe-b934c5c3c594,max,8886950072272,1,60.0,45.0,60.0,ab739a05-f5fd-42b7-bd47-69867b63b4c0,Piece,1
8bc7b8d5-fdaa-4bd6-aeaa-76dc7eb7acce,8fd30d0e-0d5d-4894-92be-45791370e307,b71c8677-a870-40f7-8083-7514bc778b06,pantene,8001841918570,7,5.0,4.5,35.0,b5a88c6a-82e0-4cec-8222-b9465b91e643,Piece,7
f3fd777a-a828-470d-a2d6-3c38d9ec32d5,90131d0d-59f0-4eee-b628-fb75d83befdc,826c0da6-b0aa-4c8a-a024-a17c10878f2f,milk pack,8961008022185,1,100.0,87.7,100.0,fab81662-9567-4d14-93ef-507465b7294c,Piece,1
b036f033-ecfe-487a-91b7-55173ba55e59,91449171-ebac-4fab-a5d7-c0bd67ed9869,2177e38e-78fd-4099-b8c4-2b03ff23b80a,ORIG SANDWICH CHOCOLATE,8964004770555,1,50.0,45.0,50.0,0c438e25-043c-4e79-a3cf-f65e2cce1d97,Piece,1
890224f2-5de0-4914-a1b8-8d1647cb47d7,91449171-ebac-4fab-a5d7-c0bd67ed9869,fdc65df0-d2f4-421c-a8d7-36301c4db84f,Dew 300ml,8964000101254,1,90.0,65.0,90.0,bf1a41ca-b4d2-4417-9fd9-c774a60c54f3,Piece,1
8140f011-abb7-4dc3-b5c5-36c0e73cf992,91449171-ebac-4fab-a5d7-c0bd67ed9869,9b8a64b3-0eff-49bd-a7e9-7ae1f4c6211f,Capstan White,89600078,20,12.5,12.1,250.0,b371a280-0cea-4bc1-87c8-4befe828f950,Box,1
9d51b4b3-11c3-4e5f-ba49-54afc26d84b4,91449171-ebac-4fab-a5d7-c0bd67ed9869,8af4077d-37f1-441f-936d-9507cb56ca9d,candy,1232784048698,4,5.0,3.5,20.0,7534df49-d891-461a-8b69-7d03cb9ce755,Piece,4
01f15137-6f13-449c-9c3a-c70e8b8e53b4,91e08972-3f6b-44e1-ae43-f2493a04b5c1,9b8a64b3-0eff-49bd-a7e9-7ae1f4c6211f,Capstan White,89600078,3,15.0,12.5,45.0,2ee97f16-83f8-4fe8-8004-f20228fc010c,piece,3
9da4901a-39a3-436f-ba02-8961ced8ab8d,91e08972-3f6b-44e1-ae43-f2493a04b5c1,8af4077d-37f1-441f-936d-9507cb56ca9d,candy,1232784048698,1,5.0,3.5,5.0,7534df49-d891-461a-8b69-7d03cb9ce755,Piece,1
8eb3f282-a520-4b4a-bb1e-97cc2b8ef358,92d68d2e-db7f-4073-96d5-5fb2c76ea7b9,ec7e53a0-f5c0-4e2f-8823-38bbc73deef1,LAYS MASALA,8964002346394,2,150.0,138.16,300.0,95715c14-fd62-44c7-924b-822fdf750341,Piece,2
c45eb1cc-b71b-4bcf-9472-86c73c271645,92d68d2e-db7f-4073-96d5-5fb2c76ea7b9,3576a48f-6330-4bcd-bf54-7383eca28c85,FV RED GRAPES,8961008222776,1,90.0,67.0,90.0,265a895e-8fbc-4bf6-843c-c03e044903d6,Piece,1
e0f37ead-940b-426e-8f9f-cbc491af73fd,92d68d2e-db7f-4073-96d5-5fb2c76ea7b9,e00b6186-90a0-4108-98fe-2bcee3d5fb15,POWER FULL,5904003285240,1,250.0,142.0,250.0,85c31903-56af-4373-9159-2fa28c2ebf37,Piece,1
47f38d23-eb75-4140-90a9-b5cc32123ffd,92d68d2e-db7f-4073-96d5-5fb2c76ea7b9,dcc48fee-0445-4775-bc38-58a5490e4628,Slanty Veg,671866117586,1,50.0,46.25,50.0,07708f75-4794-460f-9a64-a898355176c2,Piece,1
b563132c-38e7-4ad1-8d32-b0a11925f589,92d68d2e-db7f-4073-96d5-5fb2c76ea7b9,39905ed3-9f89-4613-a137-ace26f488a8f,WATERMELON JELLY,8961103501059,1,50.0,45.0,50.0,508f43a1-6b23-4bb2-93c7-890b6c3c5678,Piece,1
16c3fcae-baec-4972-b47b-12e392790caf,92d68d2e-db7f-4073-96d5-5fb2c76ea7b9,84cd2bbe-ae4a-4e24-8f59-f397c4a08673,fruit bar,6260910103701,2,50.0,35.0,100.0,fbce8ec9-b273-4171-bfc1-106ac3cda061,Piece,2
4954bded-9df7-4e32-ae9e-da0fa4d3e63d,92d68d2e-db7f-4073-96d5-5fb2c76ea7b9,6801fd0e-cae3-4356-b2ac-0dc6c9f9501e,puff mashmallow,870572007994,1,50.0,46.0,50.0,368b2559-ac15-4d76-8529-c309d366ee46,Piece,1
4de6660e-368c-46a7-8177-d089c61ef3d3,92d68d2e-db7f-4073-96d5-5fb2c76ea7b9,e1afcdc7-c0a6-4f1f-84c2-581f3ba8bac7,CHILLIMILLI,8961103502971,1,50.0,45.1,50.0,2abb5018-a48d-4108-9e06-8d6a5293da2e,Piece,1
99a176ed-8de5-4a41-8345-5e8707115289,92d68d2e-db7f-4073-96d5-5fb2c76ea7b9,267000c3-a7df-4376-9f3f-e4a8129ba391,frisky c c w r,8965310055787,1,60.0,52.0,60.0,23a38cfb-9dc0-46e1-b47e-5bedf315dd04,Piece,1
1d50de76-a62a-443a-878e-a1ac8f1f786c,92d68d2e-db7f-4073-96d5-5fb2c76ea7b9,b8114fe2-506f-4e27-ab08-c2626a8f1661,SPOUT LOTTE STWABRY,671866277730,1,60.0,46.0,60.0,6fc0dfc4-17ef-4974-b071-1cce60c2e67a,Piece,1
01fb3391-e5a8-432a-9416-9f10f724607e,92d68d2e-db7f-4073-96d5-5fb2c76ea7b9,a1fa266a-99df-489a-a7a9-af8ec6f7a484,Frissky choclate,8965310049533,1,200.0,167.0,200.0,f6ef44ad-0424-451a-9a85-eb88106ceef5,Piece,1
e1708121-9b95-4412-a8b4-486bf4293f52,92d68d2e-db7f-4073-96d5-5fb2c76ea7b9,5d6a383d-3b75-47d2-b73e-828bedc1a336,CEMAK COCOA,9468517305260,1,150.0,80.0,150.0,c7f5bd58-bbcd-45bb-839e-c30e6c9d90f9,Piece,1
eb602c44-f2e2-41e6-9a89-fb42f3bb88c1,9451344c-b16e-4b03-b4c5-265a995cb74f,e07be54a-ef99-4d68-97db-58a730462337,MILANO,815082008130,1,200.0,165.0,200.0,a85e2866-0d3f-4bd2-80f6-a598982e48e0,Box,1
7e187f9f-f95b-475e-851c-90aa13894068,9451344c-b16e-4b03-b4c5-265a995cb74f,2f0bd3d2-d095-4cbd-a674-9d1776c2e43a,Zia Mix Nimco,8964002429936,1,50.0,41.6,50.0,60f345fa-41ee-4b27-8c95-1a22adb06e14,Piece,1
8723caec-52c2-45ea-845f-62525a04410d,9451344c-b16e-4b03-b4c5-265a995cb74f,7439380d-ff71-4b92-b2ff-56899ca87c0d,tridgum,9555407311019,5,10.0,4.09,50.0,b3c50399-f52e-4960-bdd6-5ef8d99c8de1,Piece,5
cafe61df-b35a-4296-a0fa-45d3fea49d3b,950eea9a-eb14-4115-8754-7a4e7c2f22c6,16362686-2492-41ca-8a06-b4a85dc639ac,PUIREFINE 1.5-Ltr,1230434764202,1,110.0,45.0,110.0,9230ea9d-4f0b-4d85-bbb3-4e890ef1891b,Piece,1
896b7aad-1203-449f-a35e-00b7fe393772,950eea9a-eb14-4115-8754-7a4e7c2f22c6,975cf5aa-4ec6-4b0f-bd0b-a79640860da8,CHOICE,9254120000254,1,40.0,22.5,40.0,45baadf7-3c4f-430c-b19c-ed8a6e8538df,Piece,1
f69e7de0-548f-42f9-b5e2-51bbe0673387,95e95586-46a4-4461-b6db-a70593913f26,53109ff7-89f7-4310-8b54-a08bcb3fe1f7,BONJOUR H$ B,725765019059,1,60.0,31.0,60.0,d4cf5872-cf25-4c27-99ba-efdf91572921,Piece,1
d28eb0e9-2233-4ee1-ae96-d1caaeb7d8b9,95e95586-46a4-4461-b6db-a70593913f26,6c638712-ec0a-46e1-b10b-4c87c1aafbd1,Rio D chocolate,8964003593889,2,20.0,18.0,40.0,3cb151df-f867-4d51-a94f-ecee7a230789,Piece,2
ae09b338-0b14-4de1-ae91-d751c5422a02,98d11ee4-203d-46e2-95a9-cebf05104753,e1c7461f-fe2c-43cc-b072-ab2fcdd767ed,olper pack,8964000919934,2,100.0,85.0,200.0,610b7a9f-fa8f-480c-8da4-d5bb1121252c,Piece,2
9de437cd-7886-4b5c-a38c-e52397b7ed20,98d11ee4-203d-46e2-95a9-cebf05104753,9ed06880-e15b-44ae-876b-3fcca222bad2,sooper,8964004770456,1,50.0,45.0,50.0,f3625b26-f234-4633-b395-5d2ebc6a6cc8,Piece,1
5d9c905a-2067-4691-aa21-695ee02b207c,992cec58-eb48-44b3-860d-a0529a9da406,bdfbec09-02b6-43e1-834e-c6f25f2250da,egg,1239923458738,8,22.5,20.0,180.0,1a65cdb6-05dd-4c13-8555-642c6262bc4e,Piece,8
d28c7f6f-5940-4b27-af7f-f313ef7e6f11,9a62fdb1-2762-4893-ae56-9f3e4391ba1c,0084bf1f-7beb-4c04-9848-2ce0fa28b44e,Chaunsa Mango Cup,8961014033755,4,90.0,77.55,360.0,648aa092-3ee6-4c96-87c6-5610d6e3e4dc,Piece,4
7aea8a4d-53be-483c-bc78-e655b80def3e,9cf06be4-68d9-41e1-97e6-f92651e8cb61,6b21c075-c752-4bf7-a4c2-2a4c8441c546,sifarish khan,1232255618481,1,30.0,25.0,30.0,289e28e9-66d0-4026-9fd4-67bfa88cb04c,Piece,1
35d6ab27-3637-40c0-8d05-3f8005c4244c,a4faad3e-91f2-4e4c-99a7-716253135f87,61208acb-3d9e-41b2-a1ed-a65aef55d3da,knorr chattpatta,8961014038200,4,50.0,47.0,200.0,6911d27f-a24a-40c5-8761-c6954c0a797b,Piece,4
f1a5c798-9ea3-4f3f-b8e6-f1b10957897a,a63a7c9d-4450-414b-91e6-08a46c41fec5,3176b246-f839-4f5c-8217-2a79db3706da,PUFFS,870572008366,1,50.0,46.0,50.0,3ec4f318-87bc-460e-9aee-25a0d47b9ef1,Piece,1
6bbf6a40-8b39-4a92-baa5-3e384d1b9fb8,a63a7c9d-4450-414b-91e6-08a46c41fec5,a3649557-f3b6-4a2d-80a9-9a5447a3ebb3,Lays Y&H,8964002345625,1,50.0,45.8,50.0,0330369f-7d98-41fd-9a17-6bd07de63b61,Piece,1
3d3d1d1f-d407-45cc-bcb8-3b809326f6db,a63a7c9d-4450-414b-91e6-08a46c41fec5,8af4077d-37f1-441f-936d-9507cb56ca9d,candy,1232784048698,10,5.0,3.5,50.0,7534df49-d891-461a-8b69-7d03cb9ce755,Piece,10
bd0322c2-f987-4e5f-9c75-3f01106f5d3e,a63a7c9d-4450-414b-91e6-08a46c41fec5,b8114fe2-506f-4e27-ab08-c2626a8f1661,SPOUT LOTTE STWABRY,671866277730,1,60.0,46.0,60.0,6fc0dfc4-17ef-4974-b071-1cce60c2e67a,Piece,1
cf9f568f-d070-4b79-8935-858c4d14e04a,a6723ea7-8c02-4ad0-8979-834370e7fb4a,96b9f631-6ccd-4daa-bf03-d63ad93ce1f7,dayfresh malae kulfi,796554817477,1,150.0,98.75,150.0,8d79a904-f31e-4137-95f2-582301fa33bc,Piece,1
b8ad14c4-6c13-4fbd-8418-d702c10b521c,a6723ea7-8c02-4ad0-8979-834370e7fb4a,109f0961-2390-4f0e-95c9-77552f711ec0,nimko mix,8964003812157,1,20.0,18.0,20.0,ab9e7059-c60b-45c9-bcbb-069352fd3477,Piece,1
c9f0389e-36ef-4cf7-b558-466b6bf71e49,a6e08475-2338-4935-b121-c75c4733393e,b8a09231-1bf3-4dc3-b3d6-92a1fcd5f3b8,bigg lychee,1860074054618,1,200.0,155.0,200.0,c4bf8736-e202-4b78-b05c-00f5bfa32213,Piece,1
17795d81-5208-4255-8cf6-0207fb3a05e7,a6e08475-2338-4935-b121-c75c4733393e,296944b9-ea79-469c-8425-f11d6e4b7eed,CAPSTAN RED,1230364618200,2,15.0,12.1,30.0,a1bc6a6f-ad8f-468b-afac-44ec8574811d,Piece,2
ea23dbaf-3ba6-47a4-b464-af34b6995d99,a6f5a9df-01ee-4b29-83f1-11c260aa4402,20a6b7b0-b32d-4ef7-a68f-a34e139e6aa7,Fruiten joy Mango,8964000876466,2,70.0,45.41,140.0,0e8ea209-a7c4-4e46-aaf4-45fd453bdec9,Piece,2
21f7baba-6675-491f-babb-5404284c8f87,a6f5a9df-01ee-4b29-83f1-11c260aa4402,a16b3e1a-5089-4346-8643-5d46df7ee333,HASH SLANTY,6632548785244,1,30.0,18.33,30.0,f855e68b-6316-4f69-be77-64fbf493db54,Piece,1
5b61f14e-76fb-42a7-a118-bac7a5fcaeed,a833cdd2-81dd-4354-9958-37b3280ff38c,b2fa9a08-2130-4d3b-a1f9-f39f694cc18c,Surf Excel S/pack,8961014264760,4,10.0,9.1,40.0,f62c8014-7e26-49a7-9f35-a5eb92f1347c,Piece,4
3b0e5b6a-08d0-4fc6-8a84-c2b291bef9e1,a833cdd2-81dd-4354-9958-37b3280ff38c,8af4077d-37f1-441f-936d-9507cb56ca9d,candy,1232784048698,1,5.0,3.5,5.0,7534df49-d891-461a-8b69-7d03cb9ce755,Piece,1
1f105afc-3372-42c5-b7ca-9bf6b2401c46,a861d878-3104-4117-b456-f2b4fbd95edd,58b9cbcf-5f16-4a20-9bbc-5557b5fcb908,chunkin,8964201532291,2,10.0,8.33,20.0,3e650368-f188-4421-b8fb-6fb0b9f85d53,Piece,2
bcdfe172-e9f5-4c21-a3ca-f158ba0682fb,a8946cf3-999f-4ea8-9490-fea5841da244,9ed06880-e15b-44ae-876b-3fcca222bad2,sooper,8964004770456,1,50.0,45.0,50.0,f3625b26-f234-4633-b395-5d2ebc6a6cc8,Piece,1
d70d1c98-cc85-43da-bc27-c7b93d71362d,aa760aac-df1c-47a8-b69c-55417c3ca056,296944b9-ea79-469c-8425-f11d6e4b7eed,CAPSTAN RED,1230364618200,20,12.5,12.1,250.0,e9169ce5-618b-4046-9957-a321013f7b75,box,1
e1e936d6-0b18-43bb-84ea-45366a74b746,af08bbd0-862f-4fdb-9b62-ea9871d362d5,296944b9-ea79-469c-8425-f11d6e4b7eed,CAPSTAN RED,1230364618200,20,12.5,12.1,250.0,e9169ce5-618b-4046-9957-a321013f7b75,box,1
1a3b7d68-8c46-49ca-9013-9ea10404e288,af11961e-96d5-47d0-90bf-977d47b629f9,296944b9-ea79-469c-8425-f11d6e4b7eed,CAPSTAN RED,1230364618200,4,15.0,12.1,60.0,a1bc6a6f-ad8f-468b-afac-44ec8574811d,Piece,4
976ba2a4-b3f3-4c13-ba97-05dd9f3df53c,af749b2f-42a5-430c-ba17-2505700e1d30,c29dd8dc-32c9-4d09-8dbb-5ee9dd61868b,AQUA DIRE 1.5 Ltr,5901234021753,1,110.0,40.0,110.0,049066b6-d4ed-4ed7-8fc6-a3dde75baa95,Piece,1
291b18e8-8895-48d9-a8b7-a6ae41e705f7,b1b9cdd9-9775-4e05-b089-40fe1f71ef57,e07be54a-ef99-4d68-97db-58a730462337,MILANO,815082008130,1,200.0,165.0,200.0,a85e2866-0d3f-4bd2-80f6-a598982e48e0,Box,1
97cbc990-e577-426c-ac78-4b5e177c578e,b3185d6b-a30d-4644-af34-704db7172c0e,c64a1504-6118-47aa-8b81-3b3ea038e37b,TOUCH IMP,8964001199021,1,200.0,75.0,200.0,41e21d2b-c555-4a98-94b5-9a584516dbac,Piece,1
5cf8f5dd-231c-4103-9cde-ecbef970421d,b3185d6b-a30d-4644-af34-704db7172c0e,7439380d-ff71-4b92-b2ff-56899ca87c0d,tridgum,9555407311019,2,10.0,4.09,20.0,b3c50399-f52e-4960-bdd6-5ef8d99c8de1,Piece,2
677ab2fc-3562-4897-8e88-1e4d098b9e31,b3dc8212-781b-4b2f-9248-55f80d7c4543,e89768c3-9e0e-472e-b8fe-ca33136480e6,lemon max pouch,8886950099514,1,225.0,200.0,225.0,49d66224-083c-4065-82fa-185368c7b179,Piece,1
d082afb8-e3d7-42bd-9d22-a7a2f24dcfda,b3dc8212-781b-4b2f-9248-55f80d7c4543,8af4077d-37f1-441f-936d-9507cb56ca9d,candy,1232784048698,1,5.0,3.5,5.0,7534df49-d891-461a-8b69-7d03cb9ce755,Piece,1
3015d877-2745-47ae-9608-71d2fb1ac2c6,b708851a-a87e-4d27-962d-273a61c376fc,b7523a62-f7b7-47a6-9a9d-5ea4ee3297ba,Heart Beats,8964003590635,1,30.0,28.08,30.0,c69d03e7-0a40-4402-9bdc-ce514d2c0932,Piece,1
b1080671-02e5-439e-9ffd-547a4ebd5212,b7953a04-558c-4a1d-b786-ff766a71084f,b8106d87-eb2b-4a4c-bcd9-ebd7b40708e2,lays classic,8964000090596,5,20.0,18.0,100.0,1f70884a-93dd-4a74-954a-95cc02ac4bf6,Piece,5
ac699817-6320-4aee-a2e1-34fbcfa173cb,b80872f9-ad55-48f1-9852-ae30d4e3ddbe,61208acb-3d9e-41b2-a1ed-a65aef55d3da,knorr chattpatta,8961014038200,4,50.0,47.0,200.0,6911d27f-a24a-40c5-8761-c6954c0a797b,Piece,4
04dff388-30c0-4425-8da1-5a8ee92b81d0,b80872f9-ad55-48f1-9852-ae30d4e3ddbe,b670459a-e326-4490-bf85-c717dd6912df,SLICE APPLE,8964000103104,3,80.0,43.4,240.0,962458d9-d8a4-496e-b26d-a36295416f95,Piece,3
cf38143a-2f98-430b-90ef-55e0262732e4,b882a90c-24c8-4105-a19d-224bd7f4ff49,b2fa9a08-2130-4d3b-a1f9-f39f694cc18c,Surf Excel S/pack,8961014264760,2,10.0,9.1,20.0,f62c8014-7e26-49a7-9f35-a5eb92f1347c,Piece,2
e9357032-d241-4cbb-9fdd-b82c57a1f1fb,b882a90c-24c8-4105-a19d-224bd7f4ff49,4ea8ab87-bf13-4523-b83d-509c89f52789,hockey match stick,9231012019358,1,5.0,3.0,5.0,21683564-a53b-4d8c-a0a6-4066d1367085,Piece,1
d36d5b17-ac15-42c2-b9cd-0e4830db76d2,b882a90c-24c8-4105-a19d-224bd7f4ff49,9b8a64b3-0eff-49bd-a7e9-7ae1f4c6211f,Capstan White,89600078,3,15.0,12.5,45.0,2ee97f16-83f8-4fe8-8004-f20228fc010c,piece,3
1069c79c-bb29-4636-a941-21d43011d97e,b8bd4984-fe24-4eb7-8cad-11b0c9246168,7439380d-ff71-4b92-b2ff-56899ca87c0d,tridgum,9555407311019,1,10.0,4.09,10.0,b3c50399-f52e-4960-bdd6-5ef8d99c8de1,Piece,1
401ad05a-b4e5-4a12-99e0-ea918b0937f9,b8bd4984-fe24-4eb7-8cad-11b0c9246168,8af4077d-37f1-441f-936d-9507cb56ca9d,candy,1232784048698,2,5.0,3.5,10.0,7534df49-d891-461a-8b69-7d03cb9ce755,Piece,2
fe5e5ad8-e53d-45af-9b4f-9565b28f4e61,b8cf3947-7461-4b4f-9b1d-b2ec4b6c0588,2f0bd3d2-d095-4cbd-a674-9d1776c2e43a,Zia Mix Nimco,8964002429936,1,50.0,41.6,50.0,60f345fa-41ee-4b27-8c95-1a22adb06e14,Piece,1
2d3415a5-dce0-47a9-b816-3637ab1b967d,b8cf3947-7461-4b4f-9b1d-b2ec4b6c0588,4c4dabeb-f38d-4b74-9761-7ceb4eae10a3,FV PEACH,8961008223490,1,90.0,66.0,90.0,96308f78-05ab-4321-898a-3e9f87753eae,Piece,1
00b61f1e-cd14-4684-9d4b-499b916fff60,b8cf3947-7461-4b4f-9b1d-b2ec4b6c0588,91ffc46b-44fc-4d7b-823e-bc162c9cf24f,bigg apple,1860071012147,1,80.0,54.0,80.0,baa1a505-ea2c-44e0-8a28-0195bd62bbb6,Piece,1
db42ef55-941e-4b52-a559-9fd7af1f6a58,b96af3c9-a314-4989-bda7-cfb42dd217dc,5a5154d9-6994-4dee-9011-efd865af1c8f,GOLD LEAF,1232097295550,1,30.0,25.0,30.0,ff8b0ab8-fd25-4bb6-aafb-a79e8e63a846,Piece,1
bcf4c8fe-f0ca-4e36-99dc-91b9df5390af,b96af3c9-a314-4989-bda7-cfb42dd217dc,10ebe327-96fb-4e2c-9292-ee7ccf3b8127,local fry,8964000695555,2,10.0,8.0,20.0,ca63db85-6796-4904-8894-101cfc6813be,Piece,2
93feb2f5-12ba-417c-80d0-74136f1b6460,bade896b-6b7c-4bb0-a7ae-7d7b2886692f,df83db32-d270-4a08-8f67-85f4967a923d,Red & White,89600320,10,10.0,9.5,100.0,9906134c-2d34-42ea-8503-8a4aeb21af05,Half Box,1
b794595a-7cf1-4b03-a57b-08dae0f5c980,bbe95c9f-0b6e-43b9-9aaf-51688fc8d094,5518f5e0-aef7-4c52-9d00-60487d01ab5f,RIO DOUBBLE CHOC,8964003593841,1,50.0,45.0,50.0,00446bf2-2bf9-4a53-ba02-bfdc948e3df9,Piece,1
b0db0697-5b5e-4f4f-9252-a33cac247a43,bc2502bc-f87f-42c9-b26d-b4944396ab99,2c73a736-486c-4dbf-8528-fe9ce200d4e8,COCA COLA 1.5L,5449000051981,1,210.0,164.0,210.0,3970e731-82d1-42c7-95be-861d4545f819,Piece,1
f14b5a7e-fc97-4904-9ea6-8d37be40fa23,bc2502bc-f87f-42c9-b26d-b4944396ab99,b21064d9-07ce-42e8-8bdf-a7c61df06adb,jet spoort,8721274610482,1,40.0,29.38,40.0,347ee8ca-b35c-456e-a2d3-8c9b2417b33e,Piece,1
fc0e57dd-aa57-488c-948c-f3e439b5b8cd,bc2502bc-f87f-42c9-b26d-b4944396ab99,8af4077d-37f1-441f-936d-9507cb56ca9d,candy,1232784048698,2,5.0,3.5,10.0,7534df49-d891-461a-8b69-7d03cb9ce755,Piece,2
3ab88998-d385-4a47-ba0e-fe59503d9838,bc9d07be-7423-49a5-93fd-4517c774d72b,403ea510-fb07-48bc-a730-8f1f2391b3be,STING L,8964000101704,1,140.0,105.8,140.0,7b817808-9ae8-4d8f-9f89-3f3e11cfe183,Piece,1
10665ae1-83a7-4497-b089-f275c83f8612,bc9d07be-7423-49a5-93fd-4517c774d72b,8af4077d-37f1-441f-936d-9507cb56ca9d,candy,1232784048698,2,5.0,3.5,10.0,7534df49-d891-461a-8b69-7d03cb9ce755,Piece,2
6a050868-1b10-4f2b-b3f2-fb95f681266d,bcec1e8e-e8bb-4338-8b11-ad64e049f0fd,df83db32-d270-4a08-8f67-85f4967a923d,Red & White,89600320,10,10.0,9.5,100.0,9906134c-2d34-42ea-8503-8a4aeb21af05,Half Box,1
69fdc8ee-41a0-4a85-9176-a866bfc14cbc,bdd4b77e-461c-4c5c-9e41-9a7f5fbc2c77,5a5154d9-6994-4dee-9011-efd865af1c8f,GOLD LEAF,1232097295550,20,25.0,24.5,500.0,38175889-2f66-461f-8e62-69907628ca63,Box,1
66b85ae0-4fc0-4e0b-8f67-fd6d08106bce,bdd4b77e-461c-4c5c-9e41-9a7f5fbc2c77,2c73a736-486c-4dbf-8528-fe9ce200d4e8,COCA COLA 1.5L,5449000051981,1,210.0,164.0,210.0,3970e731-82d1-42c7-95be-861d4545f819,Piece,1
4b3f0b18-a1db-4667-9507-9d2eb4805099,c15ed826-cd49-443f-a033-8d8e7db78192,a0a5cd34-cdb1-4257-bbcf-8061295bca3a,lemon malt,1860236002037,1,120.0,79.02,120.0,5e6a96d5-81b1-4fc3-b9ca-4cde167b0c08,Piece,1
fdeed6f5-22b9-4e2a-9712-f0c78b24d328,c2752053-235c-44c7-9a5b-633ff3ca4d80,d0ea7687-1654-4b17-b313-1c89ac741d71,NANKHATAI,8961003669347,1,50.0,45.0,50.0,7c5574a7-3027-4066-a9a4-deb43ded924b,Piece,1
fe802e3f-0228-4956-8eac-5a632686b121,c2752053-235c-44c7-9a5b-633ff3ca4d80,9ed06880-e15b-44ae-876b-3fcca222bad2,sooper,8964004770456,1,50.0,45.0,50.0,f3625b26-f234-4633-b395-5d2ebc6a6cc8,Piece,1
683acdd6-0bd7-41a8-8e3f-f754611e7856,c2752053-235c-44c7-9a5b-633ff3ca4d80,216ab9f0-65b5-4cc7-93c1-8d21ecc3f3bb,Chocolatto,8961102508868,1,20.0,18.0,20.0,5103e0a4-abf3-4e1f-9116-b8f2aba5efb1,Piece,1
af7ca4f0-b929-490a-b598-2445492dba33,c34d9d50-3571-48fd-8244-b643b4c09dc5,e101e5a8-3410-4e60-af94-bbe948876ffd,CANDY ORIGINAL,8961003679759,1,50.0,44.5,50.0,1391b547-210a-4a66-a3ca-93d482b74abf,Piece,1
ff87e2dd-1f20-4a88-8cf8-372fde595a63,c3f095e2-e022-4e2d-9482-547a692dc847,e1c7461f-fe2c-43cc-b072-ab2fcdd767ed,olper pack,8964000919934,1,100.0,85.0,100.0,610b7a9f-fa8f-480c-8da4-d5bb1121252c,Piece,1
367768bb-e457-402f-9675-3547f9b240c4,c4b6361b-e5b2-4119-98e3-ed99c04d6076,23afab26-c674-4a59-ba6f-8c1497d8d155,chili mili,870572005198,1,5.0,4.33,5.0,84f4c94f-484a-4eae-acdf-6143b0a6b455,Piece,1
48048070-77ce-47f5-8574-46c4c2b902a6,c4b6361b-e5b2-4119-98e3-ed99c04d6076,aeef62c3-546c-4d54-abab-63f423b6347a,CHILI MILI,870572004818,2,10.0,9.0,20.0,b41cd9c5-6581-4be4-8ed5-873b391aa793,Piece,2
c5527b3b-256c-438b-804b-ac196f244605,c4b6361b-e5b2-4119-98e3-ed99c04d6076,ba790275-119d-4f7a-b9d6-2228bf0d7226,badam makkan,095742223213,4,10.0,4.1,40.0,43a1d058-e491-40ad-a268-fc88b700be34,Piece,4
0fa3752e-6338-4337-8d74-d84b8950ca78,c4b6361b-e5b2-4119-98e3-ed99c04d6076,6ab76788-1563-49bc-a9fc-33af18466030,spark,6261149054154,1,20.0,13.3,20.0,1b0de40b-5d23-4aee-aa62-e2ca19c0ee95,Piece,1
9e60363d-eec2-4e96-9e0f-a7b3d39f94d3,c4b6361b-e5b2-4119-98e3-ed99c04d6076,f4c0439f-a023-4989-995f-cdda01ed18ba,Lays Paprika,8964002345618,1,50.0,45.5,50.0,a85255f1-fb2f-482a-9d2e-8886ab9b1f92,Piece,1
2e6b61b5-d03f-43bc-9c53-93e6b6d0dfcd,c6fe1c81-5987-443b-83c9-cbb8a4cd2233,8af4077d-37f1-441f-936d-9507cb56ca9d,candy,1232784048698,2,5.0,3.5,10.0,7534df49-d891-461a-8b69-7d03cb9ce755,Piece,2
fea5b0ea-6c2f-4d78-a536-7a9c848ddae7,c7855647-a04d-475e-9cfa-9c0a8de4c9df,9b8a64b3-0eff-49bd-a7e9-7ae1f4c6211f,Capstan White,89600078,2,15.0,12.5,30.0,2ee97f16-83f8-4fe8-8004-f20228fc010c,piece,2
3de522d9-32c8-4597-9ec6-9f5a4ccfdd7e,cb610d60-7d91-4725-b1db-c59aa68f4746,2981c915-49c6-4a88-b985-bf2d5e5d4520,FRUTACHU APPLE FLAVOR,8964003698232,1,100.0,50.0,100.0,a9dfcb99-4cdc-4f84-a480-12f3bd3403d9,Piece,1
89f17f31-e2ef-450d-b9e0-85a870ecf428,cb610d60-7d91-4725-b1db-c59aa68f4746,c7bd1ce5-d295-4e7a-8039-df18bcb4680b,Paradise,8961102502286,1,20.0,17.41,20.0,4751fd35-1514-4c67-98cc-b4759f22600f,Piece,1
70c9f3aa-561f-4bd7-b359-3a60f8fcff74,cca165a2-f490-4202-93f3-e7f3ec08da1a,96b9f631-6ccd-4daa-bf03-d63ad93ce1f7,dayfresh malae kulfi,796554817477,1,150.0,98.75,150.0,8d79a904-f31e-4137-95f2-582301fa33bc,Piece,1
012162a1-104a-44de-ba38-3d81bb970c80,cca165a2-f490-4202-93f3-e7f3ec08da1a,c64a1504-6118-47aa-8b81-3b3ea038e37b,TOUCH IMP,8964001199021,1,200.0,75.0,200.0,41e21d2b-c555-4a98-94b5-9a584516dbac,Piece,1
8e697912-bc92-41da-85e2-2fbc7cced926,cca165a2-f490-4202-93f3-e7f3ec08da1a,6f62f74f-7ee8-42e9-9657-15f8ca0cea38,frisky cream,8965310055183,2,50.0,43.7,100.0,9533f3ca-1b22-4f01-bfdd-4249b8c23f91,Piece,2
e111eb79-ec5d-4a06-90b0-a7924bf62b68,cca165a2-f490-4202-93f3-e7f3ec08da1a,d5642d91-a574-4d57-a37f-4f3745a63e61,frisky rolls,8965310048185,1,200.0,169.0,200.0,221b4cd5-7ee9-4172-b717-cf2e101027b5,Piece,1
87f5a3f4-183e-472e-9752-7ea6112c71e9,ce6e261c-2c36-4d1e-b76e-77cb72126fe8,ec7e53a0-f5c0-4e2f-8823-38bbc73deef1,LAYS MASALA,8964002346394,3,150.0,138.16,450.0,95715c14-fd62-44c7-924b-822fdf750341,Piece,3
06fd0d92-d58f-49dc-a5c3-cfb3f6e7126b,ce6e261c-2c36-4d1e-b76e-77cb72126fe8,7d4093a5-9f5a-4ff8-a328-8bea4c75c4a6,Kurkure TM,8964002346509,3,60.0,56.0,180.0,2f5a1b51-f58d-4534-86bb-98a1c5c14c9f,Piece,3
57ed553b-9c1a-4ced-aa5e-452ba13a69c6,cf3f9c1e-d058-4951-99ec-7abc319daea9,183f01fb-73db-4261-83e7-b3b8fa486321,gala,8961003632617,1,40.0,36.0,40.0,6a550706-cf63-4362-a239-b293046932b3,Piece,1
afc06815-e16a-42b2-8af8-dde8ed17f13c,d0e1da59-93f7-4339-9e0e-0fb45467c9b9,c64a1504-6118-47aa-8b81-3b3ea038e37b,TOUCH IMP,8964001199021,2,200.0,75.0,400.0,41e21d2b-c555-4a98-94b5-9a584516dbac,Piece,2
064b74c4-5440-4fcf-ba21-f7ca32d72ddd,d0ee7b80-a4e5-4267-90d6-c98beb0e2f2a,1bd30749-19a7-4dd2-b09f-3f9f7b0ca45e,Fruitien joy 1L,8964000876435,1,300.0,205.0,300.0,035f3af1-557a-4f16-876d-c806a7fa5eba,Piece,1
5fd6f5f1-b411-43ad-a557-f834b5df0dd4,d0ee7b80-a4e5-4267-90d6-c98beb0e2f2a,b8114fe2-506f-4e27-ab08-c2626a8f1661,SPOUT LOTTE STWABRY,671866277730,1,60.0,46.0,60.0,6fc0dfc4-17ef-4974-b071-1cce60c2e67a,Piece,1
c3297ed5-04af-4f4b-ad00-603711aa8389,d13bfccb-c4b0-4d11-870a-64ce01359467,df83db32-d270-4a08-8f67-85f4967a923d,Red & White,89600320,10,10.0,9.5,100.0,9906134c-2d34-42ea-8503-8a4aeb21af05,Half Box,1
68ef9cd9-92cc-4dad-a66a-95fe3374e390,d15bb9e3-ed11-4784-86e1-c832d982078e,dabede9c-eb98-47b3-848d-77e6850a56e1,7UP 1.5L,0012000800337,1,210.0,163.0,210.0,f7ce623b-7879-474d-9773-f703bf0ae037,Piece,1
6dfc92ee-f988-4d84-a2e7-eddde2eed782,d15bb9e3-ed11-4784-86e1-c832d982078e,aeec8327-c8e3-49ae-830d-5ae48228671a,DISPOSIBLE GLASS,1233763958519,4,5.0,1.7,20.0,2bc021cb-4f78-4684-ad9e-7fae8bd628d9,Piece,4
03ae80e3-fe32-44b5-a6f7-faea8beaa82f,d24724d3-d478-4906-bc29-de6073336a73,975cf5aa-4ec6-4b0f-bd0b-a79640860da8,CHOICE,9254120000254,1,40.0,22.5,40.0,45baadf7-3c4f-430c-b19c-ed8a6e8538df,Piece,1
945effbe-73ab-4ee3-abcc-ab036df42eb4,d24724d3-d478-4906-bc29-de6073336a73,8af4077d-37f1-441f-936d-9507cb56ca9d,candy,1232784048698,2,5.0,3.5,10.0,7534df49-d891-461a-8b69-7d03cb9ce755,Piece,2
b161da1f-959a-4d34-9c63-37fa19650bb7,d2f838d5-e48b-4195-9e19-c183cdc8280a,8f421553-10c3-4fa2-9e4d-51f5bbc06cbc,KURKURAY TM,8964002347278,1,40.0,36.9,40.0,74737246-4041-42e1-b1a9-1a501d24fe22,Piece,1
9036c03b-9bc8-43bd-9fd1-84d01ce598b4,d2f838d5-e48b-4195-9e19-c183cdc8280a,bdfbec09-02b6-43e1-834e-c6f25f2250da,egg,1239923458738,1,22.5,20.0,22.5,1a65cdb6-05dd-4c13-8555-642c6262bc4e,Piece,1
df02d03b-a571-4c10-981d-c4f9633a4e0e,d732a7b9-ccbd-4b8e-a6e8-9b971a73d89b,296944b9-ea79-469c-8425-f11d6e4b7eed,CAPSTAN RED,1230364618200,10,14.0,12.25,140.0,0ea2547b-ff52-4fd2-a713-c4c425c19caa,Half box,1
f00b9b7b-9c0b-4544-a51d-603457e65c1f,d7577b88-f639-49d0-b39b-8e88a910d16e,d0ea7687-1654-4b17-b313-1c89ac741d71,NANKHATAI,8961003669347,1,50.0,45.0,50.0,7c5574a7-3027-4066-a9a4-deb43ded924b,Piece,1
12160dce-7654-4958-9869-22b16c314102,d7577b88-f639-49d0-b39b-8e88a910d16e,b670459a-e326-4490-bf85-c717dd6912df,SLICE APPLE,8964000103104,1,80.0,43.4,80.0,962458d9-d8a4-496e-b26d-a36295416f95,Piece,1
a03e659a-14c6-4c8f-99dc-d3b69177b630,d7bcfd42-9f05-4f2d-84ac-38e9b8209132,9863fa08-b141-4a19-959c-fc1dae64e577,pepsi 1.5L,012000800085,1,210.0,163.0,210.0,8e6db930-330d-46af-a62c-e673e3d938a7,Piece,1
5952ebe8-284c-49b6-b0ea-ab93b70ec1ae,da9a7748-07fc-443c-b739-b5d48efcb51d,6b21c075-c752-4bf7-a4c2-2a4c8441c546,sifarish khan,1232255618481,1,30.0,25.0,30.0,289e28e9-66d0-4026-9fd4-67bfa88cb04c,Piece,1
98041970-af07-4ace-9f14-26a33fb67b77,db1af1c5-74e3-406c-a910-4314544ff9ca,da1ef922-fc6a-4884-90cb-5fd4a4297ac7,Sooper classic,8964004771026,1,40.0,36.0,40.0,5c66b750-e588-4844-bc83-b8f9e11a155c,Piece,1
bd70fada-70c3-44ad-8180-c3d1d0b2fa6c,db1af1c5-74e3-406c-a910-4314544ff9ca,78564755-1ca2-44ee-a56d-8f13ab72d017,CocoMo Orange,8961103500397,4,10.0,9.3,40.0,707ce536-76a6-44d6-87ed-083e67a00c72,Piece,4
8a76b262-f5d8-4ecc-b9f9-eb65585c023e,dec6fa53-e277-428d-aaf8-e4504e56f3ec,d0d145d6-02df-41db-a162-1cf9cc090b5a,Kurkure CC,8964002347377,1,60.0,56.15,60.0,c47dfc18-002e-45d2-b2bb-f42b1a8d06b3,Piece,1
2bb21867-85db-43b9-93fe-f1e6539feaa3,dfced720-ee3f-421d-9bb0-d57d853f76e3,e89768c3-9e0e-472e-b8fe-ca33136480e6,lemon max pouch,8886950099514,1,225.0,200.0,225.0,49d66224-083c-4065-82fa-185368c7b179,Piece,1
21b7fb4e-aeb1-45e2-aca7-8f5e9876ec47,dfced720-ee3f-421d-9bb0-d57d853f76e3,8af4077d-37f1-441f-936d-9507cb56ca9d,candy,1232784048698,5,5.0,3.5,25.0,7534df49-d891-461a-8b69-7d03cb9ce755,Piece,5
56779967-5430-4596-b34d-18e80fab2c93,e4433b39-02ee-440a-83f2-285646e7c510,30e73934-8b1f-4e5b-8a7e-459183ab89ff,BENSON & HEDGES,ZIC2321183204,20,15.0,14.0,300.0,bd464178-34a5-4c51-ab7a-fb38e14501f9,Box,1
c5031205-599b-4f56-a832-3d97a006f7dc,e48a82df-61e0-4b99-931b-6bf0b68f156d,af25740f-3f10-435d-88c0-a4f84dd64b0d,tuc,8961003623172,4,10.0,9.06,40.0,d03f37dc-dff5-4d8c-b8f8-7609b1a7153a,Piece,4
fe462a0e-788d-4ec9-97c0-e18bdebca9fc,e53d80a9-5373-4f75-9246-dc6652d50c00,296944b9-ea79-469c-8425-f11d6e4b7eed,CAPSTAN RED,1230364618200,10,14.0,12.25,140.0,0ea2547b-ff52-4fd2-a713-c4c425c19caa,Half box,1
a546dc4d-1ab5-4e01-8848-7ada82ce6e64,e842b33a-d857-4eb1-a7c5-1e6d6f5d2e11,b21064d9-07ce-42e8-8bdf-a7c61df06adb,jet spoort,8721274610482,1,40.0,29.38,40.0,347ee8ca-b35c-456e-a2d3-8c9b2417b33e,Piece,1
a8b7290a-a0e6-42d6-b8cc-f89942ebd20f,e842b33a-d857-4eb1-a7c5-1e6d6f5d2e11,b2fa9a08-2130-4d3b-a1f9-f39f694cc18c,Surf Excel S/pack,8961014264760,1,10.0,9.1,10.0,f62c8014-7e26-49a7-9f35-a5eb92f1347c,Piece,1
10893216-8fe7-4a3a-9ec2-4debf6251f8b,e842b33a-d857-4eb1-a7c5-1e6d6f5d2e11,f9995743-8d14-45d2-be1e-1054f9e04de0,Murree Sparkletts 1.5L,1860201136828,1,110.0,74.0,110.0,8d732b9a-5588-4ceb-af41-c0fdeab4686e,Piece,1
ae63ed8b-c641-4e87-9ca8-e4376c2d69dc,e842b33a-d857-4eb1-a7c5-1e6d6f5d2e11,aeec8327-c8e3-49ae-830d-5ae48228671a,DISPOSIBLE GLASS,1233763958519,2,5.0,1.7,10.0,2bc021cb-4f78-4684-ad9e-7fae8bd628d9,Piece,2
ff455a01-702e-4263-a04c-a9d8b9144ce1,e8989617-f23f-4645-b5d0-89dc09808aa9,9b8a64b3-0eff-49bd-a7e9-7ae1f4c6211f,Capstan White,89600078,3,15.0,12.5,45.0,2ee97f16-83f8-4fe8-8004-f20228fc010c,piece,3
1b01f9da-d80d-463b-904d-0ec6ea51ab44,e972c751-c47a-405c-9ad5-81ab8d00cca8,6d5767c4-fdbd-42fa-893e-41ddde84601b,Rahat Pamper 3,4985925672456,1,35.0,22.23,35.0,164a6171-0c52-4883-928f-fba982f24094,Piece,1
1b4df615-5c5f-4685-8a6d-26ba45d088a4,e972c751-c47a-405c-9ad5-81ab8d00cca8,8af4077d-37f1-441f-936d-9507cb56ca9d,candy,1232784048698,1,5.0,3.5,5.0,7534df49-d891-461a-8b69-7d03cb9ce755,Piece,1
13f4a2d9-fb1b-4eb5-b079-2db8470a0490,ead85cd4-5bbd-4e8e-980a-cf48dbeb5bce,d8f89ad3-02ac-4798-bd1b-2d1d17aa2b54,kite match stick,745178816045,1,5.0,3.0,5.0,052b3a03-75fd-4be6-97f3-c90634e0f3df,Piece,1
968265c6-ed79-45c2-b060-df241cf858ec,ead85cd4-5bbd-4e8e-980a-cf48dbeb5bce,16aaea48-fe9c-4a96-8c0e-5fa79cd3fca1,cocomo,8961103500359,1,10.0,9.5,10.0,60a15580-472f-4b42-8bb2-2863cf1872c0,Piece,1
ef770ea1-22d7-46ae-a6cb-f5cb9a0d7cd4,ead85cd4-5bbd-4e8e-980a-cf48dbeb5bce,8af4077d-37f1-441f-936d-9507cb56ca9d,candy,1232784048698,1,5.0,3.5,5.0,7534df49-d891-461a-8b69-7d03cb9ce755,Piece,1
404f17d2-7cc6-4344-bd73-cb734c72be43,ecb91171-523d-4e3a-aeaf-162a39723e43,6d5767c4-fdbd-42fa-893e-41ddde84601b,Rahat Pamper 3,4985925672456,3,35.0,22.23,105.0,164a6171-0c52-4883-928f-fba982f24094,Piece,3
f8471e33-8901-4f67-b9e9-5877957bfae2,ecb91171-523d-4e3a-aeaf-162a39723e43,e1c7461f-fe2c-43cc-b072-ab2fcdd767ed,olper pack,8964000919934,1,100.0,85.0,100.0,610b7a9f-fa8f-480c-8da4-d5bb1121252c,Piece,1
294b361b-a4b0-4016-aa3b-b45fc5e34169,ecb91171-523d-4e3a-aeaf-162a39723e43,9ed06880-e15b-44ae-876b-3fcca222bad2,sooper,8964004770456,1,50.0,45.0,50.0,f3625b26-f234-4633-b395-5d2ebc6a6cc8,Piece,1
73fc13c0-fc7b-4083-a582-b828566261b6,ecb91171-523d-4e3a-aeaf-162a39723e43,c4f5800c-ee73-4c1e-ad0d-15c4c869ce79,Bonjour Harvest Blessings,725765019004,1,60.0,45.0,60.0,06c927ac-b942-419b-b2bb-d406c5ca3f36,Piece,1
06a4471d-183a-463e-a85f-63d3077ce661,ecb91171-523d-4e3a-aeaf-162a39723e43,8d461728-be1b-440c-86ee-f7a31b9a6d27,Chocolatto,870572008007,1,10.0,9.31,10.0,08a6ddec-263a-4d1b-9f75-5a39630e6b76,Piece,1
6d33d67f-392a-43bf-b788-5286718671ad,ee3f80ee-b4bb-4b24-9451-087959113629,769e2e89-ac54-44d5-95f5-ccae70735404,TIGER,8961003694271,1,10.0,8.85,10.0,4aa89d8e-e8d9-41cd-b9dc-1ef6616d3d57,Piece,1
864affad-60b9-49aa-8359-2d6285edeef3,eebf01b3-4746-49b1-94b9-254d8b6a8191,10ebe327-96fb-4e2c-9292-ee7ccf3b8127,local fry,8964000695555,1,10.0,8.0,10.0,ca63db85-6796-4904-8894-101cfc6813be,Piece,1
3f788f18-43ce-46b0-a96a-136ab615d901,ef3cb671-1308-44f8-aaed-c9240095a4b6,e1c7461f-fe2c-43cc-b072-ab2fcdd767ed,olper pack,8964000919934,1,100.0,85.0,100.0,610b7a9f-fa8f-480c-8da4-d5bb1121252c,Piece,1
a0aae902-5f88-42c0-8c57-51d98a0b3bfc,ef5d6c1a-5b36-4cdc-aa96-f03ffab3aabb,296944b9-ea79-469c-8425-f11d6e4b7eed,CAPSTAN RED,1230364618200,20,12.5,12.1,250.0,e9169ce5-618b-4046-9957-a321013f7b75,box,1
2935f038-ed7f-4f96-afda-251b7c3945b0,ef5d6c1a-5b36-4cdc-aa96-f03ffab3aabb,a0d9dd33-4b2f-4a0a-add6-a2057a8330c8,ZIA MIX NIMKO,8964002429943,1,100.0,83.33,100.0,70922120-c405-49ff-bafc-fe54e91fdaef,Piece,1
74832158-d9d1-4aad-975f-8f3ed3279525,f0613b16-f1be-4ec1-9dc6-f13eb7ede38e,99e1bc74-22b4-456e-a729-5baabbf6dff3,krisko,1456587854243,4,20.0,15.0,80.0,887fe7ef-236c-4d4d-a225-789c008373c8,Piece,4
11db83de-1e8a-4d53-a827-e4fbfc43050f,f0613b16-f1be-4ec1-9dc6-f13eb7ede38e,5a5154d9-6994-4dee-9011-efd865af1c8f,GOLD LEAF,1232097295550,2,30.0,25.0,60.0,ff8b0ab8-fd25-4bb6-aafb-a79e8e63a846,Piece,2
0d95aca9-c1e4-4c47-84d5-2cb9f3067596,f0613b16-f1be-4ec1-9dc6-f13eb7ede38e,8af4077d-37f1-441f-936d-9507cb56ca9d,candy,1232784048698,6,5.0,3.5,30.0,7534df49-d891-461a-8b69-7d03cb9ce755,Piece,6
1d630e85-4d5a-470c-a095-226ffcd8d7e1,f2abdd92-4e84-4bd4-8951-bccd25f951f7,e433e9b7-af19-4259-880e-b957f60e9ace,Yums Sour,870572007444,2,10.0,9.0,20.0,0277bb75-afa1-4184-bb47-605280ed541e,Piece,2
c0f6a55b-92eb-4d78-99aa-88f813e87c06,f2abdd92-4e84-4bd4-8951-bccd25f951f7,99e1bc74-22b4-456e-a729-5baabbf6dff3,krisko,1456587854243,1,20.0,15.0,20.0,887fe7ef-236c-4d4d-a225-789c008373c8,Piece,1
ee759f37-7866-4d04-925c-12d2a570d9c3,f64cf432-fc36-4d35-bb25-523e3afb86d6,c29dd8dc-32c9-4d09-8dbb-5ee9dd61868b,AQUA DIRE 1.5 Ltr,5901234021753,1,110.0,40.0,110.0,049066b6-d4ed-4ed7-8fc6-a3dde75baa95,Piece,1
e1197c8a-e478-437e-9445-d15188f46fde,f64cf432-fc36-4d35-bb25-523e3afb86d6,aeec8327-c8e3-49ae-830d-5ae48228671a,DISPOSIBLE GLASS,1233763958519,2,5.0,1.7,10.0,2bc021cb-4f78-4684-ad9e-7fae8bd628d9,Piece,2
f1fc9a7a-e29f-4a9e-ab13-9a9bae8e3df0,f6cd2a7b-6608-44d1-a27a-b9c65a7c64c5,e433e9b7-af19-4259-880e-b957f60e9ace,Yums Sour,870572007444,1,10.0,9.0,10.0,0277bb75-afa1-4184-bb47-605280ed541e,Piece,1
6e6187c4-75fc-42b7-8636-8bae67d1135b,f6cd2a7b-6608-44d1-a27a-b9c65a7c64c5,8af4077d-37f1-441f-936d-9507cb56ca9d,candy,1232784048698,4,5.0,3.5,20.0,7534df49-d891-461a-8b69-7d03cb9ce755,Piece,4
3bca7ec6-3fe9-4f5e-b897-189c287b5fa7,f740ee61-b103-4c00-bbcb-89de15cf0e42,30e73934-8b1f-4e5b-8a7e-459183ab89ff,BENSON & HEDGES,ZIC2321183204,20,15.0,14.0,300.0,bd464178-34a5-4c51-ab7a-fb38e14501f9,Box,1
81e3adbb-5e9f-48ad-abd3-82a407d8e85c,f79465d7-4e70-476e-b547-c3acea7dde32,d5d6372c-5ed7-4b72-998a-708be9b074c3,SUGAR 1/2 KG,1234623077739,2,80.0,72.5,160.0,5426f909-c940-4530-aff4-f6caca3a7bb0,Piece,2
42028474-ebc7-43fe-b72a-10a1e9752c18,f879037e-ccbe-4c44-af56-c74f7e165243,10ebe327-96fb-4e2c-9292-ee7ccf3b8127,local fry,8964000695555,1,10.0,8.0,10.0,ca63db85-6796-4904-8894-101cfc6813be,Piece,1
573d4b45-4226-4f78-81bc-b1734f76bc65,f879037e-ccbe-4c44-af56-c74f7e165243,8af4077d-37f1-441f-936d-9507cb56ca9d,candy,1232784048698,4,5.0,3.5,20.0,7534df49-d891-461a-8b69-7d03cb9ce755,Piece,4
da29205e-3633-4db3-82d3-07bf3f981fe9,f879037e-ccbe-4c44-af56-c74f7e165243,16aaea48-fe9c-4a96-8c0e-5fa79cd3fca1,cocomo,8961103500359,2,10.0,9.5,20.0,60a15580-472f-4b42-8bb2-2863cf1872c0,Piece,2
9373b1b4-cea4-4b4f-8dc7-4fafb493d733,fb598278-ce0a-4553-aaaa-2845ac675965,296944b9-ea79-469c-8425-f11d6e4b7eed,CAPSTAN RED,1230364618200,7,15.0,12.1,105.0,a1bc6a6f-ad8f-468b-afac-44ec8574811d,Piece,7
e6adfd9e-7c3d-411b-886f-01b610210107,fd6f8db9-e53b-4683-a500-75404016f691,296944b9-ea79-469c-8425-f11d6e4b7eed,CAPSTAN RED,1230364618200,7,15.0,12.1,105.0,a1bc6a6f-ad8f-468b-afac-44ec8574811d,Piece,7
9620b458-804c-4591-8fbf-d372e4cfd11c,fd6f8db9-e53b-4683-a500-75404016f691,5a5154d9-6994-4dee-9011-efd865af1c8f,GOLD LEAF,1232097295550,2,30.0,25.0,60.0,ff8b0ab8-fd25-4bb6-aafb-a79e8e63a846,Piece,2
400844e8-39e9-47df-8023-85cc90683ecf,fd6f8db9-e53b-4683-a500-75404016f691,8af4077d-37f1-441f-936d-9507cb56ca9d,candy,1232784048698,1,5.0,3.5,5.0,7534df49-d891-461a-8b69-7d03cb9ce755,Piece,1
3f820e4f-1524-4ccf-a96e-1a45a0b85529,ff745de2-58ba-42ca-96a1-70166851f051,a2b38725-9692-4f4f-a1b8-863cf85f0922,PIANO CRYSTAL,8961100472505,1,30.0,12.0,30.0,72e879f7-51a2-4746-b710-a5774ece340f,Piece,1
8413c263-bae6-48ab-9081-ffe37c2cd989,ffb6f7bb-cc37-4cf6-b091-2739276efd48,0b7d9461-2cb5-45af-b4cd-39693bbf4bd1,7up mint ,8964002344413,1,90.0,75.0,90.0,6e64dc29-4ada-436c-af3e-40dd7b4e197c,Piece,1
d1e0faa7-7a38-47f9-b4a4-4f2e1bfde936,0156b7ec-9f30-4943-9d63-0493e9906d4b,6d5767c4-fdbd-42fa-893e-41ddde84601b,Rahat Pamper 3,4985925672456,1,35.0,22.23,35.0,164a6171-0c52-4883-928f-fba982f24094,Piece,1
ec3a5a0c-67ae-4207-bba8-d0d78257099c,0156b7ec-9f30-4943-9d63-0493e9906d4b,74cf22e5-d68b-4f83-91f2-ef52b08ca928,Dove shampoo S/pack,8961014260144,2,10.0,4.0,20.0,2f07a29e-6d61-4dbc-9aaa-418866f173d5,Piece,2
c7751cf8-b919-409e-ba3f-e1983cc42f70,0156b7ec-9f30-4943-9d63-0493e9906d4b,d0d145d6-02df-41db-a162-1cf9cc090b5a,Kurkure CC,8964002347377,1,60.0,56.15,60.0,c47dfc18-002e-45d2-b2bb-f42b1a8d06b3,Piece,1
df4c129c-da8f-477b-b6f5-d8606711543a,0156b7ec-9f30-4943-9d63-0493e9906d4b,b71c8677-a870-40f7-8083-7514bc778b06,pantene,8001841918570,2,5.0,4.5,10.0,b5a88c6a-82e0-4cec-8222-b9465b91e643,Piece,2
b2aa07e5-386c-4ad2-9030-663dc24908ea,0156b7ec-9f30-4943-9d63-0493e9906d4b,e433e9b7-af19-4259-880e-b957f60e9ace,Yums Sour,870572007444,1,10.0,9.0,10.0,0277bb75-afa1-4184-bb47-605280ed541e,Piece,1
4de1fe9d-b346-440c-912e-159405725748,0156b7ec-9f30-4943-9d63-0493e9906d4b,8c7f6d6a-e322-4288-a670-4414a8a98916,MIRINDA 345ML,8964000103319,1,90.0,65.0,90.0,b74ab95f-e6b2-4273-aabd-fb4a21df03a1,Piece,1
4de0b9b2-8672-479e-83fe-7d6c0d2fb6c2,0156b7ec-9f30-4943-9d63-0493e9906d4b,1c2a3cfc-7953-437c-abf0-008b3405e78c,abc jelly,870572005228,1,5.0,4.5,5.0,887ae168-ea91-4a5e-b5de-68b69583689d,Piece,1
8eb22cc2-6ddc-4616-b88c-2932a8aa0309,0156b7ec-9f30-4943-9d63-0493e9906d4b,403ea510-fb07-48bc-a730-8f1f2391b3be,STING L,8964000101704,1,140.0,105.8,140.0,7b817808-9ae8-4d8f-9f89-3f3e11cfe183,Piece,1
f13e58ba-a6be-4b28-8dd9-44a024605d6a,0156b7ec-9f30-4943-9d63-0493e9906d4b,296944b9-ea79-469c-8425-f11d6e4b7eed,CAPSTAN RED,1230364618200,20,12.5,12.1,250.0,e9169ce5-618b-4046-9957-a321013f7b75,box,1
14f9972d-4c37-4be7-8a12-e7bd9e82204a,0156b7ec-9f30-4943-9d63-0493e9906d4b,5f944213-1ecb-49ed-9132-155c538f653f,8964003812140,8964003812140,1,20.0,8.0,20.0,2baead40-bebd-4b19-b515-40c05758f457,Piece,1
bbeb58b0-0090-4b47-8c7f-fb61caae2310,02c7ddb0-aca7-4386-9691-6354b440774f,2076a146-9376-46e2-94e8-9967d3cd53c5,Sprite 1L,5449000050939,1,170.0,133.0,170.0,91a6b489-9f54-49c4-99e9-c7010383fe3c,Piece,1
c2425730-d344-420c-9181-5a7ef068603e,0378a1d6-1210-4348-a1b6-01d19ad45bb6,e72cc9fe-22b1-4ea0-b7ba-50b2a81ae9cc,4U Bar Beta,8964000579435,2,20.0,18.33,40.0,19cf5be3-be93-483b-a1f4-a2bb5e331f51,Piece,2
3f39a602-82e8-4634-8050-0e6cb7630f2d,0378a1d6-1210-4348-a1b6-01d19ad45bb6,49d0da8d-0715-45bb-8ed2-bfeb311f210f,lays y$h,8964000103784,1,20.0,17.0,20.0,aa53ae6a-2e7f-4333-8645-91a01ffefc95,Piece,1
85b9b2fe-9c44-47ee-bd3a-fc0679abae20,04cb28b3-5d2b-4f46-9c79-5e10d90db930,5a5154d9-6994-4dee-9011-efd865af1c8f,GOLD LEAF,1232097295550,1,30.0,25.0,30.0,ff8b0ab8-fd25-4bb6-aafb-a79e8e63a846,Piece,1
2a120269-bce7-4087-b8b1-3177add991c7,04cb28b3-5d2b-4f46-9c79-5e10d90db930,4ea8ab87-bf13-4523-b83d-509c89f52789,hockey match stick,9231012019358,2,5.0,3.0,10.0,21683564-a53b-4d8c-a0a6-4066d1367085,Piece,2
384d7218-a802-4b9a-acd8-98c4ca700ea6,0510104e-8fb2-40ca-b71c-a9a049b46120,6b21c075-c752-4bf7-a4c2-2a4c8441c546,sifarish khan,1232255618481,1,30.0,25.0,30.0,289e28e9-66d0-4026-9fd4-67bfa88cb04c,Piece,1
615c497d-b2a4-40de-92a6-629869af3d9b,07a2e625-598f-4b5e-86e4-71c26cacce5e,6b21c075-c752-4bf7-a4c2-2a4c8441c546,sifarish khan,1232255618481,2,30.0,25.0,60.0,289e28e9-66d0-4026-9fd4-67bfa88cb04c,Piece,2
4daec2d5-ba8f-436e-9cc2-74a8475fc559,0960beb2-6110-4e14-8e4b-c70018df12bd,3c9df82b-a8e2-49c2-a773-46edf5859135,RAHAT  4,4985925672487,1,35.0,26.1,35.0,287627b8-4e98-49f3-9268-58f71cd70eb3,Piece,1
2c5a22ab-3854-4071-af10-d2b363e3d61a,0960beb2-6110-4e14-8e4b-c70018df12bd,6b21c075-c752-4bf7-a4c2-2a4c8441c546,sifarish khan,1232255618481,1,30.0,25.0,30.0,289e28e9-66d0-4026-9fd4-67bfa88cb04c,Piece,1
695a0ad0-e9fd-45e5-922d-105c1f39e0f2,09c5f9bf-1f5a-42db-ac87-78dd58174f50,d8f89ad3-02ac-4798-bd1b-2d1d17aa2b54,kite match stick,745178816045,2,5.0,3.0,10.0,052b3a03-75fd-4be6-97f3-c90634e0f3df,Piece,2
ea274e02-a2e2-436c-a53f-dc4205aa4e7b,0aedb5e4-1b23-42f9-beea-d09d88e9425b,826c0da6-b0aa-4c8a-a024-a17c10878f2f,milk pack,8961008022185,1,100.0,87.7,100.0,fab81662-9567-4d14-93ef-507465b7294c,Piece,1
15e70aee-8361-458f-90d5-e5bfb7166a47,0d0df00f-3325-4e54-bb53-5ed0a0c63d3d,b5987cf6-eb28-453f-833d-b7adb5c351c4,rio stawberry v,8964004770517,1,50.0,45.0,50.0,9d4a3604-18f9-443d-b8da-9da694eefafe,Piece,1
59c2a7f2-97fa-451a-8c24-6fa0ba0905b9,0d7ef075-c8db-48ac-b65a-e71212510d17,826c0da6-b0aa-4c8a-a024-a17c10878f2f,milk pack,8961008022185,1,100.0,87.7,100.0,fab81662-9567-4d14-93ef-507465b7294c,Piece,1
e5acf934-14d5-4739-ba6f-07d57bb07968,0d7ef075-c8db-48ac-b65a-e71212510d17,85594582-8fac-4e45-97aa-fb017eedf3ed,Tuc,8961003622625,2,50.0,43.0,100.0,5d3f27a0-ef98-4aef-bdc0-09fb857dca97,Piece,2
4c23eb2f-0cd1-4a88-a55e-84165ad94a84,0d7ef075-c8db-48ac-b65a-e71212510d17,a8c690d8-15f1-493e-9507-c2f9ed786483,Peanut pik,8964004770616,1,50.0,46.0,50.0,76df9348-eb2d-49e1-91c8-39c3cbfd7d3c,Piece,1
95d0c352-d306-42ff-b9f0-1cb55052d487,0e36da51-2eff-4574-98b1-a842059dadb6,234c787c-e5e2-4047-bb07-95d114219d2e,AQUA DIRE 0.5 Ltr,5901234039710,1,60.0,22.0,60.0,bc7e8655-4e7a-409b-a5c5-6b9e2e262dff,Piece,1
3466d0e7-f53c-47bf-978a-956a2da31700,0f191179-0354-4248-8362-0c63c223dc36,b8bc5305-46ae-4622-b225-f2012facd71c,BITE CAKE,6446371132850,1,70.0,43.33,70.0,f1d2d90f-dc57-4b76-bcb4-7d1c9bcc568a,Piece,1
03a00ceb-96b5-4db0-a791-cbc9f4b436e4,0f191179-0354-4248-8362-0c63c223dc36,7ed42805-38c4-44c2-805e-9649ba76fdf2,TWIN CAKE,6446371285174,1,100.0,43.3,100.0,67f5fa01-7d31-4318-97de-2b84a2b16a48,Piece,1
097bc3a2-fdee-469a-9855-17a6c566df65,0f191179-0354-4248-8362-0c63c223dc36,92f16b27-36e8-4924-b95e-bc25a2fcace5,Coated Peanuts C&H,8964003813796,1,50.0,41.0,50.0,df68a421-fa68-44c5-8ff4-3293564237a8,Piece,1
b1bc1cb1-f9a9-45bf-9b5b-42982d31cff5,0f191179-0354-4248-8362-0c63c223dc36,5a5154d9-6994-4dee-9011-efd865af1c8f,GOLD LEAF,1232097295550,10,28.0,24.5,280.0,0ce2a6a7-3270-4538-b7f1-cd118f2cb423,Half Box,1
056a2e78-ab97-429a-b2e3-d964b90d9986,13627bc8-1cc8-46d4-b61a-58c9be2a40ea,234c787c-e5e2-4047-bb07-95d114219d2e,AQUA DIRE 0.5 Ltr,5901234039710,1,60.0,22.0,60.0,bc7e8655-4e7a-409b-a5c5-6b9e2e262dff,Piece,1
c6ad9ed8-6ecf-4674-9496-01b2eeccd4eb,158e130b-3c57-423d-894b-6cdf4ec81661,587b9449-c4ea-44cf-8126-8c8a34925d23,goodday razor,ZIC2251223154,1,40.0,30.0,40.0,f4c2eb9a-370f-4888-9943-cf63cec62438,piece,1
a734c955-52a1-4acc-93f1-524ae78562ea,15abb660-91d5-410a-b142-7b3b424b17c9,9b8a64b3-0eff-49bd-a7e9-7ae1f4c6211f,Capstan White,89600078,3,15.0,12.5,45.0,2ee97f16-83f8-4fe8-8004-f20228fc010c,piece,3
2997b266-ea1a-43f6-bd77-6fab9f38e67d,16dc9b76-baea-47d6-a329-17d341e88b1f,10ebe327-96fb-4e2c-9292-ee7ccf3b8127,local fry,8964000695555,2,10.0,8.0,20.0,ca63db85-6796-4904-8894-101cfc6813be,Piece,2
7d1a1927-6e77-45dc-9455-4152a2889c2f,16dc9b76-baea-47d6-a329-17d341e88b1f,5e884914-bb41-4b1f-accc-ce0d6446028c,Cake up choclate,8964004771279,2,30.0,27.0,60.0,3e6c01eb-63f7-4c6c-a9f1-ae60afed6e96,Piece,2
41f99403-c2d6-4fca-a465-2f33c0589581,16dc9b76-baea-47d6-a329-17d341e88b1f,296944b9-ea79-469c-8425-f11d6e4b7eed,CAPSTAN RED,1230364618200,2,15.0,12.1,30.0,a1bc6a6f-ad8f-468b-afac-44ec8574811d,Piece,2
1e8ad0f1-08e7-4593-a77b-5ec0f3179c05,16dc9b76-baea-47d6-a329-17d341e88b1f,89f084ac-a196-47fb-8e25-4e4bd3160c50,STING SMALL,8964000101551,1,100.0,73.0,100.0,24a9904c-bbbb-433e-b85c-bc70707d653c,Piece,1
5278d30d-9ae4-4e19-9170-687cc91ecfa8,16dc9b76-baea-47d6-a329-17d341e88b1f,4ea8ab87-bf13-4523-b83d-509c89f52789,hockey match stick,9231012019358,2,5.0,3.0,10.0,21683564-a53b-4d8c-a0a6-4066d1367085,Piece,2
e09ef627-6faa-4523-bf0c-dabad558c83d,16f99977-1e31-4c0c-b230-07c1773834d5,79fc63b1-c564-43ab-8f73-4d3702515b4a,COCA ZERO SUGER,5449000131836,1,130.0,70.0,130.0,f8affc07-07eb-455b-b047-1628d7a0f194,Piece,1
15a2ebe0-6a0e-4403-996f-6a791da2c9fa,18b325ab-eb4b-492c-b6f6-fa04e26b39c2,aeef62c3-546c-4d54-abab-63f423b6347a,CHILI MILI,870572004818,2,10.0,9.0,20.0,b41cd9c5-6581-4be4-8ed5-873b391aa793,Piece,2
5ef4ff24-1b48-4982-8f6f-c4a4afd747a6,18b325ab-eb4b-492c-b6f6-fa04e26b39c2,e433e9b7-af19-4259-880e-b957f60e9ace,Yums Sour,870572007444,1,10.0,9.0,10.0,0277bb75-afa1-4184-bb47-605280ed541e,Piece,1
245f579b-d91d-4a05-a06a-8df28f484b24,18b325ab-eb4b-492c-b6f6-fa04e26b39c2,052bc035-870d-4abb-8648-338b99bea7d6,MELLO,8964001435525,1,10.0,9.0,10.0,1eb8706e-7c5c-4b63-9af0-311768873056,Piece,1
30f50c71-1219-4bfb-97a5-afbe6ec0172a,1d23dac4-800b-496a-88c3-383f6c9e536b,ebecba97-a5dc-432a-a675-b07992cfe188,DUNHILL,89600047,2,40.0,29.0,80.0,e30bac80-5143-46a2-bc24-9d55462bcce4,Piece,2
76dd5369-2f22-4c7c-84e3-acc4361fb613,1df27814-1ec9-481f-8629-262a1277f6ac,ebecba97-a5dc-432a-a675-b07992cfe188,DUNHILL,89600047,1,40.0,29.0,40.0,e30bac80-5143-46a2-bc24-9d55462bcce4,Piece,1
dede52d9-6e71-4b88-80d8-a9f0fd82a2f5,1e4e2ab3-d982-4904-916e-1fae59b89177,e40ddc87-c1d6-42d0-8522-8c43694879a5,DASANI 1.5,ZIC5449000098504,1,120.0,80.0,120.0,1825381b-9f33-43bb-9447-d08d9ec884f1,Piece,1
b674129a-f8b3-4552-ac7a-337ea9760bb6,1ee0b180-ac07-402a-9b87-47b08ccd3fad,89f084ac-a196-47fb-8e25-4e4bd3160c50,STING SMALL,8964000101551,1,100.0,73.0,100.0,24a9904c-bbbb-433e-b85c-bc70707d653c,Piece,1
7f152cf4-bebb-43b4-9ff0-14c3be123b50,1fe0f7c5-2279-4932-bf28-7e404599fd35,faca038c-a083-435d-a433-3024e08a7f3e,spark,6121420648949,5,20.0,13.3,100.0,3ec69693-93bd-4a23-be57-bb14e100f14c,Piece,5
8793fbcc-7240-4984-8178-fa5b1a413818,23c76f93-7add-4ac9-99a9-c97156b8dff4,df83db32-d270-4a08-8f67-85f4967a923d,Red & White,89600320,10,10.0,9.5,100.0,9906134c-2d34-42ea-8503-8a4aeb21af05,Half Box,1
852d4c83-c71c-4ff7-8c5e-c3ae987f4893,23d32370-77d3-4987-84e1-676fff8d173b,382387eb-6272-4738-b2d5-3361fa6fc3ca,Potato Sticks,671866277501,1,50.0,46.25,50.0,bc63250f-fd30-4ca2-a788-3340c09f9c89,Piece,1
c63e9a16-b58d-4bde-bcda-3b3711853e18,23d32370-77d3-4987-84e1-676fff8d173b,dcc48fee-0445-4775-bc38-58a5490e4628,Slanty Veg,671866117586,1,50.0,46.25,50.0,07708f75-4794-460f-9a64-a898355176c2,Piece,1
81b2e915-ab63-4ceb-9630-762d5c767d64,23d32370-77d3-4987-84e1-676fff8d173b,d24bbc5f-3fd1-410d-9a57-74e81ed86362,Zia Peanut,8964003813390,1,50.0,41.6,50.0,cbb97db4-8292-477b-a912-3174dca1594b,Piece,1
b5c62d51-cecc-466e-aaad-7677d5fdeaf6,23d32370-77d3-4987-84e1-676fff8d173b,403ea510-fb07-48bc-a730-8f1f2391b3be,STING L,8964000101704,1,140.0,105.8,140.0,7b817808-9ae8-4d8f-9f89-3f3e11cfe183,Piece,1
8be975bd-f5b7-415a-b73f-766e2e5db872,23d32370-77d3-4987-84e1-676fff8d173b,234c787c-e5e2-4047-bb07-95d114219d2e,AQUA DIRE 0.5 Ltr,5901234039710,1,60.0,22.0,60.0,bc7e8655-4e7a-409b-a5c5-6b9e2e262dff,Piece,1
ca86c262-ca4b-4939-8ea0-f0fb6975e76b,23d32370-77d3-4987-84e1-676fff8d173b,54d50e5e-c808-4bdf-ae3d-bef310784f59,EVERYDAY POCKET TISSUES,1237505540970,1,20.0,8.0,20.0,c47a9994-3f1a-4ca6-ba9d-78b4c39e02e0,Piece,1
f6f1d77a-22b2-4e9b-86f5-c56469f2a1dd,241ecfba-bb06-4c5b-9338-7bd2af87f3d4,6b21c075-c752-4bf7-a4c2-2a4c8441c546,sifarish khan,1232255618481,1,30.0,25.0,30.0,289e28e9-66d0-4026-9fd4-67bfa88cb04c,Piece,1
3eee3f27-2b75-439c-a7b7-04e9bb54e28c,245a351e-b186-4fe1-a2a0-e28d1c9d62fe,318b66d4-6b22-4dcd-a11d-7f164c5b745e,Johar joshanda,855434009675,2,25.0,20.0,50.0,ae68597e-8255-491f-b7b0-c8ae564da2fc,Piece,2
6a666e62-2742-4968-8214-58e1f4b58e09,25aa62e6-534d-4e23-bb3e-cace66d8c636,2505a9e6-32d6-425c-8c5d-d31507ce904d,lighter,1236376536280,1,40.0,21.0,40.0,4b1a6d94-51e0-4c20-8be3-f4e43962efbf,Piece,1
558960cd-bdaf-4e1c-873c-2b5de2a14974,25d22b8c-910a-49d8-a0ac-c236583e084c,8af4077d-37f1-441f-936d-9507cb56ca9d,candy,1232784048698,2,5.0,3.5,10.0,7534df49-d891-461a-8b69-7d03cb9ce755,Piece,2
befa22ab-6579-4181-9b23-36d82b270386,269e90eb-2125-4cb8-81f5-5c1417bf825a,9b8a64b3-0eff-49bd-a7e9-7ae1f4c6211f,Capstan White,89600078,3,15.0,12.5,45.0,2ee97f16-83f8-4fe8-8004-f20228fc010c,piece,3
3a8c3845-98ef-41d5-a1f4-f5992e551095,269e90eb-2125-4cb8-81f5-5c1417bf825a,8af4077d-37f1-441f-936d-9507cb56ca9d,candy,1232784048698,1,5.0,3.5,5.0,7534df49-d891-461a-8b69-7d03cb9ce755,Piece,1
9cd12693-3697-4ec3-b440-e6849bef900a,26e088f3-dd86-4123-a025-41a88dc3413e,b21064d9-07ce-42e8-8bdf-a7c61df06adb,jet spoort,8721274610482,1,40.0,29.38,40.0,347ee8ca-b35c-456e-a2d3-8c9b2417b33e,Piece,1
5f7614d6-212a-4877-bd70-2ae66a60722e,26e088f3-dd86-4123-a025-41a88dc3413e,b5987cf6-eb28-453f-833d-b7adb5c351c4,rio stawberry v,8964004770517,1,50.0,45.0,50.0,9d4a3604-18f9-443d-b8da-9da694eefafe,Piece,1
852510cc-a9a5-403b-a8db-605b351e0d0b,26e088f3-dd86-4123-a025-41a88dc3413e,8af4077d-37f1-441f-936d-9507cb56ca9d,candy,1232784048698,2,5.0,3.5,10.0,7534df49-d891-461a-8b69-7d03cb9ce755,Piece,2
8dec9214-6a44-41e8-8a1d-525d669545d2,272d3f48-570b-49bd-8400-40d7d1bcf8c9,403ea510-fb07-48bc-a730-8f1f2391b3be,STING L,8964000101704,1,140.0,105.8,140.0,7b817808-9ae8-4d8f-9f89-3f3e11cfe183,Piece,1
09b8e56b-477e-4036-95e9-678b8a61441e,272d3f48-570b-49bd-8400-40d7d1bcf8c9,aeec8327-c8e3-49ae-830d-5ae48228671a,DISPOSIBLE GLASS,1233763958519,2,5.0,1.7,10.0,2bc021cb-4f78-4684-ad9e-7fae8bd628d9,Piece,2
e77f02b4-b7ca-4f71-a5a8-8462295122ed,272d3f48-570b-49bd-8400-40d7d1bcf8c9,296944b9-ea79-469c-8425-f11d6e4b7eed,CAPSTAN RED,1230364618200,2,15.0,12.1,30.0,a1bc6a6f-ad8f-468b-afac-44ec8574811d,Piece,2
e753fdd4-4528-43af-a9bb-1779b42944d2,2a8e0ef2-94c6-43e9-a626-c3547649b2f2,c29dd8dc-32c9-4d09-8dbb-5ee9dd61868b,AQUA DIRE 1.5 Ltr,5901234021753,1,110.0,40.0,110.0,049066b6-d4ed-4ed7-8fc6-a3dde75baa95,Piece,1
22525ad7-5c49-45be-90f4-33e806b6712b,2a8e0ef2-94c6-43e9-a626-c3547649b2f2,403ea510-fb07-48bc-a730-8f1f2391b3be,STING L,8964000101704,2,140.0,105.8,280.0,7b817808-9ae8-4d8f-9f89-3f3e11cfe183,Piece,2
a7811a6b-921e-4572-9413-735d7888c15c,2b9791bf-45d8-438c-8d4d-3a6cbbb204d4,9b8a64b3-0eff-49bd-a7e9-7ae1f4c6211f,Capstan White,89600078,3,15.0,12.5,45.0,2ee97f16-83f8-4fe8-8004-f20228fc010c,piece,3
89e1a50f-8c1f-45a2-960c-37fbc8239189,2b9791bf-45d8-438c-8d4d-3a6cbbb204d4,d8f89ad3-02ac-4798-bd1b-2d1d17aa2b54,kite match stick,745178816045,1,5.0,3.0,5.0,052b3a03-75fd-4be6-97f3-c90634e0f3df,Piece,1
80ebef36-5707-4be1-ac63-36a90f0ab6af,2d31da43-e8b3-41aa-97c5-4fa6e82c71c0,403ea510-fb07-48bc-a730-8f1f2391b3be,STING L,8964000101704,1,140.0,105.8,140.0,7b817808-9ae8-4d8f-9f89-3f3e11cfe183,Piece,1
8656fb38-8762-4ebe-a5d2-f31251232181,2d31da43-e8b3-41aa-97c5-4fa6e82c71c0,d708baee-e4e6-44b7-89a0-5214eeebce4f,prince chocolate,8961003612572,1,50.0,45.0,50.0,556d6997-f2ee-4658-8b85-23a47795b274,Piece,1
6f2b8c2f-d994-44e9-b87e-27ee6b403813,2d31da43-e8b3-41aa-97c5-4fa6e82c71c0,296944b9-ea79-469c-8425-f11d6e4b7eed,CAPSTAN RED,1230364618200,10,14.0,12.25,140.0,0ea2547b-ff52-4fd2-a713-c4c425c19caa,Half box,1
0ae6f098-f1da-4726-84eb-6a23f3d74df8,2f0e471f-7759-4820-afd1-943d10bc7524,3ec91c94-8be1-4717-8435-6bcd92070dc1,Feast Chocolate,8721274610406,1,100.0,86.1,100.0,b6e97872-e4be-4158-b9ca-3adb4c7c05e7,Piece,1
639aedd8-ee02-4bc4-9c0b-f1b793b9757d,34049581-60f5-44fe-9760-7355aac4095e,1648b5c5-0770-4e30-98c4-5fb5cbb1cc75,cafe biscuits,8964002444441,3,10.0,8.0,30.0,3f4d3212-8f1c-4570-bd07-a9a5a1a41fa7,Piece,3
a99e3298-43dd-4dc0-b597-fb344d3e37bf,34049581-60f5-44fe-9760-7355aac4095e,ea60b0c6-77c4-4daf-823d-c986621a9cce,sooper,8964002526031,1,20.0,18.75,20.0,e36be056-1423-4612-bb8b-492116231275,Piece,1
43f26ddd-31d6-4f28-b9fd-f819674569f0,34049581-60f5-44fe-9760-7355aac4095e,188b0bc1-c811-435d-9cd7-84a6e7787fe1,Zeera plus,8961003642166,1,50.0,43.0,50.0,daae7360-e661-4316-9b57-e301e684f423,Piece,1
5c61ccd3-4f42-4659-ad33-36fa6f5cbdfc,34475588-a558-4380-9633-cc8219ea7fc6,9b8a64b3-0eff-49bd-a7e9-7ae1f4c6211f,Capstan White,89600078,3,15.0,12.5,45.0,2ee97f16-83f8-4fe8-8004-f20228fc010c,piece,3
a4997af8-f741-455f-96a7-bf5274ae330f,34475588-a558-4380-9633-cc8219ea7fc6,8af4077d-37f1-441f-936d-9507cb56ca9d,candy,1232784048698,1,5.0,3.5,5.0,7534df49-d891-461a-8b69-7d03cb9ce755,Piece,1
1e592988-d362-4c85-afd9-aaef14ac9ae8,356e4ba2-a6a6-4e7a-bf48-f5a53643ed14,d879b160-0310-4645-8f06-632ab510225b,SMILE C,6261149070857,1,150.0,47.0,150.0,8432322c-d31e-44cd-9dd6-08d1617d88a2,Piece,1
75223df3-f09f-4991-ada4-ba37a9263f84,356e4ba2-a6a6-4e7a-bf48-f5a53643ed14,66cc367a-8cda-4e43-b94b-92874aacfd3a,Nesfruta apple,8961008215662,1,70.0,53.41,70.0,60c75bca-958a-44ed-b590-54f39474dd9a,Piece,1
f39e94a5-dacf-45ca-a144-289e9ec3052b,38d430da-72be-470e-b75a-1c6ae4f31e89,296944b9-ea79-469c-8425-f11d6e4b7eed,CAPSTAN RED,1230364618200,4,15.0,12.1,60.0,a1bc6a6f-ad8f-468b-afac-44ec8574811d,Piece,4
e4474388-3b41-4e05-bee3-a5f5a7f92054,3a0c7f60-7867-47c5-b0f8-8750a567efd1,8af4077d-37f1-441f-936d-9507cb56ca9d,candy,1232784048698,2,5.0,3.5,10.0,7534df49-d891-461a-8b69-7d03cb9ce755,Piece,2
b219ed41-ea19-4fb1-9f27-65ba047f0629,3a16a945-968d-4d36-a9eb-c6a41c4b7d00,5a5154d9-6994-4dee-9011-efd865af1c8f,GOLD LEAF,1232097295550,20,25.0,24.5,500.0,38175889-2f66-461f-8e62-69907628ca63,Box,1
1e99a199-45c3-444b-b0ff-b554213a4a21,3a58a00c-8d22-4217-8439-4cbef5608ccc,fdc65df0-d2f4-421c-a8d7-36301c4db84f,Dew 300ml,8964000101254,1,90.0,65.0,90.0,bf1a41ca-b4d2-4417-9fd9-c774a60c54f3,Piece,1
dee3521b-2b61-42f2-b676-aad90cc7e075,3af8b2c1-869e-422e-9f9d-30dcf5361185,188b0bc1-c811-435d-9cd7-84a6e7787fe1,Zeera plus,8961003642166,1,50.0,43.0,50.0,daae7360-e661-4316-9b57-e301e684f423,Piece,1
d747444d-168a-4eba-9e18-cc360267d21d,3b07dfba-030a-4668-b81f-9d0583995d8e,a9fb56bc-72fd-431d-9e85-54211a549b92,High C 1000,1235960178691,2,20.0,17.0,40.0,aa14cd36-319b-4b97-a3fe-66df2b7e4420,Piece,2
2ca215ef-0532-4a73-a2dc-fbc9f8bebdb4,3d99d112-2e7f-43f7-aaf2-37e19b82827e,403ea510-fb07-48bc-a730-8f1f2391b3be,STING L,8964000101704,1,140.0,105.8,140.0,7b817808-9ae8-4d8f-9f89-3f3e11cfe183,Piece,1
f25ce63f-f0a3-4398-a445-4bb88b7cfe54,3d99d112-2e7f-43f7-aaf2-37e19b82827e,5a5154d9-6994-4dee-9011-efd865af1c8f,GOLD LEAF,1232097295550,5,30.0,25.0,150.0,ff8b0ab8-fd25-4bb6-aafb-a79e8e63a846,Piece,5
bdd7fd12-c4eb-408c-86cc-0aeed6323f9b,3d9c2c5d-710e-4890-b953-5b83e3f11760,e7bb27c1-bd26-4412-b66a-aa1baf0cb1fd,Elfy,1231473425567,1,30.0,12.0,30.0,9c05f1c3-40ab-43d3-bc49-c9c2d37a7f86,Piece,1
e5452b02-c51a-4b2e-ae4c-ed5a24a307f9,3d9c2c5d-710e-4890-b953-5b83e3f11760,8af4077d-37f1-441f-936d-9507cb56ca9d,candy,1232784048698,4,5.0,3.5,20.0,7534df49-d891-461a-8b69-7d03cb9ce755,Piece,4
07fd98d7-763b-443b-bab2-0b58140d22ef,40d54044-aa78-45b4-ac42-6029e3712498,3687b641-5149-4ee9-b4f3-51c6aab24882,Slanty Jalapeno,671866117593,2,50.0,46.25,100.0,d4ec5476-ce22-456a-af04-663cde66c7fb,Piece,2
a37dff38-5896-4abf-adc4-06adc47e420c,40d54044-aa78-45b4-ac42-6029e3712498,00d1562c-b414-4583-a7bf-82b121a047ec,popcorn salted,8242000152835,1,80.0,60.0,80.0,0b287bdc-602e-4b0a-922f-a4aff65f3fb6,Piece,1
9ee53476-55da-4114-8535-c2f50b31087f,40d54044-aa78-45b4-ac42-6029e3712498,07a0a801-1a80-4505-9e73-bf513e54c9f6,popcorn caramel,745240202042,1,150.0,100.0,150.0,dcc56dcd-a1a9-467c-82b2-3b01843b8b9a,Piece,1
6d54cd45-8aa1-4aa6-b3e9-859dd098edc8,40d54044-aa78-45b4-ac42-6029e3712498,3f5cee21-a933-407b-9a6a-6daf3ac36e75,Lays T BBQ,8964002346783,1,50.0,45.8,50.0,6cf35150-fa6e-4af5-9c23-b44badc0b7b6,Piece,1
41ec4ef9-ed2d-4249-afd2-13dc49d59acf,40d54044-aa78-45b4-ac42-6029e3712498,c75320df-735c-44fe-b32d-46b0170ef53a,Lays Masala,8964000090428,1,100.0,92.3,100.0,b77ba773-b9e7-4763-9761-47c66a223bd9,Piece,1
2b6579f2-9af7-4f69-a103-e0a3f50b8d94,40d54044-aa78-45b4-ac42-6029e3712498,382387eb-6272-4738-b2d5-3361fa6fc3ca,Potato Sticks,671866277501,1,50.0,46.25,50.0,bc63250f-fd30-4ca2-a788-3340c09f9c89,Piece,1
28b71604-3f9e-4845-952c-0f28891e1fdb,41013a0e-3ce3-4878-9bbb-d2eaafedb80a,10ebe327-96fb-4e2c-9292-ee7ccf3b8127,local fry,8964000695555,1,10.0,8.0,10.0,ca63db85-6796-4904-8894-101cfc6813be,Piece,1
bf52f29c-9d17-4c32-9a81-664c14586557,41013a0e-3ce3-4878-9bbb-d2eaafedb80a,36a30f2b-248a-4769-bc28-046500d0daf4,bar,1230421521603,3,10.0,5.0,30.0,9c505cbc-8e3d-4e6a-a8f2-96b2991c3bee,Piece,3
07d41567-c890-4ce6-bb2d-f9196286167c,41573d50-4b2d-4ceb-beab-ec877aa29354,64a0260c-b4ff-42bc-a28d-16f0668b16d6,lays masala,8964002345649,2,30.0,27.6,60.0,0ca93a56-dbb6-4176-a2cf-8ac8c48a6f5d,Piece,2
1c299d5d-3839-4cfc-a7cb-e8e453a17f5e,41573d50-4b2d-4ceb-beab-ec877aa29354,89840fa8-51f7-4d61-b25d-5a43e328f844,Kurkure RC,8964002347360,1,60.0,56.0,60.0,f72a4fe7-e8c4-4591-97a9-a33e2ce87b07,Piece,1
87d63dc4-6c27-4f45-a9d8-ba5372cf1c93,424c04f0-3355-4d9f-ba36-4c989877cb80,31d3915a-5b70-469e-9119-c51bcd27f50d,DOCTOR SET TOYS,1232822375922,1,550.0,300.0,550.0,688c41f0-2aaa-44e9-9f52-e486c56932bc,Piece,1
030504fc-7750-4acf-bad9-08959c15d04e,428dffde-6dd5-440b-82e6-4f38035f03eb,9d766c91-c234-49ff-a444-dc9979ba923f,BITE LAYER CAKE,6423116329966,2,60.0,43.3,120.0,b7e9abab-7698-4120-b644-393d3b35bfad,Piece,2
7105e061-80bd-44ff-a5e4-39c1fd434587,42c82569-e5d4-48b4-9c98-fe8a60a1c5a9,10ebe327-96fb-4e2c-9292-ee7ccf3b8127,local fry,8964000695555,5,10.0,8.0,50.0,ca63db85-6796-4904-8894-101cfc6813be,Piece,5
a071cde7-a99c-4633-ab1f-d8736b2b586e,432725d1-d56c-41f4-9fb2-ec9d542101ce,33819376-e267-418a-adf2-b6190c956759,DEW 1.5L,8964000101117,1,210.0,163.3,210.0,f669561e-4418-41a3-9cb7-31974a38d7c4,Piece,1
08b4e326-28ea-4aa2-8536-b501f7fe62dc,432725d1-d56c-41f4-9fb2-ec9d542101ce,296944b9-ea79-469c-8425-f11d6e4b7eed,CAPSTAN RED,1230364618200,20,12.5,12.1,250.0,e9169ce5-618b-4046-9957-a321013f7b75,box,1
02477e6b-18d3-4fc8-b901-bb6e1179c163,4370b781-b6d1-45c0-bd10-f783f8afeb05,5e38679d-6413-4f2c-8dea-c53d50116951,Bazooka,725765020536,1,100.0,58.33,100.0,54853cdb-84f4-4f9e-9880-ce52951e8721,Piece,1
e403bf7b-145e-4c74-a20f-33ed46af6c6f,45829d33-8b12-4011-b2d7-22813d61a06b,dcc48fee-0445-4775-bc38-58a5490e4628,Slanty Veg,671866117586,2,50.0,46.25,100.0,07708f75-4794-460f-9a64-a898355176c2,Piece,2
e8b97b28-33a0-4cfa-a8cc-595f942003b8,45829d33-8b12-4011-b2d7-22813d61a06b,2b8b66f9-ccbd-47b0-9153-dac56d965f8b,Nesfruta mango,8961008221922,2,70.0,47.1,140.0,e866781d-b538-47a4-ac7e-d51be072e273,Piece,2
fb27c0bc-8ef9-43c0-87c5-8459942515a5,45829d33-8b12-4011-b2d7-22813d61a06b,5a5154d9-6994-4dee-9011-efd865af1c8f,GOLD LEAF,1232097295550,2,30.0,25.0,60.0,ff8b0ab8-fd25-4bb6-aafb-a79e8e63a846,Piece,2
cef1de24-d494-4c97-a85b-2a6a0070e977,475f2c38-98e5-4cb4-900b-933a861ccee0,44900965-d077-449e-a18e-bb79c3af9c07,FANTA 1.5L,5449000052926,1,210.0,175.0,210.0,0035b914-bbf9-4938-b132-01d651859917,Piece,1
b5b04772-7866-4800-b38a-ca72ce0f1877,477c5c5d-eb5b-4d7d-9652-5d8037237a79,1765bf04-3aa3-4abb-a936-eb28dc6f7d5b,COLA NEXT 1.5ML,8964001179009,1,180.0,130.0,180.0,9462ed19-512b-42b4-be94-a82d33392244,Piece,1
809a4b8a-559f-41d2-a5eb-9bca97f30f98,477c5c5d-eb5b-4d7d-9652-5d8037237a79,10ebe327-96fb-4e2c-9292-ee7ccf3b8127,local fry,8964000695555,1,10.0,8.0,10.0,ca63db85-6796-4904-8894-101cfc6813be,Piece,1
94a837cd-3c6a-4618-8620-8295e591c3ac,4841adec-cc13-4cb1-a2a3-9a16608f57b3,826c0da6-b0aa-4c8a-a024-a17c10878f2f,milk pack,8961008022185,1,100.0,87.7,100.0,fab81662-9567-4d14-93ef-507465b7294c,Piece,1
965332d6-83be-4d09-b6c7-d098e7443810,4841adec-cc13-4cb1-a2a3-9a16608f57b3,4bcc9167-f8bb-4ba1-8eda-608d0c4d6d73,chips c,6446373780660,1,40.0,26.0,40.0,9c99360b-0f87-4015-9fdb-160b33976477,Piece,1
9b041940-b4f2-43bc-8e7c-a38300e813b6,490d2036-d950-45ec-9814-baeae27d703f,826c0da6-b0aa-4c8a-a024-a17c10878f2f,milk pack,8961008022185,1,100.0,87.7,100.0,fab81662-9567-4d14-93ef-507465b7294c,Piece,1
8ad8049c-db35-4995-b52f-274a5ba29eec,4a5f69d3-ca0a-4bc6-b1ec-d4facf8688b0,296944b9-ea79-469c-8425-f11d6e4b7eed,CAPSTAN RED,1230364618200,1,15.0,12.1,15.0,a1bc6a6f-ad8f-468b-afac-44ec8574811d,Piece,1
d52348a6-b45a-45d5-8337-2ee47061d818,4a5f69d3-ca0a-4bc6-b1ec-d4facf8688b0,8af4077d-37f1-441f-936d-9507cb56ca9d,candy,1232784048698,1,5.0,3.5,5.0,7534df49-d891-461a-8b69-7d03cb9ce755,Piece,1
ff292ccc-97ab-4923-97dd-7555005717ab,4e1c5014-1b78-492e-bc6e-933e27ecc3aa,65055e2d-b50b-4e06-8d0f-dbca779aa8db,BIG BOSS PERFUME,676979210537,1,700.0,170.0,700.0,ceacc058-e582-444d-9947-0547df106609,Piece,1
08affd47-3799-456d-9a96-e3526521d981,51153bc3-77c7-4b0b-ab53-bab99e424ff5,a3649557-f3b6-4a2d-80a9-9a5447a3ebb3,Lays Y&H,8964002345625,1,50.0,45.8,50.0,0330369f-7d98-41fd-9a17-6bd07de63b61,Piece,1
ca8c4658-6928-4b39-ac2b-8194e3dd9ad3,5373743b-0515-41f1-b799-7b499f7f4ba2,296944b9-ea79-469c-8425-f11d6e4b7eed,CAPSTAN RED,1230364618200,4,15.0,12.1,60.0,a1bc6a6f-ad8f-468b-afac-44ec8574811d,Piece,4
be8d503e-fc20-4a32-a0a2-87d04a9db9ba,538f3d40-d1b9-4d98-bfc2-472d061ffa7d,9863fa08-b141-4a19-959c-fc1dae64e577,pepsi 1.5L,012000800085,1,210.0,163.0,210.0,8e6db930-330d-46af-a62c-e673e3d938a7,Piece,1
487399ae-e42a-4a4c-89f5-3d01c74dc542,56a4dfa8-3efb-4a8d-8125-b4f7ad4c6431,44f948a7-dfee-400d-8118-6be56a359129,LAYS BBQ,8964002346677,1,100.0,93.18,100.0,9fb90044-760d-4926-bdc8-deca0e5e9880,Piece,1
b1cc6eeb-adf1-46fd-8b82-cfd321e6de12,56a4dfa8-3efb-4a8d-8125-b4f7ad4c6431,cf4ddc79-69f8-4b07-9756-99c625450f8d,Dew 500ML,8964000101094,1,130.0,91.66,130.0,b2834b37-c0ae-46a1-a403-d2aab65cab25,Piece,1
1a60fe2c-69a9-4965-aa35-bef1dfefe156,56a84fb6-8240-40b5-8364-7aa2b0513e0c,b2fa9a08-2130-4d3b-a1f9-f39f694cc18c,Surf Excel S/pack,8961014264760,1,10.0,9.1,10.0,f62c8014-7e26-49a7-9f35-a5eb92f1347c,Piece,1
a8a88e84-a518-43d0-b5ab-2e60d8b8354c,56e49023-9889-4047-b20a-ef61a12572e5,10ebe327-96fb-4e2c-9292-ee7ccf3b8127,local fry,8964000695555,2,10.0,8.0,20.0,ca63db85-6796-4904-8894-101cfc6813be,Piece,2
a4c09ee9-5d44-4667-b777-5479d354c633,570ced56-4c34-40db-88f2-98da57193006,08d613ea-4400-4b70-a0c4-5b7aa2cb0b66,coke 1 ltr,5449000054227,1,170.0,135.0,170.0,719afd03-f700-4a34-ad24-e310603521cc,Piece,1
938393fb-3836-45d2-827d-ffe0be3d2a17,570ced56-4c34-40db-88f2-98da57193006,c75320df-735c-44fe-b32d-46b0170ef53a,Lays Masala,8964000090428,1,100.0,92.3,100.0,b77ba773-b9e7-4763-9761-47c66a223bd9,Piece,1
73b44c6a-9dc7-4e54-94aa-8fba3de6fbc8,57e31b1f-8687-47cb-92fa-82dbb9873287,90ffa419-8bc9-4c39-81e1-cffb74841141,FIZUP,8964001179719,1,70.0,52.0,70.0,3f782984-279e-4f0c-9120-822961a7584c,Piece,1
f5b395b4-df36-43cf-939a-dfbe4fa20d8a,57f8ddba-37fd-4e7b-870c-c2791efd0d59,514d46ef-9706-43e2-98e7-dce570579f6c,Lays T BBQ,8964002346806,2,70.0,63.5,140.0,1a8b83aa-3bdd-4f01-9033-54e7e2048ccd,Piece,2
2307a3de-a564-4ba1-b98b-96303687fde1,58c79920-f9db-41d6-b105-1465e2e9ec91,89f084ac-a196-47fb-8e25-4e4bd3160c50,STING SMALL,8964000101551,2,100.0,73.0,200.0,24a9904c-bbbb-433e-b85c-bc70707d653c,Piece,2
40845463-614b-49cb-810c-cb17f1f15ca9,5b5c7b70-998e-4c39-b09e-e60830827a8f,9b8a64b3-0eff-49bd-a7e9-7ae1f4c6211f,Capstan White,89600078,2,15.0,12.5,30.0,2ee97f16-83f8-4fe8-8004-f20228fc010c,piece,2
99a988bc-5be0-4b85-a208-de31a8dc8b8c,5c0a9e70-4117-48a8-90a6-d6a4774275ab,403ea510-fb07-48bc-a730-8f1f2391b3be,STING L,8964000101704,1,140.0,105.8,140.0,7b817808-9ae8-4d8f-9f89-3f3e11cfe183,Piece,1
6a6e75ae-a973-4fe6-a9b6-c0e55c763790,5c0a9e70-4117-48a8-90a6-d6a4774275ab,6b21c075-c752-4bf7-a4c2-2a4c8441c546,sifarish khan,1232255618481,1,30.0,25.0,30.0,289e28e9-66d0-4026-9fd4-67bfa88cb04c,Piece,1
ae584665-d1ea-4044-8653-685a9b844f52,5c96802f-2b61-40ce-87fb-e07c99277a17,296944b9-ea79-469c-8425-f11d6e4b7eed,CAPSTAN RED,1230364618200,4,15.0,12.1,60.0,a1bc6a6f-ad8f-468b-afac-44ec8574811d,Piece,4
908b1406-3370-4dfa-8937-50c0a4af0f04,5c96802f-2b61-40ce-87fb-e07c99277a17,6b21c075-c752-4bf7-a4c2-2a4c8441c546,sifarish khan,1232255618481,1,30.0,25.0,30.0,289e28e9-66d0-4026-9fd4-67bfa88cb04c,Piece,1
45b33563-ed66-4583-a415-1554caa8a396,5dd739b9-4210-4473-9558-604c093264ed,296944b9-ea79-469c-8425-f11d6e4b7eed,CAPSTAN RED,1230364618200,20,12.5,12.1,250.0,e9169ce5-618b-4046-9957-a321013f7b75,box,1
337a65ae-a715-48ee-92c7-8b03dbf71ef9,5dd739b9-4210-4473-9558-604c093264ed,36a30f2b-248a-4769-bc28-046500d0daf4,bar,1230421521603,1,10.0,5.0,10.0,9c505cbc-8e3d-4e6a-a8f2-96b2991c3bee,Piece,1
e819ab3e-f321-4b60-b9c7-4e9f536b383b,5e9184d0-290f-46f1-acb5-e82a8d16e902,296944b9-ea79-469c-8425-f11d6e4b7eed,CAPSTAN RED,1230364618200,2,15.0,12.1,30.0,a1bc6a6f-ad8f-468b-afac-44ec8574811d,Piece,2
9d3716a9-94d9-4cb8-a1bd-81fbf716ca00,5efd4b3b-ed1a-4f54-bf79-cfb42653c577,90ffa419-8bc9-4c39-81e1-cffb74841141,FIZUP,8964001179719,1,70.0,52.0,70.0,3f782984-279e-4f0c-9120-822961a7584c,Piece,1
502c5caa-f1c6-4e79-a0ab-89e99a07b039,5efd4b3b-ed1a-4f54-bf79-cfb42653c577,477ef534-005d-42fb-9cdb-ae0e6e0e4624,Lays Masala,8964002345595,1,50.0,46.0,50.0,3294cf9e-a80d-4e5a-bb6f-3a8fd4122ffc,Piece,1
1bf1ebc1-e015-4406-9af1-5e835d2c3922,6022c389-1787-4888-88c7-357e29d82b8b,3c9df82b-a8e2-49c2-a773-46edf5859135,RAHAT  4,4985925672487,1,35.0,26.1,35.0,287627b8-4e98-49f3-9268-58f71cd70eb3,Piece,1
6c7e8208-fbb6-4e3e-840c-db7202625445,6022c389-1787-4888-88c7-357e29d82b8b,b21064d9-07ce-42e8-8bdf-a7c61df06adb,jet spoort,8721274610482,1,40.0,29.38,40.0,347ee8ca-b35c-456e-a2d3-8c9b2417b33e,Piece,1
f26e0582-0bf8-4cad-be8b-05e308915414,61be258c-3e24-4e08-b491-60820e7421e3,f844d6a6-b548-40f2-9e64-401dbf792669,COCOBLISS,6156294526758,1,20.0,8.75,20.0,cc0ab773-60ca-474e-9b24-a813f5b931c6,Piece,1
832d543b-f3fa-494d-b18c-1691dd10424f,61e3495b-6c00-48f9-be75-aebf4f5e465f,b21064d9-07ce-42e8-8bdf-a7c61df06adb,jet spoort,8721274610482,1,40.0,29.38,40.0,347ee8ca-b35c-456e-a2d3-8c9b2417b33e,Piece,1
4820c20f-5993-420e-bbd7-e337271eab59,61e3495b-6c00-48f9-be75-aebf4f5e465f,8af4077d-37f1-441f-936d-9507cb56ca9d,candy,1232784048698,4,5.0,3.5,20.0,7534df49-d891-461a-8b69-7d03cb9ce755,Piece,4
5cb607e2-60a8-43cd-85c4-df0181121cb0,63b25e2d-d26a-4285-8b3a-8a51219b0fe8,818213ce-570c-4e78-b826-d98252f683d7,mango fruit drink,8961008223698,1,400.0,265.0,400.0,9253a33b-0701-4a5c-a3ac-9f13df9c8193,Piece,1
b08d9175-0bfb-4ac9-809e-3d3494a13dbd,65b0e85c-054b-49cd-9ff3-57de0ee10df0,975cf5aa-4ec6-4b0f-bd0b-a79640860da8,CHOICE,9254120000254,1,40.0,22.5,40.0,45baadf7-3c4f-430c-b19c-ed8a6e8538df,Piece,1
edd6b9ae-dcef-4353-a48d-d1e0a3bfdd0b,65b0e85c-054b-49cd-9ff3-57de0ee10df0,296944b9-ea79-469c-8425-f11d6e4b7eed,CAPSTAN RED,1230364618200,2,15.0,12.1,30.0,a1bc6a6f-ad8f-468b-afac-44ec8574811d,Piece,2
252edf7b-2fb0-453a-aa9b-b3a522043c37,666ca511-c80c-4a48-9272-737d5d14a991,9863fa08-b141-4a19-959c-fc1dae64e577,pepsi 1.5L,012000800085,2,210.0,163.0,420.0,8e6db930-330d-46af-a62c-e673e3d938a7,Piece,2
2cc6cdbd-0b07-4269-aea9-3827187b71a1,687be771-d1de-43da-976d-cb6c5e33c35a,10ebe327-96fb-4e2c-9292-ee7ccf3b8127,local fry,8964000695555,1,10.0,8.0,10.0,ca63db85-6796-4904-8894-101cfc6813be,Piece,1
20c45b6b-9e44-453a-a8b1-14e319a306c4,696e48f6-3cda-47d2-a999-80d93b963c4e,11e1500f-9918-4f52-b396-536cdf61732a,Face Mask,1230577825976,3,10.0,5.0,30.0,edc7c94c-8476-4437-a511-ac26d89b1774,Piece,3
09d1585d-fb48-4cbd-a00f-d2565c904b2d,696e48f6-3cda-47d2-a999-80d93b963c4e,403ea510-fb07-48bc-a730-8f1f2391b3be,STING L,8964000101704,1,140.0,105.8,140.0,7b817808-9ae8-4d8f-9f89-3f3e11cfe183,Piece,1
9059f2eb-70ba-45ed-938a-2a9f0f98acd8,696e48f6-3cda-47d2-a999-80d93b963c4e,16362686-2492-41ca-8a06-b4a85dc639ac,PUIREFINE 1.5-Ltr,1230434764202,1,110.0,45.0,110.0,9230ea9d-4f0b-4d85-bbb3-4e890ef1891b,Piece,1
831910e0-843f-4249-90f8-b8fe87c37576,69943951-6463-4307-8535-1b016191b186,296944b9-ea79-469c-8425-f11d6e4b7eed,CAPSTAN RED,1230364618200,10,14.0,12.25,140.0,0ea2547b-ff52-4fd2-a713-c4c425c19caa,Half box,1
0139637a-a648-4fb4-b5e2-0ff796ca7d42,69943951-6463-4307-8535-1b016191b186,2505a9e6-32d6-425c-8c5d-d31507ce904d,lighter,1236376536280,1,40.0,21.0,40.0,4b1a6d94-51e0-4c20-8be3-f4e43962efbf,Piece,1
099da646-dbf1-44f1-8b16-16e374f40055,6b282dfa-9abb-493d-94ad-0a2e58f145d6,6482d25a-9808-4c92-b465-ee560059c9dd,super crisp,8964000585788,2,100.0,91.66,200.0,f3388e4e-6061-43a5-b9cb-a99dd2022276,Piece,2
dbc43c61-4e0f-4f1c-b5f7-a1413955a2cb,6b282dfa-9abb-493d-94ad-0a2e58f145d6,6383caa0-8600-406d-bd64-20c951e42edb,VERY BERRY,8961103066084,2,50.0,45.0,100.0,f7fba06d-67c7-439c-82df-d36448e6b5e0,Piece,2
5e0fb7f1-4e2a-4139-bf03-9b35b7310142,6b282dfa-9abb-493d-94ad-0a2e58f145d6,e433e9b7-af19-4259-880e-b957f60e9ace,Yums Sour,870572007444,2,10.0,9.0,20.0,0277bb75-afa1-4184-bb47-605280ed541e,Piece,2
d49086c0-aaf5-40f7-a9e7-0063734b5d24,6b282dfa-9abb-493d-94ad-0a2e58f145d6,e1afcdc7-c0a6-4f1f-84c2-581f3ba8bac7,CHILLIMILLI,8961103502971,1,50.0,45.1,50.0,2abb5018-a48d-4108-9e06-8d6a5293da2e,Piece,1
f76bf875-3c50-40e4-bd2a-7bdc9ffeabe0,6b282dfa-9abb-493d-94ad-0a2e58f145d6,b8106d87-eb2b-4a4c-bcd9-ebd7b40708e2,lays classic,8964000090596,2,20.0,18.0,40.0,1f70884a-93dd-4a74-954a-95cc02ac4bf6,Piece,2
c5e948ac-a292-4a7a-98a3-1cc872b3487a,6b282dfa-9abb-493d-94ad-0a2e58f145d6,8f272532-b008-4f8d-88b7-c1d98b8479b0,LAYS Y&H,8964002345670,2,30.0,27.0,60.0,66b973e5-9238-4e42-9914-21193d1f0b37,Piece,2
a88b4be6-b273-40c4-a324-d6be8ae3baa9,6b282dfa-9abb-493d-94ad-0a2e58f145d6,b258a220-1bd4-4220-9fab-fbcde9a7137c,snakers,671866117449,1,50.0,46.0,50.0,b4354e1e-d9f6-45a0-a1c1-3d69aa6c5c70,Piece,1
00e88d36-1300-475a-a9b2-47bed7c8a363,6b282dfa-9abb-493d-94ad-0a2e58f145d6,90ffa419-8bc9-4c39-81e1-cffb74841141,FIZUP,8964001179719,1,70.0,52.0,70.0,3f782984-279e-4f0c-9120-822961a7584c,Piece,1
cae18a2c-0d29-49e9-a21b-520db8b03b39,6b282dfa-9abb-493d-94ad-0a2e58f145d6,7fe3ad7f-9f94-4ad8-89a5-771214b5dd1a,Choco Lava,8964003591533,2,40.0,36.0,80.0,22aa23fe-3835-4613-9d85-4bb2a3ca6bb7,Piece,2
cbd90271-9954-4557-9c76-5a966c672cc8,6b282dfa-9abb-493d-94ad-0a2e58f145d6,84cd2bbe-ae4a-4e24-8f59-f397c4a08673,fruit bar,6260910103701,1,50.0,35.0,50.0,fbce8ec9-b273-4171-bfc1-106ac3cda061,Piece,1
602806d8-d4a4-475c-aab9-23c865e9e371,6b282dfa-9abb-493d-94ad-0a2e58f145d6,029a9f22-4932-419c-a897-ffe97b6ed059,sprite mint 500ml,5449000253736,1,120.0,90.0,120.0,b03babdb-9804-4c55-bfd7-ff9199515128,Piece,1
1200c184-228b-4ff1-8238-1aaafd16fca0,6b282dfa-9abb-493d-94ad-0a2e58f145d6,d258d862-8463-431b-ac56-5545e120c5ae,big lychee 500ml,1860074054601,1,120.0,54.1,120.0,486d58bf-cb59-4fac-9f01-5cf149100228,Piece,1
57d4b227-e99a-4f2c-9ed6-099d03f348c0,6b282dfa-9abb-493d-94ad-0a2e58f145d6,e4a686bb-19ba-4778-90a2-e323343d0808,chocolicious,8964002759583,2,30.0,27.0,60.0,641f8c3e-0e8f-48b9-afed-00059e46c752,Piece,2
c780691a-171d-422b-8fd1-ffc5c4b44a92,6b282dfa-9abb-493d-94ad-0a2e58f145d6,3f5cee21-a933-407b-9a6a-6daf3ac36e75,Lays T BBQ,8964002346783,2,50.0,45.8,100.0,6cf35150-fa6e-4af5-9c23-b44badc0b7b6,Piece,2
e9aae3a9-3922-4e5e-a260-e0ac75fc15ca,6b282dfa-9abb-493d-94ad-0a2e58f145d6,304ce1d5-e0dc-46d8-91d7-310e86b2d095,7up 300ml,8964000103289,1,90.0,65.0,90.0,bcee3595-62d4-4dab-8748-22b68cbb802b,Piece,1
860cbd0e-6f7b-47ed-a687-aea2594cc74f,6b282dfa-9abb-493d-94ad-0a2e58f145d6,a1fa266a-99df-489a-a7a9-af8ec6f7a484,Frissky choclate,8965310049533,1,200.0,167.0,200.0,f6ef44ad-0424-451a-9a85-eb88106ceef5,Piece,1
fae3b1b3-10d9-4bed-934a-178c5b712baa,6b282dfa-9abb-493d-94ad-0a2e58f145d6,b7a92d69-b3fb-40cb-aab5-24b611e93366,trident pineapple,070221013905,1,500.0,363.0,500.0,0cb4898c-2107-4a8f-8a0a-6bd144ab0470,Piece,1
4b4f7bc4-36f0-4c88-8f3f-4178eb4efd57,6b6ba24f-d441-4211-a5c3-0abe95bbee9d,11975fa1-f050-46e8-b0d5-83427794f425,lays classic,8964002345588,1,50.0,45.0,50.0,75c16be8-627b-4a4a-a730-fe3ef81b9530,Piece,1
309a4ffd-7844-4119-9500-3bbcae8183b5,6e2d8366-f743-47d5-bcb8-ecd867d71897,b2fa9a08-2130-4d3b-a1f9-f39f694cc18c,Surf Excel S/pack,8961014264760,3,10.0,9.1,30.0,f62c8014-7e26-49a7-9f35-a5eb92f1347c,Piece,3
e40d861f-0f91-4d41-9261-0c99aea09ce3,6e2d8366-f743-47d5-bcb8-ecd867d71897,113a9bd7-369e-49d6-8331-ce4d03854d07,BOUNCE,8961103503527,1,10.0,8.9,10.0,5e4f1b89-1d0b-4c9b-8a0f-d7298eafafdb,Piece,1
2071ba28-3c68-4512-97e3-23fbef8c60c9,6e2d8366-f743-47d5-bcb8-ecd867d71897,e433e9b7-af19-4259-880e-b957f60e9ace,Yums Sour,870572007444,1,10.0,9.0,10.0,0277bb75-afa1-4184-bb47-605280ed541e,Piece,1
976fcc7e-ef07-4a8a-862c-90caca38620e,6f58d6e0-33a8-460b-a609-37b0971a85bd,934bac57-0746-440b-abc8-5913b5919788,bistiks,8961003024016,1,40.0,37.36,40.0,2051ee12-91bc-4418-b071-0f15a5f5944b,Piece,1
9ba9626f-b547-4672-b780-9dee8735dc61,6f58d6e0-33a8-460b-a609-37b0971a85bd,b21064d9-07ce-42e8-8bdf-a7c61df06adb,jet spoort,8721274610482,1,40.0,29.38,40.0,347ee8ca-b35c-456e-a2d3-8c9b2417b33e,Piece,1
71c42c27-6ab7-445a-98b1-7ae1c7c706db,6fbf91ae-bd94-44a8-a4ba-4672cfd7911c,6b21c075-c752-4bf7-a4c2-2a4c8441c546,sifarish khan,1232255618481,2,30.0,25.0,60.0,289e28e9-66d0-4026-9fd4-67bfa88cb04c,Piece,2
d573c555-2a73-4d2b-925d-70046b94d361,7004413d-04e7-4053-a69c-d468a1e4d0f4,b670459a-e326-4490-bf85-c717dd6912df,SLICE APPLE,8964000103104,1,80.0,43.4,80.0,962458d9-d8a4-496e-b26d-a36295416f95,Piece,1
fcd1225b-75c6-4e80-a00c-f5e2061cde9a,7004413d-04e7-4053-a69c-d468a1e4d0f4,4c3ffc64-e3bc-4d68-8fca-21836ea0aaf3,Party pik,8964004770685,1,50.0,46.0,50.0,1195b168-cb01-445b-a1f0-59b52ce5c289,Piece,1
5a05478a-3c70-4f47-b5a0-aa68dbd21dd2,7004413d-04e7-4053-a69c-d468a1e4d0f4,10ebe327-96fb-4e2c-9292-ee7ccf3b8127,local fry,8964000695555,2,10.0,8.0,20.0,ca63db85-6796-4904-8894-101cfc6813be,Piece,2
0572e70a-9faf-4195-a22a-25cc6ed56f14,7004413d-04e7-4053-a69c-d468a1e4d0f4,296944b9-ea79-469c-8425-f11d6e4b7eed,CAPSTAN RED,1230364618200,1,15.0,12.1,15.0,a1bc6a6f-ad8f-468b-afac-44ec8574811d,Piece,1
3557198d-da3a-450c-88df-be89fd2bb780,7101741f-b4a9-4edd-9b85-21c46924574d,86ea46f0-ada7-4089-ba74-ca14d951b2fb,Osaka tape,1236323735131,1,60.0,25.0,60.0,1a5ddad4-afa8-43ff-9112-068db838e1d1,Piece,1
dc2a604e-691e-45a2-8810-a20e33df7796,714938a2-4025-4557-b78f-70981d574652,d70dcda7-7821-45d9-aba9-56ed471ad7e1,7up 1L ,8964000101377,1,170.0,130.0,170.0,cc2d260c-7b11-45fa-936e-18bf9be245f7,Piece,1
a14f6bd3-517f-418d-9e08-ff6685e07710,714938a2-4025-4557-b78f-70981d574652,296944b9-ea79-469c-8425-f11d6e4b7eed,CAPSTAN RED,1230364618200,1,15.0,12.1,15.0,a1bc6a6f-ad8f-468b-afac-44ec8574811d,Piece,1
383b0eb0-5bd3-4b5c-9026-f2f106a35d9f,714938a2-4025-4557-b78f-70981d574652,8af4077d-37f1-441f-936d-9507cb56ca9d,candy,1232784048698,1,5.0,3.5,5.0,7534df49-d891-461a-8b69-7d03cb9ce755,Piece,1
29ea1e54-f594-4ba0-ac5e-80c7c2d47d4e,748119b5-c716-4653-a76a-fcd2fa61ed6b,b2fa9a08-2130-4d3b-a1f9-f39f694cc18c,Surf Excel S/pack,8961014264760,2,10.0,9.1,20.0,f62c8014-7e26-49a7-9f35-a5eb92f1347c,Piece,2
1aed032d-7817-41a6-aa34-3116c8496dba,752edf6a-0f8f-4ea6-a683-75479ffa3616,f1e591af-a585-4774-9c26-1495aa4525cd,SHAH NIMCO MOTH,8964000598672,1,50.0,40.91,50.0,df236b95-89c1-476b-8f31-edcde1e9d5e7,Piece,1
747f4c55-cdb9-473b-9e10-228adc3094b6,752edf6a-0f8f-4ea6-a683-75479ffa3616,2f0bd3d2-d095-4cbd-a674-9d1776c2e43a,Zia Mix Nimco,8964002429936,1,50.0,41.6,50.0,60f345fa-41ee-4b27-8c95-1a22adb06e14,Piece,1
456828db-f391-4187-8055-fc80ecde485e,752edf6a-0f8f-4ea6-a683-75479ffa3616,a3649557-f3b6-4a2d-80a9-9a5447a3ebb3,Lays Y&H,8964002345625,2,50.0,45.8,100.0,0330369f-7d98-41fd-9a17-6bd07de63b61,Piece,2
769388c7-52d6-4602-86a7-87fdfa45debc,752edf6a-0f8f-4ea6-a683-75479ffa3616,6eabb009-fbe6-4018-9f9e-90fbe3bdbd63,SPRITE MINT 1.5ML,5449000216854,1,210.0,166.0,210.0,6e8a956c-f49c-4535-ad7c-0d0897468117,Piece,1
f918e83d-6982-4688-9af0-98354fdf5e07,752edf6a-0f8f-4ea6-a683-75479ffa3616,aeec8327-c8e3-49ae-830d-5ae48228671a,DISPOSIBLE GLASS,1233763958519,4,5.0,1.7,20.0,2bc021cb-4f78-4684-ad9e-7fae8bd628d9,Piece,4
c62ac744-3e6d-4ccc-8f19-6937ee167d05,7608d270-ed09-4c69-a525-d60f69d33a7b,986fdfa7-0d1f-4581-980f-f56c15fe2708,dayfresh chocolate,8964000816516,2,150.0,97.0,300.0,6922c626-8f0e-463a-aa49-2c8a8df73c59,Piece,2
dea52120-ed72-43e4-810d-851626a22057,7608d270-ed09-4c69-a525-d60f69d33a7b,10ebe327-96fb-4e2c-9292-ee7ccf3b8127,local fry,8964000695555,1,10.0,8.0,10.0,ca63db85-6796-4904-8894-101cfc6813be,Piece,1
e85c3879-f751-422a-86b7-435c8806082d,77639260-1ded-4ccb-b706-4466b86a10b1,296944b9-ea79-469c-8425-f11d6e4b7eed,CAPSTAN RED,1230364618200,3,15.0,12.1,45.0,a1bc6a6f-ad8f-468b-afac-44ec8574811d,Piece,3
1b717c2c-245a-436d-985d-e86445614f0e,77639260-1ded-4ccb-b706-4466b86a10b1,8af4077d-37f1-441f-936d-9507cb56ca9d,candy,1232784048698,1,5.0,3.5,5.0,7534df49-d891-461a-8b69-7d03cb9ce755,Piece,1
daf53874-d215-42d6-9a1c-8299da5d8b3c,7936e16e-a965-4451-b46e-e715a140da7b,403ea510-fb07-48bc-a730-8f1f2391b3be,STING L,8964000101704,1,140.0,105.8,140.0,7b817808-9ae8-4d8f-9f89-3f3e11cfe183,Piece,1
cf3f23e4-0d16-4a30-9990-42912d458716,7936e16e-a965-4451-b46e-e715a140da7b,1ee9644a-ed90-4704-b230-aad125a02878,paradise,8961102504556,1,50.0,41.67,50.0,80f8cdf3-36fb-4dd6-ab2a-b96485a358ef,Piece,1
9c45a9f4-2d0d-4ed6-a947-4e5c4fb3cbff,798eb4c6-a988-40e8-9f17-25bfcea011f1,fdc65df0-d2f4-421c-a8d7-36301c4db84f,Dew 300ml,8964000101254,1,90.0,65.0,90.0,bf1a41ca-b4d2-4417-9fd9-c774a60c54f3,Piece,1
47ed3775-f4f2-4fa4-98b6-2e80839ab01b,798eb4c6-a988-40e8-9f17-25bfcea011f1,ebecba97-a5dc-432a-a675-b07992cfe188,DUNHILL,89600047,1,40.0,29.0,40.0,e30bac80-5143-46a2-bc24-9d55462bcce4,Piece,1
3be18c26-7b56-4634-8b64-3c2e99eb5556,7a653dd2-02cd-443a-94a3-e23eb8731197,296944b9-ea79-469c-8425-f11d6e4b7eed,CAPSTAN RED,1230364618200,2,15.0,12.1,30.0,a1bc6a6f-ad8f-468b-afac-44ec8574811d,Piece,2
4aa1e2e2-c8da-437c-8d0e-da09cb229cc5,7af18839-3de5-49ed-b7cf-12cf55cb8f22,74cf22e5-d68b-4f83-91f2-ef52b08ca928,Dove shampoo S/pack,8961014260144,2,10.0,4.0,20.0,2f07a29e-6d61-4dbc-9aaa-418866f173d5,Piece,2
84157e94-1d36-4997-9d14-a3910b5fb6e8,7b5a272e-f562-4d4c-b717-36a038c10a69,8f272532-b008-4f8d-88b7-c1d98b8479b0,LAYS Y&H,8964002345670,1,30.0,27.0,30.0,66b973e5-9238-4e42-9914-21193d1f0b37,Piece,1
c90d3fb5-e8f9-4571-a4b0-1c8fff502fe1,7b5a272e-f562-4d4c-b717-36a038c10a69,296944b9-ea79-469c-8425-f11d6e4b7eed,CAPSTAN RED,1230364618200,10,14.0,12.25,140.0,0ea2547b-ff52-4fd2-a713-c4c425c19caa,Half box,1
eb040434-3971-4fe8-a16c-38e88313fe6a,7d224d81-2873-4382-aa59-83ce20d7c304,93379316-dccb-444f-9d95-131228d6cf0f,Cheetos,8964002346707,1,50.0,31.0,50.0,8405e14b-806f-477f-9f05-dc9572eb9b3d,Piece,1
6e9501b9-5c67-41d7-b470-5eac6860bd9d,7d224d81-2873-4382-aa59-83ce20d7c304,975cf5aa-4ec6-4b0f-bd0b-a79640860da8,CHOICE,9254120000254,1,40.0,22.5,40.0,45baadf7-3c4f-430c-b19c-ed8a6e8538df,Piece,1
256f44f5-26e8-4a36-93cb-38a311760bc3,7d889b5b-b6ff-49b3-abb2-ff16cb6ad890,dabede9c-eb98-47b3-848d-77e6850a56e1,7UP 1.5L,0012000800337,1,210.0,163.0,210.0,f7ce623b-7879-474d-9773-f703bf0ae037,Piece,1
4d5781e9-1b6a-4321-b1f5-35390b81edd5,7d889b5b-b6ff-49b3-abb2-ff16cb6ad890,aeec8327-c8e3-49ae-830d-5ae48228671a,DISPOSIBLE GLASS,1233763958519,4,5.0,1.7,20.0,2bc021cb-4f78-4684-ad9e-7fae8bd628d9,Piece,4
0314a59e-6b51-4663-b972-918d5b52ade5,7f5a6e2b-4058-4e1e-8ad8-87e20736f67f,18916bb3-c4ef-4ac2-b07a-3665a93c8f23,LIFEBUOY,8961014266016,2,10.0,9.38,20.0,9fe045e9-9c6c-4b82-aca7-1fe5a7a76f64,Piece,2
e9d957e1-f008-4604-81cc-daafc47490b8,7fe4ea7c-453e-4475-8799-2eb1c157f71f,5a5154d9-6994-4dee-9011-efd865af1c8f,GOLD LEAF,1232097295550,1,30.0,25.0,30.0,ff8b0ab8-fd25-4bb6-aafb-a79e8e63a846,Piece,1
7cf0820d-72bd-4487-b59d-dbb079e3b69b,809c1766-feed-4de2-ae93-3125aacc4b72,b21064d9-07ce-42e8-8bdf-a7c61df06adb,jet spoort,8721274610482,5,40.0,29.38,200.0,347ee8ca-b35c-456e-a2d3-8c9b2417b33e,Piece,5
0f597f71-76fc-4717-b11e-d77d9f1604df,832e62d2-67b4-49cc-812b-e2ef5f606c95,c29592e5-7d33-4be2-b0db-e2260100c5d2,Dare Next,8964001179788,1,80.0,50.83,80.0,f4fd6bb6-5b75-488b-9300-7a5e9b6f95b8,Piece,1
89a0cad9-d26a-4c8e-b481-9eccea7800dc,84a19902-d663-46b7-bd28-9ad78d20ce7c,8cd8179b-4989-40f8-8fb8-2f74faf32ddc,RING POPS,2542753927091,1,60.0,41.66,60.0,56ebd917-e542-4139-987a-4e965aff135a,Piece,1
611f2a87-e0c7-4d7c-8a97-237ce164974f,84a19902-d663-46b7-bd28-9ad78d20ce7c,d24bbc5f-3fd1-410d-9a57-74e81ed86362,Zia Peanut,8964003813390,1,50.0,41.6,50.0,cbb97db4-8292-477b-a912-3174dca1594b,Piece,1
383ab5fa-fb46-437b-bad7-cb53c16e8204,84a19902-d663-46b7-bd28-9ad78d20ce7c,c394cc41-51cb-49e9-ac0c-65d58bafba88,tops lychee,8964004433115,1,140.0,92.0,140.0,449dfcea-6750-4c24-a42e-9eb08a4f6a25,Piece,1
775a2b02-8d71-406b-a8c5-7584ee1bac68,84a19902-d663-46b7-bd28-9ad78d20ce7c,b21064d9-07ce-42e8-8bdf-a7c61df06adb,jet spoort,8721274610482,1,40.0,29.38,40.0,347ee8ca-b35c-456e-a2d3-8c9b2417b33e,Piece,1
7522b23a-e8c5-41c1-97d8-2866b2d9c5ff,84a19902-d663-46b7-bd28-9ad78d20ce7c,8af4077d-37f1-441f-936d-9507cb56ca9d,candy,1232784048698,2,5.0,3.5,10.0,7534df49-d891-461a-8b69-7d03cb9ce755,Piece,2
26dbf7ef-bb4c-4ce1-a70a-f3892f289130,854b530d-dd2a-4f42-9150-d00a449b3695,2b8b66f9-ccbd-47b0-9153-dac56d965f8b,Nesfruta mango,8961008221922,1,70.0,47.1,70.0,e866781d-b538-47a4-ac7e-d51be072e273,Piece,1
eb818779-ed0a-468b-9c73-43429adc02ce,854b530d-dd2a-4f42-9150-d00a449b3695,8f272532-b008-4f8d-88b7-c1d98b8479b0,LAYS Y&H,8964002345670,1,30.0,27.0,30.0,66b973e5-9238-4e42-9914-21193d1f0b37,Piece,1
83881d05-ec87-4a73-b527-bdb78b284a88,864e4316-84a1-466a-a5c3-fb935bd3aeb5,3c9df82b-a8e2-49c2-a773-46edf5859135,RAHAT  4,4985925672487,2,35.0,26.1,70.0,287627b8-4e98-49f3-9268-58f71cd70eb3,Piece,2
6f28fcc3-419e-4c51-9812-a8541a9c0b80,864e4316-84a1-466a-a5c3-fb935bd3aeb5,685beee5-7d49-44b4-bc94-5de5f8bb99a6,COKE 350ML,42117131,1,90.0,67.0,90.0,071aa6c8-0343-4f9f-bf93-9ac7ac35a72d,Piece,1
469b9f60-a7ba-43e1-836d-3ee9ed5c30ed,864e4316-84a1-466a-a5c3-fb935bd3aeb5,3ab410a2-c572-4e62-9150-30596e155606,Sooper Soft Bakes,8964004771002,1,40.0,36.0,40.0,968c42f8-6f12-4100-8cd9-a8c15b5d2e0c,Piece,1
bbd4ba75-aae9-4214-bffc-b2023cfa8887,864e4316-84a1-466a-a5c3-fb935bd3aeb5,da1ef922-fc6a-4884-90cb-5fd4a4297ac7,Sooper classic,8964004771026,1,40.0,36.0,40.0,5c66b750-e588-4844-bc83-b8f9e11a155c,Piece,1
7a16fbbb-5116-48c8-ae88-2027cc8fc7bc,864e4316-84a1-466a-a5c3-fb935bd3aeb5,0decd090-8dd8-4a88-827f-0cbc8bd528a2,Chocolate Chip,8961102882845,1,30.0,27.0,30.0,48d1ab0c-d823-42d1-a672-95441d4c3598,Piece,1
2b585219-70d0-402c-b527-b5872b5e4a56,8785d281-4093-4c0b-bd21-0f91e2fb3f25,8af4077d-37f1-441f-936d-9507cb56ca9d,candy,1232784048698,4,5.0,3.5,20.0,7534df49-d891-461a-8b69-7d03cb9ce755,Piece,4
d16e0581-391d-4ddb-9768-d527954e9aa6,8af6929b-0b52-4a5e-8161-acc862931710,b8a09231-1bf3-4dc3-b3d6-92a1fcd5f3b8,bigg lychee,1860074054618,1,200.0,155.0,200.0,c4bf8736-e202-4b78-b05c-00f5bfa32213,Piece,1
3a7fb9ce-b3e6-4b3c-a14b-5c114f955b45,8af6929b-0b52-4a5e-8161-acc862931710,2c73a736-486c-4dbf-8528-fe9ce200d4e8,COCA COLA 1.5L,5449000051981,1,210.0,164.0,210.0,3970e731-82d1-42c7-95be-861d4545f819,Piece,1
828091d4-753b-49cb-9f33-52f80cc2ed4b,8af6929b-0b52-4a5e-8161-acc862931710,aeec8327-c8e3-49ae-830d-5ae48228671a,DISPOSIBLE GLASS,1233763958519,11,5.0,1.7,55.0,2bc021cb-4f78-4684-ad9e-7fae8bd628d9,Piece,11
a865bac3-013c-44cc-8e06-8878cc3e3737,8af6929b-0b52-4a5e-8161-acc862931710,64a0260c-b4ff-42bc-a28d-16f0668b16d6,lays masala,8964002345649,1,30.0,27.6,30.0,0ca93a56-dbb6-4176-a2cf-8ac8c48a6f5d,Piece,1
64f4d7fc-c95f-4851-ba29-2ff379e162bf,8af6929b-0b52-4a5e-8161-acc862931710,8af4077d-37f1-441f-936d-9507cb56ca9d,candy,1232784048698,1,5.0,3.5,5.0,7534df49-d891-461a-8b69-7d03cb9ce755,Piece,1
8c439dd8-af74-4234-9299-8b4a8116f22f,8c8260b7-e9b9-43c6-9466-02b94e3945d2,403ea510-fb07-48bc-a730-8f1f2391b3be,STING L,8964000101704,1,140.0,105.8,140.0,7b817808-9ae8-4d8f-9f89-3f3e11cfe183,Piece,1
d5c9d1dd-a3ed-43e9-af8a-7df41aa162ff,8c8260b7-e9b9-43c6-9466-02b94e3945d2,296944b9-ea79-469c-8425-f11d6e4b7eed,CAPSTAN RED,1230364618200,2,15.0,12.1,30.0,a1bc6a6f-ad8f-468b-afac-44ec8574811d,Piece,2
d0ca959e-bf54-42a9-bcbe-b9ed106019a3,8e762205-8a66-4b29-bffb-fe7a5da60c70,6b21c075-c752-4bf7-a4c2-2a4c8441c546,sifarish khan,1232255618481,1,30.0,25.0,30.0,289e28e9-66d0-4026-9fd4-67bfa88cb04c,Piece,1
884b2c27-f561-4efa-a6ed-1901d377575a,8f3caf21-7b8d-4d42-8f77-84d39f756428,a3649557-f3b6-4a2d-80a9-9a5447a3ebb3,Lays Y&H,8964002345625,1,50.0,45.8,50.0,0330369f-7d98-41fd-9a17-6bd07de63b61,Piece,1
d0f8b504-1300-49a1-be1a-ed7e4011ba19,90cae6be-3ee8-47e7-ac53-96152b283252,8c7f6d6a-e322-4288-a670-4414a8a98916,MIRINDA 345ML,8964000103319,1,90.0,65.0,90.0,b74ab95f-e6b2-4273-aabd-fb4a21df03a1,Piece,1
31e07f6f-fa83-426d-b30c-a9e0a225f3fb,90cae6be-3ee8-47e7-ac53-96152b283252,304ce1d5-e0dc-46d8-91d7-310e86b2d095,7up 300ml,8964000103289,1,90.0,65.0,90.0,bcee3595-62d4-4dab-8748-22b68cbb802b,Piece,1
2d165058-8fae-4d5a-bc6f-5d83186df864,91051597-5c96-40ce-bc76-a9a16263c4b6,fdc65df0-d2f4-421c-a8d7-36301c4db84f,Dew 300ml,8964000101254,1,90.0,65.0,90.0,bf1a41ca-b4d2-4417-9fd9-c774a60c54f3,Piece,1
1351a02d-9578-4d64-8f42-3b5f69a81570,91051597-5c96-40ce-bc76-a9a16263c4b6,8af4077d-37f1-441f-936d-9507cb56ca9d,candy,1232784048698,2,5.0,3.5,10.0,7534df49-d891-461a-8b69-7d03cb9ce755,Piece,2
13e22edd-a1c9-451c-9846-0cc7d23ff690,93070199-a5f4-4b24-bd56-595d17eeb957,91ffc46b-44fc-4d7b-823e-bc162c9cf24f,bigg apple,1860071012147,1,80.0,54.0,80.0,baa1a505-ea2c-44e0-8a28-0195bd62bbb6,Piece,1
c4adabf8-556c-49ff-8157-4437204f604d,949372ce-6b3a-42da-b0e4-6314c5829b89,d879b160-0310-4645-8f06-632ab510225b,SMILE C,6261149070857,1,150.0,47.0,150.0,8432322c-d31e-44cd-9dd6-08d1617d88a2,Piece,1
39dec9d3-9fb9-4b14-be03-4f73e8673e0b,9578264d-530f-4521-9b45-77d2fae0f3b8,5a5154d9-6994-4dee-9011-efd865af1c8f,GOLD LEAF,1232097295550,40,25.0,24.5,1000.0,38175889-2f66-461f-8e62-69907628ca63,Box,2
fcf89899-d7e0-4feb-b781-79d2b82f123c,9578264d-530f-4521-9b45-77d2fae0f3b8,2bf2df12-6473-4a74-8c33-72bf83294b97,dayfresh Banana,8964000816622,2,150.0,97.5,300.0,92815730-aa51-4d4d-8875-84e6f8a7260e,Piece,2
5a9a1c80-3c62-4b5f-91c3-a83fbbe984cc,9578264d-530f-4521-9b45-77d2fae0f3b8,986fdfa7-0d1f-4581-980f-f56c15fe2708,dayfresh chocolate,8964000816516,2,150.0,97.0,300.0,6922c626-8f0e-463a-aa49-2c8a8df73c59,Piece,2
fd718c1b-0938-45e8-a8a3-5b1c8a87a3aa,9578264d-530f-4521-9b45-77d2fae0f3b8,f9fcff19-aa41-40ab-918f-acc6a74adfbe,envelop card,1236889351851,1,50.0,11.0,50.0,cb9fa7e3-994c-4528-a2b8-1dd5b42f2a10,Piece,1
54c3e347-5fa3-4772-9dcc-8b457080aa72,965b2480-f0db-41e7-872d-bd4ef6cd52d4,ebecba97-a5dc-432a-a675-b07992cfe188,DUNHILL,89600047,1,40.0,29.0,40.0,e30bac80-5143-46a2-bc24-9d55462bcce4,Piece,1
2de5eb9b-0b1e-40ea-a32d-d5e31bcdee24,97805144-3eca-4ac5-8946-8c19ae414dc2,10ebe327-96fb-4e2c-9292-ee7ccf3b8127,local fry,8964000695555,2,10.0,8.0,20.0,ca63db85-6796-4904-8894-101cfc6813be,Piece,2
806ae4ce-e537-4033-a2de-022cae013ded,994b2e79-a0ca-4605-ac8b-fc72e0eae1de,2bf2df12-6473-4a74-8c33-72bf83294b97,dayfresh Banana,8964000816622,2,150.0,97.5,300.0,92815730-aa51-4d4d-8875-84e6f8a7260e,Piece,2
d81ca601-b2bd-4675-afdc-3bfb861127bd,99eeb67b-9091-4535-8e55-728269069c83,5a5154d9-6994-4dee-9011-efd865af1c8f,GOLD LEAF,1232097295550,1,30.0,25.0,30.0,ff8b0ab8-fd25-4bb6-aafb-a79e8e63a846,Piece,1
ef044f2f-904b-49a3-9637-5f2081a4a26d,99eeb67b-9091-4535-8e55-728269069c83,b21064d9-07ce-42e8-8bdf-a7c61df06adb,jet spoort,8721274610482,1,40.0,29.38,40.0,347ee8ca-b35c-456e-a2d3-8c9b2417b33e,Piece,1
010453e0-f43f-46af-8de4-7b65ef72cc7e,9ab506ee-6521-4195-98b6-3adbdca5c4d5,fd5e9b8c-d662-4759-aa2d-52ffc324740e,Kurkure CC,8964002347353,1,40.0,36.0,40.0,3f7ce760-8133-42c5-83ec-4f380f2626ff,Piece,1
35d720e2-bafb-473e-af52-a319f74914de,9ab506ee-6521-4195-98b6-3adbdca5c4d5,8d461728-be1b-440c-86ee-f7a31b9a6d27,Chocolatto,870572008007,1,10.0,9.31,10.0,08a6ddec-263a-4d1b-9f75-5a39630e6b76,Piece,1
0f2c27c7-965a-46dd-b793-1800f5e0a6d6,9b982788-01f4-480e-bee5-de9fc189a1d7,8af4077d-37f1-441f-936d-9507cb56ca9d,candy,1232784048698,4,5.0,3.5,20.0,7534df49-d891-461a-8b69-7d03cb9ce755,Piece,4
80191d33-4234-4815-83a8-ea01ca7aa2c7,9e03a473-2f13-4e88-a65a-ec222fcce97f,c29dd8dc-32c9-4d09-8dbb-5ee9dd61868b,AQUA DIRE 1.5 Ltr,5901234021753,1,110.0,40.0,110.0,049066b6-d4ed-4ed7-8fc6-a3dde75baa95,Piece,1
7f091e05-477e-425e-b6a7-69d4fb4641ca,9f5cb307-3978-4ba7-9a42-09c3d491a471,97faec5a-810c-44b2-9e7c-ae34e13526aa,MACHS BBQ,8966000039643,1,80.0,72.0,80.0,34d8e33b-4aed-42bf-a555-1962d161b1ff,Piece,1
751808d6-7181-4466-a71b-c347d8e747b0,9f6c9c35-589c-4f5c-b7d3-1bbdabe97f06,e5fb358c-53bd-40df-83e4-0eb877f39b25,Mi Amor,8961102505522,1,40.0,18.0,40.0,64fb42f5-6524-4de3-a3d5-b4f1e9eef544,Piece,1
8036f629-4ac5-4057-b9a0-7afe53017f09,9f6c9c35-589c-4f5c-b7d3-1bbdabe97f06,8845956e-b9eb-4935-a785-b670f21f8023,Divine,8961103503640,1,40.0,36.0,40.0,16c3c46e-3594-4d9d-a1d2-9e9c94245102,Piece,1
e4051e01-b5a1-4537-ace4-713730a7c6a9,9f6c9c35-589c-4f5c-b7d3-1bbdabe97f06,8af4077d-37f1-441f-936d-9507cb56ca9d,candy,1232784048698,8,5.0,3.5,40.0,7534df49-d891-461a-8b69-7d03cb9ce755,Piece,8
33883a1d-ff95-43f9-bbe2-66a767b0eeb2,9f6c9c35-589c-4f5c-b7d3-1bbdabe97f06,b670459a-e326-4490-bf85-c717dd6912df,SLICE APPLE,8964000103104,1,80.0,43.4,80.0,962458d9-d8a4-496e-b26d-a36295416f95,Piece,1
cc7fe20f-61ed-4638-a0d0-5915616bd1af,a27ca469-89c9-41e2-a31f-cdecb2896698,403ea510-fb07-48bc-a730-8f1f2391b3be,STING L,8964000101704,3,140.0,105.8,420.0,7b817808-9ae8-4d8f-9f89-3f3e11cfe183,Piece,3
eb81cda2-0d16-477a-91d2-27d5fb1f3d07,a27ca469-89c9-41e2-a31f-cdecb2896698,66a64cc9-3d36-4ec9-94c4-fd0e9a56f32c,Lays Masala,8964000090602,7,20.0,18.0,140.0,c40492ef-d853-48e0-9c39-df0966445872,Piece,7
e629299f-2bd5-4a7e-9e8a-b38b27125ca0,a294d315-6909-460b-a74b-0342e8acd897,296944b9-ea79-469c-8425-f11d6e4b7eed,CAPSTAN RED,1230364618200,7,15.0,12.1,105.0,a1bc6a6f-ad8f-468b-afac-44ec8574811d,Piece,7
07627d6f-c4a2-4cc8-84f4-9ff4e1416177,a294d315-6909-460b-a74b-0342e8acd897,8af4077d-37f1-441f-936d-9507cb56ca9d,candy,1232784048698,1,5.0,3.5,5.0,7534df49-d891-461a-8b69-7d03cb9ce755,Piece,1
4bcea4df-f2a0-4dce-99db-f3e16a7608d3,a3164f36-d765-4b72-8f7b-f0d1d12812fc,8af4077d-37f1-441f-936d-9507cb56ca9d,candy,1232784048698,3,5.0,3.5,15.0,7534df49-d891-461a-8b69-7d03cb9ce755,Piece,3
01e8c976-a086-4589-965c-82ae48332bbf,a36badc4-6824-4422-ad92-99d035c344d0,1c91b62f-76cc-43d7-ab13-5277ec733050,FV mangos,8961008212883,1,450.0,407.75,450.0,bf253513-d4f7-44dd-b5dd-5f56f80a4d10,Piece,1
3576b866-53d5-45db-a7ce-a11b9a7caa81,a7123a59-519b-46bb-9270-984dd9acefa4,ebecba97-a5dc-432a-a675-b07992cfe188,DUNHILL,89600047,1,40.0,29.0,40.0,e30bac80-5143-46a2-bc24-9d55462bcce4,Piece,1
80aaead3-c7b4-420f-8184-3235546c57e0,a7123a59-519b-46bb-9270-984dd9acefa4,296944b9-ea79-469c-8425-f11d6e4b7eed,CAPSTAN RED,1230364618200,4,15.0,12.1,60.0,a1bc6a6f-ad8f-468b-afac-44ec8574811d,Piece,4
d0e66df4-6d4e-4a95-87a6-2fcf0a70fcd1,a887d6d2-c6cd-4954-acf1-8fd5917d86ec,bdfbec09-02b6-43e1-834e-c6f25f2250da,egg,1239923458738,2,22.5,20.0,45.0,1a65cdb6-05dd-4c13-8555-642c6262bc4e,Piece,2
12d13fed-ee69-4445-b581-47de8ba777a8,a8d98ce7-274a-494a-879e-57ab072b27a4,b21064d9-07ce-42e8-8bdf-a7c61df06adb,jet spoort,8721274610482,1,40.0,29.38,40.0,347ee8ca-b35c-456e-a2d3-8c9b2417b33e,Piece,1
14a9d40d-0234-4e95-a3a4-70e485617e21,a8e3c257-6fce-497f-a27c-68ad505d57f0,3f5cee21-a933-407b-9a6a-6daf3ac36e75,Lays T BBQ,8964002346783,1,50.0,45.8,50.0,6cf35150-fa6e-4af5-9c23-b44badc0b7b6,Piece,1
7a00b250-94be-45d0-b247-8d92191c6cbc,a8e3c257-6fce-497f-a27c-68ad505d57f0,8f421553-10c3-4fa2-9e4d-51f5bbc06cbc,KURKURAY TM,8964002347278,1,40.0,36.9,40.0,74737246-4041-42e1-b1a9-1a501d24fe22,Piece,1
97f749df-af27-4e2c-bf41-0132ec393456,a8e3c257-6fce-497f-a27c-68ad505d57f0,8af4077d-37f1-441f-936d-9507cb56ca9d,candy,1232784048698,2,5.0,3.5,10.0,7534df49-d891-461a-8b69-7d03cb9ce755,Piece,2
75bcba0d-7833-4a51-a346-008c58b60c3e,af32e741-81b3-4426-89ca-18a56e3be2a2,6c6ccff1-14e0-4b77-884d-ac35c4441fbd,MOO,8961014017595,2,50.0,44.08,100.0,486c4a3e-978a-4702-95e2-9d661806f528,Piece,2
0ece2edc-a0ed-4ee9-a078-3b150a8e91a9,af32e741-81b3-4426-89ca-18a56e3be2a2,10ebe327-96fb-4e2c-9292-ee7ccf3b8127,local fry,8964000695555,2,10.0,8.0,20.0,ca63db85-6796-4904-8894-101cfc6813be,Piece,2
aaf5748e-e240-4373-b1ec-507f3ae82f80,af915cc7-fc9d-48d3-a3a0-e70e8fbb775b,296944b9-ea79-469c-8425-f11d6e4b7eed,CAPSTAN RED,1230364618200,3,15.0,12.1,45.0,a1bc6a6f-ad8f-468b-afac-44ec8574811d,Piece,3
52772553-0ad5-4f58-8913-1696de24f821,af915cc7-fc9d-48d3-a3a0-e70e8fbb775b,8af4077d-37f1-441f-936d-9507cb56ca9d,candy,1232784048698,1,5.0,3.5,5.0,7534df49-d891-461a-8b69-7d03cb9ce755,Piece,1
048de12a-6842-49c3-ac6d-6b7d98beba1e,b0228808-cf6e-4305-bbf8-296ddaeba56e,8f272532-b008-4f8d-88b7-c1d98b8479b0,LAYS Y&H,8964002345670,1,30.0,27.0,30.0,66b973e5-9238-4e42-9914-21193d1f0b37,Piece,1
f2dfd694-abd4-4346-b39e-e2c71bdb9754,b0228808-cf6e-4305-bbf8-296ddaeba56e,10ebe327-96fb-4e2c-9292-ee7ccf3b8127,local fry,8964000695555,1,10.0,8.0,10.0,ca63db85-6796-4904-8894-101cfc6813be,Piece,1
bd9a441d-85ec-403c-9b72-9183d82608be,b0b282b8-1816-4549-b123-62b1c632e4cf,10ebe327-96fb-4e2c-9292-ee7ccf3b8127,local fry,8964000695555,1,10.0,8.0,10.0,ca63db85-6796-4904-8894-101cfc6813be,Piece,1
0233fc1c-c626-420b-bbd0-2cb9c46c8ab1,b2f6c81a-b53c-46df-a80d-5437e8c8d170,d8f89ad3-02ac-4798-bd1b-2d1d17aa2b54,kite match stick,745178816045,10,5.0,3.0,50.0,052b3a03-75fd-4be6-97f3-c90634e0f3df,Piece,10
a9dbf2f1-5949-4e6c-bcad-050a65bbebd5,b2f6c81a-b53c-46df-a80d-5437e8c8d170,8af4077d-37f1-441f-936d-9507cb56ca9d,candy,1232784048698,4,5.0,3.5,20.0,7534df49-d891-461a-8b69-7d03cb9ce755,Piece,4
0c00a8ee-dbf7-424a-98f0-c5389713ea1a,b3d2a93e-49c9-43af-883c-46550eabdf53,975cf5aa-4ec6-4b0f-bd0b-a79640860da8,CHOICE,9254120000254,1,40.0,22.5,40.0,45baadf7-3c4f-430c-b19c-ed8a6e8538df,Piece,1
1977ec9f-db57-4b27-a774-35bbf2d08530,b3d2a93e-49c9-43af-883c-46550eabdf53,296944b9-ea79-469c-8425-f11d6e4b7eed,CAPSTAN RED,1230364618200,1,15.0,12.1,15.0,a1bc6a6f-ad8f-468b-afac-44ec8574811d,Piece,1
5492ca77-f5ca-4d95-b4fd-0d10015a186d,b3d2a93e-49c9-43af-883c-46550eabdf53,8af4077d-37f1-441f-936d-9507cb56ca9d,candy,1232784048698,1,5.0,3.5,5.0,7534df49-d891-461a-8b69-7d03cb9ce755,Piece,1
f6cd3a83-3f2a-44d7-901b-91674a5a8c50,b4a3771a-4182-46ad-bc00-79e4da72c132,974851e3-6a77-4a75-b263-4666098c4ae5,Lays Masala,8964002346912,2,70.0,63.75,140.0,177832b6-40a2-4948-af00-6754a30a0f67,Piece,2
98b3e749-d214-4da7-ad16-0a3a01f64a1b,b5f66c0f-ecc9-425c-bee0-508bc702b02f,e101e5a8-3410-4e60-af94-bbe948876ffd,CANDY ORIGINAL,8961003679759,1,50.0,44.5,50.0,1391b547-210a-4a66-a3ca-93d482b74abf,Piece,1
edb49c7d-bc9f-477d-8562-875e1a04e504,b5f66c0f-ecc9-425c-bee0-508bc702b02f,19578251-b5ef-41c5-9a55-a423c48b969e,original SANDWICH,8964004770531,1,50.0,45.0,50.0,778487c4-aa3f-417e-8c89-e4eb572ed9af,Piece,1
9dfafd84-a20e-4aee-b872-86d618e54272,b5f66c0f-ecc9-425c-bee0-508bc702b02f,5a5154d9-6994-4dee-9011-efd865af1c8f,GOLD LEAF,1232097295550,2,30.0,25.0,60.0,ff8b0ab8-fd25-4bb6-aafb-a79e8e63a846,Piece,2
e363b3e9-ca1f-45d1-b7e1-748197029d8f,b6310c14-0b83-4453-809e-d38f145b6689,5e38679d-6413-4f2c-8dea-c53d50116951,Bazooka,725765020536,1,100.0,58.33,100.0,54853cdb-84f4-4f9e-9880-ce52951e8721,Piece,1
2957167a-9e59-499a-a90c-007632f8b3d5,b8318ac1-3b6b-4c37-b293-b4f275ced36f,174870e4-ce0b-4aa4-9be0-ff3a22efc133,cappy pulpy,87126754,1,150.0,113.75,150.0,5fd1acd6-c895-40a5-ae45-8c01bc47d39f,Piece,1
03e36914-346e-4741-a9b9-d8c649b83e3e,b8318ac1-3b6b-4c37-b293-b4f275ced36f,f4c0439f-a023-4989-995f-cdda01ed18ba,Lays Paprika,8964002345618,1,50.0,45.5,50.0,a85255f1-fb2f-482a-9d2e-8886ab9b1f92,Piece,1
3909dd7f-cbb7-42c9-a6bf-66b27c1a6e38,b8b002a6-d4cf-4bc0-9579-1a06f6117803,296944b9-ea79-469c-8425-f11d6e4b7eed,CAPSTAN RED,1230364618200,4,15.0,12.1,60.0,a1bc6a6f-ad8f-468b-afac-44ec8574811d,Piece,4
da1fc818-af4a-4feb-a39c-3c976452a62b,b8b002a6-d4cf-4bc0-9579-1a06f6117803,6eabb009-fbe6-4018-9f9e-90fbe3bdbd63,SPRITE MINT 1.5ML,5449000216854,1,210.0,166.0,210.0,6e8a956c-f49c-4535-ad7c-0d0897468117,Piece,1
f41b723a-ed7b-4c7d-8558-7a78fd6ca090,b8b002a6-d4cf-4bc0-9579-1a06f6117803,403ea510-fb07-48bc-a730-8f1f2391b3be,STING L,8964000101704,1,140.0,105.8,140.0,7b817808-9ae8-4d8f-9f89-3f3e11cfe183,Piece,1
fb861d6c-e46f-4b9e-82cd-89f41e946669,ba77ddb9-ccf3-4569-8076-b25e7e92c801,9b8a64b3-0eff-49bd-a7e9-7ae1f4c6211f,Capstan White,89600078,2,15.0,12.5,30.0,2ee97f16-83f8-4fe8-8004-f20228fc010c,piece,2
378260f0-1cb7-4644-813a-9514129cb0a0,bbff91c7-e6b9-451d-912f-192608e1886c,296944b9-ea79-469c-8425-f11d6e4b7eed,CAPSTAN RED,1230364618200,4,15.0,12.1,60.0,a1bc6a6f-ad8f-468b-afac-44ec8574811d,Piece,4
3922e676-197c-4dfb-b0f8-b0e9945026ef,bbff91c7-e6b9-451d-912f-192608e1886c,74cf22e5-d68b-4f83-91f2-ef52b08ca928,Dove shampoo S/pack,8961014260144,1,10.0,4.0,10.0,2f07a29e-6d61-4dbc-9aaa-418866f173d5,Piece,1
0e11d5b0-8810-48d3-9a54-b772c096a07a,bbff91c7-e6b9-451d-912f-192608e1886c,8d461728-be1b-440c-86ee-f7a31b9a6d27,Chocolatto,870572008007,2,10.0,9.31,20.0,08a6ddec-263a-4d1b-9f75-5a39630e6b76,Piece,2
6610f188-838e-4781-a9b1-5eba68588f4d,bcb884d3-30f2-46a7-b108-3bd3ee678a7b,b2fa9a08-2130-4d3b-a1f9-f39f694cc18c,Surf Excel S/pack,8961014264760,2,10.0,9.1,20.0,f62c8014-7e26-49a7-9f35-a5eb92f1347c,Piece,2
ccdae0be-cf53-4cb1-b736-2a4ec85e560f,bdb222ea-d9f3-4529-9137-9b7042330151,9b8a64b3-0eff-49bd-a7e9-7ae1f4c6211f,Capstan White,89600078,20,12.5,12.1,250.0,b371a280-0cea-4bc1-87c8-4befe828f950,Box,1
836fa59f-60eb-4c07-a111-4d8609a92cc1,bfca6f3b-2b77-42ec-bb66-4d0d69e7c88d,6b21c075-c752-4bf7-a4c2-2a4c8441c546,sifarish khan,1232255618481,1,30.0,25.0,30.0,289e28e9-66d0-4026-9fd4-67bfa88cb04c,Piece,1
38f18f6c-2187-4778-8aa4-373230bb3b8b,c44802e6-a887-4df2-bb68-afa73519c41b,6b21c075-c752-4bf7-a4c2-2a4c8441c546,sifarish khan,1232255618481,1,30.0,25.0,30.0,289e28e9-66d0-4026-9fd4-67bfa88cb04c,Piece,1
68101d07-5459-46f2-a695-3176328b1150,c460e9d6-6f07-4318-ba61-1e6f962a5115,e3d69a8d-dc7f-4c6a-945f-f747f76ba498,RAMTIN,6261715250607,1,60.0,33.0,60.0,5d064673-6b20-462c-bc35-72865b0bc0df,Piece,1
4ed8938f-3707-469e-84e6-1e31fb0f0d43,c460e9d6-6f07-4318-ba61-1e6f962a5115,fd591f84-cfb8-440d-ab2f-7451d561dd44,nani cocoa cereal,6261149055878,1,70.0,37.5,70.0,2ead5d47-5874-4e66-ba95-a0e41ca39e7e,Piece,1
352c7c0c-f567-49a5-83de-43a3968c6cbd,c460e9d6-6f07-4318-ba61-1e6f962a5115,2b8b66f9-ccbd-47b0-9153-dac56d965f8b,Nesfruta mango,8961008221922,1,70.0,47.1,70.0,e866781d-b538-47a4-ac7e-d51be072e273,Piece,1
ea11ee39-48cb-49f3-a11b-ff1025bf4d38,c460e9d6-6f07-4318-ba61-1e6f962a5115,3576a48f-6330-4bcd-bf54-7383eca28c85,FV RED GRAPES,8961008222776,1,90.0,67.0,90.0,265a895e-8fbc-4bf6-843c-c03e044903d6,Piece,1
3f8698bd-4db9-4a5c-9158-e988b3dc0232,c460e9d6-6f07-4318-ba61-1e6f962a5115,a0d9dd33-4b2f-4a0a-add6-a2057a8330c8,ZIA MIX NIMKO,8964002429943,1,100.0,83.33,100.0,70922120-c405-49ff-bafc-fe54e91fdaef,Piece,1
edf63077-bff2-4687-84bf-3a353f9efb58,c460e9d6-6f07-4318-ba61-1e6f962a5115,00aca6b3-c06e-4ac4-9d21-2854f8eb24ad,baloo,1230670080272,1,700.0,300.0,700.0,6a1c3b20-7e61-4751-8669-b4d4c05193cf,Piece,1
5a64cd2a-45e2-42bc-98ff-0f2b2f9522a7,c57cbab5-0a74-4074-be74-f96ecc32c579,296944b9-ea79-469c-8425-f11d6e4b7eed,CAPSTAN RED,1230364618200,10,14.0,12.25,140.0,0ea2547b-ff52-4fd2-a713-c4c425c19caa,Half box,1
0953982a-609b-44db-8361-b54a21287ee1,c6884d65-13e9-4717-9576-e37f35def8b5,a0d9dd33-4b2f-4a0a-add6-a2057a8330c8,ZIA MIX NIMKO,8964002429943,1,100.0,83.33,100.0,70922120-c405-49ff-bafc-fe54e91fdaef,Piece,1
751e3b54-4d52-4323-a3a7-2460d64f7c1e,c6884d65-13e9-4717-9576-e37f35def8b5,9ed06880-e15b-44ae-876b-3fcca222bad2,sooper,8964004770456,1,50.0,45.0,50.0,f3625b26-f234-4633-b395-5d2ebc6a6cc8,Piece,1
f493dac0-7de5-4e67-8918-ec2db1718af6,c6884d65-13e9-4717-9576-e37f35def8b5,b670459a-e326-4490-bf85-c717dd6912df,SLICE APPLE,8964000103104,1,80.0,43.4,80.0,962458d9-d8a4-496e-b26d-a36295416f95,Piece,1
78b75c34-9cec-4b7b-b21c-d6d613675128,c823e5a3-44ac-4dae-a2c6-f17898134e12,b5987cf6-eb28-453f-833d-b7adb5c351c4,rio stawberry v,8964004770517,1,50.0,45.0,50.0,9d4a3604-18f9-443d-b8da-9da694eefafe,Piece,1
c7ccd8cc-e3e4-4e07-a79d-22286e6f2fa2,c8927c64-ee61-4869-9ecc-61ac485c9eae,df83db32-d270-4a08-8f67-85f4967a923d,Red & White,89600320,2,10.0,9.5,20.0,4c010ae2-567a-4d9a-a3ee-7be8b0099de4,Piece,2
f2c492ba-26fe-4363-ab3b-3bb9765d555e,c8927c64-ee61-4869-9ecc-61ac485c9eae,d8f89ad3-02ac-4798-bd1b-2d1d17aa2b54,kite match stick,745178816045,2,5.0,3.0,10.0,052b3a03-75fd-4be6-97f3-c90634e0f3df,Piece,2
ecec05df-4be8-4b04-a29a-a28e57b9ec5f,c8bf65ce-45c0-4000-95ed-37bb6bfe13a5,30e73934-8b1f-4e5b-8a7e-459183ab89ff,BENSON & HEDGES,ZIC2321183204,20,15.0,14.0,300.0,bd464178-34a5-4c51-ab7a-fb38e14501f9,Box,1
47439849-e27e-4438-a4b6-728a89ab9686,c8bf65ce-45c0-4000-95ed-37bb6bfe13a5,2505a9e6-32d6-425c-8c5d-d31507ce904d,lighter,1236376536280,1,40.0,21.0,40.0,4b1a6d94-51e0-4c20-8be3-f4e43962efbf,Piece,1
a0f8ad02-f224-48f7-81f8-1b8b8ffa7ee2,cd504e50-d018-4041-a120-5e5c59358c58,6d5767c4-fdbd-42fa-893e-41ddde84601b,Rahat Pamper 3,4985925672456,7,35.0,22.23,245.0,164a6171-0c52-4883-928f-fba982f24094,Piece,7
b9b8a998-118e-47ab-9991-f21ce20acbba,cd504e50-d018-4041-a120-5e5c59358c58,90ffa419-8bc9-4c39-81e1-cffb74841141,FIZUP,8964001179719,1,70.0,52.0,70.0,3f782984-279e-4f0c-9120-822961a7584c,Piece,1
88e76108-eac3-4b21-b421-91003e467b85,cd504e50-d018-4041-a120-5e5c59358c58,cafd1ca0-a260-4e14-b3e2-29703249797a,Rahat 1-2,4985925672784,1,35.0,20.88,35.0,6d8d45cb-5490-4fe5-8922-6a1eb9d1703d,Piece,1
b8e201d6-487a-4eb9-b121-fd935142d6b0,cf45912a-3235-444d-b0af-6635d7272b2e,296944b9-ea79-469c-8425-f11d6e4b7eed,CAPSTAN RED,1230364618200,2,15.0,12.1,30.0,a1bc6a6f-ad8f-468b-afac-44ec8574811d,Piece,2
1f57f78b-4a29-4322-90b1-7d11295582ff,cf45912a-3235-444d-b0af-6635d7272b2e,975cf5aa-4ec6-4b0f-bd0b-a79640860da8,CHOICE,9254120000254,1,40.0,22.5,40.0,45baadf7-3c4f-430c-b19c-ed8a6e8538df,Piece,1
a766373f-a69f-4148-a509-11fbaf2be890,cf600610-759c-48ab-bd99-8295fea5b127,df83db32-d270-4a08-8f67-85f4967a923d,Red & White,89600320,10,10.0,9.5,100.0,9906134c-2d34-42ea-8503-8a4aeb21af05,Half Box,1
22d65776-5a56-4841-a61f-a1cf2dae0916,cf80c143-7def-499a-a7ca-898d650c64a5,10ebe327-96fb-4e2c-9292-ee7ccf3b8127,local fry,8964000695555,2,10.0,8.0,20.0,ca63db85-6796-4904-8894-101cfc6813be,Piece,2
6f1cd193-887e-4148-8603-02cb598c4fb6,d1c280a1-2c8b-4392-9153-0c0e3d2e5866,61208acb-3d9e-41b2-a1ed-a65aef55d3da,knorr chattpatta,8961014038200,4,50.0,47.0,200.0,6911d27f-a24a-40c5-8761-c6954c0a797b,Piece,4
2a9933a0-1f55-47b8-8a94-d390b2042cc1,d1c280a1-2c8b-4392-9153-0c0e3d2e5866,faca038c-a083-435d-a433-3024e08a7f3e,spark,6121420648949,2,20.0,13.3,40.0,3ec69693-93bd-4a23-be57-bb14e100f14c,Piece,2
388d7da9-48dd-4685-98e2-4c5b59789075,d1c280a1-2c8b-4392-9153-0c0e3d2e5866,ba790275-119d-4f7a-b9d6-2228bf0d7226,badam makkan,095742223213,1,10.0,4.1,10.0,43a1d058-e491-40ad-a268-fc88b700be34,Piece,1
2899e314-8353-4413-8ce0-786c5ea270cd,d201bce0-4a88-4bca-b158-0af22804032d,6c6ccff1-14e0-4b77-884d-ac35c4441fbd,MOO,8961014017595,1,50.0,44.08,50.0,486c4a3e-978a-4702-95e2-9d661806f528,Piece,1
6ffcab84-43d0-478a-9cf3-c8222af28ea3,d24170e6-5d20-42e5-88af-a862221094c7,296944b9-ea79-469c-8425-f11d6e4b7eed,CAPSTAN RED,1230364618200,2,15.0,12.1,30.0,a1bc6a6f-ad8f-468b-afac-44ec8574811d,Piece,2
ec85f80a-eb1f-4e28-9803-5565d746ae59,d432f6c5-7a69-4c7c-9aaa-6f99025201f9,403ea510-fb07-48bc-a730-8f1f2391b3be,STING L,8964000101704,1,140.0,105.8,140.0,7b817808-9ae8-4d8f-9f89-3f3e11cfe183,Piece,1
d8458014-c792-495a-a327-0463c2b6ae35,d432f6c5-7a69-4c7c-9aaa-6f99025201f9,5a5154d9-6994-4dee-9011-efd865af1c8f,GOLD LEAF,1232097295550,1,30.0,25.0,30.0,ff8b0ab8-fd25-4bb6-aafb-a79e8e63a846,Piece,1
f00ce759-66c1-4933-b263-62d028d2d63d,d4be9c29-e260-4a9a-8fc4-fbd732490498,b21064d9-07ce-42e8-8bdf-a7c61df06adb,jet spoort,8721274610482,1,40.0,29.38,40.0,347ee8ca-b35c-456e-a2d3-8c9b2417b33e,Piece,1
8e4eeeca-bcb1-4c9e-b8a0-d64f025e8fb2,d5cd0c2c-b9bb-4da3-82dd-886866feffe2,a8c690d8-15f1-493e-9507-c2f9ed786483,Peanut pik,8964004770616,2,50.0,46.0,100.0,76df9348-eb2d-49e1-91c8-39c3cbfd7d3c,Piece,2
b70fc3fd-c109-42f5-86b1-8b0384ea89a3,d70a78c5-9451-4e78-a3a2-bc6f76f070e9,8cd8179b-4989-40f8-8fb8-2f74faf32ddc,RING POPS,2542753927091,1,60.0,41.66,60.0,56ebd917-e542-4139-987a-4e965aff135a,Piece,1
5396729c-4384-47dc-ab5a-b9e7242ca443,d70a78c5-9451-4e78-a3a2-bc6f76f070e9,296944b9-ea79-469c-8425-f11d6e4b7eed,CAPSTAN RED,1230364618200,1,15.0,12.1,15.0,a1bc6a6f-ad8f-468b-afac-44ec8574811d,Piece,1
5379bf3e-fdbc-4a16-8888-bf078d87a08c,d7b78c03-e3be-4a79-aa07-a4b05ea768dd,296944b9-ea79-469c-8425-f11d6e4b7eed,CAPSTAN RED,1230364618200,2,15.0,12.1,30.0,a1bc6a6f-ad8f-468b-afac-44ec8574811d,Piece,2
3df16212-b7fe-4e9c-9e6f-c4cb954981fd,d7e6a8ad-b6df-44f1-905d-5359e65ab739,296944b9-ea79-469c-8425-f11d6e4b7eed,CAPSTAN RED,1230364618200,2,15.0,12.1,30.0,a1bc6a6f-ad8f-468b-afac-44ec8574811d,Piece,2
166e9fe5-3136-4902-a375-70cd1e127244,dc5670b4-7dc9-4b18-a4ad-f48f930eb54e,b2fa9a08-2130-4d3b-a1f9-f39f694cc18c,Surf Excel S/pack,8961014264760,5,10.0,9.1,50.0,f62c8014-7e26-49a7-9f35-a5eb92f1347c,Piece,5
9a0be827-9643-4d47-b8c5-5d89adb9be44,e085f124-9766-404a-aa1b-2432ad3d1f89,296944b9-ea79-469c-8425-f11d6e4b7eed,CAPSTAN RED,1230364618200,2,15.0,12.1,30.0,a1bc6a6f-ad8f-468b-afac-44ec8574811d,Piece,2
4d88435c-f025-446f-bfa2-0bbc17b7a122,e3f094bc-0c87-4d46-9493-1a68c54ebaa7,89f084ac-a196-47fb-8e25-4e4bd3160c50,STING SMALL,8964000101551,1,100.0,73.0,100.0,24a9904c-bbbb-433e-b85c-bc70707d653c,Piece,1
fbc9d31f-1c75-442d-8506-8d369c4c6eca,e78d87b8-fd1e-4b94-b486-abe8dac4d7fc,296944b9-ea79-469c-8425-f11d6e4b7eed,CAPSTAN RED,1230364618200,2,15.0,12.1,30.0,a1bc6a6f-ad8f-468b-afac-44ec8574811d,Piece,2
8160ede3-972e-4516-8028-177a5d40a325,e78d87b8-fd1e-4b94-b486-abe8dac4d7fc,4ea8ab87-bf13-4523-b83d-509c89f52789,hockey match stick,9231012019358,1,5.0,3.0,5.0,21683564-a53b-4d8c-a0a6-4066d1367085,Piece,1
a4def7a6-584c-48b0-a16a-611147fb7593,e78d87b8-fd1e-4b94-b486-abe8dac4d7fc,8af4077d-37f1-441f-936d-9507cb56ca9d,candy,1232784048698,1,5.0,3.5,5.0,7534df49-d891-461a-8b69-7d03cb9ce755,Piece,1
743f5506-53a8-472d-832a-931b6523e4a7,e829ecdb-c190-4aec-82b1-8204947e80a0,e89768c3-9e0e-472e-b8fe-ca33136480e6,lemon max pouch,8886950099514,1,225.0,200.0,225.0,49d66224-083c-4065-82fa-185368c7b179,Piece,1
883dc336-f1d5-4c6f-949b-358dce4a3863,e8674f0a-3aea-4455-a8b7-5e8367607765,818213ce-570c-4e78-b826-d98252f683d7,mango fruit drink,8961008223698,1,400.0,265.0,400.0,9253a33b-0701-4a5c-a3ac-9f13df9c8193,Piece,1
530b5d4f-2aa4-4d0f-9379-940f494bbc11,e9f533c3-0d47-4138-8809-f44608b73fcd,113a9bd7-369e-49d6-8331-ce4d03854d07,BOUNCE,8961103503527,3,10.0,8.9,30.0,5e4f1b89-1d0b-4c9b-8a0f-d7298eafafdb,Piece,3
438b38d9-786d-4f6a-a39a-77c427eb0978,ea0ec6e7-5890-4d49-b6d9-947a354acc22,b5987cf6-eb28-453f-833d-b7adb5c351c4,rio stawberry v,8964004770517,2,50.0,45.0,100.0,9d4a3604-18f9-443d-b8da-9da694eefafe,Piece,2
f5fd181f-9991-4d5f-9674-c6337b65358d,ea76227f-5411-421d-983e-ed2558b9a1a2,403ea510-fb07-48bc-a730-8f1f2391b3be,STING L,8964000101704,1,140.0,105.8,140.0,7b817808-9ae8-4d8f-9f89-3f3e11cfe183,Piece,1
88d96ee2-563b-4dd3-9814-c491634e7755,ea76227f-5411-421d-983e-ed2558b9a1a2,296944b9-ea79-469c-8425-f11d6e4b7eed,CAPSTAN RED,1230364618200,20,12.5,12.1,250.0,e9169ce5-618b-4046-9957-a321013f7b75,box,1
3f64a4a0-dd17-4dd1-9576-ad5bcd5277f9,ed9143e6-9d6b-45f3-b2c8-f17d1b7bfd59,18916bb3-c4ef-4ac2-b07a-3665a93c8f23,LIFEBUOY,8961014266016,1,10.0,9.38,10.0,9fe045e9-9c6c-4b82-aca7-1fe5a7a76f64,Piece,1
6773d107-5fcd-43ae-868e-a10e3981f269,f0c1a8fa-922f-46e6-83a3-4473d8b101f5,c75320df-735c-44fe-b32d-46b0170ef53a,Lays Masala,8964000090428,1,100.0,92.3,100.0,b77ba773-b9e7-4763-9761-47c66a223bd9,Piece,1
928882f5-5981-419e-93bd-c07b871f5968,f2bff270-9dd1-4bbb-ab41-b7df36023747,986fdfa7-0d1f-4581-980f-f56c15fe2708,dayfresh chocolate,8964000816516,1,150.0,97.0,150.0,6922c626-8f0e-463a-aa49-2c8a8df73c59,Piece,1
662c8e10-1213-4225-8402-481730a8a867,f4c474e8-cf45-48b4-924a-bba7605fb7d8,403ea510-fb07-48bc-a730-8f1f2391b3be,STING L,8964000101704,1,140.0,105.8,140.0,7b817808-9ae8-4d8f-9f89-3f3e11cfe183,Piece,1
5be42f97-7222-482d-a2bc-a518567196ec,f4c474e8-cf45-48b4-924a-bba7605fb7d8,df83db32-d270-4a08-8f67-85f4967a923d,Red & White,89600320,1,10.0,9.5,10.0,4c010ae2-567a-4d9a-a3ee-7be8b0099de4,Piece,1
364052b0-44f9-46f8-9611-d73498b7c6c6,f57cc84a-80b7-4660-99f4-3784531bf4a4,2347cc4b-9f81-49db-8864-35a43da6769a,FANTA ANAAR,5449000231079,1,100.0,86.0,100.0,c99a9e12-907c-4ef7-84f5-609a8c269002,Piece,1
23a3e305-625c-4fd8-a666-9e9bc22dfa10,f7b357e1-0544-4b0e-89c3-1e4856294ad9,e1c7461f-fe2c-43cc-b072-ab2fcdd767ed,olper pack,8964000919934,1,100.0,85.0,100.0,610b7a9f-fa8f-480c-8da4-d5bb1121252c,Piece,1
5bda1ca5-0de6-43d0-aa14-91caa4a6fb42,f7b357e1-0544-4b0e-89c3-1e4856294ad9,4276cb15-7ab5-4090-9a33-f37c947bddf2,umdah tea,8964004543180,1,10.0,8.5,10.0,f6b0242d-633c-4904-abe4-19f33873c70c,Piece,1
4179ea56-b45b-4298-b0b8-7768836680b7,f7e4ce64-c454-4bc6-a3a8-ad3c2ff37e70,2c73a736-486c-4dbf-8528-fe9ce200d4e8,COCA COLA 1.5L,5449000051981,1,210.0,164.0,210.0,3970e731-82d1-42c7-95be-861d4545f819,Piece,1
af911e52-3fea-400a-9207-9e9f4801f79b,f7e4ce64-c454-4bc6-a3a8-ad3c2ff37e70,b5987cf6-eb28-453f-833d-b7adb5c351c4,rio stawberry v,8964004770517,1,50.0,45.0,50.0,9d4a3604-18f9-443d-b8da-9da694eefafe,Piece,1
1efea240-7d3f-42ad-829e-cf3196f4393f,f7e4ce64-c454-4bc6-a3a8-ad3c2ff37e70,d708baee-e4e6-44b7-89a0-5214eeebce4f,prince chocolate,8961003612572,1,50.0,45.0,50.0,556d6997-f2ee-4658-8b85-23a47795b274,Piece,1
bcca57e0-8e38-4442-b4ea-8166f2b2c4b7,f8f80e99-e598-4922-a92a-e3b4ddca786f,33819376-e267-418a-adf2-b6190c956759,DEW 1.5L,8964000101117,1,210.0,163.3,210.0,f669561e-4418-41a3-9cb7-31974a38d7c4,Piece,1
e32d083a-3150-47b0-a6c7-5efac0328935,f8f80e99-e598-4922-a92a-e3b4ddca786f,a5e6d70c-fa41-44c3-9fb5-e1370963876c,DIGISTIVE ZERO SUAGR,8961103501219,1,30.0,27.0,30.0,bc4a8701-667a-4d30-8cc8-a43eff75b6fa,Piece,1
083dcc49-e0c5-4bde-a3d1-3edd85bd2db2,f8f80e99-e598-4922-a92a-e3b4ddca786f,1c2a3cfc-7953-437c-abf0-008b3405e78c,abc jelly,870572005228,2,5.0,4.5,10.0,887ae168-ea91-4a5e-b5de-68b69583689d,Piece,2
034cbf7c-8880-463c-bf85-520bcf0febed,f8f80e99-e598-4922-a92a-e3b4ddca786f,e4a686bb-19ba-4778-90a2-e323343d0808,chocolicious,8964002759583,1,30.0,27.0,30.0,641f8c3e-0e8f-48b9-afed-00059e46c752,Piece,1
e41fe308-6b5c-4d68-a6e3-d850b5b8de9b,f9199ac6-ee92-4a36-a2d0-77db69cc55e5,c1129656-5662-4496-b109-61981dbe1cf3,YUMS,870572007376,1,10.0,9.08,10.0,92f9efd1-b445-4013-beb0-e99b741f3e2b,Piece,1
75232c44-a08b-446d-bad7-b50286f2d69d,fa097ac0-cdb3-4781-acdd-b9b73bc208b3,1a9db450-bde7-4119-ba96-710c52c9a641,Tops Mango,2020042410108,1,140.0,91.6,140.0,26de4e9f-5c5a-4d98-83d4-2454e112bb9d,Piece,1
1d413233-4483-4bbc-84d5-d1a7318c044a,fa35ce88-37da-42cf-9f51-0f2f43feb246,2283ba0b-9ecd-4cff-a3d2-a3eefb114b31,COLA NEXT 300ML,8964001179702,1,80.0,51.66,80.0,9f977eed-d4eb-44da-950f-ff66decd80cd,Piece,1
691d277f-229e-4327-80d5-63bc47e5e9a3,fae12afb-b0e6-45f1-828f-4c42aeb4ac7c,183f01fb-73db-4261-83e7-b3b8fa486321,gala,8961003632617,1,40.0,36.0,40.0,6a550706-cf63-4362-a239-b293046932b3,Piece,1
1f627b22-a9e0-4a84-9a8a-142faef27a93,fb138e98-b77f-449a-b596-393722f39bfd,296944b9-ea79-469c-8425-f11d6e4b7eed,CAPSTAN RED,1230364618200,2,15.0,12.1,30.0,a1bc6a6f-ad8f-468b-afac-44ec8574811d,Piece,2
00949825-4472-4456-b284-7f33adc55d14,fc4ec7da-2ea7-4e4f-98ff-264b3318f235,296944b9-ea79-469c-8425-f11d6e4b7eed,CAPSTAN RED,1230364618200,20,12.5,12.1,250.0,e9169ce5-618b-4046-9957-a321013f7b75,box,1
f0d105f0-be33-492e-b1b6-c3de9f34cde9,fc4ec7da-2ea7-4e4f-98ff-264b3318f235,7439380d-ff71-4b92-b2ff-56899ca87c0d,tridgum,9555407311019,1,10.0,4.09,10.0,b3c50399-f52e-4960-bdd6-5ef8d99c8de1,Piece,1
1d55310f-2f7c-4297-9ee8-bf6c1069b38a,00356cd4-a0ac-4330-8e20-80a8ce3d3f5d,a3649557-f3b6-4a2d-80a9-9a5447a3ebb3,Lays Y&H,8964002345625,1,50.0,45.8,50.0,0330369f-7d98-41fd-9a17-6bd07de63b61,Piece,1
44caf678-b673-4cbe-8d90-b62a179c5c7c,00356cd4-a0ac-4330-8e20-80a8ce3d3f5d,c4f5800c-ee73-4c1e-ad0d-15c4c869ce79,Bonjour Harvest Blessings,725765019004,1,60.0,45.0,60.0,06c927ac-b942-419b-b2bb-d406c5ca3f36,Piece,1
b4c43b38-6c95-46b3-a025-e8399e47ae4c,0119f251-ee3e-4bea-a6b2-e196eff2fc6d,fd5e9b8c-d662-4759-aa2d-52ffc324740e,Kurkure CC,8964002347353,2,40.0,36.0,80.0,3f7ce760-8133-42c5-83ec-4f380f2626ff,Piece,2
bb6dafc8-cedd-4af8-bb23-9af5ac4fca3a,0119f251-ee3e-4bea-a6b2-e196eff2fc6d,99e1bc74-22b4-456e-a729-5baabbf6dff3,krisko,1456587854243,1,20.0,15.0,20.0,887fe7ef-236c-4d4d-a225-789c008373c8,Piece,1
860fc655-cf7f-41c6-9b67-b131af98ca3a,022fba2e-788a-4705-8f48-e9e21f413352,c2c96412-231a-4358-bce0-56812108d9cd,Murree Sparkletts,1860201136811,1,60.0,36.6,60.0,4138b755-fa84-439d-8b58-a5c673938dd0,Piece,1
7041155d-16e0-4487-8a88-1d924e75058d,022fba2e-788a-4705-8f48-e9e21f413352,403ea510-fb07-48bc-a730-8f1f2391b3be,STING L,8964000101704,1,140.0,105.8,140.0,7b817808-9ae8-4d8f-9f89-3f3e11cfe183,Piece,1
749d4b09-ae2c-4a5b-bdbd-7a8a342b933c,022fba2e-788a-4705-8f48-e9e21f413352,4bcc9167-f8bb-4ba1-8eda-608d0c4d6d73,chips c,6446373780660,1,40.0,26.0,40.0,9c99360b-0f87-4015-9fdb-160b33976477,Piece,1
4826b65c-8729-4f66-a852-1165d096f2ae,06a45375-362a-4f9d-bc48-efce0359983b,33819376-e267-418a-adf2-b6190c956759,DEW 1.5L,8964000101117,1,210.0,163.3,210.0,f669561e-4418-41a3-9cb7-31974a38d7c4,Piece,1
64b33fd2-1de1-45c3-9379-9b45b150b109,06a45375-362a-4f9d-bc48-efce0359983b,19578251-b5ef-41c5-9a55-a423c48b969e,original SANDWICH,8964004770531,1,50.0,45.0,50.0,778487c4-aa3f-417e-8c89-e4eb572ed9af,Piece,1
32b59a91-32b5-42a9-b887-a93e5824662d,06a45375-362a-4f9d-bc48-efce0359983b,188b0bc1-c811-435d-9cd7-84a6e7787fe1,Zeera plus,8961003642166,1,50.0,43.0,50.0,daae7360-e661-4316-9b57-e301e684f423,Piece,1
e0b3879d-950f-4c57-9de2-cf85baa91cfe,06a45375-362a-4f9d-bc48-efce0359983b,d708baee-e4e6-44b7-89a0-5214eeebce4f,prince chocolate,8961003612572,1,50.0,45.0,50.0,556d6997-f2ee-4658-8b85-23a47795b274,Piece,1
dbb495cc-9ddd-4fca-a42d-8c16d6837fbc,06a45375-362a-4f9d-bc48-efce0359983b,aeec8327-c8e3-49ae-830d-5ae48228671a,DISPOSIBLE GLASS,1233763958519,6,5.0,1.7,30.0,2bc021cb-4f78-4684-ad9e-7fae8bd628d9,Piece,6
46b3f5ca-1352-409f-87e3-d5ff2f40b8cc,073ce231-d60e-44f3-b4f8-039fe47baa0f,5f944213-1ecb-49ed-9132-155c538f653f,8964003812140,8964003812140,4,20.0,8.0,80.0,2baead40-bebd-4b19-b515-40c05758f457,Piece,4
bd52a41d-2823-448a-b976-b128f9a0fccf,073ce231-d60e-44f3-b4f8-039fe47baa0f,934bac57-0746-440b-abc8-5913b5919788,bistiks,8961003024016,1,40.0,37.36,40.0,2051ee12-91bc-4418-b071-0f15a5f5944b,Piece,1
324d5dfa-bff3-47b9-a2b6-2a57c9085edc,073ce231-d60e-44f3-b4f8-039fe47baa0f,3f5cee21-a933-407b-9a6a-6daf3ac36e75,Lays T BBQ,8964002346783,1,50.0,45.8,50.0,6cf35150-fa6e-4af5-9c23-b44badc0b7b6,Piece,1
18781565-29f6-4f2f-9788-041185144fd9,073ce231-d60e-44f3-b4f8-039fe47baa0f,f90716c0-c257-43d7-bd86-41d0c90f56db,MILCOLU,8961003602016,1,40.0,35.38,40.0,117ff4ac-0b90-4025-a4dc-63af9aabaef5,Piece,1
97c4fb4b-5847-461d-aba3-74dacfe0949d,073ce231-d60e-44f3-b4f8-039fe47baa0f,2505a9e6-32d6-425c-8c5d-d31507ce904d,lighter,1236376536280,1,40.0,21.0,40.0,4b1a6d94-51e0-4c20-8be3-f4e43962efbf,Piece,1
1aec9bcf-9c48-43b0-92d9-99744acd0339,074e2abd-45cb-47ab-b8cb-3f566f54150b,296944b9-ea79-469c-8425-f11d6e4b7eed,CAPSTAN RED,1230364618200,1,15.0,12.1,15.0,a1bc6a6f-ad8f-468b-afac-44ec8574811d,Piece,1
96b66c5d-3a6a-4421-8a2f-22a5fa1d71c1,074e2abd-45cb-47ab-b8cb-3f566f54150b,8af4077d-37f1-441f-936d-9507cb56ca9d,candy,1232784048698,1,5.0,3.5,5.0,7534df49-d891-461a-8b69-7d03cb9ce755,Piece,1
af93b80f-f55a-4968-8993-ffd81a09fd25,078e99b8-b27b-440b-a91e-bbe7e883f780,b8d346e3-9757-4536-b898-55430d1e1041,Rite,8961102508967,1,20.0,18.0,20.0,b6a8eb92-bef0-43df-9d3d-18eeadac5f4b,Piece,1
aae0a03a-0150-44fc-a630-a29f1f409f1b,078e99b8-b27b-440b-a91e-bbe7e883f780,fc973d06-9999-433b-9a73-7f752c73233d,chip hop c,8961102505485,2,30.0,27.91,60.0,57413692-b5d5-496e-a7a7-439dc7c060a7,Piece,2
1ec7b34c-fb5c-4da8-afa5-2bdd9d47736c,078e99b8-b27b-440b-a91e-bbe7e883f780,403ea510-fb07-48bc-a730-8f1f2391b3be,STING L,8964000101704,1,140.0,105.8,140.0,7b817808-9ae8-4d8f-9f89-3f3e11cfe183,Piece,1
a2d094b4-4558-47cc-8a17-8a301714689d,078e99b8-b27b-440b-a91e-bbe7e883f780,d708baee-e4e6-44b7-89a0-5214eeebce4f,prince chocolate,8961003612572,1,50.0,45.0,50.0,556d6997-f2ee-4658-8b85-23a47795b274,Piece,1
d2e84d3f-d624-401c-830b-755859c0769a,0c8729bc-e688-47ff-a408-1aaa4bbebdcd,63909d32-ff7d-4238-875b-2d7ebffedc72,sprite 500 ml,54491069,1,130.0,85.0,130.0,bbbc982c-4ef4-4a12-bdb5-82b369ee4edf,Piece,1
bbdb4d58-441b-4db6-9d78-6d348ca7b439,0c8729bc-e688-47ff-a408-1aaa4bbebdcd,d24bbc5f-3fd1-410d-9a57-74e81ed86362,Zia Peanut,8964003813390,1,50.0,41.6,50.0,cbb97db4-8292-477b-a912-3174dca1594b,Piece,1
3346e8e3-70a6-48cb-adba-3b3d15d5f913,0f706095-3488-4c40-8d61-b473bd2b4f58,296944b9-ea79-469c-8425-f11d6e4b7eed,CAPSTAN RED,1230364618200,2,15.0,12.1,30.0,a1bc6a6f-ad8f-468b-afac-44ec8574811d,Piece,2
1b5293b0-9db3-4275-9d18-7dfc9c418635,0fca9a53-1796-4b8e-ae12-d0417bd1853e,2b8b66f9-ccbd-47b0-9153-dac56d965f8b,Nesfruta mango,8961008221922,1,90.0,47.1,90.0,e866781d-b538-47a4-ac7e-d51be072e273,Piece,1
026e0507-26d5-423d-a703-64d2132fe6b2,1229b84d-d99f-42e4-9bca-3a9dc6f03eb4,aeec8327-c8e3-49ae-830d-5ae48228671a,DISPOSIBLE GLASS,1233763958519,2,5.0,1.7,10.0,2bc021cb-4f78-4684-ad9e-7fae8bd628d9,Piece,2
e52e7f6c-9b16-4d55-82c0-d4f803bc40e2,13d61d74-049d-4d54-bb07-b51bba7a117f,c3551759-c1ef-47f5-b230-77bce4c2f476,Brite s/pack,8886950015279,2,10.0,9.17,20.0,65d64d63-9e6f-4416-9618-7a79123a69a1,Piece,2
72c13e57-383b-4a39-adf9-f0aae23d6d67,14b76524-1d92-48ae-9a4a-b1ad9c9a15ac,b670459a-e326-4490-bf85-c717dd6912df,SLICE APPLE,8964000103104,2,80.0,43.4,160.0,962458d9-d8a4-496e-b26d-a36295416f95,Piece,2
512c3c87-b16e-4625-85c7-31c34786009c,14b76524-1d92-48ae-9a4a-b1ad9c9a15ac,66a64cc9-3d36-4ec9-94c4-fd0e9a56f32c,Lays Masala,8964000090602,2,20.0,18.0,40.0,c40492ef-d853-48e0-9c39-df0966445872,Piece,2
9c712abd-16c7-4e7f-b98f-56b412de3782,1500ee2e-bae8-4d1f-9d85-10f215ea3e3a,85594582-8fac-4e45-97aa-fb017eedf3ed,Tuc,8961003622625,2,50.0,43.0,100.0,5d3f27a0-ef98-4aef-bdc0-09fb857dca97,Piece,2
d7ec4689-056d-4699-b05e-ccb1ebac7a94,15e19e08-50af-4b1a-9f08-599cf0fb525f,c3551759-c1ef-47f5-b230-77bce4c2f476,Brite s/pack,8886950015279,5,10.0,9.17,50.0,65d64d63-9e6f-4416-9618-7a79123a69a1,Piece,5
5d79465a-d8ec-4816-ab29-dc04dd584c71,188ef8c6-c170-4a50-9f51-8b074943ce84,c3551759-c1ef-47f5-b230-77bce4c2f476,Brite s/pack,8886950015279,2,10.0,9.17,20.0,65d64d63-9e6f-4416-9618-7a79123a69a1,Piece,2
e17f9942-9130-48ca-b277-a675d6882b14,18eda4c8-0401-4e3f-a21d-1973282742e5,318b66d4-6b22-4dcd-a11d-7f164c5b745e,Johar joshanda,855434009675,4,25.0,20.0,100.0,ae68597e-8255-491f-b7b0-c8ae564da2fc,Piece,4
cfcb2682-47f2-42fb-ba41-e83c94901304,18eda4c8-0401-4e3f-a21d-1973282742e5,826c0da6-b0aa-4c8a-a024-a17c10878f2f,milk pack,8961008022185,2,100.0,87.7,200.0,fab81662-9567-4d14-93ef-507465b7294c,Piece,2
b82c2342-f40d-4b5e-bda7-0b847be6ac53,19544daf-a6e5-4ade-9069-dd0b0d6b0d31,df83db32-d270-4a08-8f67-85f4967a923d,Red & White,89600320,1,10.0,9.5,10.0,4c010ae2-567a-4d9a-a3ee-7be8b0099de4,Piece,1
a6d28727-9d0c-4605-9f23-ba391bb4b8a1,1c6f7b21-3613-4dd8-b04a-3b2eeb7de18b,6b21c075-c752-4bf7-a4c2-2a4c8441c546,sifarish khan,1232255618481,1,30.0,25.0,30.0,289e28e9-66d0-4026-9fd4-67bfa88cb04c,Piece,1
b2a7098e-210f-4331-99b7-41f5debc9ad9,1c7d999d-be28-44e7-a88b-6198d8438d52,10ebe327-96fb-4e2c-9292-ee7ccf3b8127,local fry,8964000695555,3,10.0,8.0,30.0,ca63db85-6796-4904-8894-101cfc6813be,Piece,3
eb851de1-1a1a-4a7a-a5d4-54bde5eb9e5b,1c7d999d-be28-44e7-a88b-6198d8438d52,8af4077d-37f1-441f-936d-9507cb56ca9d,candy,1232784048698,2,5.0,3.5,10.0,7534df49-d891-461a-8b69-7d03cb9ce755,Piece,2
f7d31eff-942d-4ba1-8e6c-f9ea81cfe3a0,1cf40ed3-c7df-40ff-adea-1e562b739345,72757b5d-39d7-4226-ae05-e608e81097be,JUST,8964003765378,1,80.0,39.58,80.0,f5d46dbb-231f-4b00-ac66-65275a4912f0,Piece,1
e66e952b-5c2c-4eab-aaac-88555caf5067,1cf40ed3-c7df-40ff-adea-1e562b739345,8af4077d-37f1-441f-936d-9507cb56ca9d,candy,1232784048698,4,5.0,3.5,20.0,7534df49-d891-461a-8b69-7d03cb9ce755,Piece,4
34157a44-964f-4e3d-b9a8-616cee734fa3,1df83777-2a88-40b7-9de2-101ddd3ce2cb,6b21c075-c752-4bf7-a4c2-2a4c8441c546,sifarish khan,1232255618481,1,30.0,25.0,30.0,289e28e9-66d0-4026-9fd4-67bfa88cb04c,Piece,1
a07de211-d8ee-4958-aef3-edd8232423cf,1df83777-2a88-40b7-9de2-101ddd3ce2cb,2eeb2840-498a-4d8b-b428-a35305ad400a,sunslik,8961014255461,2,10.0,8.0,20.0,f1a20860-f949-46af-ba9a-2b1e565a810f,Piece,2
f7bb0b0a-c638-4e67-ba53-38b666448028,1e367132-5a5a-4b4d-b103-c510f1ea503b,a3649557-f3b6-4a2d-80a9-9a5447a3ebb3,Lays Y&H,8964002345625,2,50.0,45.8,100.0,0330369f-7d98-41fd-9a17-6bd07de63b61,Piece,2
60dcdcd5-a81c-4708-bd98-8c568deb827c,1e367132-5a5a-4b4d-b103-c510f1ea503b,a95e4363-61cb-4264-9387-b8c7d56c923d,GLUCO,8964003592240,2,20.0,18.0,40.0,45b3355d-9d11-4674-87e6-5e93a48d7a68,Piece,2
cfd50deb-5867-49bb-a519-850db79e5db2,1e367132-5a5a-4b4d-b103-c510f1ea503b,6f62f74f-7ee8-42e9-9657-15f8ca0cea38,frisky cream,8965310055183,2,50.0,43.7,100.0,9533f3ca-1b22-4f01-bfdd-4249b8c23f91,Piece,2
45b4d046-d0b7-4feb-a0f5-faf3295c524c,1e367132-5a5a-4b4d-b103-c510f1ea503b,c06dd69e-1cc7-4818-aca7-ea51d7a6eae9,MILO ACTIV-Go,8961008215433,2,130.0,94.6,260.0,40fb7f64-3464-4724-bcb5-322eb8253ac4,Piece,2
455d888b-2737-4b5c-8db9-6262b1ad1211,1eacf2e0-06bc-43b2-97cf-6e13440a8675,9b8a64b3-0eff-49bd-a7e9-7ae1f4c6211f,Capstan White,89600078,3,15.0,12.5,45.0,2ee97f16-83f8-4fe8-8004-f20228fc010c,piece,3
5c21488f-0fb9-4ff7-8f80-6ffb41e15050,1eafe8b5-2e5d-43d5-b388-8acd2c2f8d32,a8c690d8-15f1-493e-9507-c2f9ed786483,Peanut pik,8964004770616,1,50.0,46.0,50.0,76df9348-eb2d-49e1-91c8-39c3cbfd7d3c,Piece,1
8a49bf23-32d5-4067-9c2e-558e408f5290,1f8d8a14-ca4e-4989-a0d4-4695d57856f9,36a30f2b-248a-4769-bc28-046500d0daf4,bar,1230421521603,1,10.0,5.0,10.0,9c505cbc-8e3d-4e6a-a8f2-96b2991c3bee,Piece,1
bdf698ee-4fea-457f-b681-cd235dba2d20,200837ec-e867-45bb-a34f-b9881b0a5b93,188b0bc1-c811-435d-9cd7-84a6e7787fe1,Zeera plus,8961003642166,1,50.0,43.0,50.0,daae7360-e661-4316-9b57-e301e684f423,Piece,1
d64506eb-599c-4f0f-8df2-064320641450,20fce149-dddb-43da-9b9b-4654620c3a7d,23d4b3ee-ce2a-4c69-a587-88104f13feec,Flying Air Craft,1232921554006,1,1350.0,440.0,1350.0,84ff2ed6-31b1-4424-b561-34b96fd8da89,Piece,1
daa6813a-88a1-4db4-b1eb-5dca65a8d8d9,20fce149-dddb-43da-9b9b-4654620c3a7d,b59d402b-5a53-457f-83cc-2f19d78eff08,SURPRISE EGG,9671230200709,1,700.0,300.0,700.0,75a6015f-676f-49b1-b8ed-146ea39a74fe,Piece,1
aaac4996-4930-4d6c-b077-0ca37760b69e,20fce149-dddb-43da-9b9b-4654620c3a7d,4051ca00-9a2c-4f95-804c-c380c8a68bdc,SENSES T5 RABBIT,6970430212295,1,700.0,400.0,700.0,85a5c8e5-dc2a-4e7e-92ca-74b32420ab44,Piece,1
177fc86f-c5c1-489a-8e2c-c88e24f1dad6,20fce149-dddb-43da-9b9b-4654620c3a7d,b68c3988-8d02-4b39-b360-634a524d997a,small bike,1235757355304,1,210.0,80.0,210.0,2135030b-b8db-41fd-b6b7-635dda0ab53b,Piece,1
df75a94c-0051-4b51-ba99-eb0b900cc191,2114a6e9-294d-4c47-9fa5-64c9abac474b,63909d32-ff7d-4238-875b-2d7ebffedc72,sprite 500 ml,54491069,1,130.0,85.0,130.0,bbbc982c-4ef4-4a12-bdb5-82b369ee4edf,Piece,1
1a09d2e3-18ff-4539-8d6d-9b7d28005558,2114a6e9-294d-4c47-9fa5-64c9abac474b,8bc30964-e703-4aa4-ab2e-b4cbc2077d25,ZERO NEXT,8964001179696,1,130.0,76.6,130.0,c0ea9540-57c8-49cd-934d-8b5e8ec42e8a,Piece,1
d557a7dc-e9bb-4ab4-8a63-3b5476dc3f3b,2114a6e9-294d-4c47-9fa5-64c9abac474b,58b5e23c-2fbf-49e9-857a-fd0245e4b537,7up 500ML,8964002343959,1,130.0,91.66,130.0,9ef0b418-16b3-446f-95ba-f5c1931f9e3a,Piece,1
86418eb5-35e1-4a79-aa0a-b23efdfb7eaa,2114a6e9-294d-4c47-9fa5-64c9abac474b,296944b9-ea79-469c-8425-f11d6e4b7eed,CAPSTAN RED,1230364618200,4,15.0,12.1,60.0,a1bc6a6f-ad8f-468b-afac-44ec8574811d,Piece,4
454e37ea-5df4-48dd-be76-a3cc60b1deaa,22062702-9ae2-4f91-9113-22abb0e0310a,9b8a64b3-0eff-49bd-a7e9-7ae1f4c6211f,Capstan White,89600078,3,15.0,12.5,45.0,2ee97f16-83f8-4fe8-8004-f20228fc010c,piece,3
44563f17-ff61-43a0-a052-e72275444265,22062702-9ae2-4f91-9113-22abb0e0310a,4ea8ab87-bf13-4523-b83d-509c89f52789,hockey match stick,9231012019358,1,5.0,3.0,5.0,21683564-a53b-4d8c-a0a6-4066d1367085,Piece,1
afc57d24-fde7-4435-a059-8d97d9d1c1bf,249798ab-09b8-4694-a752-75eb48255670,2b8b66f9-ccbd-47b0-9153-dac56d965f8b,Nesfruta mango,8961008221922,1,90.0,47.1,90.0,e866781d-b538-47a4-ac7e-d51be072e273,Piece,1
14067ced-7740-4a2e-b366-03c94a58d6e2,249798ab-09b8-4694-a752-75eb48255670,e8d89fdc-a014-4aef-a350-286553b48eb4,frisky orange wafears,8965310055138,1,30.0,24.9,30.0,8c4feed7-26bd-44b6-9720-4f26bb14bb93,Piece,1
d4dbb232-25d5-49d5-8855-7635ba30d8f7,2502e482-af0a-4221-a5a2-38a2d8418671,8d461728-be1b-440c-86ee-f7a31b9a6d27,Chocolatto,870572008007,2,10.0,9.31,20.0,08a6ddec-263a-4d1b-9f75-5a39630e6b76,Piece,2
ade070f6-4a48-4df9-be79-3772530b853c,27d8cd1b-b53c-4a88-84b7-bb838dd97807,975cf5aa-4ec6-4b0f-bd0b-a79640860da8,CHOICE,9254120000254,1,40.0,22.5,40.0,45baadf7-3c4f-430c-b19c-ed8a6e8538df,Piece,1
8b7d0a84-98c7-4493-ba85-1158aa3cdae9,2845f83b-9ff0-4fc9-8b63-89def577198d,403ea510-fb07-48bc-a730-8f1f2391b3be,STING L,8964000101704,1,140.0,105.8,140.0,7b817808-9ae8-4d8f-9f89-3f3e11cfe183,Piece,1
66d86d4d-257c-489d-8048-3db366124284,2845f83b-9ff0-4fc9-8b63-89def577198d,d708baee-e4e6-44b7-89a0-5214eeebce4f,prince chocolate,8961003612572,1,50.0,45.0,50.0,556d6997-f2ee-4658-8b85-23a47795b274,Piece,1
ec3a056e-b67d-4dc8-badf-b5ad008eb709,29bafa8b-0c18-4cc2-ae84-1d75591edf01,0259bc33-815c-4165-8546-2a8111e16f62,Cornetto Cookies,8961014033465,2,140.0,123.0,280.0,5fe3a816-e126-4be5-9048-c788da7a8da8,Piece,2
7000c6ab-119e-49f2-9133-ac0ed6789611,2d614ce8-8aaa-4bd9-99df-388c54ec8b89,e1c7461f-fe2c-43cc-b072-ab2fcdd767ed,olper pack,8964000919934,4,100.0,85.0,400.0,610b7a9f-fa8f-480c-8da4-d5bb1121252c,Piece,4
8ec3ace3-a325-40a4-9baa-88615381690c,30f42a4b-4b68-4c83-9c13-c7ec9524c6da,30e73934-8b1f-4e5b-8a7e-459183ab89ff,BENSON & HEDGES,ZIC2321183204,20,15.0,14.0,300.0,bd464178-34a5-4c51-ab7a-fb38e14501f9,Box,1
a0e6e8ec-f1b1-4fcc-b78e-eec1d343258d,338f7edd-252f-4b7d-9045-336387e13403,5a5154d9-6994-4dee-9011-efd865af1c8f,GOLD LEAF,1232097295550,20,25.0,24.5,500.0,38175889-2f66-461f-8e62-69907628ca63,Box,1
2325ed77-72fb-40ab-b0de-25ed452bf725,338f7edd-252f-4b7d-9045-336387e13403,bdfbec09-02b6-43e1-834e-c6f25f2250da,egg,1239923458738,12,22.5,20.44,270.0,bdd4c51e-e07c-42e7-b727-d85d00d994f8,dozen,1
b8238aad-f7f6-40a1-a1e8-16ecbad33b69,338f7edd-252f-4b7d-9045-336387e13403,0641e502-0965-44db-bcf9-104cf2a42f37,FRUITIEN Peach,8964000876480,2,60.0,45.0,120.0,469fcf86-77ad-4d28-ac5d-44cace081107,Piece,2
2a7a21a1-7e73-4733-9478-21d668fb89b7,338f7edd-252f-4b7d-9045-336387e13403,6f62f74f-7ee8-42e9-9657-15f8ca0cea38,frisky cream,8965310055183,2,50.0,43.7,100.0,9533f3ca-1b22-4f01-bfdd-4249b8c23f91,Piece,2
be300b2c-ecd9-4e5b-a1ee-0741ff2faa8a,338f7edd-252f-4b7d-9045-336387e13403,64a0260c-b4ff-42bc-a28d-16f0668b16d6,lays masala,8964002345649,2,30.0,27.6,60.0,0ca93a56-dbb6-4176-a2cf-8ac8c48a6f5d,Piece,2
c81dde9a-2bd3-4f3c-ac18-e3304a39f2a2,338f7edd-252f-4b7d-9045-336387e13403,7ed42805-38c4-44c2-805e-9649ba76fdf2,TWIN CAKE,6446371285174,2,100.0,43.3,200.0,67f5fa01-7d31-4318-97de-2b84a2b16a48,Piece,2
f4717ff7-7b01-48ea-a571-f943f266df8a,338f7edd-252f-4b7d-9045-336387e13403,5c6d4d3f-05ec-41c5-a62e-de8e160f6fb6,Lays FC,8964002346899,1,70.0,63.5,70.0,de26888e-9afa-4263-80f7-ec7794c53e66,Piece,1
3aeb74a4-95e9-4f26-a990-f0ed608d907a,338f7edd-252f-4b7d-9045-336387e13403,a3649557-f3b6-4a2d-80a9-9a5447a3ebb3,Lays Y&H,8964002345625,1,50.0,45.8,50.0,0330369f-7d98-41fd-9a17-6bd07de63b61,Piece,1
8999238d-ea66-4409-aa35-012002595215,338f7edd-252f-4b7d-9045-336387e13403,38c5ff9f-dc9e-41b8-bec4-fa01f779b45b,pizzo,8961103061577,2,30.0,25.5,60.0,db6d3c83-5d97-4e7d-849b-2881a6a6aff9,Piece,2
5a16e615-896c-4481-89cc-34b603178e22,338f7edd-252f-4b7d-9045-336387e13403,a22eb9b4-0fa6-49c9-b5c6-df7f4d47865c,doni,6156783805784,2,50.0,26.0,100.0,2a81ca7c-2dfb-4952-9cc7-4b171e22c481,Piece,2
d27b612c-e50f-41cf-9afd-06379a3a0139,338f7edd-252f-4b7d-9045-336387e13403,16aaea48-fe9c-4a96-8c0e-5fa79cd3fca1,cocomo,8961103500359,2,10.0,9.5,20.0,60a15580-472f-4b42-8bb2-2863cf1872c0,Piece,2
7e250fdb-cb04-4908-9b19-4dd1d25ffb3c,338f7edd-252f-4b7d-9045-336387e13403,8d461728-be1b-440c-86ee-f7a31b9a6d27,Chocolatto,870572008007,2,10.0,9.31,20.0,08a6ddec-263a-4d1b-9f75-5a39630e6b76,Piece,2
fb2dd963-0c3a-4817-a34c-a76c4f57955f,338f7edd-252f-4b7d-9045-336387e13403,35975484-bb93-4bfb-97c2-d359b967925e,paradise,870572004665,2,10.0,9.0,20.0,8bd05ef6-f7f5-4c81-8fd1-f7a9ff3b1af8,Piece,2
ffa7c0c9-3ea5-4555-8cb5-d0c6e18e78e4,33af5380-e340-4d46-9bf0-cbb56c9b34bc,df83db32-d270-4a08-8f67-85f4967a923d,Red & White,89600320,2,10.0,9.5,20.0,4c010ae2-567a-4d9a-a3ee-7be8b0099de4,Piece,2
89161b4f-d7d2-4c83-b148-3137f12c78b0,3747da08-77ca-4d09-8d64-43a075c52a71,c3551759-c1ef-47f5-b230-77bce4c2f476,Brite s/pack,8886950015279,2,10.0,9.17,20.0,65d64d63-9e6f-4416-9618-7a79123a69a1,Piece,2
4cbdb53d-ce8e-429b-b29e-be88d142e9e8,37ae0dfc-dfc0-493d-bca3-5dffe2d5d349,d0d145d6-02df-41db-a162-1cf9cc090b5a,Kurkure CC,8964002347377,1,60.0,56.15,60.0,c47dfc18-002e-45d2-b2bb-f42b1a8d06b3,Piece,1
5ec3b044-228d-4a27-885b-0d3e582155b9,37ae0dfc-dfc0-493d-bca3-5dffe2d5d349,89f084ac-a196-47fb-8e25-4e4bd3160c50,STING SMALL,8964000101551,1,100.0,73.0,100.0,24a9904c-bbbb-433e-b85c-bc70707d653c,Piece,1
51f5ece2-b6a3-41cc-bf47-432258314f4c,38f2d504-fa6d-409e-a91b-4b011c6afebf,3f7934a0-0b96-4a05-a2ef-22b01f6f6389,Booster,8964000031858,1,100.0,65.0,100.0,75cf28b1-c147-43e7-afde-8bc91ffc4e43,Piece,1
09868057-4930-40cb-9968-705f0eb1cc5f,38f2d504-fa6d-409e-a91b-4b011c6afebf,6292f1ea-593d-4a96-9ed4-22cf653565c3,FRISKY CHOCALATE WAFER,8965310045238,1,150.0,125.0,150.0,e3a98064-796a-4af2-b0a2-cdfd32ad26f3,Piece,1
7073b50c-0fe6-4e5d-9d39-b4dcdbcd671e,38f2d504-fa6d-409e-a91b-4b011c6afebf,3f5cee21-a933-407b-9a6a-6daf3ac36e75,Lays T BBQ,8964002346783,2,50.0,45.8,100.0,6cf35150-fa6e-4af5-9c23-b44badc0b7b6,Piece,2
b47737f5-6333-487d-8a40-142927d26d76,38f2d504-fa6d-409e-a91b-4b011c6afebf,5c6d4d3f-05ec-41c5-a62e-de8e160f6fb6,Lays FC,8964002346899,1,70.0,63.5,70.0,de26888e-9afa-4263-80f7-ec7794c53e66,Piece,1
bab814cc-b2d4-42a5-837a-3bcf6e35e93a,38f2d504-fa6d-409e-a91b-4b011c6afebf,d24bbc5f-3fd1-410d-9a57-74e81ed86362,Zia Peanut,8964003813390,3,50.0,41.6,150.0,cbb97db4-8292-477b-a912-3174dca1594b,Piece,3
3eff1e5d-45cc-4dec-9b06-3281820b6be9,38f2d504-fa6d-409e-a91b-4b011c6afebf,1e6935b5-f19e-4bed-b5d3-be70952a3f7d,TWICH,671866277891,1,50.0,45.83,50.0,b24542d2-182c-4f6b-ad05-efbdbd462b88,Piece,1
e62883dc-2c54-4561-acfc-e6049f09c1d8,38f2d504-fa6d-409e-a91b-4b011c6afebf,b774485e-d9ac-4d19-83fd-38f4fbd186be,Ringli,745240202097,1,60.0,45.83,60.0,f34784af-8398-4785-ba46-8eec841cc57d,Piece,1
0bf9d591-c433-4131-b093-809ab980f36e,38f2d504-fa6d-409e-a91b-4b011c6afebf,8f421553-10c3-4fa2-9e4d-51f5bbc06cbc,KURKURAY TM,8964002347278,1,40.0,36.9,40.0,74737246-4041-42e1-b1a9-1a501d24fe22,Piece,1
f079ca21-464b-4d96-8717-9e4e28848762,38f2d504-fa6d-409e-a91b-4b011c6afebf,3576a48f-6330-4bcd-bf54-7383eca28c85,FV RED GRAPES,8961008222776,3,90.0,67.0,270.0,265a895e-8fbc-4bf6-843c-c03e044903d6,Piece,3
8abaa075-472c-4141-a8a3-dfd7228c1fbd,38f2d504-fa6d-409e-a91b-4b011c6afebf,2b8b66f9-ccbd-47b0-9153-dac56d965f8b,Nesfruta mango,8961008221922,4,90.0,47.1,360.0,e866781d-b538-47a4-ac7e-d51be072e273,Piece,4
a0db17b9-7a74-42a3-bda8-7834ab02f717,39167fc2-810e-45b6-851f-184dc630bd97,a3649557-f3b6-4a2d-80a9-9a5447a3ebb3,Lays Y&H,8964002345625,2,50.0,45.8,100.0,0330369f-7d98-41fd-9a17-6bd07de63b61,Piece,2
54205fe9-cda0-4def-b159-f9a8e4bce4ff,39f462b4-83f6-4109-9cfb-82716fccb616,df83db32-d270-4a08-8f67-85f4967a923d,Red & White,89600320,9,10.0,9.5,90.0,4c010ae2-567a-4d9a-a3ee-7be8b0099de4,Piece,9
298d05ae-b723-4227-857e-8cdfdfd0da64,39f462b4-83f6-4109-9cfb-82716fccb616,4ea8ab87-bf13-4523-b83d-509c89f52789,hockey match stick,9231012019358,2,5.0,3.0,10.0,21683564-a53b-4d8c-a0a6-4066d1367085,Piece,2
6f4dfcdd-6582-4f6e-88f3-08b373bdedab,3b76dcd4-0da5-4b29-a597-8d1e66d4c583,296944b9-ea79-469c-8425-f11d6e4b7eed,CAPSTAN RED,1230364618200,20,12.5,12.1,250.0,e9169ce5-618b-4046-9957-a321013f7b75,box,1
e095af72-3eec-4cdd-8288-96c311677cec,3bba06a3-734e-4ac6-a288-b09bc39476a7,7a17eafb-adc5-4fe4-823a-276a0aef8f80,Sprite Mint 350ml,5449000283467,1,90.0,65.0,90.0,7253e00e-b639-4f94-8f55-afe8c41730f3,Piece,1
651c4929-2bf4-4b83-a0cc-19d979564960,3c3f8ba6-c54d-48e6-8ce9-a9eb1ffc7629,0030e6f8-ce9d-4dcb-b07d-b979d0eacb40,lighter g,1235472321332,1,50.0,25.0,50.0,117efac9-2e8f-457b-a08e-e3c4794fe368,Piece,1
180c9f52-e3fd-4156-ade5-19e6ca7d8901,3c3f8ba6-c54d-48e6-8ce9-a9eb1ffc7629,296944b9-ea79-469c-8425-f11d6e4b7eed,CAPSTAN RED,1230364618200,1,15.0,12.1,15.0,a1bc6a6f-ad8f-468b-afac-44ec8574811d,Piece,1
19bf7271-fcda-46eb-99d1-01bc52869859,3c9d84bf-ec87-425e-80a5-e516e7394d5f,296944b9-ea79-469c-8425-f11d6e4b7eed,CAPSTAN RED,1230364618200,2,15.0,12.1,30.0,a1bc6a6f-ad8f-468b-afac-44ec8574811d,Piece,2
9f8c36e6-360d-4a41-bd5d-fedd51a7f0be,3cd4af40-3906-4389-ac52-a4b3fb924614,403ea510-fb07-48bc-a730-8f1f2391b3be,STING L,8964000101704,2,140.0,105.8,280.0,7b817808-9ae8-4d8f-9f89-3f3e11cfe183,Piece,2
8b29b766-360b-477f-9873-8e38cd3278b9,3d1d60d6-1c52-4456-ac37-01267ea47549,e8a7c3a5-a50a-4998-a654-c58b46116d4a,cornetto c,8721274610437,1,140.0,130.0,140.0,4013238f-d403-4755-a2d3-e73fc6730f6c,Piece,1
01624686-1e27-4b38-a4a4-b6297abb6395,3d1d60d6-1c52-4456-ac37-01267ea47549,0084bf1f-7beb-4c04-9848-2ce0fa28b44e,Chaunsa Mango Cup,8961014033755,1,90.0,77.55,90.0,648aa092-3ee6-4c96-87c6-5610d6e3e4dc,Piece,1
5474a16b-992d-4ff3-a7f9-aed7df98f014,413094ff-2269-4739-ae61-3eeb5df4e3bf,ebecba97-a5dc-432a-a675-b07992cfe188,DUNHILL,89600047,5,40.0,29.0,200.0,e30bac80-5143-46a2-bc24-9d55462bcce4,Piece,5
8d7c988e-fee0-4129-9674-15bf0c406d8e,413094ff-2269-4739-ae61-3eeb5df4e3bf,df83db32-d270-4a08-8f67-85f4967a923d,Red & White,89600320,2,10.0,9.5,20.0,4c010ae2-567a-4d9a-a3ee-7be8b0099de4,Piece,2
36bd4396-9756-4438-a10d-0e14975018a7,413094ff-2269-4739-ae61-3eeb5df4e3bf,8af4077d-37f1-441f-936d-9507cb56ca9d,candy,1232784048698,4,5.0,3.5,20.0,7534df49-d891-461a-8b69-7d03cb9ce755,Piece,4
7d0640e2-c666-45fd-a4d1-295c82520b83,41dcac28-13cd-41e5-9f30-063c863c9c13,296944b9-ea79-469c-8425-f11d6e4b7eed,CAPSTAN RED,1230364618200,10,14.0,12.25,140.0,0ea2547b-ff52-4fd2-a713-c4c425c19caa,Half box,1
9e8df419-1dd8-4491-97ef-bafda5335e06,41dcac28-13cd-41e5-9f30-063c863c9c13,2505a9e6-32d6-425c-8c5d-d31507ce904d,lighter,1236376536280,1,40.0,21.0,40.0,4b1a6d94-51e0-4c20-8be3-f4e43962efbf,Piece,1
9e448c0f-352d-4974-8a73-521a7f49926b,437ac1dd-deb7-4498-8752-cc8844958565,ebecba97-a5dc-432a-a675-b07992cfe188,DUNHILL,89600047,20,30.0,29.5,600.0,4d75b869-1d20-4862-9c75-0c8a26f90c5d,Box,1
12c2f8b5-54a8-4cde-b7ce-5d686d453a07,446cf113-c5f2-4799-8244-2cbdce0c4ff3,df83db32-d270-4a08-8f67-85f4967a923d,Red & White,89600320,1,10.0,9.5,10.0,4c010ae2-567a-4d9a-a3ee-7be8b0099de4,Piece,1
d5602103-8d64-4398-bb81-bfff79700257,446cf113-c5f2-4799-8244-2cbdce0c4ff3,727fb333-3c91-459b-abef-370df5b186a5,cocomo,8961103500236,1,10.0,9.16,10.0,65c14f2c-759a-4b05-aba5-23b13a2b0a6c,Piece,1
9f31d0de-4a23-4250-aa8e-e33e1c7d68d4,44c19bf2-7653-4ed0-915d-a413c08d4851,408d572f-88a0-4421-b412-bc4d41a5acf9,DISPOSIBLEPLATE,1232646589291,5,10.0,6.75,50.0,60a0fffd-26e7-405c-b06d-a86eb5749928,Piece,5
25747675-7a15-44d9-89c1-67a425bfc9c1,45c2bb23-e604-45fe-b9dc-033528463b55,94dfb024-8c6c-405a-96d6-b55f7533632f,SPRITE 350ML,40822099,1,90.0,58.67,90.0,f6f3d17b-323d-46a3-b7a4-41b79602b907,Piece,1
2cdb75cd-2c2c-406e-9a8c-5d9abf313429,45c2bb23-e604-45fe-b9dc-033528463b55,6b21c075-c752-4bf7-a4c2-2a4c8441c546,sifarish khan,1232255618481,1,30.0,25.0,30.0,289e28e9-66d0-4026-9fd4-67bfa88cb04c,Piece,1
0719be48-e66b-4227-95e2-31fa33c4fddc,45c2bb23-e604-45fe-b9dc-033528463b55,8af4077d-37f1-441f-936d-9507cb56ca9d,candy,1232784048698,4,5.0,3.5,20.0,7534df49-d891-461a-8b69-7d03cb9ce755,Piece,4
6e5edb16-5607-488c-88a8-852b7b630f48,46faab9a-c1df-4c68-8faa-4345fad35ddf,703fed95-a97a-445f-a360-58f61a913e50,Fast data cable,6985500000207,1,250.0,70.0,250.0,095b7293-7499-4f01-8e66-e4ae68f8ce69,Piece,1
26b5f900-8207-44b3-bdbb-4b3073a133cd,47553240-64e7-4e08-8953-ddadee88ce69,df83db32-d270-4a08-8f67-85f4967a923d,Red & White,89600320,10,10.0,9.5,100.0,9906134c-2d34-42ea-8503-8a4aeb21af05,Half Box,1
d6251c7f-4a29-4fdf-9163-1dccd1acabae,477aefe1-0e84-41fc-bb0d-f737386261f1,66df3d12-aa8d-486d-9453-71ff83e9c349,HARVEST BLESSING,725765019110,1,100.0,50.0,100.0,3d0746b5-edc3-4bdb-b424-00495bba7b62,Piece,1
2dcfd2ef-5ac5-428b-9612-a770bb510c16,48895768-26c1-4c09-aee0-18c8ce41d85c,2076a146-9376-46e2-94e8-9967d3cd53c5,Sprite 1L,5449000050939,1,170.0,133.0,170.0,91a6b489-9f54-49c4-99e9-c7010383fe3c,Piece,1
a4813ef4-567b-49a1-b7d9-b82597eb9d6b,4a88e684-25c0-4684-9782-0e4e7e135317,5be51e9e-2662-40d1-95cd-46e597947f39,speed sweep,8068649500321,1,200.0,80.0,200.0,0cb11dea-6edc-4bb0-bcfd-0c6e21d3f669,Piece,1
0dd5d4b1-08e0-4c93-a84f-e8ff74850fe2,4a88e684-25c0-4684-9782-0e4e7e135317,ae973236-8bea-4d7c-bcfc-2e96b5e5964f,flash magic,9874584425457,1,60.0,50.0,60.0,dbb836de-6e4f-4d4b-a1b8-efe793bb333a,Piece,1
88c9d07d-66be-4e7b-90d8-db03ae99c9cc,4a88e684-25c0-4684-9782-0e4e7e135317,bdfbec09-02b6-43e1-834e-c6f25f2250da,egg,1239923458738,6,22.5,20.0,135.0,1a65cdb6-05dd-4c13-8555-642c6262bc4e,Piece,6
32c165a9-84cc-4a30-9472-9a04ec34556b,4a88e684-25c0-4684-9782-0e4e7e135317,84cd2bbe-ae4a-4e24-8f59-f397c4a08673,fruit bar,6260910103701,3,50.0,35.0,150.0,fbce8ec9-b273-4171-bfc1-106ac3cda061,Piece,3
a6b49fe0-d4ca-453f-988a-772a2b7f632f,4a88e684-25c0-4684-9782-0e4e7e135317,12b2be12-d0a6-4da3-804e-f01c740ee3e1,CakeUp D-CHOCOLATE,8964003594084,2,30.0,27.0,60.0,8126f22b-c6b4-4840-8931-403ad63735e6,Piece,2
b0f2a617-c289-48ed-b6c1-a040e52e8518,4a88e684-25c0-4684-9782-0e4e7e135317,a0d73e84-3975-4363-94b7-7d0543561214,CocoMo Strwaberry,8961103500373,2,10.0,9.3,20.0,31051270-55d7-4539-8199-05b509d4c79c,Piece,2
b2aa82bf-2e68-4ee2-879e-b8db7d6b6c90,4a88e684-25c0-4684-9782-0e4e7e135317,b8106d87-eb2b-4a4c-bcd9-ebd7b40708e2,lays classic,8964000090596,2,20.0,18.0,40.0,1f70884a-93dd-4a74-954a-95cc02ac4bf6,Piece,2
f47031ef-e003-4f25-b3de-399cbc9fc28a,4a88e684-25c0-4684-9782-0e4e7e135317,6f62f74f-7ee8-42e9-9657-15f8ca0cea38,frisky cream,8965310055183,2,50.0,43.7,100.0,9533f3ca-1b22-4f01-bfdd-4249b8c23f91,Piece,2
62fc503d-ad9f-493d-82cf-c81ed22e459e,4b28d53d-e560-4eb6-870e-d665fb265bdf,209803ee-2c70-4f8b-82d4-30e12f0a0a97,Butter,8961003021749,1,50.0,44.62,50.0,c04dbff1-973f-49b2-92d8-211446454384,Piece,1
c2e21e1d-ad76-4ad9-8623-b641f4b1e959,4b28d53d-e560-4eb6-870e-d665fb265bdf,ce62999a-de27-480f-948e-99781cd6c65f,WAFERS,6446372651510,1,40.0,26.2,40.0,2ad29db4-0b5d-433d-94ea-6e87bfaa1bc8,Piece,1
41a9ccbb-3a37-4054-9885-ea3165ea5a3e,4b8030fa-3993-408f-b161-a7cf8bdfe08f,5518f5e0-aef7-4c52-9d00-60487d01ab5f,RIO DOUBBLE CHOC,8964003593841,1,50.0,45.0,50.0,00446bf2-2bf9-4a53-ba02-bfdc948e3df9,Piece,1
f3fde80b-1db9-43c1-ba87-2c1310de36ee,4ca4c0dc-ff76-4f3a-a5db-b58aa6aecfac,1c7d4a02-65dd-4eef-9adb-e6525e3a7bc0,FABULOUS PCC,8965310055589,4,30.0,27.0,120.0,48d72b2f-a9f9-4b2b-bcac-2ab5fc63bd76,Piece,4
7118a708-effa-4e01-8d85-4d7b21a93045,4d49d582-addf-43d6-9da9-ed772b3836ea,9b8a64b3-0eff-49bd-a7e9-7ae1f4c6211f,Capstan White,89600078,4,15.0,12.5,60.0,2ee97f16-83f8-4fe8-8004-f20228fc010c,piece,4
b6e989a9-d7b7-414c-a90d-e1b36947754d,4e614a41-d789-451f-b183-e0ab52a03804,8af4077d-37f1-441f-936d-9507cb56ca9d,candy,1232784048698,2,5.0,3.5,10.0,7534df49-d891-461a-8b69-7d03cb9ce755,Piece,2
76c9d387-2c88-44f4-bf8e-fb1126d4eccf,4e99e745-e939-4950-b4a2-c3208c511cfd,63f00a80-cb39-4cd7-ad56-99bead38d732,Cornetto D CHOCOLATE,8961014033458,1,140.0,122.0,140.0,a8cc5828-8eaf-4462-8806-1c915ddeb88f,Piece,1
895d0186-ff22-411e-92c7-332162699608,4e99e745-e939-4950-b4a2-c3208c511cfd,1ef410cd-7a94-44af-b517-d8100813a45a,DONUT,8961014017564,1,100.0,91.16,100.0,9c11edf3-677c-4388-941e-807919db36a3,Piece,1
429987b0-6b9d-4ea0-a989-e476a4d2fc1a,4e99e745-e939-4950-b4a2-c3208c511cfd,296944b9-ea79-469c-8425-f11d6e4b7eed,CAPSTAN RED,1230364618200,3,15.0,12.1,45.0,a1bc6a6f-ad8f-468b-afac-44ec8574811d,Piece,3
914a4db2-b3c6-4f13-a327-054f183a3b4f,4e99e745-e939-4950-b4a2-c3208c511cfd,a8845b15-c816-4634-9dff-70d954fd37a6,ARCO LIGHTER,1239536364303,1,200.0,72.0,200.0,e5860ef9-efb7-4a59-8b20-446e25dbf22e,Piece,1
9594f926-6b03-4d17-bcde-b3e070e16410,518118bf-f82c-41ee-9d0b-549f9d88b03b,8bc30964-e703-4aa4-ab2e-b4cbc2077d25,ZERO NEXT,8964001179696,2,130.0,76.6,260.0,c0ea9540-57c8-49cd-934d-8b5e8ec42e8a,Piece,2
2d50e17a-3a1a-4012-806f-69d677b29d57,518118bf-f82c-41ee-9d0b-549f9d88b03b,9daf2a5f-0602-4d63-83a7-24b2d2ec63d7,trident watermelon,070221008741,1,500.0,362.5,500.0,2df8d8d5-4158-488a-8dc7-a17245bc3e35,Piece,1
e3289434-52f5-48f1-804e-b13edd99abea,518118bf-f82c-41ee-9d0b-549f9d88b03b,2505a9e6-32d6-425c-8c5d-d31507ce904d,lighter,1236376536280,1,40.0,21.0,40.0,4b1a6d94-51e0-4c20-8be3-f4e43962efbf,Piece,1
50c76218-8639-427b-924b-3119eb33e20b,51fdfa65-8ac4-4db8-b8e9-c68c0f541cdf,6c6ccff1-14e0-4b77-884d-ac35c4441fbd,MOO,8961014017595,1,50.0,44.08,50.0,486c4a3e-978a-4702-95e2-9d661806f528,Piece,1
5e68702a-7b63-4d47-a23b-08f10b8b6ec8,51fdfa65-8ac4-4db8-b8e9-c68c0f541cdf,3e5b2347-cad4-4573-ae1d-122c611fb125,CHOC STICK,8721274610499,1,50.0,32.0,50.0,ef191681-8765-4a72-b543-9cff19c60167,Piece,1
1f062de8-866f-4ae7-9b86-34e2feee35b0,51fdfa65-8ac4-4db8-b8e9-c68c0f541cdf,3ec91c94-8be1-4717-8435-6bcd92070dc1,Feast Chocolate,8721274610406,1,100.0,86.1,100.0,b6e97872-e4be-4158-b9ca-3adb4c7c05e7,Piece,1
528dca65-2529-41a5-ae6b-0d9e2321476b,51fdfa65-8ac4-4db8-b8e9-c68c0f541cdf,fd5e9b8c-d662-4759-aa2d-52ffc324740e,Kurkure CC,8964002347353,1,40.0,36.0,40.0,3f7ce760-8133-42c5-83ec-4f380f2626ff,Piece,1
3d24a06c-3ef9-4569-9c70-1ef7c718c9a5,51fdfa65-8ac4-4db8-b8e9-c68c0f541cdf,90ffa419-8bc9-4c39-81e1-cffb74841141,FIZUP,8964001179719,1,70.0,52.0,70.0,3f782984-279e-4f0c-9120-822961a7584c,Piece,1
493beb17-ebc3-4091-a0da-0390d58031e0,53f82328-ce03-486a-ae06-8f9e6a8b92e7,7a17eafb-adc5-4fe4-823a-276a0aef8f80,Sprite Mint 350ml,5449000283467,1,90.0,65.0,90.0,7253e00e-b639-4f94-8f55-afe8c41730f3,Piece,1
72a510a8-4468-4fd8-8473-f9183ba9c911,5495c65c-ecb9-42e3-bcb2-aebb9998d6d1,00f57e87-f340-4c93-bc4e-58e5a27a42ac,JAMBO POPS,5920808549202,1,60.0,41.66,60.0,17a4ea76-9c53-44b6-afa8-13aede67eb6e,Piece,1
c692953d-a14b-456e-8e27-80c98ed80fce,5495c65c-ecb9-42e3-bcb2-aebb9998d6d1,a53ad854-8545-44f3-8147-1b275cce0b86,Glace Peanuts,745240202554,1,50.0,45.0,50.0,24cec4be-aae6-4a8c-89f4-31515df3a896,Piece,1
8f0fe726-d137-4cd3-bfba-fe9e10b28c53,5495c65c-ecb9-42e3-bcb2-aebb9998d6d1,10ebe327-96fb-4e2c-9292-ee7ccf3b8127,local fry,8964000695555,2,10.0,8.0,20.0,ca63db85-6796-4904-8894-101cfc6813be,Piece,2
116f3a00-ace0-494e-af7f-a5d4901f6e98,5495c65c-ecb9-42e3-bcb2-aebb9998d6d1,66a64cc9-3d36-4ec9-94c4-fd0e9a56f32c,Lays Masala,8964000090602,1,20.0,18.0,20.0,c40492ef-d853-48e0-9c39-df0966445872,Piece,1
9cb3c68a-c79c-4371-9e45-a60bbf5db06b,5495c65c-ecb9-42e3-bcb2-aebb9998d6d1,934bac57-0746-440b-abc8-5913b5919788,bistiks,8961003024016,1,40.0,37.36,40.0,2051ee12-91bc-4418-b071-0f15a5f5944b,Piece,1
4bc60e99-2ceb-442c-953e-10a3ef31aafd,5495c65c-ecb9-42e3-bcb2-aebb9998d6d1,803abf58-b795-4269-b600-24495d5cf25c,pizzo jelly,8961103066053,1,50.0,40.0,50.0,98e77508-0465-4343-85c6-bd4c4c70c923,Piece,1
11a7fb76-3af4-4c7a-be49-e0050d8d6326,5495c65c-ecb9-42e3-bcb2-aebb9998d6d1,2f0bd3d2-d095-4cbd-a674-9d1776c2e43a,Zia Mix Nimco,8964002429936,1,50.0,41.6,50.0,60f345fa-41ee-4b27-8c95-1a22adb06e14,Piece,1
d11d8d6a-720a-4622-a90d-7a1400980dd4,5495c65c-ecb9-42e3-bcb2-aebb9998d6d1,8af4077d-37f1-441f-936d-9507cb56ca9d,candy,1232784048698,2,5.0,3.5,10.0,7534df49-d891-461a-8b69-7d03cb9ce755,Piece,2
ef104d6c-7ca7-480d-94fb-02119d50ba00,54d2a279-1cee-4cc4-b656-3eea56ea4ef5,2c73a736-486c-4dbf-8528-fe9ce200d4e8,COCA COLA 1.5L,5449000051981,1,210.0,164.0,210.0,3970e731-82d1-42c7-95be-861d4545f819,Piece,1
aa192f1c-9611-4cee-b420-4fff4d100363,56db4034-e843-4fbc-86f9-de2e5acd0e07,9b065f86-0ca4-468a-be5f-822a3682b1d2,eno,1230569384276,1,20.0,17.0,20.0,82466abe-f720-4677-b6c9-595ef4a7725f,Piece,1
3c5f6909-0f9f-4ee6-b2e9-d604f5d16ed5,58c48613-ebc1-4395-b333-988303e00c7c,b7a92d69-b3fb-40cb-aab5-24b611e93366,trident pineapple,070221013905,1,500.0,363.0,500.0,0cb4898c-2107-4a8f-8a0a-6bd144ab0470,Piece,1
6a91c486-2f34-4cb7-a70a-73b74d7c1b88,58c48613-ebc1-4395-b333-988303e00c7c,3c8d628b-b789-4305-adc4-a240960e227d,small Cars,1231284218068,3,100.0,45.0,300.0,52d31325-21da-4645-ac37-c325e63f3114,Piece,3
b9d3351e-1d40-49d3-b593-494b1efcdb6f,5bb71d06-ddbb-42f9-add8-70f64072b4b5,b670459a-e326-4490-bf85-c717dd6912df,SLICE APPLE,8964000103104,1,80.0,43.4,80.0,962458d9-d8a4-496e-b26d-a36295416f95,Piece,1
c07ca5e9-4b62-4eda-8ad1-3e74911c4434,5bb71d06-ddbb-42f9-add8-70f64072b4b5,6b21c075-c752-4bf7-a4c2-2a4c8441c546,sifarish khan,1232255618481,1,30.0,25.0,30.0,289e28e9-66d0-4026-9fd4-67bfa88cb04c,Piece,1
1688ffe5-31cb-49f9-a17d-62abb136ae01,5c9919b2-4456-43c2-ba70-feb5fb95abac,8f421553-10c3-4fa2-9e4d-51f5bbc06cbc,KURKURAY TM,8964002347278,1,40.0,36.9,40.0,74737246-4041-42e1-b1a9-1a501d24fe22,Piece,1
1ad93b2c-f3ce-42d3-ae14-4ba9dc427c0c,5df35ff9-180b-4e12-83dd-44492b0f98e5,296944b9-ea79-469c-8425-f11d6e4b7eed,CAPSTAN RED,1230364618200,2,15.0,12.1,30.0,a1bc6a6f-ad8f-468b-afac-44ec8574811d,Piece,2
ee251913-c4f4-4e54-b9f6-d631bcfea7bf,5e213a30-9da0-4d41-90dc-0a45f75fde56,d708baee-e4e6-44b7-89a0-5214eeebce4f,prince chocolate,8961003612572,1,50.0,45.0,50.0,556d6997-f2ee-4658-8b85-23a47795b274,Piece,1
dedbf0e6-7368-4b45-a511-728d2d82918e,5f2b2e8a-8fb1-41aa-b2c0-d1d59e9e93ef,3e5b2347-cad4-4573-ae1d-122c611fb125,CHOC STICK,8721274610499,1,50.0,32.0,50.0,ef191681-8765-4a72-b543-9cff19c60167,Piece,1
3e5b4997-68da-47af-80c3-35fbc465fdc1,60cdf676-cd7b-409e-86f8-3aff39208ff0,296944b9-ea79-469c-8425-f11d6e4b7eed,CAPSTAN RED,1230364618200,20,12.5,12.1,250.0,e9169ce5-618b-4046-9957-a321013f7b75,box,1
45826cab-332a-4123-9f39-7ce52f181297,60cdf676-cd7b-409e-86f8-3aff39208ff0,c394cc41-51cb-49e9-ac0c-65d58bafba88,tops lychee,8964004433115,1,140.0,92.0,140.0,449dfcea-6750-4c24-a42e-9eb08a4f6a25,Piece,1
0b06ce6e-e0f1-4919-b15b-83660253fc08,60cdf676-cd7b-409e-86f8-3aff39208ff0,2b8b66f9-ccbd-47b0-9153-dac56d965f8b,Nesfruta mango,8961008221922,2,90.0,47.1,180.0,e866781d-b538-47a4-ac7e-d51be072e273,Piece,2
c5a3ff07-d3a7-4b3c-8e59-a306f14deeea,60cdf676-cd7b-409e-86f8-3aff39208ff0,6abe0705-cf6c-4797-b31c-49970049de31,CAKE UP,8964003593117,2,20.0,18.5,40.0,e9c8e6f8-53dc-4765-8700-29868400d569,Piece,2
4e5136ab-284d-4f3d-98f6-864dc4bd6dac,60cdf676-cd7b-409e-86f8-3aff39208ff0,a3649557-f3b6-4a2d-80a9-9a5447a3ebb3,Lays Y&H,8964002345625,2,50.0,45.8,100.0,0330369f-7d98-41fd-9a17-6bd07de63b61,Piece,2
0deadc09-a96e-4b2c-b760-16306a6f1501,60cdf676-cd7b-409e-86f8-3aff39208ff0,e101e5a8-3410-4e60-af94-bbe948876ffd,CANDY ORIGINAL,8961003679759,1,50.0,44.5,50.0,1391b547-210a-4a66-a3ca-93d482b74abf,Piece,1
fffce3a9-c572-4881-93a1-24fa0080e70e,60cdf676-cd7b-409e-86f8-3aff39208ff0,974851e3-6a77-4a75-b263-4666098c4ae5,Lays Masala,8964002346912,1,70.0,63.75,70.0,177832b6-40a2-4948-af00-6754a30a0f67,Piece,1
7983ba79-c95f-428b-8426-d4c127dcdbcb,60cdf676-cd7b-409e-86f8-3aff39208ff0,d0d145d6-02df-41db-a162-1cf9cc090b5a,Kurkure CC,8964002347377,1,60.0,56.15,60.0,c47dfc18-002e-45d2-b2bb-f42b1a8d06b3,Piece,1
4c4cd04c-1813-4852-bb1d-24f722209937,60cdf676-cd7b-409e-86f8-3aff39208ff0,dda2e4c1-8873-4517-aa9a-ecac0bde1363,Knight Rider,8923000375966,2,50.0,35.0,100.0,852283f2-89a3-4c2f-a15c-bdc982b7c311,Piece,2
cf0f83c7-3f83-4db6-b3da-3eb8d8ca4b32,60cdf676-cd7b-409e-86f8-3aff39208ff0,d8796b4b-5314-467f-9f25-42b0d0536dc2,SPOUT PEPPERMINT,671866277716,1,60.0,46.0,60.0,1083f11e-f72c-4e4e-96e3-95803ff880f7,Piece,1
fee7f8b0-c939-4473-b3b2-18f4a511cd89,63a9a452-339e-45e2-81c4-822f6f94ab6b,d0d145d6-02df-41db-a162-1cf9cc090b5a,Kurkure CC,8964002347377,1,60.0,56.15,60.0,c47dfc18-002e-45d2-b2bb-f42b1a8d06b3,Piece,1
a86e02d2-a123-4482-9f16-57b88c28a510,63a9a452-339e-45e2-81c4-822f6f94ab6b,1cee72b8-e407-4d1a-a1e7-67407b80f760,Annar Next,8964001179801,1,80.0,50.83,80.0,e48fc853-dab3-4a6b-8eee-877087ffd422,Piece,1
0eb7ba1c-8e73-4e92-92d8-2059fafd627a,63a9a452-339e-45e2-81c4-822f6f94ab6b,10ebe327-96fb-4e2c-9292-ee7ccf3b8127,local fry,8964000695555,1,10.0,8.0,10.0,ca63db85-6796-4904-8894-101cfc6813be,Piece,1
60a129cc-67ef-4a73-87ac-6815dfb08cc7,63d8153e-5461-4b90-8c7e-0553c6177015,e07be54a-ef99-4d68-97db-58a730462337,MILANO,815082008130,1,200.0,165.0,200.0,a85e2866-0d3f-4bd2-80f6-a598982e48e0,Box,1
68be0cb3-ceb2-401b-8a4e-d2d5e997aa7e,67c3406a-463b-4a00-9b84-a9bdab3fc3f7,296944b9-ea79-469c-8425-f11d6e4b7eed,CAPSTAN RED,1230364618200,4,15.0,12.1,60.0,a1bc6a6f-ad8f-468b-afac-44ec8574811d,Piece,4
82c6f9dc-7b90-47cd-abb3-9a2510ddeb8c,67c3406a-463b-4a00-9b84-a9bdab3fc3f7,a0a5cd34-cdb1-4257-bbcf-8061295bca3a,lemon malt,1860236002037,1,120.0,79.02,120.0,5e6a96d5-81b1-4fc3-b9ca-4cde167b0c08,Piece,1
05bbd485-5321-494f-b0cd-a6d08c3b1895,68bdc820-cce5-4056-993c-98ccfb2021cb,296944b9-ea79-469c-8425-f11d6e4b7eed,CAPSTAN RED,1230364618200,1,15.0,12.1,15.0,a1bc6a6f-ad8f-468b-afac-44ec8574811d,Piece,1
c8cb9979-017a-41c0-9591-e8e1f6f60c59,68bdc820-cce5-4056-993c-98ccfb2021cb,8af4077d-37f1-441f-936d-9507cb56ca9d,candy,1232784048698,1,5.0,3.5,5.0,7534df49-d891-461a-8b69-7d03cb9ce755,Piece,1
1238da5b-cfba-4d44-994c-fa8ddb4626b1,6aa35171-e9ed-4c80-9377-19e667d8cb23,109f0961-2390-4f0e-95c9-77552f711ec0,nimko mix,8964003812157,2,20.0,18.0,40.0,ab9e7059-c60b-45c9-bcbb-069352fd3477,Piece,2
68548784-b192-4f94-a1a9-1cb1fd67c395,6aa35171-e9ed-4c80-9377-19e667d8cb23,7439380d-ff71-4b92-b2ff-56899ca87c0d,tridgum,9555407311019,3,10.0,4.09,30.0,b3c50399-f52e-4960-bdd6-5ef8d99c8de1,Piece,3
3c14a5be-7e38-43eb-b87b-8b0c5bd395db,6aa35171-e9ed-4c80-9377-19e667d8cb23,36a30f2b-248a-4769-bc28-046500d0daf4,bar,1230421521603,3,10.0,5.0,30.0,9c505cbc-8e3d-4e6a-a8f2-96b2991c3bee,Piece,3
a82c59b4-06d1-4b13-99c5-04a796fc4a09,6c23b3c7-1389-4e0b-9d2c-174f3a27cb7f,6b21c075-c752-4bf7-a4c2-2a4c8441c546,sifarish khan,1232255618481,1,30.0,25.0,30.0,289e28e9-66d0-4026-9fd4-67bfa88cb04c,Piece,1
1c88e5bf-481c-450b-a538-025c0606ec94,6eb8a1a5-6b44-4304-858d-853b0d30ce7c,fd5e9b8c-d662-4759-aa2d-52ffc324740e,Kurkure CC,8964002347353,1,40.0,36.0,40.0,3f7ce760-8133-42c5-83ec-4f380f2626ff,Piece,1
81a59b87-e22c-4866-a418-2ab04b5acab4,6eead449-67d3-477a-99e3-150eaacc5fc3,a53ad854-8545-44f3-8147-1b275cce0b86,Glace Peanuts,745240202554,1,50.0,45.0,50.0,24cec4be-aae6-4a8c-89f4-31515df3a896,Piece,1
3ed8da5f-afc1-486e-becc-1ec6b71ec0e0,6eead449-67d3-477a-99e3-150eaacc5fc3,d24bbc5f-3fd1-410d-9a57-74e81ed86362,Zia Peanut,8964003813390,1,50.0,41.6,50.0,cbb97db4-8292-477b-a912-3174dca1594b,Piece,1
fbf4b0e1-978c-4fcb-bab9-03f6111eee76,70ec729b-d5c6-4552-8450-bfd0253f81c4,296944b9-ea79-469c-8425-f11d6e4b7eed,CAPSTAN RED,1230364618200,2,15.0,12.1,30.0,a1bc6a6f-ad8f-468b-afac-44ec8574811d,Piece,2
3182d810-600a-49f0-b228-3c03af0083c2,729e8680-f383-4891-8174-fcf26e9b93ca,8bc30964-e703-4aa4-ab2e-b4cbc2077d25,ZERO NEXT,8964001179696,1,130.0,76.6,130.0,c0ea9540-57c8-49cd-934d-8b5e8ec42e8a,Piece,1
ae0e4d7f-f580-40e1-ab3b-353d84edc29e,729e8680-f383-4891-8174-fcf26e9b93ca,58b5e23c-2fbf-49e9-857a-fd0245e4b537,7up 500ML,8964002343959,1,130.0,91.66,130.0,9ef0b418-16b3-446f-95ba-f5c1931f9e3a,Piece,1
cb0c8024-079b-4a23-aaf5-581219c7307d,729e8680-f383-4891-8174-fcf26e9b93ca,90ffa419-8bc9-4c39-81e1-cffb74841141,FIZUP,8964001179719,1,70.0,52.0,70.0,3f782984-279e-4f0c-9120-822961a7584c,Piece,1
124da59d-2faf-4ecd-9f96-ec1c9a519090,729e8680-f383-4891-8174-fcf26e9b93ca,16362686-2492-41ca-8a06-b4a85dc639ac,PUIREFINE 1.5-Ltr,1230434764202,1,110.0,45.0,110.0,9230ea9d-4f0b-4d85-bbb3-4e890ef1891b,Piece,1
4d165207-fd37-450d-9a43-803e72d762cb,729e8680-f383-4891-8174-fcf26e9b93ca,304ce1d5-e0dc-46d8-91d7-310e86b2d095,7up 300ml,8964000103289,1,90.0,65.0,90.0,bcee3595-62d4-4dab-8748-22b68cbb802b,Piece,1
43824e57-3a9a-4f00-878a-84bba4a7546e,7337440c-f7d5-4bcd-beba-11b3369c0272,c3551759-c1ef-47f5-b230-77bce4c2f476,Brite s/pack,8886950015279,3,10.0,9.17,30.0,65d64d63-9e6f-4416-9618-7a79123a69a1,Piece,3
0eac24a5-8fb4-4c9c-892c-7ce9fc80e1df,7352fba3-4f25-403e-924f-bd50ded5812f,296944b9-ea79-469c-8425-f11d6e4b7eed,CAPSTAN RED,1230364618200,3,15.0,12.1,45.0,a1bc6a6f-ad8f-468b-afac-44ec8574811d,Piece,3
78cdaca1-9c6a-41d0-903c-502ee3d57aa3,7352fba3-4f25-403e-924f-bd50ded5812f,8af4077d-37f1-441f-936d-9507cb56ca9d,candy,1232784048698,1,5.0,3.5,5.0,7534df49-d891-461a-8b69-7d03cb9ce755,Piece,1
b5817caa-06fa-42ce-ad72-0d41a9c599e2,74626f12-2910-4c33-b2c8-72211900d2a7,7fe3ad7f-9f94-4ad8-89a5-771214b5dd1a,Choco Lava,8964003591533,2,40.0,36.0,80.0,22aa23fe-3835-4613-9d85-4bb2a3ca6bb7,Piece,2
5a29d3de-fd36-45a1-8e22-168d2c8e4bb6,74626f12-2910-4c33-b2c8-72211900d2a7,934bac57-0746-440b-abc8-5913b5919788,bistiks,8961003024016,1,40.0,37.36,40.0,2051ee12-91bc-4418-b071-0f15a5f5944b,Piece,1
b1c09f19-7a5e-44f8-8ebd-03d79b37524b,74a71596-3bfa-43ae-a3a7-333becc8bc8b,18916bb3-c4ef-4ac2-b07a-3665a93c8f23,LIFEBUOY,8961014266016,2,10.0,9.38,20.0,9fe045e9-9c6c-4b82-aca7-1fe5a7a76f64,Piece,2
ea5c7b4a-70c8-4ce1-b5da-3b42ec2e43a4,74d319f5-890a-42a8-9431-713c26424d4c,c75320df-735c-44fe-b32d-46b0170ef53a,Lays Masala,8964000090428,1,100.0,92.3,100.0,b77ba773-b9e7-4763-9761-47c66a223bd9,Piece,1
6993c667-596d-4e99-9d41-0e88fc62e4e7,770207e7-504d-495f-b856-d2730822a6ec,ebaad222-dc4f-4b0e-813d-34b46a43bdd6,Double Trouble,8721274610574,1,40.0,28.5,40.0,d4cdbb07-35fe-4ead-aa6d-66aaa1e207f6,Piece,1
b58b52c9-7f4d-4124-bc34-37f46594f3e2,790c9d18-9231-4697-8c2f-6c80ab5fcaff,9d766c91-c234-49ff-a444-dc9979ba923f,BITE LAYER CAKE,6423116329966,1,60.0,43.3,60.0,b7e9abab-7698-4120-b644-393d3b35bfad,Piece,1
c18d2fb5-c173-45c5-966c-9db7cb9e381a,790c9d18-9231-4697-8c2f-6c80ab5fcaff,7439380d-ff71-4b92-b2ff-56899ca87c0d,tridgum,9555407311019,4,10.0,4.09,40.0,b3c50399-f52e-4960-bdd6-5ef8d99c8de1,Piece,4
5bdd34b2-dc2c-4d99-bc16-5179c4c3e413,79bc975e-9729-4e7c-886e-e8026e82315d,403ea510-fb07-48bc-a730-8f1f2391b3be,STING L,8964000101704,2,140.0,105.8,280.0,7b817808-9ae8-4d8f-9f89-3f3e11cfe183,Piece,2
1476793e-dc2c-4614-8898-f2a4159e85dd,79bc975e-9729-4e7c-886e-e8026e82315d,89f084ac-a196-47fb-8e25-4e4bd3160c50,STING SMALL,8964000101551,1,100.0,73.0,100.0,24a9904c-bbbb-433e-b85c-bc70707d653c,Piece,1
c3d28fca-23f1-4321-ad92-b9f8d03223f2,7b119b09-ad16-435e-862d-39f6574e8044,403ea510-fb07-48bc-a730-8f1f2391b3be,STING L,8964000101704,1,140.0,105.8,140.0,7b817808-9ae8-4d8f-9f89-3f3e11cfe183,Piece,1
0436ce14-bdb1-4fa2-bfa2-d25eb2ec2c91,7b1ccc66-da66-4afd-a789-8ba0ee2797e7,1330888d-09e3-4704-ad0e-c6910547e08b,COCATEA PEANUT,762497639377,2,50.0,41.66,100.0,6690d456-6ac5-4661-8b6d-1e96e1b9527d,Piece,2
13722e86-deb7-4034-bde6-bf0e80c417eb,7b1ccc66-da66-4afd-a789-8ba0ee2797e7,9b0e4f5c-dfad-4a30-b0ff-93f8d7d378d5,COCOTEA NIMKO,762497639339,1,50.0,41.66,50.0,507e3c6c-4801-4316-bc02-b9b5d02cdb26,Piece,1
6f092998-920e-4a09-880f-774986475b96,7b1ccc66-da66-4afd-a789-8ba0ee2797e7,9f61e160-7af9-471d-87df-a7c46405286f,paddle pop VANILLA CUP,8721274610468,5,40.0,34.0,200.0,15b2f430-290d-46a5-870b-99d701ce42b7,Piece,5
8c925b22-87fd-46cb-abad-dc41aec4f389,7ba50cd3-ee00-4031-a4b0-bf61f149de69,9b8a64b3-0eff-49bd-a7e9-7ae1f4c6211f,Capstan White,89600078,2,15.0,12.5,30.0,2ee97f16-83f8-4fe8-8004-f20228fc010c,piece,2
6920fe30-01dc-4afb-901a-90793a6f974b,7c2efe60-f43e-4258-a732-ecf45899dc56,4b435e3a-0c1b-468c-8211-d394ff490098,lux soap,8961014268348,1,160.0,150.0,160.0,ddeecaed-7971-446d-b0c0-6da10ce32d98,Piece,1
c942f252-06f8-4368-a791-bdbd83536db0,7cb2712f-afc9-428c-af2d-1d83dafa38a3,bdfbec09-02b6-43e1-834e-c6f25f2250da,egg,1239923458738,2,22.5,20.0,45.0,1a65cdb6-05dd-4c13-8555-642c6262bc4e,Piece,2
013b4fd4-40ff-4df0-9e1a-e3bfbfdc1ee5,7dcf5665-ff9b-4612-b1f6-1f76b3e82e6b,a95e4363-61cb-4264-9387-b8c7d56c923d,GLUCO,8964003592240,1,20.0,18.0,20.0,45b3355d-9d11-4674-87e6-5e93a48d7a68,Piece,1
c872378f-d406-427e-b897-eb3db86173a2,7dd49f64-77e8-4cdf-9a07-99063f48b0a9,403ea510-fb07-48bc-a730-8f1f2391b3be,STING L,8964000101704,1,140.0,105.8,140.0,7b817808-9ae8-4d8f-9f89-3f3e11cfe183,Piece,1
8e8df7e7-f10c-4571-8b4d-c288981c530b,7dd49f64-77e8-4cdf-9a07-99063f48b0a9,a3649557-f3b6-4a2d-80a9-9a5447a3ebb3,Lays Y&H,8964002345625,1,50.0,45.8,50.0,0330369f-7d98-41fd-9a17-6bd07de63b61,Piece,1
58e29e16-50c2-4d83-9028-391435865c0b,7dd49f64-77e8-4cdf-9a07-99063f48b0a9,8f421553-10c3-4fa2-9e4d-51f5bbc06cbc,KURKURAY TM,8964002347278,1,40.0,36.9,40.0,74737246-4041-42e1-b1a9-1a501d24fe22,Piece,1
c61e5eaf-7507-46f3-a9a6-9d360d512809,7dd49f64-77e8-4cdf-9a07-99063f48b0a9,35975484-bb93-4bfb-97c2-d359b967925e,paradise,870572004665,5,10.0,9.0,50.0,8bd05ef6-f7f5-4c81-8fd1-f7a9ff3b1af8,Piece,5
4767554b-4c5c-4e92-b6b4-0b28a991ed96,7dd49f64-77e8-4cdf-9a07-99063f48b0a9,22d7ac2d-02b9-4e7d-a6f3-3ace2fa824f5,slanty sour,788364955241,1,50.0,41.0,50.0,e289c88a-d6c0-462d-a936-55ecd6c00eca,Piece,1
91f6e6a2-5510-422e-bc4e-ba21c220e82d,7dd49f64-77e8-4cdf-9a07-99063f48b0a9,78564755-1ca2-44ee-a56d-8f13ab72d017,CocoMo Orange,8961103500397,5,10.0,9.3,50.0,707ce536-76a6-44d6-87ed-083e67a00c72,Piece,5
adc69d55-5731-48a5-97cf-cbce60631cbf,7dd49f64-77e8-4cdf-9a07-99063f48b0a9,58b9cbcf-5f16-4a20-9bbc-5557b5fcb908,chunkin,8964201532291,2,10.0,8.33,20.0,3e650368-f188-4421-b8fb-6fb0b9f85d53,Piece,2
6ac3b0a0-85ae-4ba7-a4bb-ced66acd5137,7dd49f64-77e8-4cdf-9a07-99063f48b0a9,5a5154d9-6994-4dee-9011-efd865af1c8f,GOLD LEAF,1232097295550,1,30.0,25.0,30.0,ff8b0ab8-fd25-4bb6-aafb-a79e8e63a846,Piece,1
21f3356e-9d61-4fde-9e86-087948d24014,85d7550d-11c9-4b95-8aaa-2b2ba8f51f6f,44900965-d077-449e-a18e-bb79c3af9c07,FANTA 1.5L,5449000052926,1,210.0,175.0,210.0,0035b914-bbf9-4938-b132-01d651859917,Piece,1
db77d513-3986-4dbd-aae1-21fe0b4b4885,85d7550d-11c9-4b95-8aaa-2b2ba8f51f6f,f94c1b12-9657-4f9e-ba99-523f009eafaa,FV ROYAL NECTOR,8961008212876,1,90.0,63.33,90.0,02b6b4a6-560e-408d-b383-98ec473aef38,Piece,1
7c9b9c52-b9d1-47e9-9eb2-e6f695d14d9c,86cc0c86-637d-4b35-82ad-422162afe83e,6d5767c4-fdbd-42fa-893e-41ddde84601b,Rahat Pamper 3,4985925672456,2,35.0,22.23,70.0,164a6171-0c52-4883-928f-fba982f24094,Piece,2
8185bc5b-291e-4d13-a138-f1a895b40dc9,86f4e0a7-3606-4cc0-a3e0-672eb0ea1b7b,0084bf1f-7beb-4c04-9848-2ce0fa28b44e,Chaunsa Mango Cup,8961014033755,1,90.0,77.55,90.0,648aa092-3ee6-4c96-87c6-5610d6e3e4dc,Piece,1
8e293b23-80e8-42a7-8485-21633109421e,86f4e0a7-3606-4cc0-a3e0-672eb0ea1b7b,df83db32-d270-4a08-8f67-85f4967a923d,Red & White,89600320,2,10.0,9.5,20.0,4c010ae2-567a-4d9a-a3ee-7be8b0099de4,Piece,2
8745a310-6671-42dc-83a8-3b8e1b1454e6,886e9d2e-b636-4072-a0fa-c89d1582256b,1648b5c5-0770-4e30-98c4-5fb5cbb1cc75,cafe biscuits,8964002444441,2,10.0,8.0,20.0,3f4d3212-8f1c-4570-bd07-a9a5a1a41fa7,Piece,2
84083517-182d-4146-b353-a9ca262a3755,8a2350d0-33fd-46bb-94c1-8199d68aca9d,296944b9-ea79-469c-8425-f11d6e4b7eed,CAPSTAN RED,1230364618200,2,15.0,12.1,30.0,a1bc6a6f-ad8f-468b-afac-44ec8574811d,Piece,2
1f8a07ac-c33f-47f3-ae85-bffd194385d0,8dc0f1f5-a6e4-4e29-bc27-2f0121074578,c75320df-735c-44fe-b32d-46b0170ef53a,Lays Masala,8964000090428,1,100.0,92.3,100.0,b77ba773-b9e7-4763-9761-47c66a223bd9,Piece,1
cadec657-403a-4533-ade2-e5051c4f530c,8f965913-ee42-458d-87b1-b89a5f028ac9,9b8a64b3-0eff-49bd-a7e9-7ae1f4c6211f,Capstan White,89600078,3,15.0,12.5,45.0,2ee97f16-83f8-4fe8-8004-f20228fc010c,piece,3
137e78b2-399f-4f9f-95c6-bba46eaa3730,9019dee5-5417-47db-a1ef-405e54c232eb,e07be54a-ef99-4d68-97db-58a730462337,MILANO,815082008130,1,200.0,165.0,200.0,a85e2866-0d3f-4bd2-80f6-a598982e48e0,Box,1
a6394155-888b-4e48-93fc-6b747156020d,902ebaa3-da01-424c-a527-f4c867ca2acd,6801fd0e-cae3-4356-b2ac-0dc6c9f9501e,puff mashmallow,870572007994,1,50.0,46.0,50.0,368b2559-ac15-4d76-8529-c309d366ee46,Piece,1
f6e1aefd-6287-46a8-9a30-29366b212577,922846f9-4dcb-4421-9a5e-d829a660bd62,33819376-e267-418a-adf2-b6190c956759,DEW 1.5L,8964000101117,1,210.0,163.3,210.0,f669561e-4418-41a3-9cb7-31974a38d7c4,Piece,1
46297f71-8036-40ed-b8d9-afdc6a7c7131,9395a094-19ab-407b-a9b8-5ef1780e9dad,296944b9-ea79-469c-8425-f11d6e4b7eed,CAPSTAN RED,1230364618200,4,15.0,12.1,60.0,a1bc6a6f-ad8f-468b-afac-44ec8574811d,Piece,4
b257a46e-27de-4409-8d41-fac1e96a2284,9395a094-19ab-407b-a9b8-5ef1780e9dad,8af4077d-37f1-441f-936d-9507cb56ca9d,candy,1232784048698,1,5.0,3.5,5.0,7534df49-d891-461a-8b69-7d03cb9ce755,Piece,1
4a305786-4c13-463b-8eef-b7b49a1067b0,9395a094-19ab-407b-a9b8-5ef1780e9dad,d8f89ad3-02ac-4798-bd1b-2d1d17aa2b54,kite match stick,745178816045,1,5.0,3.0,5.0,052b3a03-75fd-4be6-97f3-c90634e0f3df,Piece,1
d5c46fa9-42d3-4329-822c-f51161e5cc7c,94acf962-34ca-4f8d-86cb-e2693b1acdbb,9b8a64b3-0eff-49bd-a7e9-7ae1f4c6211f,Capstan White,89600078,2,15.0,12.5,30.0,2ee97f16-83f8-4fe8-8004-f20228fc010c,piece,2
62c5a8d8-ce44-4849-b1ca-ae8e0fe8259a,97436a14-c17b-48b6-b494-96d772bfb2c4,9b8a64b3-0eff-49bd-a7e9-7ae1f4c6211f,Capstan White,89600078,3,15.0,12.5,45.0,2ee97f16-83f8-4fe8-8004-f20228fc010c,piece,3
ba7b53b9-a227-412c-a43d-6f12840ba725,97436a14-c17b-48b6-b494-96d772bfb2c4,8af4077d-37f1-441f-936d-9507cb56ca9d,candy,1232784048698,1,5.0,3.5,5.0,7534df49-d891-461a-8b69-7d03cb9ce755,Piece,1
1a874971-87af-4008-8a30-ed12db938fe1,97a88013-b5c3-44ff-84d7-3ceb693acfab,44689326-5a50-45a4-89c9-4f9091c4b136,KUR KURE,8964002346288,1,70.0,57.3,70.0,4ccbb2d8-26dd-4f48-82f7-2066fc07e6e5,Piece,1
6a6a56c6-b9ab-47e1-9c76-854cbfef2015,97a88013-b5c3-44ff-84d7-3ceb693acfab,a3649557-f3b6-4a2d-80a9-9a5447a3ebb3,Lays Y&H,8964002345625,1,50.0,45.8,50.0,0330369f-7d98-41fd-9a17-6bd07de63b61,Piece,1
4b5b209d-29cd-47c8-a01c-6c12336b0d1d,97a88013-b5c3-44ff-84d7-3ceb693acfab,8f421553-10c3-4fa2-9e4d-51f5bbc06cbc,KURKURAY TM,8964002347278,1,40.0,36.9,40.0,74737246-4041-42e1-b1a9-1a501d24fe22,Piece,1
3bca1014-f292-486d-8c05-313732e0aed6,97a88013-b5c3-44ff-84d7-3ceb693acfab,5f1a36da-2060-4d63-b404-0ee130333760,cheetos bites,8964002347056,1,20.0,18.0,20.0,fa0cdacb-5a18-4319-985a-6aa62ef6a20c,Piece,1
f45a80ea-dd4c-4f5c-9c14-4fbc3bee61a7,97a88013-b5c3-44ff-84d7-3ceb693acfab,2505a9e6-32d6-425c-8c5d-d31507ce904d,lighter,1236376536280,1,40.0,21.0,40.0,4b1a6d94-51e0-4c20-8be3-f4e43962efbf,Piece,1
fcb8f80d-5a6c-49ed-a407-03b0f6adc727,9898f0c7-d0b7-4714-94f6-2a5de620cb1e,df83db32-d270-4a08-8f67-85f4967a923d,Red & White,89600320,10,10.0,9.5,100.0,9906134c-2d34-42ea-8503-8a4aeb21af05,Half Box,1
22adf28a-9a46-4886-b744-b2c03b87fa18,9898f0c7-d0b7-4714-94f6-2a5de620cb1e,382387eb-6272-4738-b2d5-3361fa6fc3ca,Potato Sticks,671866277501,1,50.0,46.25,50.0,bc63250f-fd30-4ca2-a788-3340c09f9c89,Piece,1
b1d121fa-e3dc-4e38-a2f5-e61b02fe00a2,9982ab44-a749-47a7-a26f-abab814c91d4,824b60ca-7c4a-4a5f-9337-5f66e4c85e1b,Lays Paprika,8964002346936,2,70.0,63.5,140.0,e4bc87fb-d06b-45fe-9466-5e28283e39e8,Piece,2
93123dbc-d0dd-451b-a39e-3a5c19bb99fc,9982ab44-a749-47a7-a26f-abab814c91d4,f94c1b12-9657-4f9e-ba99-523f009eafaa,FV ROYAL NECTOR,8961008212876,1,90.0,63.33,90.0,02b6b4a6-560e-408d-b383-98ec473aef38,Piece,1
f99899ad-b59f-404a-a659-5e8a36f9781c,9982ab44-a749-47a7-a26f-abab814c91d4,b670459a-e326-4490-bf85-c717dd6912df,SLICE APPLE,8964000103104,1,80.0,43.4,80.0,962458d9-d8a4-496e-b26d-a36295416f95,Piece,1
477348c7-bff4-457e-a13f-5bd5ed986294,9982ab44-a749-47a7-a26f-abab814c91d4,c04374cc-7bb3-429b-9dbb-21eda76aed5e,Coated Peanuts Cheese,8964003812171,1,50.0,41.0,50.0,56706665-ca8a-44bd-a35e-85afee47e7bb,Piece,1
4814dd28-a223-462f-b9bf-61b4f8f65d48,9982ab44-a749-47a7-a26f-abab814c91d4,e8505540-bc5f-4cfc-b5ed-1665aa9e2327,COCATEA POPSI,9203457293464,1,30.0,18.33,30.0,0d016da2-c3cd-4611-bcf7-c2be5270f72a,Piece,1
05522574-30fb-4be8-8fcd-401d196ff0a1,9982ab44-a749-47a7-a26f-abab814c91d4,4c4dabeb-f38d-4b74-9761-7ceb4eae10a3,FV PEACH,8961008223490,1,90.0,66.0,90.0,96308f78-05ab-4321-898a-3e9f87753eae,Piece,1
b13938f7-91ab-4245-a4e8-0c28e310c542,9ac2a283-cdb5-4640-9411-4427c06f8643,9ed06880-e15b-44ae-876b-3fcca222bad2,sooper,8964004770456,1,50.0,45.0,50.0,f3625b26-f234-4633-b395-5d2ebc6a6cc8,Piece,1
89e3b518-381e-432e-96df-3d439c119480,9ac2a283-cdb5-4640-9411-4427c06f8643,46fcc52a-54e1-47b8-bef1-78bb52b29da2,FIZUP NEXT,8964001179429,1,160.0,111.67,160.0,c8f6e100-57d8-4a27-b7e1-f22b1c116851,Piece,1
0c9a5553-49b4-42ba-a3bc-aa6fd05058f2,9ac2a283-cdb5-4640-9411-4427c06f8643,296944b9-ea79-469c-8425-f11d6e4b7eed,CAPSTAN RED,1230364618200,1,15.0,12.1,15.0,a1bc6a6f-ad8f-468b-afac-44ec8574811d,Piece,1
92598cd9-14e0-4cd9-8ea5-d2b815db488b,9ac2a283-cdb5-4640-9411-4427c06f8643,975cf5aa-4ec6-4b0f-bd0b-a79640860da8,CHOICE,9254120000254,1,40.0,22.5,40.0,45baadf7-3c4f-430c-b19c-ed8a6e8538df,Piece,1
bc080c0e-e8ab-4e9d-9e0a-a28fa5462b06,9ac2a283-cdb5-4640-9411-4427c06f8643,8af4077d-37f1-441f-936d-9507cb56ca9d,candy,1232784048698,3,5.0,3.5,15.0,7534df49-d891-461a-8b69-7d03cb9ce755,Piece,3
0fa22e9b-b543-473f-b4ed-b233bd7b0d26,9ba233d8-113c-45db-a2b0-037a144e18d9,382387eb-6272-4738-b2d5-3361fa6fc3ca,Potato Sticks,671866277501,1,50.0,46.25,50.0,bc63250f-fd30-4ca2-a788-3340c09f9c89,Piece,1
1f00d544-fa0b-4428-ada0-527a6bbb7c58,9c51e88b-b7ff-43b6-804b-a6bc50b11f57,5a5154d9-6994-4dee-9011-efd865af1c8f,GOLD LEAF,1232097295550,1,30.0,25.0,30.0,ff8b0ab8-fd25-4bb6-aafb-a79e8e63a846,Piece,1
e68c6314-927b-474d-a83d-293f6565ba21,9d9b63a5-6272-4cf3-9cec-34295cb3d562,15759843-d0b3-4b6c-b04d-0df26ea4f799,VELO POLOR MINT 3DOT,89601372,1,250.0,146.0,250.0,56dd3a1b-f5e7-4f7a-97ee-0c58b100102c,Piece,1
162745ad-f0b4-499e-a2f9-8b7715e18796,a164c990-4c9d-4955-8d82-b988c6631950,64a0260c-b4ff-42bc-a28d-16f0668b16d6,lays masala,8964002345649,1,30.0,27.6,30.0,0ca93a56-dbb6-4176-a2cf-8ac8c48a6f5d,Piece,1
a55dbbfd-ff26-424c-8026-37265ec63cda,a164c990-4c9d-4955-8d82-b988c6631950,8d461728-be1b-440c-86ee-f7a31b9a6d27,Chocolatto,870572008007,1,10.0,9.31,10.0,08a6ddec-263a-4d1b-9f75-5a39630e6b76,Piece,1
ddde58ce-6acc-47b1-8d9b-efce5dae1cca,a164c990-4c9d-4955-8d82-b988c6631950,85681bdc-ee0e-4592-bf40-94b1d13d0e85,candi,8961003674228,1,10.0,9.0,10.0,b848b8b4-36fc-4af7-bd0d-f7258c18b02c,Piece,1
ace124ac-b541-4647-b80a-489c444396bb,a243c69d-f496-4c05-b3d8-6aabe74d0e11,6c6ccff1-14e0-4b77-884d-ac35c4441fbd,MOO,8961014017595,1,50.0,44.08,50.0,486c4a3e-978a-4702-95e2-9d661806f528,Piece,1
02784732-2a4d-4e1a-ad34-b1186bdd662f,a28265fb-d806-4516-bd00-8518d0648b8b,934bac57-0746-440b-abc8-5913b5919788,bistiks,8961003024016,1,40.0,37.36,40.0,2051ee12-91bc-4418-b071-0f15a5f5944b,Piece,1
4b7e096f-69cc-4d80-87e6-b7d9b5de594c,a28265fb-d806-4516-bd00-8518d0648b8b,9b8a64b3-0eff-49bd-a7e9-7ae1f4c6211f,Capstan White,89600078,20,12.5,12.1,250.0,b371a280-0cea-4bc1-87c8-4befe828f950,Box,1
37626fd1-a763-4edd-a8e6-76f75a695c4b,a3b3f19c-1ec5-4048-808c-1434b989a082,d708baee-e4e6-44b7-89a0-5214eeebce4f,prince chocolate,8961003612572,1,50.0,45.0,50.0,556d6997-f2ee-4658-8b85-23a47795b274,Piece,1
1248e122-186d-4530-8bd6-645476db51ab,a3b3f19c-1ec5-4048-808c-1434b989a082,296944b9-ea79-469c-8425-f11d6e4b7eed,CAPSTAN RED,1230364618200,1,15.0,12.1,15.0,a1bc6a6f-ad8f-468b-afac-44ec8574811d,Piece,1
70cc23d5-f667-477b-8856-6478ed38895b,a46bdde0-57cc-4e88-9799-06bdd21bc619,9ed06880-e15b-44ae-876b-3fcca222bad2,sooper,8964004770456,1,50.0,45.0,50.0,f3625b26-f234-4633-b395-5d2ebc6a6cc8,Piece,1
f6cd2fe4-57fc-4c10-b2d2-ae6b11d834bb,a46bdde0-57cc-4e88-9799-06bdd21bc619,188b0bc1-c811-435d-9cd7-84a6e7787fe1,Zeera plus,8961003642166,1,50.0,43.0,50.0,daae7360-e661-4316-9b57-e301e684f423,Piece,1
009576a0-0d37-416d-8c06-0b9979cd8e81,a56ae341-b757-4d1c-99cc-2986138ae594,6b21c075-c752-4bf7-a4c2-2a4c8441c546,sifarish khan,1232255618481,1,30.0,25.0,30.0,289e28e9-66d0-4026-9fd4-67bfa88cb04c,Piece,1
1a3e212c-1d36-4d09-a80b-1936004413c4,a60d45dd-741e-4a86-b0f6-e1db0c84e006,296944b9-ea79-469c-8425-f11d6e4b7eed,CAPSTAN RED,1230364618200,3,15.0,12.1,45.0,a1bc6a6f-ad8f-468b-afac-44ec8574811d,Piece,3
f6114625-461a-42a6-9218-d9d6889fbcfb,a60d45dd-741e-4a86-b0f6-e1db0c84e006,d8f89ad3-02ac-4798-bd1b-2d1d17aa2b54,kite match stick,745178816045,1,5.0,3.0,5.0,052b3a03-75fd-4be6-97f3-c90634e0f3df,Piece,1
6ad3d823-8b47-4d3e-9c72-46062974c651,a60d45dd-741e-4a86-b0f6-e1db0c84e006,8af4077d-37f1-441f-936d-9507cb56ca9d,candy,1232784048698,2,5.0,3.5,10.0,7534df49-d891-461a-8b69-7d03cb9ce755,Piece,2
c269bb16-8e5d-4097-98ce-3b041dedc9f5,a7d25e7e-f2db-4158-badd-28bd562cb563,07fa01e8-d63f-4911-808c-d14fa2eff47e,twin donut,6446374509604,1,60.0,44.0,60.0,2c5c0e38-1144-4e3e-be4f-a64d983eeb80,Piece,1
ab556b57-3b78-4571-9fd0-b9dd5ab13eb0,a97e51c4-3993-4d2e-a458-b15d15bd8750,79fc63b1-c564-43ab-8f73-4d3702515b4a,COCA ZERO SUGER,5449000131836,1,130.0,70.0,130.0,f8affc07-07eb-455b-b047-1628d7a0f194,Piece,1
14992e4f-566e-4eae-872c-d338e1864b7e,a9abda9f-c7ac-4a58-aefb-b815ae7662e9,9b8a64b3-0eff-49bd-a7e9-7ae1f4c6211f,Capstan White,89600078,2,15.0,12.5,30.0,2ee97f16-83f8-4fe8-8004-f20228fc010c,piece,2
a9500987-345c-432f-9219-536d54a74eeb,a9ee2804-6247-4d67-8f27-aa467b7f7eb8,6b21c075-c752-4bf7-a4c2-2a4c8441c546,sifarish khan,1232255618481,1,30.0,25.0,30.0,289e28e9-66d0-4026-9fd4-67bfa88cb04c,Piece,1
aada4acb-0557-42f3-a222-b220636053f0,aa60eeae-a57a-411d-9540-223c2f0354ad,e1c7461f-fe2c-43cc-b072-ab2fcdd767ed,olper pack,8964000919934,1,100.0,85.0,100.0,610b7a9f-fa8f-480c-8da4-d5bb1121252c,Piece,1
568445ba-00e2-48bf-973f-90ff9197b0ec,aa60eeae-a57a-411d-9540-223c2f0354ad,e101e5a8-3410-4e60-af94-bbe948876ffd,CANDY ORIGINAL,8961003679759,1,50.0,44.5,50.0,1391b547-210a-4a66-a3ca-93d482b74abf,Piece,1
979d7353-257f-4b5f-9b57-19fa225f60d3,aa60eeae-a57a-411d-9540-223c2f0354ad,469ab331-df94-4d2b-a505-e54ce2ead307,oreo chocolate cream,8961003026010,1,40.0,36.0,40.0,48ae1669-8e08-4758-957d-3865c26c32de,Piece,1
975bbec1-2afd-44c3-bc20-8c2acd3c8be8,aad3eff1-d4cc-4173-8799-10cf3a28b27d,3576a48f-6330-4bcd-bf54-7383eca28c85,FV RED GRAPES,8961008222776,1,90.0,67.0,90.0,265a895e-8fbc-4bf6-843c-c03e044903d6,Piece,1
a3d8540f-4242-4db8-866b-22de9a937351,aad3eff1-d4cc-4173-8799-10cf3a28b27d,e101e5a8-3410-4e60-af94-bbe948876ffd,CANDY ORIGINAL,8961003679759,1,50.0,44.5,50.0,1391b547-210a-4a66-a3ca-93d482b74abf,Piece,1
08d20827-a923-4185-8045-be9e6c3f4b9b,aad3eff1-d4cc-4173-8799-10cf3a28b27d,5a5154d9-6994-4dee-9011-efd865af1c8f,GOLD LEAF,1232097295550,1,30.0,25.0,30.0,ff8b0ab8-fd25-4bb6-aafb-a79e8e63a846,Piece,1
fb1c459b-1511-4c9a-b7a4-ddb4d389a2cd,abc78b16-70fc-4d24-86a7-46dea83df0e3,296944b9-ea79-469c-8425-f11d6e4b7eed,CAPSTAN RED,1230364618200,5,15.0,12.1,75.0,a1bc6a6f-ad8f-468b-afac-44ec8574811d,Piece,5
e6a4c828-112b-4c69-852e-e668112741e1,abc78b16-70fc-4d24-86a7-46dea83df0e3,4ea8ab87-bf13-4523-b83d-509c89f52789,hockey match stick,9231012019358,1,5.0,3.0,5.0,21683564-a53b-4d8c-a0a6-4066d1367085,Piece,1
7d4c93b5-cead-4db2-94e0-05e86ae59cb2,abe73b1a-bdc0-49a5-8cb6-f02ec4a7be05,10ebe327-96fb-4e2c-9292-ee7ccf3b8127,local fry,8964000695555,2,10.0,8.0,20.0,ca63db85-6796-4904-8894-101cfc6813be,Piece,2
19c5e643-43d1-4e0c-a46f-26f6975585b1,abe73b1a-bdc0-49a5-8cb6-f02ec4a7be05,296944b9-ea79-469c-8425-f11d6e4b7eed,CAPSTAN RED,1230364618200,2,15.0,12.1,30.0,a1bc6a6f-ad8f-468b-afac-44ec8574811d,Piece,2
313a7f05-ad21-4c57-bb37-7fe8ca90feb9,acd3c29f-2440-4c13-87c4-c9836d973d1e,296944b9-ea79-469c-8425-f11d6e4b7eed,CAPSTAN RED,1230364618200,2,15.0,12.1,30.0,a1bc6a6f-ad8f-468b-afac-44ec8574811d,Piece,2
1546b31d-b2e1-4570-aa21-97cf4d57b9bc,acd3c29f-2440-4c13-87c4-c9836d973d1e,6b21c075-c752-4bf7-a4c2-2a4c8441c546,sifarish khan,1232255618481,1,30.0,25.0,30.0,289e28e9-66d0-4026-9fd4-67bfa88cb04c,Piece,1
ad15f056-50f6-4b39-b8e1-a56bf1750ffe,acfb96d0-b8d2-4662-a502-9095e798d57d,df83db32-d270-4a08-8f67-85f4967a923d,Red & White,89600320,2,10.0,9.5,20.0,4c010ae2-567a-4d9a-a3ee-7be8b0099de4,Piece,2
2320bfd3-1e28-4e11-837e-44bf5a01750a,ad63a039-5fb4-4ab0-8483-86c7d9393c47,c75320df-735c-44fe-b32d-46b0170ef53a,Lays Masala,8964000090428,2,100.0,92.3,200.0,b77ba773-b9e7-4763-9761-47c66a223bd9,Piece,2
a0a19f89-cf9f-4a4c-abda-e4c7a1b383f9,ad63a039-5fb4-4ab0-8483-86c7d9393c47,e1c7461f-fe2c-43cc-b072-ab2fcdd767ed,olper pack,8964000919934,1,100.0,85.0,100.0,610b7a9f-fa8f-480c-8da4-d5bb1121252c,Piece,1
c9fbcc18-678c-4b10-b2a7-e503891f85d2,ada23e70-60ba-4f39-9831-76fe1551cfdc,2076a146-9376-46e2-94e8-9967d3cd53c5,Sprite 1L,5449000050939,1,170.0,133.0,170.0,91a6b489-9f54-49c4-99e9-c7010383fe3c,Piece,1
f033df25-6991-41b5-b967-017b0b15b289,ada23e70-60ba-4f39-9831-76fe1551cfdc,826c0da6-b0aa-4c8a-a024-a17c10878f2f,milk pack,8961008022185,1,100.0,87.7,100.0,fab81662-9567-4d14-93ef-507465b7294c,Piece,1
aeb97e0c-b23e-4d9b-85fb-d1b219e842bc,ada23e70-60ba-4f39-9831-76fe1551cfdc,045336a9-6e35-481f-bc73-7a5720d220cc,MELLO,8964001435518,3,10.0,9.0,30.0,beb04b66-8168-4ad7-b046-02c8feb0459b,Piece,3
39614946-904f-4d30-afda-130b1e3f9c3f,ada23e70-60ba-4f39-9831-76fe1551cfdc,052bc035-870d-4abb-8648-338b99bea7d6,MELLO,8964001435525,1,10.0,9.0,10.0,1eb8706e-7c5c-4b63-9af0-311768873056,Piece,1
8f848050-e2f1-4a2e-8e07-87ed71ee380a,ada23e70-60ba-4f39-9831-76fe1551cfdc,36a30f2b-248a-4769-bc28-046500d0daf4,bar,1230421521603,2,10.0,5.0,20.0,9c505cbc-8e3d-4e6a-a8f2-96b2991c3bee,Piece,2
35547609-c7fb-482d-a298-6e9eab5dcff7,ada23e70-60ba-4f39-9831-76fe1551cfdc,4159c9e1-23d8-4466-a00c-087f0481fbc1,wheattable high fiber,8961003682018,1,50.0,45.0,50.0,9877144e-9f5b-458b-8094-2bf91d4238a2,Piece,1
ff0ad6da-3dff-4021-ad0d-93c136d71664,ada23e70-60ba-4f39-9831-76fe1551cfdc,aeec8327-c8e3-49ae-830d-5ae48228671a,DISPOSIBLE GLASS,1233763958519,4,5.0,1.7,20.0,2bc021cb-4f78-4684-ad9e-7fae8bd628d9,Piece,4
14ecdce1-6940-4eec-b631-166fd93fe3c9,ada23e70-60ba-4f39-9831-76fe1551cfdc,33819376-e267-418a-adf2-b6190c956759,DEW 1.5L,8964000101117,1,210.0,163.3,210.0,f669561e-4418-41a3-9cb7-31974a38d7c4,Piece,1
944f0ca2-5234-4c56-a81c-ff8d5223bdf2,b0cd1dc8-1760-463c-bb38-f652bc9b6e3d,64a0260c-b4ff-42bc-a28d-16f0668b16d6,lays masala,8964002345649,1,30.0,27.6,30.0,0ca93a56-dbb6-4176-a2cf-8ac8c48a6f5d,Piece,1
30b39c1c-b4a5-46d8-a8c9-b15adbcb7dac,b34b04e5-b672-4d75-bf91-3f5b00e50c23,113a9bd7-369e-49d6-8331-ce4d03854d07,BOUNCE,8961103503527,2,10.0,8.9,20.0,5e4f1b89-1d0b-4c9b-8a0f-d7298eafafdb,Piece,2
a9203b9d-4b4d-4a6c-8994-48e14f5cf4ec,b34b04e5-b672-4d75-bf91-3f5b00e50c23,e433e9b7-af19-4259-880e-b957f60e9ace,Yums Sour,870572007444,2,10.0,9.0,20.0,0277bb75-afa1-4184-bb47-605280ed541e,Piece,2
9d54fdf1-da53-472a-99c8-06c7b1581d25,b34b04e5-b672-4d75-bf91-3f5b00e50c23,36a30f2b-248a-4769-bc28-046500d0daf4,bar,1230421521603,2,10.0,5.0,20.0,9c505cbc-8e3d-4e6a-a8f2-96b2991c3bee,Piece,2
72d9031e-e6e3-4b49-a3cb-20aaa5dc7e84,b34b04e5-b672-4d75-bf91-3f5b00e50c23,a0941064-a8d4-4b07-8c5e-7bb182240989,Rio Strawberry,8964002526192,2,20.0,18.0,40.0,a982b713-9cb9-4b6b-9e03-4d99fd852224,Piece,2
c8992d51-3ce3-4a69-986f-758d88acaa21,b3713c10-ac94-4b3c-b3fb-5739dac7b8fe,11975fa1-f050-46e8-b0d5-83427794f425,lays classic,8964002345588,1,50.0,45.0,50.0,75c16be8-627b-4a4a-a730-fe3ef81b9530,Piece,1
4fc04dc0-a33e-4cb8-aa9c-cfe617256a5b,b4574326-f14d-4c86-960b-937561bbd846,296944b9-ea79-469c-8425-f11d6e4b7eed,CAPSTAN RED,1230364618200,1,15.0,12.1,15.0,a1bc6a6f-ad8f-468b-afac-44ec8574811d,Piece,1
b7d50a86-4ca4-43d9-9027-8b96e01a6108,b4574326-f14d-4c86-960b-937561bbd846,8af4077d-37f1-441f-936d-9507cb56ca9d,candy,1232784048698,1,5.0,3.5,5.0,7534df49-d891-461a-8b69-7d03cb9ce755,Piece,1
cc15139d-00ae-4967-a82b-84c974c63fe2,b54f7796-219b-4db6-a984-3951be088cfd,9b8a64b3-0eff-49bd-a7e9-7ae1f4c6211f,Capstan White,89600078,2,15.0,12.5,30.0,2ee97f16-83f8-4fe8-8004-f20228fc010c,piece,2
71eb2f0e-ec86-4eb5-ade1-d13435291867,b5653209-b7ad-4999-b742-f59e76c3228c,350e4614-6ac5-4713-b9af-1a578b5b0e77,Now Choclate Paste,8961102504020,1,10.0,9.0,10.0,8e6be22b-5999-4ceb-aec1-4a7a87f77c18,Piece,1
b59864f2-10a3-4b3b-a6b3-5f3948448ee5,b5d2ff69-233f-4ef2-ad94-bc6a9527d50f,b21064d9-07ce-42e8-8bdf-a7c61df06adb,jet spoort,8721274610482,1,40.0,29.38,40.0,347ee8ca-b35c-456e-a2d3-8c9b2417b33e,Piece,1
920925ce-7fd1-4861-bdec-e3beb37f1f4d,b8fb84ec-834b-4456-8db2-f251d54247d0,a8c690d8-15f1-493e-9507-c2f9ed786483,Peanut pik,8964004770616,1,50.0,46.0,50.0,76df9348-eb2d-49e1-91c8-39c3cbfd7d3c,Piece,1
6e1f40f6-8e0b-42c6-a093-7f321ba6ad78,b9b31861-212c-4028-afef-0d90da4ec324,df83db32-d270-4a08-8f67-85f4967a923d,Red & White,89600320,1,10.0,9.5,10.0,4c010ae2-567a-4d9a-a3ee-7be8b0099de4,Piece,1
5f9f9a99-7168-4ef1-9de9-13a6a85dac79,ba06139e-d1c8-4241-b16e-38b15bc953e6,9ed06880-e15b-44ae-876b-3fcca222bad2,sooper,8964004770456,1,50.0,45.0,50.0,f3625b26-f234-4633-b395-5d2ebc6a6cc8,Piece,1
6d5e4e34-ba09-4dcc-9066-95dca8c03770,ba3dc044-d50e-4230-a984-034eee02e463,5f944213-1ecb-49ed-9132-155c538f653f,8964003812140,8964003812140,2,20.0,8.0,40.0,2baead40-bebd-4b19-b515-40c05758f457,Piece,2
72564f8e-93c3-4606-b70d-27e5cc405a31,ba3dc044-d50e-4230-a984-034eee02e463,10ebe327-96fb-4e2c-9292-ee7ccf3b8127,local fry,8964000695555,3,10.0,8.0,30.0,ca63db85-6796-4904-8894-101cfc6813be,Piece,3
5836a57a-3eb0-41de-a403-abda96bcb326,bb0313e8-2393-4936-8158-d7b8aa7516b0,234c787c-e5e2-4047-bb07-95d114219d2e,AQUA DIRE 0.5 Ltr,5901234039710,1,60.0,22.0,60.0,bc7e8655-4e7a-409b-a5c5-6b9e2e262dff,Piece,1
e1f31af4-06a5-40bb-8b2b-8ce649da7053,bb65f171-0bdb-4b67-b23d-1a5cf6234943,e89768c3-9e0e-472e-b8fe-ca33136480e6,lemon max pouch,8886950099514,1,225.0,200.0,225.0,49d66224-083c-4065-82fa-185368c7b179,Piece,1
017a7c88-b6d4-40d7-adc6-9aaa7d031342,bc5e40b1-d8bd-4772-9887-95dff7a71071,5a5154d9-6994-4dee-9011-efd865af1c8f,GOLD LEAF,1232097295550,20,25.0,24.5,500.0,38175889-2f66-461f-8e62-69907628ca63,Box,1
ad3823ab-f46f-4482-886e-60fb8c5b31c4,bdbf17fe-87b6-40b6-8e71-f8fa6d4e2b8b,fdc65df0-d2f4-421c-a8d7-36301c4db84f,Dew 300ml,8964000101254,1,90.0,65.0,90.0,bf1a41ca-b4d2-4417-9fd9-c774a60c54f3,Piece,1
58a919f3-5ce2-4b27-b65c-fae82b4b0a5e,bdc8036b-4c3f-4524-89f3-34b20007b60b,296944b9-ea79-469c-8425-f11d6e4b7eed,CAPSTAN RED,1230364618200,4,15.0,12.1,60.0,a1bc6a6f-ad8f-468b-afac-44ec8574811d,Piece,4
c7d4a17d-2868-46bd-90b0-006d93f541fe,c15a5984-ce7d-4100-ac90-e262fbc0e342,2505a9e6-32d6-425c-8c5d-d31507ce904d,lighter,1236376536280,1,40.0,21.0,40.0,4b1a6d94-51e0-4c20-8be3-f4e43962efbf,Piece,1
2c81b87a-0743-42db-b477-fde39374264f,c15a5984-ce7d-4100-ac90-e262fbc0e342,5a5154d9-6994-4dee-9011-efd865af1c8f,GOLD LEAF,1232097295550,1,30.0,25.0,30.0,ff8b0ab8-fd25-4bb6-aafb-a79e8e63a846,Piece,1
1b9a4a37-3fb8-46e8-b68c-2beb5a3e7aaf,c24e787d-435f-4c68-8432-c29475549ad3,296944b9-ea79-469c-8425-f11d6e4b7eed,CAPSTAN RED,1230364618200,20,12.5,12.1,250.0,e9169ce5-618b-4046-9957-a321013f7b75,box,1
853b05f3-736a-414e-9ec1-0ceb9a9cf32d,c24e787d-435f-4c68-8432-c29475549ad3,0030e6f8-ce9d-4dcb-b07d-b979d0eacb40,lighter g,1235472321332,1,50.0,25.0,50.0,117efac9-2e8f-457b-a08e-e3c4794fe368,Piece,1
1456e0d3-1748-427d-9203-d3bb08adb6bd,c259bbc8-4079-45e1-b9c7-16c34bad9fac,296944b9-ea79-469c-8425-f11d6e4b7eed,CAPSTAN RED,1230364618200,4,15.0,12.1,60.0,a1bc6a6f-ad8f-468b-afac-44ec8574811d,Piece,4
a099bc5a-5f47-420d-818e-3c01e1fc43a2,c259bbc8-4079-45e1-b9c7-16c34bad9fac,8af4077d-37f1-441f-936d-9507cb56ca9d,candy,1232784048698,2,5.0,3.5,10.0,7534df49-d891-461a-8b69-7d03cb9ce755,Piece,2
3172e212-eed5-4875-ba76-7da4511f713e,c37bd555-61dd-424d-b50a-43319a75d6b4,1648b5c5-0770-4e30-98c4-5fb5cbb1cc75,cafe biscuits,8964002444441,1,10.0,8.0,10.0,3f4d3212-8f1c-4570-bd07-a9a5a1a41fa7,Piece,1
2bbefbda-82ec-4319-9f2a-08f44d4ae171,c43e2d99-fb32-4078-8b82-97585eda92a9,6c6ccff1-14e0-4b77-884d-ac35c4441fbd,MOO,8961014017595,2,50.0,44.08,100.0,486c4a3e-978a-4702-95e2-9d661806f528,Piece,2
d8db13df-b829-4a39-9f70-73b719c0c643,c43e2d99-fb32-4078-8b82-97585eda92a9,bdfbec09-02b6-43e1-834e-c6f25f2250da,egg,1239923458738,12,22.5,20.44,270.0,bdd4c51e-e07c-42e7-b727-d85d00d994f8,dozen,1
092ca1ff-bb05-46c8-abe0-982e1c3d2585,c5b07964-aa7f-4c9f-89ae-1f3e4da39a6c,f76d4acd-5910-4cf6-8b99-f2d6a6b79ffc,CUP KAKE CHOCO.......,8961101787608,1,20.0,17.1,20.0,a4abdac8-6437-4259-86b4-195ad9c5cd47,Piece,1
d5c86f7c-648a-4aa6-9197-00b2d8cc727c,c6b1e463-77cc-4731-a871-51062945330c,9b065f86-0ca4-468a-be5f-822a3682b1d2,eno,1230569384276,1,20.0,17.0,20.0,82466abe-f720-4677-b6c9-595ef4a7725f,Piece,1
70b47dd2-b55e-4bb5-b08e-89d000eacd95,ca41066c-b276-41ee-9507-afb8ffd8c954,f94c1b12-9657-4f9e-ba99-523f009eafaa,FV ROYAL NECTOR,8961008212876,1,90.0,63.33,90.0,02b6b4a6-560e-408d-b383-98ec473aef38,Piece,1
25d972f3-0c9f-4aa8-b471-4a8c985906c3,ca41066c-b276-41ee-9507-afb8ffd8c954,6801fd0e-cae3-4356-b2ac-0dc6c9f9501e,puff mashmallow,870572007994,1,50.0,46.0,50.0,368b2559-ac15-4d76-8529-c309d366ee46,Piece,1
cb889ea3-9453-432a-827d-0b57df920481,ca88b621-5514-4e33-9e45-d1d975e9b9ea,75e83387-d17d-4434-9890-e344fe382760,Coated Peanuts Masala,8964003813109,1,50.0,41.6,50.0,56a58959-d195-45e2-91f2-b39c14ef0e25,Piece,1
d89c9980-17d9-4372-bc2d-d7d093c67d35,ca88b621-5514-4e33-9e45-d1d975e9b9ea,6b21c075-c752-4bf7-a4c2-2a4c8441c546,sifarish khan,1232255618481,1,30.0,25.0,30.0,289e28e9-66d0-4026-9fd4-67bfa88cb04c,Piece,1
288bfd64-623e-4a88-b704-546939ab9f7b,caa18879-fc47-4fcd-ac7c-062f71018e85,296944b9-ea79-469c-8425-f11d6e4b7eed,CAPSTAN RED,1230364618200,10,14.0,12.25,140.0,0ea2547b-ff52-4fd2-a713-c4c425c19caa,Half box,1
867f4118-d41a-467b-bcc4-48a99d220c21,caa18879-fc47-4fcd-ac7c-062f71018e85,4ea8ab87-bf13-4523-b83d-509c89f52789,hockey match stick,9231012019358,1,5.0,3.0,5.0,21683564-a53b-4d8c-a0a6-4066d1367085,Piece,1
2d0f6d9b-a9aa-4911-bbf3-338de8f2e963,caa18879-fc47-4fcd-ac7c-062f71018e85,296944b9-ea79-469c-8425-f11d6e4b7eed,CAPSTAN RED,1230364618200,3,15.0,12.1,45.0,a1bc6a6f-ad8f-468b-afac-44ec8574811d,Piece,3
ddae0cbb-c28a-4f47-a6b3-4f3e4d68eef1,caa18879-fc47-4fcd-ac7c-062f71018e85,975cf5aa-4ec6-4b0f-bd0b-a79640860da8,CHOICE,9254120000254,3,40.0,22.5,120.0,45baadf7-3c4f-430c-b19c-ed8a6e8538df,Piece,3
a1d4af49-ac47-4d6a-8508-41e64cbbbf33,caff7e5e-8e63-4633-b1fb-e1f34e34841e,a0d9dd33-4b2f-4a0a-add6-a2057a8330c8,ZIA MIX NIMKO,8964002429943,1,100.0,83.33,100.0,70922120-c405-49ff-bafc-fe54e91fdaef,Piece,1
73ed847e-65df-4a27-91ab-6f5ff7d6d745,cc9a468f-0bc3-4439-b1ae-009e562fe121,296944b9-ea79-469c-8425-f11d6e4b7eed,CAPSTAN RED,1230364618200,20,12.5,12.1,250.0,e9169ce5-618b-4046-9957-a321013f7b75,box,1
cea6fd21-969d-4e96-8822-8686062c68a0,cc9a468f-0bc3-4439-b1ae-009e562fe121,113a9bd7-369e-49d6-8331-ce4d03854d07,BOUNCE,8961103503527,2,10.0,8.9,20.0,5e4f1b89-1d0b-4c9b-8a0f-d7298eafafdb,Piece,2
1ff98e4e-cf00-46b0-9325-302b2b56e0e6,cc9a468f-0bc3-4439-b1ae-009e562fe121,045336a9-6e35-481f-bc73-7a5720d220cc,MELLO,8964001435518,1,10.0,9.0,10.0,beb04b66-8168-4ad7-b046-02c8feb0459b,Piece,1
5b048d4c-18c9-4704-a36b-fa42f7f6d1fd,cc9a468f-0bc3-4439-b1ae-009e562fe121,052bc035-870d-4abb-8648-338b99bea7d6,MELLO,8964001435525,2,10.0,9.0,20.0,1eb8706e-7c5c-4b63-9af0-311768873056,Piece,2
1eb131bb-8bf3-49db-8ab6-42a112770251,d02cafd9-8c41-4b77-9663-cd1649c45b8c,6b21c075-c752-4bf7-a4c2-2a4c8441c546,sifarish khan,1232255618481,1,30.0,25.0,30.0,289e28e9-66d0-4026-9fd4-67bfa88cb04c,Piece,1
e6106469-4a28-49b5-957b-3107869642d0,d02cafd9-8c41-4b77-9663-cd1649c45b8c,8af4077d-37f1-441f-936d-9507cb56ca9d,candy,1232784048698,4,5.0,3.5,20.0,7534df49-d891-461a-8b69-7d03cb9ce755,Piece,4
868f664f-a943-484c-a8bc-73be8b26c496,d3294506-54ea-42e1-8a14-9400f328cc4c,e1c7461f-fe2c-43cc-b072-ab2fcdd767ed,olper pack,8964000919934,1,100.0,85.0,100.0,610b7a9f-fa8f-480c-8da4-d5bb1121252c,Piece,1
3fe2b63a-7656-42f6-9836-1e6fa1f5c774,d430ac1f-a67c-4195-9286-97c625181d13,6383caa0-8600-406d-bd64-20c951e42edb,VERY BERRY,8961103066084,2,50.0,45.0,100.0,f7fba06d-67c7-439c-82df-d36448e6b5e0,Piece,2
fe6594e6-305d-4d1c-acf4-64f2ef930c2b,d5d19bb3-ded0-4b20-bec4-2501e4b0147f,1a9db450-bde7-4119-ba96-710c52c9a641,Tops Mango,2020042410108,1,140.0,91.6,140.0,26de4e9f-5c5a-4d98-83d4-2454e112bb9d,Piece,1
2f6bc0f5-a41b-44a2-8887-3bef9e3fded4,d6ab9da9-e082-470f-8324-0ff753c5f66d,975cf5aa-4ec6-4b0f-bd0b-a79640860da8,CHOICE,9254120000254,1,40.0,22.5,40.0,45baadf7-3c4f-430c-b19c-ed8a6e8538df,Piece,1
41123791-05e9-42a3-812c-93560526b55d,d6ab9da9-e082-470f-8324-0ff753c5f66d,8af4077d-37f1-441f-936d-9507cb56ca9d,candy,1232784048698,6,5.0,3.5,30.0,7534df49-d891-461a-8b69-7d03cb9ce755,Piece,6
9372883e-7669-49a2-a288-601843e0ff56,d6ab9da9-e082-470f-8324-0ff753c5f66d,296944b9-ea79-469c-8425-f11d6e4b7eed,CAPSTAN RED,1230364618200,2,15.0,12.1,30.0,a1bc6a6f-ad8f-468b-afac-44ec8574811d,Piece,2
11172120-846c-4efa-b497-a7e547775c78,d6f49997-685c-48a2-a270-bbe598f0b905,33819376-e267-418a-adf2-b6190c956759,DEW 1.5L,8964000101117,1,210.0,163.3,210.0,f669561e-4418-41a3-9cb7-31974a38d7c4,Piece,1
f0518359-adde-45e2-be4d-c54f10863e44,d6f49997-685c-48a2-a270-bbe598f0b905,10ebe327-96fb-4e2c-9292-ee7ccf3b8127,local fry,8964000695555,4,10.0,8.0,40.0,ca63db85-6796-4904-8894-101cfc6813be,Piece,4
0b69f95e-f37e-4467-8b66-45f853fe0f3c,d7187cee-0dfe-41ae-abce-997609a9b7ea,66a64cc9-3d36-4ec9-94c4-fd0e9a56f32c,Lays Masala,8964000090602,1,60.0,55.0,60.0,f1cf0b1c-c84a-427c-a937-2cda709b13dc,piece Rs60,1
628bf25a-fa27-4658-9e17-7bdca5581d1a,d7187cee-0dfe-41ae-abce-997609a9b7ea,8af4077d-37f1-441f-936d-9507cb56ca9d,candy,1232784048698,6,5.0,3.5,30.0,7534df49-d891-461a-8b69-7d03cb9ce755,Piece,6
0d822ff3-1a54-4794-905e-80289692f8bf,d7187cee-0dfe-41ae-abce-997609a9b7ea,130b0d6d-a279-4aa1-aecc-8b7be8a531bd,KING EGG,6971539721008,1,50.0,30.0,50.0,1fdf7df7-0f80-4268-91ee-a22b4db395e2,Piece,1
ae2edfe2-1744-41a0-8f83-44638b68ac04,d7187cee-0dfe-41ae-abce-997609a9b7ea,36a30f2b-248a-4769-bc28-046500d0daf4,bar,1230421521603,2,10.0,5.0,20.0,9c505cbc-8e3d-4e6a-a8f2-96b2991c3bee,Piece,2
ba9852de-6468-4ebd-aab2-6adabf182ee1,d7187cee-0dfe-41ae-abce-997609a9b7ea,aeef62c3-546c-4d54-abab-63f423b6347a,CHILI MILI,870572004818,1,10.0,9.0,10.0,b41cd9c5-6581-4be4-8ed5-873b391aa793,Piece,1
06495b87-5b60-4d61-9a9b-714f022800b3,d74b4765-77c5-4886-8e6e-928b495059cc,df83db32-d270-4a08-8f67-85f4967a923d,Red & White,89600320,10,10.0,9.5,100.0,9906134c-2d34-42ea-8503-8a4aeb21af05,Half Box,1
805df76a-0c8f-4b98-89e8-6b9fcd5eb71e,d74b4765-77c5-4886-8e6e-928b495059cc,2505a9e6-32d6-425c-8c5d-d31507ce904d,lighter,1236376536280,1,40.0,21.0,40.0,4b1a6d94-51e0-4c20-8be3-f4e43962efbf,Piece,1
395ace16-bd82-46aa-b838-b20c226937bc,d74b4765-77c5-4886-8e6e-928b495059cc,8af4077d-37f1-441f-936d-9507cb56ca9d,candy,1232784048698,2,5.0,3.5,10.0,7534df49-d891-461a-8b69-7d03cb9ce755,Piece,2
7c48ca75-7b69-46af-9454-35eb22452a3e,df3abaca-98de-4d8d-b75d-a7a994aa5ace,9b8a64b3-0eff-49bd-a7e9-7ae1f4c6211f,Capstan White,89600078,4,15.0,12.5,60.0,2ee97f16-83f8-4fe8-8004-f20228fc010c,piece,4
215457e0-dc44-45da-a17b-8e74330575b9,dfb554d6-821d-4cfa-b936-4177d767b4b4,382387eb-6272-4738-b2d5-3361fa6fc3ca,Potato Sticks,671866277501,1,50.0,46.25,50.0,bc63250f-fd30-4ca2-a788-3340c09f9c89,Piece,1
71dca8e7-64a7-4007-b915-b326c9de325f,e01d288a-36ec-4712-a6ee-868729a96821,33819376-e267-418a-adf2-b6190c956759,DEW 1.5L,8964000101117,1,210.0,163.3,210.0,f669561e-4418-41a3-9cb7-31974a38d7c4,Piece,1
71a78095-1315-4b7d-8110-b84fa6e626dd,e6210cb2-9326-47a2-a3f6-4ae5046df2d9,9b8a64b3-0eff-49bd-a7e9-7ae1f4c6211f,Capstan White,89600078,2,15.0,12.5,30.0,2ee97f16-83f8-4fe8-8004-f20228fc010c,piece,2
8bad847c-ee4c-45a0-b410-45f6d91c3740,e8d7bb75-2f30-47d4-bea6-27188b78b9c0,0084bf1f-7beb-4c04-9848-2ce0fa28b44e,Chaunsa Mango Cup,8961014033755,1,90.0,77.55,90.0,648aa092-3ee6-4c96-87c6-5610d6e3e4dc,Piece,1
76806871-3f1a-4cab-8f5d-30d0d984c567,e8d7bb75-2f30-47d4-bea6-27188b78b9c0,8af4077d-37f1-441f-936d-9507cb56ca9d,candy,1232784048698,2,5.0,3.5,10.0,7534df49-d891-461a-8b69-7d03cb9ce755,Piece,2
fbc03d31-ac27-417e-b9b7-3232a6bb8514,eb178d1b-377f-4a06-8c71-48899d688c83,99e1bc74-22b4-456e-a729-5baabbf6dff3,krisko,1456587854243,1,20.0,15.0,20.0,887fe7ef-236c-4d4d-a225-789c008373c8,Piece,1
b8134bce-19d0-4436-b7b4-f1bfa94cd955,eb178d1b-377f-4a06-8c71-48899d688c83,36a30f2b-248a-4769-bc28-046500d0daf4,bar,1230421521603,2,10.0,5.0,20.0,9c505cbc-8e3d-4e6a-a8f2-96b2991c3bee,Piece,2
a9daad8d-2395-43c5-8ca4-c46944ff0a5a,eca03b29-0433-4aac-a64c-9c3d45d60cb8,10ebe327-96fb-4e2c-9292-ee7ccf3b8127,local fry,8964000695555,1,10.0,8.0,10.0,ca63db85-6796-4904-8894-101cfc6813be,Piece,1
53efa531-d686-41db-9f5d-129f979de903,eca03b29-0433-4aac-a64c-9c3d45d60cb8,e101e5a8-3410-4e60-af94-bbe948876ffd,CANDY ORIGINAL,8961003679759,1,50.0,44.5,50.0,1391b547-210a-4a66-a3ca-93d482b74abf,Piece,1
5d4fc5c2-7826-47b8-83a6-fddb7de752f9,eca03b29-0433-4aac-a64c-9c3d45d60cb8,8d461728-be1b-440c-86ee-f7a31b9a6d27,Chocolatto,870572008007,2,10.0,9.31,20.0,08a6ddec-263a-4d1b-9f75-5a39630e6b76,Piece,2
380bcd2c-e047-450a-be3b-34ecf5777ed7,ede0c990-dfd1-4737-8caa-6cdd3d867900,9ed78d65-19ca-4518-a662-46285b964c38,zyn fresh mint 3 dot,89602010,1,180.0,100.0,180.0,ae838aa6-1c03-41f6-9cd8-704da336c7cc,Piece,1
066f0e38-1206-4caf-8786-88ecb8a71bf8,edf70b22-cc8d-4b33-83df-d071577a66f3,8f272532-b008-4f8d-88b7-c1d98b8479b0,LAYS Y&H,8964002345670,3,30.0,27.0,90.0,66b973e5-9238-4e42-9914-21193d1f0b37,Piece,3
d0580a45-1302-4293-bd72-890763a997bc,edf70b22-cc8d-4b33-83df-d071577a66f3,64a0260c-b4ff-42bc-a28d-16f0668b16d6,lays masala,8964002345649,1,30.0,27.6,30.0,0ca93a56-dbb6-4176-a2cf-8ac8c48a6f5d,Piece,1
6af6142c-35e1-4b91-9822-45fcdc4f380c,edf70b22-cc8d-4b33-83df-d071577a66f3,2191b979-dc6b-4487-a5db-4f4248da979b,LAYS CLASSIC,8964002345632,1,30.0,27.66,30.0,6e04bce6-7dc2-422b-aba8-ff080af9ddae,Piece,1
7eb152b2-1759-4432-919c-8a46f03191bd,ee888476-b0b1-437a-a7f2-6ef95d90cf46,fdb8766b-6fe2-448b-9d04-0711c389fbd0,popcop,745240202448,1,50.0,40.0,50.0,538ca8b9-68cb-4e40-8642-65d3d3d65323,Piece,1
fe50f1a4-1df3-4188-adb8-9f019d7423b2,ee888476-b0b1-437a-a7f2-6ef95d90cf46,36a30f2b-248a-4769-bc28-046500d0daf4,bar,1230421521603,2,10.0,5.0,20.0,9c505cbc-8e3d-4e6a-a8f2-96b2991c3bee,Piece,2
ba756077-f4de-48d7-bca4-d46cca3d4be1,f115c1f6-2c60-4657-9148-712a950979d3,2f55b147-2b82-4738-8b0b-73ced5a45d88,panda coil,8964002932016,1,40.0,17.0,40.0,550e9c37-6816-488b-bfe2-e1cddcf2408a,Piece,1
436e2cc8-583d-427e-8891-12ae7c66ea9b,f115c1f6-2c60-4657-9148-712a950979d3,2505a9e6-32d6-425c-8c5d-d31507ce904d,lighter,1236376536280,1,40.0,21.0,40.0,4b1a6d94-51e0-4c20-8be3-f4e43962efbf,Piece,1
aff68dd0-56d8-479f-96a4-8765d54ba70d,f1f58571-d277-4491-a4f2-76a87d3e1891,93379316-dccb-444f-9d95-131228d6cf0f,Cheetos,8964002346707,1,50.0,31.0,50.0,8405e14b-806f-477f-9f05-dc9572eb9b3d,Piece,1
ffd89728-04af-4b0c-9131-59e6d1ae44c8,f1f58571-d277-4491-a4f2-76a87d3e1891,403ea510-fb07-48bc-a730-8f1f2391b3be,STING L,8964000101704,1,140.0,105.8,140.0,7b817808-9ae8-4d8f-9f89-3f3e11cfe183,Piece,1
25f2a789-6baf-404e-90c5-1bcac88bfc4c,f6b6e0f8-4f4d-4260-b6b4-77c8dd72c773,66df3d12-aa8d-486d-9453-71ff83e9c349,HARVEST BLESSING,725765019110,1,100.0,50.0,100.0,3d0746b5-edc3-4bdb-b424-00495bba7b62,Piece,1
bb4cb107-8aa3-4086-965b-5e4189ca9e8e,f6c9ef86-dd4f-4498-8084-deb3dda792f7,296944b9-ea79-469c-8425-f11d6e4b7eed,CAPSTAN RED,1230364618200,10,14.0,12.25,140.0,0ea2547b-ff52-4fd2-a713-c4c425c19caa,Half box,1
a9c00922-7e09-4745-9ed7-b2bba85d7860,f6c9ef86-dd4f-4498-8084-deb3dda792f7,975cf5aa-4ec6-4b0f-bd0b-a79640860da8,CHOICE,9254120000254,1,40.0,22.5,40.0,45baadf7-3c4f-430c-b19c-ed8a6e8538df,Piece,1
5c03fc1f-0696-4ec7-9f5a-390c0bbdaca5,f6c9ef86-dd4f-4498-8084-deb3dda792f7,8ebe1861-fdc8-44f9-947e-92577c55f498,yums,8961102502903,1,50.0,45.0,50.0,b02205d3-8e6a-4677-a5ed-9daa92beb126,Piece,1
9353d20b-ae6d-4f70-a18f-4537e716e790,f6c9ef86-dd4f-4498-8084-deb3dda792f7,8bc30964-e703-4aa4-ab2e-b4cbc2077d25,ZERO NEXT,8964001179696,1,130.0,76.6,130.0,c0ea9540-57c8-49cd-934d-8b5e8ec42e8a,Piece,1
60db883f-5c09-4682-8683-248971383596,f6c9ef86-dd4f-4498-8084-deb3dda792f7,900db40d-0fc6-4f99-b804-eebe2cfd422d,SONNET,8961102504549,1,50.0,41.66,50.0,97f96a62-168e-477d-a99f-21f77984ab91,Piece,1
6160bd9c-3c92-404f-857e-2f2e08bbfdb6,f9588e2c-513a-487e-b768-c0d8fcab3acc,e89768c3-9e0e-472e-b8fe-ca33136480e6,lemon max pouch,8886950099514,1,225.0,200.0,225.0,49d66224-083c-4065-82fa-185368c7b179,Piece,1
d931dcbf-4d25-47b3-9df2-b39cf5f18ec3,f9588e2c-513a-487e-b768-c0d8fcab3acc,bdfbec09-02b6-43e1-834e-c6f25f2250da,egg,1239923458738,12,22.5,20.44,270.0,bdd4c51e-e07c-42e7-b727-d85d00d994f8,dozen,1
ccb1be1e-0432-493b-b1a3-df18c9f6d458,f9588e2c-513a-487e-b768-c0d8fcab3acc,5a5154d9-6994-4dee-9011-efd865af1c8f,GOLD LEAF,1232097295550,3,30.0,25.0,90.0,ff8b0ab8-fd25-4bb6-aafb-a79e8e63a846,Piece,3
1064ffb6-07ba-4740-8b93-cec8e23a7dd0,f9588e2c-513a-487e-b768-c0d8fcab3acc,d5d6372c-5ed7-4b72-998a-708be9b074c3,SUGAR 1/2 KG,1234623077739,2,80.0,72.5,160.0,5426f909-c940-4530-aff4-f6caca3a7bb0,Piece,2
dd569b81-943e-432b-a752-c59b5e2282fe,fa71dfc5-465a-4cc9-89a6-452342ba7b24,44900965-d077-449e-a18e-bb79c3af9c07,FANTA 1.5L,5449000052926,1,210.0,175.0,210.0,0035b914-bbf9-4938-b132-01d651859917,Piece,1
3ed6a1d8-e699-4eff-ad21-6d1937c6868e,fa71dfc5-465a-4cc9-89a6-452342ba7b24,9ed06880-e15b-44ae-876b-3fcca222bad2,sooper,8964004770456,1,50.0,45.0,50.0,f3625b26-f234-4633-b395-5d2ebc6a6cc8,Piece,1
b6905f74-5df6-48f3-9474-1a09cab17af3,fa71dfc5-465a-4cc9-89a6-452342ba7b24,f76bd39a-a6d4-4d77-be68-2fe51aed4f61,Candi,8961003020315,1,40.0,35.97,40.0,7ac2e04c-4c66-4119-817f-0b36a597f8df,Piece,1
49a2c828-8711-4e8d-ae5a-efa0ac099696,fa9e1f0b-0be2-4240-bafb-537d8c10d618,79fc63b1-c564-43ab-8f73-4d3702515b4a,COCA ZERO SUGER,5449000131836,2,130.0,70.0,260.0,f8affc07-07eb-455b-b047-1628d7a0f194,Piece,2
0e86aa38-e4f5-426b-8f38-4d24abaa6b1f,fe7335e4-aebf-407e-aaa9-60d19918fd5d,b21064d9-07ce-42e8-8bdf-a7c61df06adb,jet spoort,8721274610482,1,40.0,29.38,40.0,347ee8ca-b35c-456e-a2d3-8c9b2417b33e,Piece,1
a34da19d-faaf-4c75-b7f3-5b4c87b1b8c9,febf2e17-936c-4a84-b296-fa9dd3e67666,296944b9-ea79-469c-8425-f11d6e4b7eed,CAPSTAN RED,1230364618200,2,15.0,12.1,30.0,a1bc6a6f-ad8f-468b-afac-44ec8574811d,Piece,2
788802da-59cd-4e82-8167-43ad771b7fca,ffc682c1-d6cd-4751-a8e3-3362a3ee1a61,296944b9-ea79-469c-8425-f11d6e4b7eed,CAPSTAN RED,1230364618200,4,15.0,12.1,60.0,a1bc6a6f-ad8f-468b-afac-44ec8574811d,Piece,4
0efe2c15-36c9-42b3-b740-b6d49a5148a4,0bb8b119-f4b4-4332-858d-11241192687d,5a5154d9-6994-4dee-9011-efd865af1c8f,GOLD LEAF,1232097295550,3,30.0,25.0,90.0,ff8b0ab8-fd25-4bb6-aafb-a79e8e63a846,Piece,3
6b385330-3bdb-4d02-a91a-1424b339a281,18ae0e71-d9a5-4ab0-af56-a7a6b6ba1098,296944b9-ea79-469c-8425-f11d6e4b7eed,CAPSTAN RED,1230364618200,2,15.0,12.1,30.0,a1bc6a6f-ad8f-468b-afac-44ec8574811d,Piece,2
49a73229-4cd8-4bd3-b49b-dc007c9860b4,18d53b56-77dd-4234-b331-b78437d7aa45,74cf22e5-d68b-4f83-91f2-ef52b08ca928,Dove shampoo S/pack,8961014260144,1,10.0,4.0,10.0,2f07a29e-6d61-4dbc-9aaa-418866f173d5,Piece,1
b92bf32a-aa82-41c2-9977-ce7d76664d44,18d53b56-77dd-4234-b331-b78437d7aa45,2eeb2840-498a-4d8b-b428-a35305ad400a,sunslik,8961014255461,1,10.0,8.0,10.0,f1a20860-f949-46af-ba9a-2b1e565a810f,Piece,1
cbeeee83-5960-43f3-b855-141e6a6afd56,19d093ce-c821-4d27-96ca-82050f1040f6,296944b9-ea79-469c-8425-f11d6e4b7eed,CAPSTAN RED,1230364618200,3,15.0,12.1,45.0,a1bc6a6f-ad8f-468b-afac-44ec8574811d,Piece,3
6005a730-a86f-4bb6-99a2-24372953daf9,1a42f7f8-c3c7-46b2-a796-da188ef72e05,1ef410cd-7a94-44af-b517-d8100813a45a,DONUT,8961014017564,1,100.0,91.16,100.0,9c11edf3-677c-4388-941e-807919db36a3,Piece,1
bcc15d80-1f6d-4502-aaac-21aed405e34a,1a42f7f8-c3c7-46b2-a796-da188ef72e05,8af4077d-37f1-441f-936d-9507cb56ca9d,candy,1232784048698,2,5.0,3.5,10.0,7534df49-d891-461a-8b69-7d03cb9ce755,Piece,2
3f9a354d-9d93-4f17-95fd-513749f28570,1caa10f8-e7ac-4d18-8603-ed73c0069945,296944b9-ea79-469c-8425-f11d6e4b7eed,CAPSTAN RED,1230364618200,2,15.0,12.1,30.0,a1bc6a6f-ad8f-468b-afac-44ec8574811d,Piece,2
10ada720-7828-4156-a77e-9e0fd28109e7,1d0de9c7-4292-4d4d-8b8e-d46f7f98e8da,16aaea48-fe9c-4a96-8c0e-5fa79cd3fca1,cocomo,8961103500359,5,10.0,9.5,50.0,60a15580-472f-4b42-8bb2-2863cf1872c0,Piece,5
71658f22-c610-4349-bed8-a5d4ef2430d3,1df1a483-7876-42ef-a5f5-f248f9763a18,d258d862-8463-431b-ac56-5545e120c5ae,big lychee 500ml,1860074054601,1,120.0,54.1,120.0,486d58bf-cb59-4fac-9f01-5cf149100228,Piece,1
a6391545-89db-4e5d-b4e0-c4267c53dec9,215601a9-458d-404f-9cc8-3f974bad0621,e1c7461f-fe2c-43cc-b072-ab2fcdd767ed,olper pack,8964000919934,1,100.0,85.0,100.0,610b7a9f-fa8f-480c-8da4-d5bb1121252c,Piece,1
2b98ec06-ba79-4293-b96c-a540291496ae,28db9c9c-b276-4a00-bd52-ffe32d61ca08,5a5154d9-6994-4dee-9011-efd865af1c8f,GOLD LEAF,1232097295550,1,30.0,25.0,30.0,ff8b0ab8-fd25-4bb6-aafb-a79e8e63a846,Piece,1
7be3fc12-aee3-4bc8-9e8d-9522fb4d07a0,28db9c9c-b276-4a00-bd52-ffe32d61ca08,8af4077d-37f1-441f-936d-9507cb56ca9d,candy,1232784048698,1,5.0,3.5,5.0,7534df49-d891-461a-8b69-7d03cb9ce755,Piece,1
b28edb38-22ab-4c66-add5-e68df30ae6b2,28db9c9c-b276-4a00-bd52-ffe32d61ca08,d8f89ad3-02ac-4798-bd1b-2d1d17aa2b54,kite match stick,745178816045,1,5.0,3.0,5.0,052b3a03-75fd-4be6-97f3-c90634e0f3df,Piece,1
810a7e28-e704-4c27-86fe-4297f6078da5,28e98729-8800-4ecf-950e-79b7a5f96a65,33819376-e267-418a-adf2-b6190c956759,DEW 1.5L,8964000101117,1,210.0,163.3,210.0,f669561e-4418-41a3-9cb7-31974a38d7c4,Piece,1
701d3308-c5da-4b6b-b1fc-b764e9d50530,29e0a79d-2676-4a62-b74d-935f72951e78,cdb81930-67a7-4ee9-b89a-f6d0aef5d131,Lays Wavy Y&H,8964002345809,1,50.0,45.5,50.0,def32295-544e-4cd9-9216-32e217c2571b,Piece,1
92811aae-facc-43c8-8fb2-05e886ed6463,29e0a79d-2676-4a62-b74d-935f72951e78,93379316-dccb-444f-9d95-131228d6cf0f,Cheetos,8964002346707,1,50.0,31.0,50.0,8405e14b-806f-477f-9f05-dc9572eb9b3d,Piece,1
57d525cc-c096-4c8d-aa0b-2674e1979c3c,29e0a79d-2676-4a62-b74d-935f72951e78,a53ad854-8545-44f3-8147-1b275cce0b86,Glace Peanuts,745240202554,1,50.0,45.0,50.0,24cec4be-aae6-4a8c-89f4-31515df3a896,Piece,1
ecaa7cc4-d1cc-4239-9e4c-d2d3cc736a2d,29e0a79d-2676-4a62-b74d-935f72951e78,cf9ea9f8-e152-4122-9063-0117aac4a303,DAL MOONG,8964002429363,2,50.0,43.3,100.0,b90fae7f-5e8c-49d7-9390-6799925cbf6f,Piece,2
d61424b1-494b-44ba-8f1f-1d077422df30,29e0a79d-2676-4a62-b74d-935f72951e78,d258d862-8463-431b-ac56-5545e120c5ae,big lychee 500ml,1860074054601,1,120.0,54.1,120.0,486d58bf-cb59-4fac-9f01-5cf149100228,Piece,1
656ccba9-389f-481d-8114-83c40a19a3ba,29e0a79d-2676-4a62-b74d-935f72951e78,b670459a-e326-4490-bf85-c717dd6912df,SLICE APPLE,8964000103104,1,80.0,43.4,80.0,962458d9-d8a4-496e-b26d-a36295416f95,Piece,1
c88dd96d-5835-44aa-ac90-db8910ff63c5,29e0a79d-2676-4a62-b74d-935f72951e78,f94c1b12-9657-4f9e-ba99-523f009eafaa,FV ROYAL NECTOR,8961008212876,1,90.0,63.33,90.0,02b6b4a6-560e-408d-b383-98ec473aef38,Piece,1
5cdfee9f-f465-4227-b634-84af78c32f53,29e0a79d-2676-4a62-b74d-935f72951e78,5f1a36da-2060-4d63-b404-0ee130333760,cheetos bites,8964002347056,1,20.0,18.0,20.0,fa0cdacb-5a18-4319-985a-6aa62ef6a20c,Piece,1
56eac911-5b58-43dd-88ee-2db7eb29f802,29e0a79d-2676-4a62-b74d-935f72951e78,be44b289-416b-44a0-8b0b-a8fa12224b0c,bigg apple 500 ml ,1860074051716,1,120.0,79.0,120.0,a0286e3b-c325-40da-999b-ec304d221333,Piece,1
57a545a8-fd75-4792-b291-66d32a69047a,29e0a79d-2676-4a62-b74d-935f72951e78,b774485e-d9ac-4d19-83fd-38f4fbd186be,Ringli,745240202097,1,60.0,45.83,60.0,f34784af-8398-4785-ba46-8eec841cc57d,Piece,1
8e27fbe7-8106-46af-b893-aeb282197ba0,29e0a79d-2676-4a62-b74d-935f72951e78,8f421553-10c3-4fa2-9e4d-51f5bbc06cbc,KURKURAY TM,8964002347278,1,40.0,36.9,40.0,74737246-4041-42e1-b1a9-1a501d24fe22,Piece,1
af285eff-43b7-4bbc-9279-70186a4878bf,29e0a79d-2676-4a62-b74d-935f72951e78,824b60ca-7c4a-4a5f-9337-5f66e4c85e1b,Lays Paprika,8964002346936,1,70.0,63.5,70.0,e4bc87fb-d06b-45fe-9466-5e28283e39e8,Piece,1
d0dd24e6-35ee-42c9-a865-bd6695909aea,29e0a79d-2676-4a62-b74d-935f72951e78,3f5cee21-a933-407b-9a6a-6daf3ac36e75,Lays T BBQ,8964002346783,1,50.0,45.8,50.0,6cf35150-fa6e-4af5-9c23-b44badc0b7b6,Piece,1
b9e722d2-e812-4218-968d-973e049168e5,29e0a79d-2676-4a62-b74d-935f72951e78,d8796b4b-5314-467f-9f25-42b0d0536dc2,SPOUT PEPPERMINT,671866277716,1,60.0,46.0,60.0,1083f11e-f72c-4e4e-96e3-95803ff880f7,Piece,1
c85bf183-5768-46da-abce-147feff8bd20,2de60938-92ab-49a1-bc1a-f0bd547592e8,237d3dfe-dc62-439f-8b90-7fc3db0b51a5,BEAR GUMMY,8964002797875,1,10.0,9.0,10.0,3ebbe708-a56e-4e4f-9e0e-2c294d300cbe,Piece,1
48ae1821-60e8-45a9-9c3b-b0dccde39279,2de60938-92ab-49a1-bc1a-f0bd547592e8,b21064d9-07ce-42e8-8bdf-a7c61df06adb,jet spoort,8721274610482,1,40.0,29.38,40.0,347ee8ca-b35c-456e-a2d3-8c9b2417b33e,Piece,1
1efe726b-161b-43fb-9c4e-d36c11695e87,2e932de1-9193-4f7e-8a92-c0e3528a933b,c3551759-c1ef-47f5-b230-77bce4c2f476,Brite s/pack,8886950015279,2,10.0,9.17,20.0,65d64d63-9e6f-4416-9618-7a79123a69a1,Piece,2
b38ac062-a5c0-4e86-af97-7d052dbaddd7,2e932de1-9193-4f7e-8a92-c0e3528a933b,c2c67da4-a52c-482a-9e17-571f55926926,KRISKO,1512141511004,1,100.0,83.0,100.0,87f5d5e7-0c8a-44e5-9587-57a6e3aba032,Piece,1
ffa38df9-7fd4-4f94-9e24-b3c2411bade6,2e932de1-9193-4f7e-8a92-c0e3528a933b,9b8a64b3-0eff-49bd-a7e9-7ae1f4c6211f,Capstan White,89600078,3,15.0,12.5,45.0,2ee97f16-83f8-4fe8-8004-f20228fc010c,piece,3
9beadb53-ee99-49d4-b2c8-e96cb0a40619,3079a61a-7e64-4970-9f59-ac4542a7ba5c,36a30f2b-248a-4769-bc28-046500d0daf4,bar,1230421521603,1,10.0,5.0,10.0,9c505cbc-8e3d-4e6a-a8f2-96b2991c3bee,Piece,1
6e5bcc14-4617-44f3-ba3b-0c1edf7054ca,3079a61a-7e64-4970-9f59-ac4542a7ba5c,8af4077d-37f1-441f-936d-9507cb56ca9d,candy,1232784048698,2,5.0,3.5,10.0,7534df49-d891-461a-8b69-7d03cb9ce755,Piece,2
98e2b6f7-983a-4e58-a446-b6cffad09fa0,31233b1d-f446-4756-8196-31f8f9b516c6,c394cc41-51cb-49e9-ac0c-65d58bafba88,tops lychee,8964004433115,1,140.0,92.0,140.0,449dfcea-6750-4c24-a42e-9eb08a4f6a25,Piece,1
513b589a-519f-4920-9cad-d8527f14bd96,31233b1d-f446-4756-8196-31f8f9b516c6,b8114fe2-506f-4e27-ab08-c2626a8f1661,SPOUT LOTTE STWABRY,671866277730,1,60.0,46.0,60.0,6fc0dfc4-17ef-4974-b071-1cce60c2e67a,Piece,1
abc2efb5-160f-446f-9458-10ea2936aecd,40bb12b9-c9bb-4d1c-bedc-27ec99ef2cd5,4b435e3a-0c1b-468c-8211-d394ff490098,lux soap,8961014268348,1,160.0,150.0,160.0,ddeecaed-7971-446d-b0c0-6da10ce32d98,Piece,1
3e7f703a-3052-46de-a722-27edd0c8c781,417e9418-7fb1-48ea-8e5a-d18ee9924b77,8f421553-10c3-4fa2-9e4d-51f5bbc06cbc,KURKURAY TM,8964002347278,2,40.0,36.9,80.0,74737246-4041-42e1-b1a9-1a501d24fe22,Piece,2
e3b53f33-8565-4dd6-8779-4ed7cbde7a1e,417e9418-7fb1-48ea-8e5a-d18ee9924b77,89f084ac-a196-47fb-8e25-4e4bd3160c50,STING SMALL,8964000101551,1,100.0,73.0,100.0,24a9904c-bbbb-433e-b85c-bc70707d653c,Piece,1
e3d4c784-30ab-4647-a47a-8acc9e269dbe,417e9418-7fb1-48ea-8e5a-d18ee9924b77,304ce1d5-e0dc-46d8-91d7-310e86b2d095,7up 300ml,8964000103289,1,90.0,65.0,90.0,bcee3595-62d4-4dab-8748-22b68cbb802b,Piece,1
325c4971-19ef-4b67-a5dd-d550de598760,44e56a97-cb0a-4976-8e8d-af5b1e3a3d70,6aab32da-e839-4662-aa7f-d8bca3b3d36d,WD 40,5032227440012,1,650.0,490.0,650.0,687b8af9-d7d9-4e4c-a1b8-ab42e9abfba4,Piece,1
a00658e1-2239-4a3d-a79d-5fc7bdcf2300,44e56a97-cb0a-4976-8e8d-af5b1e3a3d70,f4c0439f-a023-4989-995f-cdda01ed18ba,Lays Paprika,8964002345618,1,50.0,45.5,50.0,a85255f1-fb2f-482a-9d2e-8886ab9b1f92,Piece,1
1f0f59bf-1e4a-4184-a785-6b8a933d7f05,44e56a97-cb0a-4976-8e8d-af5b1e3a3d70,d0ea7687-1654-4b17-b313-1c89ac741d71,NANKHATAI,8961003669347,1,50.0,45.0,50.0,7c5574a7-3027-4066-a9a4-deb43ded924b,Piece,1
08d2adf4-8395-4836-b1ef-7359b5032593,44e56a97-cb0a-4976-8e8d-af5b1e3a3d70,38c5ff9f-dc9e-41b8-bec4-fa01f779b45b,pizzo,8961103061577,1,30.0,25.5,30.0,db6d3c83-5d97-4e7d-849b-2881a6a6aff9,Piece,1
4b225dca-3d1e-4165-8eb8-f2a0e7356b42,4665f8ec-349b-4b6f-a91f-3e86a723b10e,3e5b2347-cad4-4573-ae1d-122c611fb125,CHOC STICK,8721274610499,2,50.0,32.0,100.0,ef191681-8765-4a72-b543-9cff19c60167,Piece,2
c29d9dc1-2452-4742-9960-ac96164b41b6,484b857b-f3b2-418c-acb9-4b05bdc1437c,1a9db450-bde7-4119-ba96-710c52c9a641,Tops Mango,2020042410108,3,140.0,91.6,420.0,26de4e9f-5c5a-4d98-83d4-2454e112bb9d,Piece,3
f8dcd372-05c0-49e4-9b26-3a289e59bb8b,484b857b-f3b2-418c-acb9-4b05bdc1437c,c394cc41-51cb-49e9-ac0c-65d58bafba88,tops lychee,8964004433115,1,140.0,92.0,140.0,449dfcea-6750-4c24-a42e-9eb08a4f6a25,Piece,1
471b6bcd-7911-4bab-b100-ec9b60633cba,484b857b-f3b2-418c-acb9-4b05bdc1437c,6009f9e7-4e3f-468a-9747-f2a90c2bc207,dayfresh strawberry,8964000816493,1,150.0,97.5,150.0,7c0ff196-8530-453d-a609-64489abbcbcf,Piece,1
1c76dd27-03b3-4aa4-80b0-efa085986486,484b857b-f3b2-418c-acb9-4b05bdc1437c,35c2dd8d-80a3-4e98-8e14-a1ae78705664,MAGNUM CLASSIC,8961014034622,1,300.0,265.0,300.0,affca17b-af34-459c-9472-6e05b0548137,Piece,1
a2b5688b-1437-4d65-9f61-2085580b4b18,484b857b-f3b2-418c-acb9-4b05bdc1437c,36457024-7d12-4c56-9544-18674a4e8faf,King Kulfa  SLICE,8721274610949,1,80.0,70.52,80.0,3643e13e-635a-4583-97ac-5341bf0edbc0,Piece,1
95b298cb-6911-4215-9637-806b1de45d1e,484b857b-f3b2-418c-acb9-4b05bdc1437c,63f00a80-cb39-4cd7-ad56-99bead38d732,Cornetto D CHOCOLATE,8961014033458,1,140.0,122.0,140.0,a8cc5828-8eaf-4462-8806-1c915ddeb88f,Piece,1
80097534-2256-496e-b0e8-547c83c17571,51dcb3ce-8205-40e8-ba19-5a3a7a62dfb5,296944b9-ea79-469c-8425-f11d6e4b7eed,CAPSTAN RED,1230364618200,1,15.0,12.1,15.0,a1bc6a6f-ad8f-468b-afac-44ec8574811d,Piece,1
034b2752-0c46-463b-92cd-5377dc45c810,51fc9cbe-3063-4489-896f-d8b4c9dc1cf6,18916bb3-c4ef-4ac2-b07a-3665a93c8f23,LIFEBUOY,8961014266016,2,10.0,9.38,20.0,9fe045e9-9c6c-4b82-aca7-1fe5a7a76f64,Piece,2
19a7c298-b240-44a8-9793-0bd20970b3cc,520aab7c-5e0b-432c-87f0-90c0c21bdfef,2eeb2840-498a-4d8b-b428-a35305ad400a,sunslik,8961014255461,4,10.0,8.0,40.0,f1a20860-f949-46af-ba9a-2b1e565a810f,Piece,4
bd6c96b7-9fdc-4b3b-a491-ee586f255aa4,520aab7c-5e0b-432c-87f0-90c0c21bdfef,c3551759-c1ef-47f5-b230-77bce4c2f476,Brite s/pack,8886950015279,1,10.0,9.17,10.0,65d64d63-9e6f-4416-9618-7a79123a69a1,Piece,1
5ac8d6b5-8f32-430d-8b92-d1726266d0ee,520aab7c-5e0b-432c-87f0-90c0c21bdfef,296944b9-ea79-469c-8425-f11d6e4b7eed,CAPSTAN RED,1230364618200,2,15.0,12.1,30.0,a1bc6a6f-ad8f-468b-afac-44ec8574811d,Piece,2
7c2d1b6d-eb7c-4288-8f09-19c542f85887,520aab7c-5e0b-432c-87f0-90c0c21bdfef,54d50e5e-c808-4bdf-ae3d-bef310784f59,EVERYDAY POCKET TISSUES,1237505540970,1,20.0,8.0,20.0,c47a9994-3f1a-4ca6-ba9d-78b4c39e02e0,Piece,1
27dab12b-c9bc-4c88-a167-aee10a78ab40,53e6a109-19db-4003-a34d-d9df26579009,3f5cee21-a933-407b-9a6a-6daf3ac36e75,Lays T BBQ,8964002346783,6,50.0,45.8,300.0,6cf35150-fa6e-4af5-9c23-b44badc0b7b6,Piece,6
5c257e16-eae0-4f54-ad60-26eb4d4b024e,53e6a109-19db-4003-a34d-d9df26579009,17d0a951-1cbd-44c7-91d0-527e48554d8a,3D VUGLES,8964000695210,2,50.0,45.0,100.0,c1be03ff-b652-4f57-91b6-580e03740e3a,Piece,2
57433b75-332f-4328-a86b-1efdcbaf4283,53e6a109-19db-4003-a34d-d9df26579009,c75320df-735c-44fe-b32d-46b0170ef53a,Lays Masala,8964000090428,1,100.0,92.3,100.0,b77ba773-b9e7-4763-9761-47c66a223bd9,Piece,1
f7476d7c-d7d6-4658-9bc0-2f2a1fe7338b,53e6a109-19db-4003-a34d-d9df26579009,477ef534-005d-42fb-9cdb-ae0e6e0e4624,Lays Masala,8964002345595,1,50.0,46.0,50.0,3294cf9e-a80d-4e5a-bb6f-3a8fd4122ffc,Piece,1
fb0bec92-f624-40a9-a6d2-b00ad91be40b,53e6a109-19db-4003-a34d-d9df26579009,d708baee-e4e6-44b7-89a0-5214eeebce4f,prince chocolate,8961003612572,1,50.0,45.0,50.0,556d6997-f2ee-4658-8b85-23a47795b274,Piece,1
9563134e-c788-4b54-b157-341bd7a82f22,5cf479bb-1cd0-4b24-9658-12f62f192376,9b8a64b3-0eff-49bd-a7e9-7ae1f4c6211f,Capstan White,89600078,3,15.0,12.5,45.0,2ee97f16-83f8-4fe8-8004-f20228fc010c,piece,3
67cf8635-b625-47fd-a1ee-2c7e1f50e2af,5cf479bb-1cd0-4b24-9658-12f62f192376,8af4077d-37f1-441f-936d-9507cb56ca9d,candy,1232784048698,1,5.0,3.5,5.0,7534df49-d891-461a-8b69-7d03cb9ce755,Piece,1
cf8ca495-d348-472a-901f-1f120a225657,6753878c-ac56-4cd8-b763-51a4e267460a,408d572f-88a0-4421-b412-bc4d41a5acf9,DISPOSIBLEPLATE,1232646589291,3,10.0,6.75,30.0,60a0fffd-26e7-405c-b06d-a86eb5749928,Piece,3
89030781-5954-43a1-a31b-728491b91ee3,6753878c-ac56-4cd8-b763-51a4e267460a,fa64abc3-cd41-4074-8e6a-c87021380c9f,SPOON,1238390631200,3,5.0,2.0,15.0,277d4196-a434-4e14-82dd-d79fe9181a1c,Piece,3
b2e1241a-41db-4ac6-8a67-34f00b4ea772,6753878c-ac56-4cd8-b763-51a4e267460a,8af4077d-37f1-441f-936d-9507cb56ca9d,candy,1232784048698,1,5.0,3.5,5.0,7534df49-d891-461a-8b69-7d03cb9ce755,Piece,1
7c421a62-45b5-4423-8d0a-ad9bdea26ab5,6bf58b07-1e89-4935-9084-0eaa3ce4474d,8af4077d-37f1-441f-936d-9507cb56ca9d,candy,1232784048698,4,5.0,3.5,20.0,7534df49-d891-461a-8b69-7d03cb9ce755,Piece,4
4f996291-ac31-4828-a536-1fa87454e9e7,6db4ed3a-9254-499d-a495-44c43b375d18,b2fa9a08-2130-4d3b-a1f9-f39f694cc18c,Surf Excel S/pack,8961014264760,10,10.0,9.1,100.0,f62c8014-7e26-49a7-9f35-a5eb92f1347c,Piece,10
48ae6321-62de-4a29-89f6-1a1fc8df1a61,717ed43d-e37a-4bce-9c11-8d134ab4ccae,296944b9-ea79-469c-8425-f11d6e4b7eed,CAPSTAN RED,1230364618200,3,15.0,12.1,45.0,a1bc6a6f-ad8f-468b-afac-44ec8574811d,Piece,3
6245b60a-0d29-4c35-a481-9b31dc822fbc,717ed43d-e37a-4bce-9c11-8d134ab4ccae,d8f89ad3-02ac-4798-bd1b-2d1d17aa2b54,kite match stick,745178816045,1,5.0,3.0,5.0,052b3a03-75fd-4be6-97f3-c90634e0f3df,Piece,1
bc257c57-5040-4355-9147-d53a89852b55,77601961-3551-43cd-9785-8c0496ef8f94,8d461728-be1b-440c-86ee-f7a31b9a6d27,Chocolatto,870572008007,2,10.0,9.31,20.0,08a6ddec-263a-4d1b-9f75-5a39630e6b76,Piece,2
fe554a6b-fd94-4d49-9649-5f97c1fa31d1,7bb92265-eeff-46a7-945a-7ea9d6e6e4e4,a95e4363-61cb-4264-9387-b8c7d56c923d,GLUCO,8964003592240,1,20.0,18.0,20.0,45b3355d-9d11-4674-87e6-5e93a48d7a68,Piece,1
4bfac657-3113-4af9-a92d-a7cb980abdac,7bb92265-eeff-46a7-945a-7ea9d6e6e4e4,6cdc3f31-5a7f-4a53-a154-cea5404a3e58,BISCOFFI,8965310055213,1,50.0,45.0,50.0,d6ac9e7c-4e6e-405d-9c31-75d063c668e9,Piece,1
bccf80f6-ae20-4be4-b353-c2ec09f38a17,7bb92265-eeff-46a7-945a-7ea9d6e6e4e4,8af4077d-37f1-441f-936d-9507cb56ca9d,candy,1232784048698,6,5.0,3.5,30.0,7534df49-d891-461a-8b69-7d03cb9ce755,Piece,6
be2d4cf0-7d83-4cda-99f5-174f512122b2,7c4afe8d-6df1-4edb-81cc-97de97ad120e,296944b9-ea79-469c-8425-f11d6e4b7eed,CAPSTAN RED,1230364618200,5,15.0,12.1,75.0,a1bc6a6f-ad8f-468b-afac-44ec8574811d,Piece,5
dc971e8d-b077-4fdf-a2c9-9762a87c66ef,7c4afe8d-6df1-4edb-81cc-97de97ad120e,8f272532-b008-4f8d-88b7-c1d98b8479b0,LAYS Y&H,8964002345670,1,30.0,27.0,30.0,66b973e5-9238-4e42-9914-21193d1f0b37,Piece,1
2e53ca09-9e08-48f2-9b7f-9e058599886a,7e12ac9d-2df0-4d00-8dbe-5fcf2d8405f2,3ec91c94-8be1-4717-8435-6bcd92070dc1,Feast Chocolate,8721274610406,3,100.0,86.1,300.0,b6e97872-e4be-4158-b9ca-3adb4c7c05e7,Piece,3
81f79447-ed2b-4692-ad0f-d21244dc30fc,7e12ac9d-2df0-4d00-8dbe-5fcf2d8405f2,8af4077d-37f1-441f-936d-9507cb56ca9d,candy,1232784048698,6,5.0,3.5,30.0,7534df49-d891-461a-8b69-7d03cb9ce755,Piece,6
a8e7a8b6-89cf-450e-b1c7-5247b86d6a21,7e12ac9d-2df0-4d00-8dbe-5fcf2d8405f2,2fca24bc-6cc7-4bc7-886d-6d64bd17b65b,berry pop,8964002800438,1,10.0,8.34,10.0,3634f84e-5a94-43ff-a6f3-0647f7250b6b,Piece,1
cdeaf25a-253a-4c50-b03c-3d0675f26525,85890e12-a6db-41ea-9d51-7acdd96b9c75,16aaea48-fe9c-4a96-8c0e-5fa79cd3fca1,cocomo,8961103500359,1,10.0,9.5,10.0,60a15580-472f-4b42-8bb2-2863cf1872c0,Piece,1
a791c586-e87c-43a9-b49b-088df93a1fa9,85890e12-a6db-41ea-9d51-7acdd96b9c75,7439380d-ff71-4b92-b2ff-56899ca87c0d,tridgum,9555407311019,1,10.0,4.09,10.0,b3c50399-f52e-4960-bdd6-5ef8d99c8de1,Piece,1
7e232b66-9300-4e72-9544-b6e6a4510577,85b7af6a-7a98-4141-88af-b7b897dd120e,aeec8327-c8e3-49ae-830d-5ae48228671a,DISPOSIBLE GLASS,1233763958519,2,5.0,1.7,10.0,2bc021cb-4f78-4684-ad9e-7fae8bd628d9,Piece,2
94a762d4-c741-4077-9f26-4508a79d6e83,85b7af6a-7a98-4141-88af-b7b897dd120e,8af4077d-37f1-441f-936d-9507cb56ca9d,candy,1232784048698,2,5.0,3.5,10.0,7534df49-d891-461a-8b69-7d03cb9ce755,Piece,2
df727675-517a-43c4-a43b-1e2088fbc46e,8dca2a0e-f579-48a6-8ab6-4384ff6ce8b9,3f5cee21-a933-407b-9a6a-6daf3ac36e75,Lays T BBQ,8964002346783,1,50.0,45.8,50.0,6cf35150-fa6e-4af5-9c23-b44badc0b7b6,Piece,1
6671093c-2387-4998-84b4-9e9a42308949,9642430c-bf11-4d18-b6ee-a9773af99d9f,0259bc33-815c-4165-8546-2a8111e16f62,Cornetto Cookies,8961014033465,2,140.0,123.0,280.0,5fe3a816-e126-4be5-9048-c788da7a8da8,Piece,2
2f5271dd-23e6-42b1-bd07-a66d983951bc,9642430c-bf11-4d18-b6ee-a9773af99d9f,8af4077d-37f1-441f-936d-9507cb56ca9d,candy,1232784048698,4,5.0,3.5,20.0,7534df49-d891-461a-8b69-7d03cb9ce755,Piece,4
87e54391-4548-4081-95e5-83de828e6d1e,a045b364-7e8a-4613-ad7b-14a9b609d452,296944b9-ea79-469c-8425-f11d6e4b7eed,CAPSTAN RED,1230364618200,4,15.0,12.1,60.0,a1bc6a6f-ad8f-468b-afac-44ec8574811d,Piece,4
81a7f4de-423b-4a98-977e-1c200b182bd2,a2163b1d-477a-459e-a984-46e09753ce4c,36a30f2b-248a-4769-bc28-046500d0daf4,bar,1230421521603,3,10.0,5.0,30.0,9c505cbc-8e3d-4e6a-a8f2-96b2991c3bee,Piece,3
b6a57053-84c2-4f22-82bb-fc1d302a8cca,a2163b1d-477a-459e-a984-46e09753ce4c,7439380d-ff71-4b92-b2ff-56899ca87c0d,tridgum,9555407311019,3,10.0,4.09,30.0,b3c50399-f52e-4960-bdd6-5ef8d99c8de1,Piece,3
9bc8d445-2035-4966-b50a-e1604373a82b,a45ebf83-33e5-45a8-b7c8-d50960b1ce1f,403ea510-fb07-48bc-a730-8f1f2391b3be,STING L,8964000101704,1,140.0,105.8,140.0,7b817808-9ae8-4d8f-9f89-3f3e11cfe183,Piece,1
966c2468-51d6-4ff4-bf82-38cdcf7cd857,a45ebf83-33e5-45a8-b7c8-d50960b1ce1f,ba790275-119d-4f7a-b9d6-2228bf0d7226,badam makkan,095742223213,1,10.0,4.1,10.0,43a1d058-e491-40ad-a268-fc88b700be34,Piece,1
c48397cd-fccf-4596-ad53-515d5c476789,a4835df8-d370-444f-be53-4ae1ebeed405,e1c7461f-fe2c-43cc-b072-ab2fcdd767ed,olper pack,8964000919934,1,100.0,85.0,100.0,610b7a9f-fa8f-480c-8da4-d5bb1121252c,Piece,1
d755c244-9fd8-4cc7-8c97-253fdbe025b7,a4835df8-d370-444f-be53-4ae1ebeed405,826c0da6-b0aa-4c8a-a024-a17c10878f2f,milk pack,8961008022185,1,100.0,87.7,100.0,fab81662-9567-4d14-93ef-507465b7294c,Piece,1
f36b78a9-2f7d-48b3-8f8c-41f55837d12a,a7b329c9-ad96-4f2c-8602-7533c695f142,9b8a64b3-0eff-49bd-a7e9-7ae1f4c6211f,Capstan White,89600078,6,15.0,12.5,90.0,2ee97f16-83f8-4fe8-8004-f20228fc010c,piece,6
985ecd97-7b02-43f5-b26a-6bbb429657d3,a7b329c9-ad96-4f2c-8602-7533c695f142,8af4077d-37f1-441f-936d-9507cb56ca9d,candy,1232784048698,4,5.0,3.5,20.0,7534df49-d891-461a-8b69-7d03cb9ce755,Piece,4
411b03d3-c2be-4b2b-ab9f-e6242bed7bda,a8b7f886-27e1-4872-87ab-d1cda957984c,2440c3fe-cb5d-4334-8fc5-67e70ab781b0,ROSE PEATEL PERFUMED,8961006010467,1,480.0,390.0,480.0,c78fb216-5e86-4736-be4e-5b749e35582b,Piece,1
856eb690-d178-485d-8a97-eed26b2dfa64,a8b7f886-27e1-4872-87ab-d1cda957984c,234c787c-e5e2-4047-bb07-95d114219d2e,AQUA DIRE 0.5 Ltr,5901234039710,1,60.0,22.0,60.0,bc7e8655-4e7a-409b-a5c5-6b9e2e262dff,Piece,1
07af3e6c-f0cc-4a04-9a05-a870d611fd88,a90d6bbb-5fc6-4a39-b647-956ddd218d95,3576a48f-6330-4bcd-bf54-7383eca28c85,FV RED GRAPES,8961008222776,1,90.0,67.0,90.0,265a895e-8fbc-4bf6-843c-c03e044903d6,Piece,1
87c113a3-b71b-4910-8d86-667180312c53,ab56d8a8-23cc-46e8-a728-10ce26826214,36a30f2b-248a-4769-bc28-046500d0daf4,bar,1230421521603,1,10.0,5.0,10.0,9c505cbc-8e3d-4e6a-a8f2-96b2991c3bee,Piece,1
9c89f572-f01f-4648-914b-a3e6156e45e7,ac7ddb1f-c2b1-4d06-b4bf-6a16bca55360,10ebe327-96fb-4e2c-9292-ee7ccf3b8127,local fry,8964000695555,1,10.0,8.0,10.0,ca63db85-6796-4904-8894-101cfc6813be,Piece,1
c9b2d68c-8b95-479c-bf0d-2ed0da85b070,ac7ddb1f-c2b1-4d06-b4bf-6a16bca55360,934bac57-0746-440b-abc8-5913b5919788,bistiks,8961003024016,1,40.0,37.36,40.0,2051ee12-91bc-4418-b071-0f15a5f5944b,Piece,1
665287ae-dd43-420b-83e6-54bec1c92ef3,b39b1c05-d231-464c-b56b-f8c84c97379d,62541341-7478-497a-941f-2182a1c4ef2a,LEGACY,710497740654,1,600.0,170.0,600.0,3c908d3d-89d6-41ad-83ec-b135b6ecfc21,Piece,1
96c143d1-b647-46d0-9b9a-7755daeb2029,b73403b7-ec04-4860-84c1-d71c7f3704a1,389eaf05-e49d-4e85-b750-13f08ef11037,Lays Y&H,8964002347063,1,100.0,92.29,100.0,8e469a57-7279-4562-b389-e2a350bca58c,Piece,1
3929a92a-955e-4a88-9672-93075585bd11,bd7a9d56-cc8c-4ff4-83f3-a5ed88a0b96a,8f421553-10c3-4fa2-9e4d-51f5bbc06cbc,KURKURAY TM,8964002347278,1,40.0,36.9,40.0,74737246-4041-42e1-b1a9-1a501d24fe22,Piece,1
099cb846-6f6f-4b67-be6f-189eb09582ec,bd7a9d56-cc8c-4ff4-83f3-a5ed88a0b96a,3f5cee21-a933-407b-9a6a-6daf3ac36e75,Lays T BBQ,8964002346783,1,50.0,45.8,50.0,6cf35150-fa6e-4af5-9c23-b44badc0b7b6,Piece,1
526aa027-9468-4025-96cb-d62151d2cc02,bd7a9d56-cc8c-4ff4-83f3-a5ed88a0b96a,8af4077d-37f1-441f-936d-9507cb56ca9d,candy,1232784048698,2,5.0,3.5,10.0,7534df49-d891-461a-8b69-7d03cb9ce755,Piece,2
c1c3ca3e-32ac-4b4d-9f25-759054c49bb7,bf6d82cb-71a4-46ff-8d11-d4250277d4be,53109ff7-89f7-4310-8b54-a08bcb3fe1f7,BONJOUR H$ B,725765019059,1,60.0,31.0,60.0,d4cf5872-cf25-4c27-99ba-efdf91572921,Piece,1
09cd932b-46fc-4a56-9300-95af2bdbb87d,bf6d82cb-71a4-46ff-8d11-d4250277d4be,2347cc4b-9f81-49db-8864-35a43da6769a,FANTA ANAAR,5449000231079,1,100.0,86.0,100.0,c99a9e12-907c-4ef7-84f5-609a8c269002,Piece,1
a4d3d1e5-b715-4b7e-971c-5d5f823e0c88,bf6d82cb-71a4-46ff-8d11-d4250277d4be,469ab331-df94-4d2b-a505-e54ce2ead307,oreo chocolate cream,8961003026010,1,40.0,36.0,40.0,48ae1669-8e08-4758-957d-3865c26c32de,Piece,1
957f9772-6a34-4577-a8c3-9fa65e7507be,bf6d82cb-71a4-46ff-8d11-d4250277d4be,1185b2f2-4bc3-4b33-85c5-2cc41cb910ed,you chocolate,8961102502521,1,30.0,25.13,30.0,3bdcdadc-1554-47af-b594-99d2cb157656,Piece,1
7cc3f196-b269-410b-b556-b1a3547bc756,c3f13576-55eb-44c8-a237-e42680193b29,b2fa9a08-2130-4d3b-a1f9-f39f694cc18c,Surf Excel S/pack,8961014264760,4,10.0,9.1,40.0,f62c8014-7e26-49a7-9f35-a5eb92f1347c,Piece,4
766c9237-f7e4-4710-b26d-0586a602c2f0,c42a7fd7-6288-42ec-be33-9f285115c7e1,826c0da6-b0aa-4c8a-a024-a17c10878f2f,milk pack,8961008022185,1,100.0,87.7,100.0,fab81662-9567-4d14-93ef-507465b7294c,Piece,1
58405ab7-d0d8-47f7-9512-6970e0097b61,c42a7fd7-6288-42ec-be33-9f285115c7e1,e433e9b7-af19-4259-880e-b957f60e9ace,Yums Sour,870572007444,1,10.0,9.0,10.0,0277bb75-afa1-4184-bb47-605280ed541e,Piece,1
f8ce80f6-0a6f-4f2f-847e-ba5a745a02d3,c42a7fd7-6288-42ec-be33-9f285115c7e1,8af4077d-37f1-441f-936d-9507cb56ca9d,candy,1232784048698,2,5.0,3.5,10.0,7534df49-d891-461a-8b69-7d03cb9ce755,Piece,2
9acccc60-14bc-49fc-acb7-d9a2f8eee7a1,ca381b30-c9fa-4153-9610-7548b2118a81,aa97af7c-004a-4d47-9db3-a3ba00ee7511,SATEENSOFT TISSUE,8964001596073,1,250.0,150.0,250.0,4c558015-540b-452d-831f-84c3e273b258,Piece,1
fec44121-8619-402f-ae43-50cdd033679c,cf56e98e-05eb-4649-9e9c-6846ccbf568e,5a5154d9-6994-4dee-9011-efd865af1c8f,GOLD LEAF,1232097295550,1,30.0,25.0,30.0,ff8b0ab8-fd25-4bb6-aafb-a79e8e63a846,Piece,1
74c7c070-8179-4000-99df-f332382e470a,d10c2cd8-3af2-4a07-b34a-59b5fff62696,296944b9-ea79-469c-8425-f11d6e4b7eed,CAPSTAN RED,1230364618200,1,15.0,12.1,15.0,a1bc6a6f-ad8f-468b-afac-44ec8574811d,Piece,1
9195cd84-93ae-4d51-8dc7-bdd98576dadd,d10c2cd8-3af2-4a07-b34a-59b5fff62696,8af4077d-37f1-441f-936d-9507cb56ca9d,candy,1232784048698,5,5.0,3.5,25.0,7534df49-d891-461a-8b69-7d03cb9ce755,Piece,5
961e98e5-3a4f-4476-8fdd-ffbf8764ebbc,d26cd7bf-a28b-4402-9ba5-6f23257c9c40,5a5154d9-6994-4dee-9011-efd865af1c8f,GOLD LEAF,1232097295550,20,25.0,24.5,500.0,38175889-2f66-461f-8e62-69907628ca63,Box,1
1fd1a51e-b1bc-4d5a-b125-0cd52aaa4f9a,d3384692-e769-4e68-b91b-bcb1d364631a,296944b9-ea79-469c-8425-f11d6e4b7eed,CAPSTAN RED,1230364618200,3,15.0,12.1,45.0,a1bc6a6f-ad8f-468b-afac-44ec8574811d,Piece,3
b12e824d-912b-45eb-be03-b6e168d0d463,d3384692-e769-4e68-b91b-bcb1d364631a,d8f89ad3-02ac-4798-bd1b-2d1d17aa2b54,kite match stick,745178816045,1,5.0,3.0,5.0,052b3a03-75fd-4be6-97f3-c90634e0f3df,Piece,1
d12fda31-7ce2-4272-bf35-8f135e522145,dac4c39b-3457-4fcc-b9de-d48a25a84cc1,53109ff7-89f7-4310-8b54-a08bcb3fe1f7,BONJOUR H$ B,725765019059,2,60.0,31.0,120.0,d4cf5872-cf25-4c27-99ba-efdf91572921,Piece,2
61db7ff3-55b9-485c-9554-2176ac969ce9,df24bf26-84ff-43ca-9d98-a946b98a6a89,e89768c3-9e0e-472e-b8fe-ca33136480e6,lemon max pouch,8886950099514,1,225.0,200.0,225.0,49d66224-083c-4065-82fa-185368c7b179,Piece,1
4c4569e3-9147-435c-a73d-6c2c32c275cc,e58052a4-43a0-4a99-ae75-84c7e1265e2c,6f62f74f-7ee8-42e9-9657-15f8ca0cea38,frisky cream,8965310055183,4,50.0,43.7,200.0,9533f3ca-1b22-4f01-bfdd-4249b8c23f91,Piece,4
7cadb741-127b-4831-a04a-f57f89b94bbe,e58052a4-43a0-4a99-ae75-84c7e1265e2c,b8114fe2-506f-4e27-ab08-c2626a8f1661,SPOUT LOTTE STWABRY,671866277730,1,60.0,46.0,60.0,6fc0dfc4-17ef-4974-b071-1cce60c2e67a,Piece,1
6a4acf20-270f-4ab0-a684-089032424f7f,e5950c58-d0ac-4b73-b4f5-dab242f08a0d,df83db32-d270-4a08-8f67-85f4967a923d,Red & White,89600320,20,10.0,9.5,200.0,a78e4c95-45be-4924-8611-a298b7f20e54,Box,1
579df11e-3ba1-4f54-9a99-ef5ed744cacf,e92edfd9-5487-42b2-b26f-74e6821ab098,33819376-e267-418a-adf2-b6190c956759,DEW 1.5L,8964000101117,1,210.0,163.3,210.0,f669561e-4418-41a3-9cb7-31974a38d7c4,Piece,1
9a000926-d25c-4b05-bbfb-1a127f72e157,f59f461b-2c08-4e78-b057-ca6c13853359,382387eb-6272-4738-b2d5-3361fa6fc3ca,Potato Sticks,671866277501,2,50.0,46.25,100.0,bc63250f-fd30-4ca2-a788-3340c09f9c89,Piece,2
d6a1a97a-caad-49bc-9a1c-4101dee73dc8,fa213aa4-643d-4e52-bef3-de5cdcafedc5,cf4ddc79-69f8-4b07-9756-99c625450f8d,Dew 500ML,8964000101094,1,130.0,91.66,130.0,b2834b37-c0ae-46a1-a403-d2aab65cab25,Piece,1
7bd2d07d-848b-4eb9-ba4d-75a17a2824b4,fab5ac10-7602-4b37-9af2-0ee55846fbbb,64a0260c-b4ff-42bc-a28d-16f0668b16d6,lays masala,8964002345649,1,30.0,27.6,30.0,0ca93a56-dbb6-4176-a2cf-8ac8c48a6f5d,Piece,1
e8b28fe7-95e2-4a15-b7a2-f07774d42f87,fab5ac10-7602-4b37-9af2-0ee55846fbbb,1185b2f2-4bc3-4b33-85c5-2cc41cb910ed,you chocolate,8961102502521,1,30.0,25.13,30.0,3bdcdadc-1554-47af-b594-99d2cb157656,Piece,1
9151069a-6fa1-4435-85c9-3e2470201387,fabbb81e-e3dd-4999-8636-b739e77dbf12,5a5154d9-6994-4dee-9011-efd865af1c8f,GOLD LEAF,1232097295550,1,30.0,25.0,30.0,ff8b0ab8-fd25-4bb6-aafb-a79e8e63a846,Piece,1
4e5ce8db-e12f-4982-97d5-33b1c082874e,fabbb81e-e3dd-4999-8636-b739e77dbf12,8af4077d-37f1-441f-936d-9507cb56ca9d,candy,1232784048698,2,5.0,3.5,10.0,7534df49-d891-461a-8b69-7d03cb9ce755,Piece,2
bada05cf-29fe-4974-9666-f77a58715c71,fc57db94-7ba2-43e3-8f1e-3405930777c9,9b8a64b3-0eff-49bd-a7e9-7ae1f4c6211f,Capstan White,89600078,2,15.0,12.5,30.0,2ee97f16-83f8-4fe8-8004-f20228fc010c,piece,2
7f13657f-6a35-4f22-8c69-828e50aa28c8,fc57db94-7ba2-43e3-8f1e-3405930777c9,296944b9-ea79-469c-8425-f11d6e4b7eed,CAPSTAN RED,1230364618200,2,15.0,12.1,30.0,a1bc6a6f-ad8f-468b-afac-44ec8574811d,Piece,2
8a6ba561-cf82-455b-ab4a-2de8c6971d1e,fc57db94-7ba2-43e3-8f1e-3405930777c9,3c9df82b-a8e2-49c2-a773-46edf5859135,RAHAT  4,4985925672487,1,35.0,26.1,35.0,287627b8-4e98-49f3-9268-58f71cd70eb3,Piece,1
ad8ef5c1-5705-4c28-8748-cc532995f028,ffb811e9-ce92-4387-8d67-4fcb1c45bc0c,6b21c075-c752-4bf7-a4c2-2a4c8441c546,sifarish khan,1232255618481,1,30.0,25.0,30.0,289e28e9-66d0-4026-9fd4-67bfa88cb04c,Piece,1
